CREATE DATABASE institute;
USE institute;
create table institute(id int(6), longName varchar(70), shortName varchar(10), primary key (id));
create table faculty(id int(6), longName varchar(70), shortName varchar(10), instituteID int(6), primary key (id));
create table department(id int(6), longName varchar(70), shortName varchar(10), facultyID int(6), primary key (id));
create table loginpass(id int(10), login varchar(70), password varchar(70), access_type varchar(20), accessID int(10), primary key (id));
create table employee(name varchar(40), lastName varchar(50), fathersName varchar(40), personalID varchar(10), sex varchar(1),
email varchar(100), phoneNumber varchar(20), dateOfBorn date, address varchar(200), passport varchar(200),
login varchar(100), office varchar(100), ID int(6), departmentID int(6), primary key (ID));
create table discipline(
id int(10),
nameOfDiscipline varchar(200),
countOfLessons int(2),
exam varchar(4),
primary key (id)
);
create table disciplineTeacherDependency(
id int(10),
disciplineID int(10),
teacherID int(10),
primary key (id)
);
create table gtgroup(
id int(10),
fullGroupName varchar(30),
courseNumber int(1),
departmentID int(10),
primary key (id)
);
create table student(
name varchar(40),
lastName varchar(50),
fathersName varchar(40),
personalID varchar(10),
sex varchar(1),
email varchar(100),
phoneNumber varchar(20),
dateOfBorn date,
address varchar(200),
passport varchar(200),
login varchar(100),
indexBook varchar(100),
ID int(6),
groupID int(6),
primary key (ID)
);
create table teacher(
name varchar(40),
lastName varchar(50),
fathersName varchar(40),
personalID varchar(10),
sex varchar(1),
email varchar(100),
phoneNumber varchar(20),
dateOfBorn date,
address varchar(200),
passport varchar(200),
login varchar(100),
office varchar(100),
level varchar(100),
ID int(6),
departmentID int(6),
primary key (ID)
);
create table disciplineDepartmentDependency(
id int(10),
disciplineID int(10),
departmentID int(10),
courseNumber int(2),
semesterNumber int(2),
primary key (id)
);
create table attendance(
id int(10),
disciplineID int(10),
studentID int(10),
lesson1 varchar(1), lesson2 varchar(1), lesson3 varchar(1), lesson4 varchar(1), lesson5 varchar(1),
lesson6 varchar(1), lesson7 varchar(1), lesson8 varchar(1), lesson9 varchar(1), lesson10 varchar(1),
lesson11 varchar(1), lesson12 varchar(1), lesson13 varchar(1), lesson14 varchar(1), lesson15 varchar(1),
lesson16 varchar(1), lesson17 varchar(1), lesson18 varchar(1), lesson19 varchar(1), lesson20 varchar(1),
lesson21 varchar(1), lesson22 varchar(1), lesson23 varchar(1), lesson24 varchar(1), lesson25 varchar(1),
lesson26 varchar(1), lesson27 varchar(1), lesson28 varchar(1), lesson29 varchar(1), lesson30 varchar(1),
lesson31 varchar(1), lesson32 varchar(1), lesson33 varchar(1), lesson34 varchar(1), lesson35 varchar(1),
lesson36 varchar(1), lesson37 varchar(1), lesson38 varchar(1), lesson39 varchar(1), lesson40 varchar(1),
primary key (id)
);
create table progress(
id int(10),
disciplineID int(10),
studentID int(10),
examResult varchar(10),
lesson1 varchar(1), lesson2 varchar(1), lesson3 varchar(1), lesson4 varchar(1), lesson5 varchar(1),
lesson6 varchar(1), lesson7 varchar(1), lesson8 varchar(1), lesson9 varchar(1), lesson10 varchar(1),
lesson11 varchar(1), lesson12 varchar(1), lesson13 varchar(1), lesson14 varchar(1), lesson15 varchar(1),
lesson16 varchar(1), lesson17 varchar(1), lesson18 varchar(1), lesson19 varchar(1), lesson20 varchar(1),
lesson21 varchar(1), lesson22 varchar(1), lesson23 varchar(1), lesson24 varchar(1), lesson25 varchar(1),
lesson26 varchar(1), lesson27 varchar(1), lesson28 varchar(1), lesson29 varchar(1), lesson30 varchar(1),
lesson31 varchar(1), lesson32 varchar(1), lesson33 varchar(1), lesson34 varchar(1), lesson35 varchar(1),
lesson36 varchar(1), lesson37 varchar(1), lesson38 varchar(1), lesson39 varchar(1), lesson40 varchar(1),
primary key (id)
);
create table dayRequirements(
id int(10),
departmentID int(10),
countOfDaysInWeek int(1),
countOfLessonsInADay int(2),
lesson1 varchar(10),
lesson2 varchar(10),
lesson3 varchar(10),
lesson4 varchar(10),
lesson5 varchar(10),
lesson6 varchar(10),
lesson7 varchar(10),
lesson8 varchar(10),
lesson9 varchar(10),
lesson10 varchar(10),
lesson11 varchar(10),
lesson12 varchar(10),
lesson13 varchar(10),
lesson14 varchar(10),
lesson15 varchar(10),
lesson16 varchar(10),
lesson17 varchar(10),
lesson18 varchar(10),
lesson19 varchar(10),
lesson20 varchar(10),
primary key (id)
);
create table timetable(
id int(10),
dayNumber int(1),
lessonNumberInDay int(2),
departmentID int(10),
groupID int(10),
disciplineID int(10),
teacherID int(10),
primary key (id)
);

INSERT INTO loginpass (id,login, password, access_type) VALUES (0,'admin', '12345', 'admin');
INSERT INTO loginpass (id,login, password, access_type) VALUES (1,'a', 'a', 'admin');
INSERT INTO institute (id, longName, shortName) VALUES (0,'NONE', 'NONE');
INSERT INTO institute (id, longName, shortName) VALUES (1,'Київський Політехнічний Інститут', 'КПИ');
INSERT INTO employee(name, lastName, fathersName, personalID, sex, email, phoneNumber,  address,
passport, login, office, ID, departmentID) VALUES ('Employee','Employee','Employee', '12345', 'm', 'email@email.com',
 '1234567','adress test','pasport test','e','test',0,4);
INSERT INTO loginpass (id,login, password, access_type, accessID) VALUES (0,'e', '1', 'employee', 0);

INSERT INTO faculty (ID,longName,shortName, instituteID) VALUES ('1','Зварювальний факультет','ЗФ','1');
INSERT INTO faculty (ID,longName,shortName, instituteID) VALUES ('2','Інженерно-фізичний факультет','ІФФ','1');
INSERT INTO faculty (ID,longName,shortName, instituteID) VALUES ('3','Інженерно-хімічний факультет','ІХФ','1');
INSERT INTO faculty (ID,longName,shortName, instituteID) VALUES ('4','Факультет біомедичної інженерії','ФБМІ','1');
INSERT INTO faculty (ID,longName,shortName, instituteID) VALUES ('5','Приладобудівний факультет','ПБФ','1');
INSERT INTO faculty (ID,longName,shortName, instituteID) VALUES ('6','Радіотехнічний факультет','РТФ','1');
INSERT INTO faculty (ID,longName,shortName, instituteID) VALUES ('7','Теплоенергетичний факультет','ТЕФ','1');
INSERT INTO faculty (ID,longName,shortName, instituteID) VALUES ('8','Факультет авіаційних і космічних систем','ФАКС','1');
INSERT INTO faculty (ID,longName,shortName, instituteID) VALUES ('9','Факультет біотехнології і біотехніки','ФБТ','1');
INSERT INTO faculty (ID,longName,shortName, instituteID) VALUES ('10','Факультет електроенерготехніки та автоматики','ФЕА','1');
INSERT INTO faculty (ID,longName,shortName, instituteID) VALUES ('11','Факультет електроніки','ФЕЛ','1');
INSERT INTO faculty (ID,longName,shortName, instituteID) VALUES ('12','Факультет інформатики та обчислювальної техніки','ФІОТ','1');
INSERT INTO faculty (ID,longName,shortName, instituteID) VALUES ('13','Факультет лінгвістики','ФЛ','1');
INSERT INTO faculty (ID,longName,shortName, instituteID) VALUES ('14','Факультет менеджменту та маркетингу','ФММ','1');
INSERT INTO faculty (ID,longName,shortName, instituteID) VALUES ('15','Факультет прикладної математики','ФПМ','1');
INSERT INTO faculty (ID,longName,shortName, instituteID) VALUES ('16','Факультет соціології і права','ФСП','1');
INSERT INTO faculty (ID,longName,shortName, instituteID) VALUES ('17','Фізико-математичний факультет','ФМФ','1');
INSERT INTO faculty (ID,longName,shortName, instituteID) VALUES ('18','Хіміко-технологічний факультет','ХТФ','1');
INSERT INTO department (ID,longName,shortName, facultyID) VALUES ('1','Кафедра зварювального виробництва','ЗВ','1');
INSERT INTO department (ID,longName,shortName, facultyID) VALUES ('2','Кафедра електрозварювальних установок','ЕЗУ','1');
INSERT INTO department (ID,longName,shortName, facultyID) VALUES ('3','Кафедра інженерії поверхні ','ІП','1');
INSERT INTO department (ID,longName,shortName, facultyID) VALUES ('4','кафедра ливарного виробництва чорних i кольорових металiв','ЛВЧКМ','2');
INSERT INTO department (ID,longName,shortName, facultyID) VALUES ('5','кафедра металознавства та термiчної обробки','МТО','2');
INSERT INTO department (ID,longName,shortName, facultyID) VALUES ('6','кафедра високотемпературних матерiалiв та порошкової металургiї','ВТМПМ','2');
INSERT INTO department (ID,longName,shortName, facultyID) VALUES ('7','кафедра фiзико-хiмiчних основ технологiї металiв','ФХОТМ','2');
INSERT INTO department (ID,longName,shortName, facultyID) VALUES ('8','кафедра фiзики металiв','ФМ','2');
INSERT INTO department (ID,longName,shortName, facultyID) VALUES ('9','кафедра хiмiчного, полiмерного і силікатного машинобудування','ХПСМ','3');
INSERT INTO department (ID,longName,shortName, facultyID) VALUES ('10','кафедра автоматизацiї хiмiчних виробництв','АХВ','3');
INSERT INTO department (ID,longName,shortName, facultyID) VALUES ('11','кафедра машин і апаратiв хiмiчних та нафтопереробних виробництв','МАХНВ','3');
INSERT INTO department (ID,longName,shortName, facultyID) VALUES ('12','кафедра екології та технології рослинних полімерів','ЕТРП','3');
INSERT INTO department (ID,longName,shortName, facultyID) VALUES ('13','Кафедра біомедичної кібернетики','КБМК','4');
INSERT INTO department (ID,longName,shortName, facultyID) VALUES ('14','Кафедра біомедичної інженерії','БМІ','4');
INSERT INTO department (ID,longName,shortName, facultyID) VALUES ('15','Кафедра біобезпеки та здоров\'я людини','ББЗЛ','4');
INSERT INTO department (ID,longName,shortName, facultyID) VALUES ('16','Приладів та систем орієнтації і навігації','ПСОН','5');
INSERT INTO department (ID,longName,shortName, facultyID) VALUES ('17','Виробництва приладів','ВП','5');
INSERT INTO department (ID,longName,shortName, facultyID) VALUES ('18','Наукових аналітичних та екологічних приладиів і систем','НАЕПС','5');
INSERT INTO department (ID,longName,shortName, facultyID) VALUES ('19','Приладів та систем неруйнівного контролю','ПСНК','5');
INSERT INTO department (ID,longName,shortName, facultyID) VALUES ('20','Приладобудування','ПТМ','5');
INSERT INTO department (ID,longName,shortName, facultyID) VALUES ('21','Оптичних та оптико-електронних приладів','ООЕП','5');
INSERT INTO department (ID,longName,shortName, facultyID) VALUES ('22','Кафедра теоретичних основ радіотехніки','ТОР','6');
INSERT INTO department (ID,longName,shortName, facultyID) VALUES ('23','Кафедра радіоприймання та оброблення сигналів','РОС','6');
INSERT INTO department (ID,longName,shortName, facultyID) VALUES ('24','Кафедра радіотехнічних пристроїв і систем','РТПС','6');
INSERT INTO department (ID,longName,shortName, facultyID) VALUES ('25','Кафедра радіоконструювання та виробництва радіоапаратури','КіВРА','6');
INSERT INTO department (ID,longName,shortName, facultyID) VALUES ('26','Кафедра автоматизації проектування енергетичних процесів та систем','АПЕПС','7');
INSERT INTO department (ID,longName,shortName, facultyID) VALUES ('27','Кафедра атомних електричних станцій та інженерної теплофізики','АЕСтаІТФ','7');
INSERT INTO department (ID,longName,shortName, facultyID) VALUES ('28','Кафедра автоматизації теплоенергетичних процесів','АТЕП','7');
INSERT INTO department (ID,longName,shortName, facultyID) VALUES ('29','Кафедра теоретичної та промислової теплотехніки','ТПТ','7');
INSERT INTO department (ID,longName,shortName, facultyID) VALUES ('30','Кафедра теплоенергетичних установок теплових та атомних електростанцій','ТЕУТ','7');
INSERT INTO department (ID,longName,shortName, facultyID) VALUES ('31','кафедра приладів та систем керування літальними апаратами','ПСКЛА','8');
INSERT INTO department (ID,longName,shortName, facultyID) VALUES ('32','кафедра автоматизації експериментальних дослiджень','АЕД','8');
INSERT INTO department (ID,longName,shortName, facultyID) VALUES ('33','кафедра інформацiйно-вимiрювальної техніки','ІВТ','8');
INSERT INTO department (ID,longName,shortName, facultyID) VALUES ('34','кафедра промислової біотехнології','ПБТ','9');
INSERT INTO department (ID,longName,shortName, facultyID) VALUES ('35','кафедра екобіотехнології та біоенергетики','КЕБ','9');
INSERT INTO department (ID,longName,shortName, facultyID) VALUES ('36','кафедра біотехніки та інженерії','БТІ','9');
INSERT INTO department (ID,longName,shortName, facultyID) VALUES ('37','кафедра біоінформатики','КБ','9');
INSERT INTO department (ID,longName,shortName, facultyID) VALUES ('38','кафедра електромеханіки – ЕМ','5','10');
INSERT INTO department (ID,longName,shortName, facultyID) VALUES ('39','кафедра електричних станцій – ЕС','4','10');
INSERT INTO department (ID,longName,shortName, facultyID) VALUES ('40','кафедра автоматизації енергосистем – АЕ','4','10');
INSERT INTO department (ID,longName,shortName, facultyID) VALUES ('41','кафедра автоматизації електромеханічних систем та електроприводу','АЕМСЕП','10');
INSERT INTO department (ID,longName,shortName, facultyID) VALUES ('42','кафедра електричних мереж і систем – ЕМС','3','10');
INSERT INTO department (ID,longName,shortName, facultyID) VALUES ('43','кафедра техніки і електрофізики високих напруг – ТЕВН','2','10');
INSERT INTO department (ID,longName,shortName, facultyID) VALUES ('44','кафедра відновлювальних джерел енергії – ВДЕ','4','10');
INSERT INTO department (ID,longName,shortName, facultyID) VALUES ('45','кафедра мікроелектроніки','МЕ','11');
INSERT INTO department (ID,longName,shortName, facultyID) VALUES ('46','кафедра електронних приладів та пристроїв','ЕПП','11');
INSERT INTO department (ID,longName,shortName, facultyID) VALUES ('47','кафедра промислової електроніки','ПЕ','11');
INSERT INTO department (ID,longName,shortName, facultyID) VALUES ('48','кафедра фізичної та біомедичної електроніки','ФБМЕ','11');
INSERT INTO department (ID,longName,shortName, facultyID) VALUES ('49','кафедра конструювання електронно-обчислювальної апаратури','КЕОА','11');
INSERT INTO department (ID,longName,shortName, facultyID) VALUES ('50','кафедра акустики і акустоелектроніки','ААЕ','11');
INSERT INTO department (ID,longName,shortName, facultyID) VALUES ('51','кафедра звукотехніки і реєстрації інформацiї','ЗТРІ','11');
INSERT INTO department (ID,longName,shortName, facultyID) VALUES ('52','Кафедра автоматики i управлiння в технiчних системах','АУТС','12');
INSERT INTO department (ID,longName,shortName, facultyID) VALUES ('53','Кафедра обчислювальної технiки','ОТ','12');
INSERT INTO department (ID,longName,shortName, facultyID) VALUES ('54','Кафедра технiчної кiбернетики','TK','12');
INSERT INTO department (ID,longName,shortName, facultyID) VALUES ('55','Кафедра автоматизованих систем обробки iнформацiї та управлiння','АСОІУ','12');
INSERT INTO department (ID,longName,shortName, facultyID) VALUES ('56','кафедра теорії, практики та перекладу англійської мови (профілююча)','КТППАМ','13');
INSERT INTO department (ID,longName,shortName, facultyID) VALUES ('57','кафедра теорії, практики та перекладу французької мови (профілююча)','КТППФМ','13');
INSERT INTO department (ID,longName,shortName, facultyID) VALUES ('58','кафедра теорії, практики та перекладу німецької мови (профілююча)','КТППНМ','13');
INSERT INTO department (ID,longName,shortName, facultyID) VALUES ('59','кафедра менеджменту','КМ','14');
INSERT INTO department (ID,longName,shortName, facultyID) VALUES ('60','кафедра промислового маркетингу','КПМ','14');
INSERT INTO department (ID,longName,shortName, facultyID) VALUES ('61','кафедра математичного моделювання економічних систем','ММЕС','14');
INSERT INTO department (ID,longName,shortName, facultyID) VALUES ('62','кафедра економіки і підприємництва','ЕП','14');
INSERT INTO department (ID,longName,shortName, facultyID) VALUES ('63','кафедра міжнародної економіки','КМЕ','14');
INSERT INTO department (ID,longName,shortName, facultyID) VALUES ('64','кафедра теоретичної і прикладної економіки','ТПЕ','14');
INSERT INTO department (ID,longName,shortName, facultyID) VALUES ('65','кафедра прикладної математики','ПМА','15');
INSERT INTO department (ID,longName,shortName, facultyID) VALUES ('66','кафедра системного програмування і спеціалізованих комп’ютерних систем','СПСКС','15');
INSERT INTO department (ID,longName,shortName, facultyID) VALUES ('67','кафедра програмного забезпечення комп'ютерних систем','ПЗКС','15');
INSERT INTO department (ID,longName,shortName, facultyID) VALUES ('67','Кафедра соціології','КС','16');
INSERT INTO department (ID,longName,shortName, facultyID) VALUES ('68','Кафедра теорії та практики управління','КТПУ','16');
INSERT INTO department (ID,longName,shortName, facultyID) VALUES ('69','Кафедра публічного права','КПП','16');
INSERT INTO department (ID,longName,shortName, facultyID) VALUES ('70','Кафедра господарського та адміністративного права','КГАП','16');
INSERT INTO department (ID,longName,shortName, facultyID) VALUES ('71','Кафедра інформаційного права та права інтелектуальної власності','КІППІВ','16');
INSERT INTO department (ID,longName,shortName, facultyID) VALUES ('72','Кафедра фiлософiї','КФ','16');
INSERT INTO department (ID,longName,shortName, facultyID) VALUES ('73','Кафедра психології і педагогіки','ПП','16');
INSERT INTO department (ID,longName,shortName, facultyID) VALUES ('74','Кафедра історiї','КІФСП','16');
INSERT INTO department (ID,longName,shortName, facultyID) VALUES ('75','кафедра математичного аналiзу та теорiї ймовiрностей','МАТЙ','17');
INSERT INTO department (ID,longName,shortName, facultyID) VALUES ('76','кафедра диференціальних рiвнянь','ДР','17');
INSERT INTO department (ID,longName,shortName, facultyID) VALUES ('77','кафедра математичної фiзики','КМФ','17');
INSERT INTO department (ID,longName,shortName, facultyID) VALUES ('78','кафедра загальної фiзики та фiзики твердого тiла','ЗФФТТ','17');
INSERT INTO department (ID,longName,shortName, facultyID) VALUES ('79','кафедра загальної та експериментальної фiзики','ЗЕФ','17');
INSERT INTO department (ID,longName,shortName, facultyID) VALUES ('80','кафедра загальної та теоретичної фiзики','ЗТФ','17');
INSERT INTO department (ID,longName,shortName, facultyID) VALUES ('81','кафедра нарисної геометрiї, iнженерної та комп\'ютерної графiки','НГІКГ','17');
INSERT INTO department (ID,longName,shortName, facultyID) VALUES ('82','кафедра технології неорганічних речовин та загальної хімічної технології','ТНРЗХТ','18');
INSERT INTO department (ID,longName,shortName, facultyID) VALUES ('82','кафедра органічної хімії та технології органічних речовин','ОХТОP','18');
INSERT INTO department (ID,longName,shortName, facultyID) VALUES ('83','кафедра технології електрохімічних виробництв','КТЕВ','18');
INSERT INTO department (ID,longName,shortName, facultyID) VALUES ('84','кафедра хімічної технології композиційних матеріалів','ХТКМ','18');
INSERT INTO department (ID,longName,shortName, facultyID) VALUES ('85','кафедра хімічної технології кераміки та скла','ХТКС','18');
INSERT INTO department (ID,longName,shortName, facultyID) VALUES ('86','кафедра кібернетики хіміко-технологічних процесів','КХТП','18');
INSERT INTO department (ID,longName,shortName, facultyID) VALUES ('87','кафедра загальної та неорганічної хімії','ЗНХ','18');
INSERT INTO department (ID,longName,shortName, facultyID) VALUES ('88','кафедра фізичної хімії','ФХ','18');
INSERT INTO dayRequirements (id,departmentID,countOfDaysInWeek,countOfLessonsInADay) VALUES ('0','1','6','5');
INSERT INTO discipline (id,nameOfDiscipline,countOfLessons,exam) VALUES ('0','Discipline ЗВ-0','15','no');
INSERT INTO discipline (id,nameOfDiscipline,countOfLessons,exam) VALUES ('1','Discipline ЗВ-1','15','no');
INSERT INTO discipline (id,nameOfDiscipline,countOfLessons,exam) VALUES ('2','Discipline ЗВ-2','15','no');
INSERT INTO discipline (id,nameOfDiscipline,countOfLessons,exam) VALUES ('3','Discipline ЗВ-3','15','no');
INSERT INTO discipline (id,nameOfDiscipline,countOfLessons,exam) VALUES ('4','Discipline ЗВ-4','15','no');
INSERT INTO discipline (id,nameOfDiscipline,countOfLessons,exam) VALUES ('5','Discipline ЗВ-5','15','no');
INSERT INTO discipline (id,nameOfDiscipline,countOfLessons,exam) VALUES ('6','Discipline ЗВ-6','15','no');
INSERT INTO discipline (id,nameOfDiscipline,countOfLessons,exam) VALUES ('7','Discipline ЗВ-7','15','no');
INSERT INTO discipline (id,nameOfDiscipline,countOfLessons,exam) VALUES ('8','Discipline ЗВ-8','15','no');
INSERT INTO discipline (id,nameOfDiscipline,countOfLessons,exam) VALUES ('9','Discipline ЗВ-9','15','no');
INSERT INTO discipline (id,nameOfDiscipline,countOfLessons,exam) VALUES ('10','Discipline ЗВ-10','15','no');
INSERT INTO discipline (id,nameOfDiscipline,countOfLessons,exam) VALUES ('11','Discipline ЗВ-11','15','no');
INSERT INTO discipline (id,nameOfDiscipline,countOfLessons,exam) VALUES ('12','Discipline ЗВ-12','15','no');
INSERT INTO discipline (id,nameOfDiscipline,countOfLessons,exam) VALUES ('13','Discipline ЗВ-13','15','no');
INSERT INTO discipline (id,nameOfDiscipline,countOfLessons,exam) VALUES ('14','Discipline ЗВ-14','15','no');
INSERT INTO discipline (id,nameOfDiscipline,countOfLessons,exam) VALUES ('15','Discipline ЗВ-15','15','no');
INSERT INTO discipline (id,nameOfDiscipline,countOfLessons,exam) VALUES ('16','Discipline ЗВ-16','15','no');
INSERT INTO discipline (id,nameOfDiscipline,countOfLessons,exam) VALUES ('17','Discipline ЗВ-17','15','no');
INSERT INTO discipline (id,nameOfDiscipline,countOfLessons,exam) VALUES ('18','Discipline ЗВ-18','15','no');
INSERT INTO discipline (id,nameOfDiscipline,countOfLessons,exam) VALUES ('19','Discipline ЗВ-19','15','no');
INSERT INTO discipline (id,nameOfDiscipline,countOfLessons,exam) VALUES ('20','Discipline ЗВ-20','15','no');
INSERT INTO discipline (id,nameOfDiscipline,countOfLessons,exam) VALUES ('21','Discipline ЗВ-21','15','no');
INSERT INTO discipline (id,nameOfDiscipline,countOfLessons,exam) VALUES ('22','Discipline ЗВ-22','15','no');
INSERT INTO discipline (id,nameOfDiscipline,countOfLessons,exam) VALUES ('23','Discipline ЗВ-23','15','no');
INSERT INTO discipline (id,nameOfDiscipline,countOfLessons,exam) VALUES ('24','Discipline ЗВ-24','15','no');
INSERT INTO discipline (id,nameOfDiscipline,countOfLessons,exam) VALUES ('25','Discipline ЗВ-25','15','no');
INSERT INTO discipline (id,nameOfDiscipline,countOfLessons,exam) VALUES ('26','Discipline ЗВ-26','15','no');
INSERT INTO discipline (id,nameOfDiscipline,countOfLessons,exam) VALUES ('27','Discipline ЗВ-27','15','no');
INSERT INTO discipline (id,nameOfDiscipline,countOfLessons,exam) VALUES ('28','Discipline ЗВ-28','15','no');
INSERT INTO discipline (id,nameOfDiscipline,countOfLessons,exam) VALUES ('29','Discipline ЗВ-29','15','no');
INSERT INTO discipline (id,nameOfDiscipline,countOfLessons,exam) VALUES ('30','Discipline ЗВ-30','15','no');
INSERT INTO discipline (id,nameOfDiscipline,countOfLessons,exam) VALUES ('31','Discipline ЗВ-31','15','no');
INSERT INTO discipline (id,nameOfDiscipline,countOfLessons,exam) VALUES ('32','Discipline ЗВ-32','15','no');
INSERT INTO discipline (id,nameOfDiscipline,countOfLessons,exam) VALUES ('33','Discipline ЗВ-33','15','no');
INSERT INTO discipline (id,nameOfDiscipline,countOfLessons,exam) VALUES ('34','Discipline ЗВ-34','15','no');
INSERT INTO discipline (id,nameOfDiscipline,countOfLessons,exam) VALUES ('35','Discipline ЗВ-35','15','no');
INSERT INTO discipline (id,nameOfDiscipline,countOfLessons,exam) VALUES ('36','Discipline ЗВ-36','15','no');
INSERT INTO discipline (id,nameOfDiscipline,countOfLessons,exam) VALUES ('37','Discipline ЗВ-37','15','no');
INSERT INTO discipline (id,nameOfDiscipline,countOfLessons,exam) VALUES ('38','Discipline ЗВ-38','15','no');
INSERT INTO discipline (id,nameOfDiscipline,countOfLessons,exam) VALUES ('39','Discipline ЗВ-39','15','no');
INSERT INTO discipline (id,nameOfDiscipline,countOfLessons,exam) VALUES ('40','Discipline ЗВ-40','15','no');
INSERT INTO discipline (id,nameOfDiscipline,countOfLessons,exam) VALUES ('41','Discipline ЗВ-41','15','no');
INSERT INTO discipline (id,nameOfDiscipline,countOfLessons,exam) VALUES ('42','Discipline ЗВ-42','15','no');
INSERT INTO discipline (id,nameOfDiscipline,countOfLessons,exam) VALUES ('43','Discipline ЗВ-43','15','no');
INSERT INTO discipline (id,nameOfDiscipline,countOfLessons,exam) VALUES ('44','Discipline ЗВ-44','15','no');
INSERT INTO discipline (id,nameOfDiscipline,countOfLessons,exam) VALUES ('45','Discipline ЗВ-45','15','no');
INSERT INTO discipline (id,nameOfDiscipline,countOfLessons,exam) VALUES ('46','Discipline ЗВ-46','15','no');
INSERT INTO discipline (id,nameOfDiscipline,countOfLessons,exam) VALUES ('47','Discipline ЗВ-47','15','no');
INSERT INTO discipline (id,nameOfDiscipline,countOfLessons,exam) VALUES ('48','Discipline ЗВ-48','15','no');
INSERT INTO discipline (id,nameOfDiscipline,countOfLessons,exam) VALUES ('49','Discipline ЗВ-49','15','no');
INSERT INTO discipline (id,nameOfDiscipline,countOfLessons,exam) VALUES ('50','Discipline ЗВ-50','15','no');
INSERT INTO discipline (id,nameOfDiscipline,countOfLessons,exam) VALUES ('51','Discipline ЗВ-51','15','no');
INSERT INTO discipline (id,nameOfDiscipline,countOfLessons,exam) VALUES ('52','Discipline ЗВ-52','15','no');
INSERT INTO discipline (id,nameOfDiscipline,countOfLessons,exam) VALUES ('53','Discipline ЗВ-53','15','no');
INSERT INTO discipline (id,nameOfDiscipline,countOfLessons,exam) VALUES ('54','Discipline ЗВ-54','15','no');
INSERT INTO discipline (id,nameOfDiscipline,countOfLessons,exam) VALUES ('55','Discipline ЗВ-55','15','no');
INSERT INTO discipline (id,nameOfDiscipline,countOfLessons,exam) VALUES ('56','Discipline ЗВ-56','15','no');
INSERT INTO discipline (id,nameOfDiscipline,countOfLessons,exam) VALUES ('57','Discipline ЗВ-57','15','no');
INSERT INTO discipline (id,nameOfDiscipline,countOfLessons,exam) VALUES ('58','Discipline ЗВ-58','15','no');
INSERT INTO discipline (id,nameOfDiscipline,countOfLessons,exam) VALUES ('59','Discipline ЗВ-59','15','no');
INSERT INTO discipline (id,nameOfDiscipline,countOfLessons,exam) VALUES ('60','Discipline ЗВ-60','15','no');
INSERT INTO discipline (id,nameOfDiscipline,countOfLessons,exam) VALUES ('61','Discipline ЗВ-61','15','no');
INSERT INTO discipline (id,nameOfDiscipline,countOfLessons,exam) VALUES ('62','Discipline ЗВ-62','15','no');
INSERT INTO disciplineDepartmentDependency (ID,disciplineID,departmentID,courseNumber,semesterNumber) VALUES ('0','0','1','1','1');
INSERT INTO disciplineDepartmentDependency (ID,disciplineID,departmentID,courseNumber,semesterNumber) VALUES ('1','1','1','2','2');
INSERT INTO disciplineDepartmentDependency (ID,disciplineID,departmentID,courseNumber,semesterNumber) VALUES ('2','2','1','3','1');
INSERT INTO disciplineDepartmentDependency (ID,disciplineID,departmentID,courseNumber,semesterNumber) VALUES ('3','3','1','4','2');
INSERT INTO disciplineDepartmentDependency (ID,disciplineID,departmentID,courseNumber,semesterNumber) VALUES ('4','4','1','5','1');
INSERT INTO disciplineDepartmentDependency (ID,disciplineID,departmentID,courseNumber,semesterNumber) VALUES ('5','5','1','6','2');
INSERT INTO disciplineDepartmentDependency (ID,disciplineID,departmentID,courseNumber,semesterNumber) VALUES ('6','6','1','1','1');
INSERT INTO disciplineDepartmentDependency (ID,disciplineID,departmentID,courseNumber,semesterNumber) VALUES ('7','7','1','2','2');
INSERT INTO disciplineDepartmentDependency (ID,disciplineID,departmentID,courseNumber,semesterNumber) VALUES ('8','8','1','3','1');
INSERT INTO disciplineDepartmentDependency (ID,disciplineID,departmentID,courseNumber,semesterNumber) VALUES ('9','9','1','4','2');
INSERT INTO disciplineDepartmentDependency (ID,disciplineID,departmentID,courseNumber,semesterNumber) VALUES ('10','10','1','5','1');
INSERT INTO disciplineDepartmentDependency (ID,disciplineID,departmentID,courseNumber,semesterNumber) VALUES ('11','11','1','6','2');
INSERT INTO disciplineDepartmentDependency (ID,disciplineID,departmentID,courseNumber,semesterNumber) VALUES ('12','12','1','1','1');
INSERT INTO disciplineDepartmentDependency (ID,disciplineID,departmentID,courseNumber,semesterNumber) VALUES ('13','13','1','2','2');
INSERT INTO disciplineDepartmentDependency (ID,disciplineID,departmentID,courseNumber,semesterNumber) VALUES ('14','14','1','3','1');
INSERT INTO disciplineDepartmentDependency (ID,disciplineID,departmentID,courseNumber,semesterNumber) VALUES ('15','15','1','4','2');
INSERT INTO disciplineDepartmentDependency (ID,disciplineID,departmentID,courseNumber,semesterNumber) VALUES ('16','16','1','5','1');
INSERT INTO disciplineDepartmentDependency (ID,disciplineID,departmentID,courseNumber,semesterNumber) VALUES ('17','17','1','6','2');
INSERT INTO disciplineDepartmentDependency (ID,disciplineID,departmentID,courseNumber,semesterNumber) VALUES ('18','18','1','1','1');
INSERT INTO disciplineDepartmentDependency (ID,disciplineID,departmentID,courseNumber,semesterNumber) VALUES ('19','19','1','2','2');
INSERT INTO disciplineDepartmentDependency (ID,disciplineID,departmentID,courseNumber,semesterNumber) VALUES ('20','20','1','3','1');
INSERT INTO disciplineDepartmentDependency (ID,disciplineID,departmentID,courseNumber,semesterNumber) VALUES ('21','21','1','4','2');
INSERT INTO disciplineDepartmentDependency (ID,disciplineID,departmentID,courseNumber,semesterNumber) VALUES ('22','22','1','5','1');
INSERT INTO disciplineDepartmentDependency (ID,disciplineID,departmentID,courseNumber,semesterNumber) VALUES ('23','23','1','6','2');
INSERT INTO disciplineDepartmentDependency (ID,disciplineID,departmentID,courseNumber,semesterNumber) VALUES ('24','24','1','1','1');
INSERT INTO disciplineDepartmentDependency (ID,disciplineID,departmentID,courseNumber,semesterNumber) VALUES ('25','25','1','2','2');
INSERT INTO disciplineDepartmentDependency (ID,disciplineID,departmentID,courseNumber,semesterNumber) VALUES ('26','26','1','3','1');
INSERT INTO disciplineDepartmentDependency (ID,disciplineID,departmentID,courseNumber,semesterNumber) VALUES ('27','27','1','4','2');
INSERT INTO disciplineDepartmentDependency (ID,disciplineID,departmentID,courseNumber,semesterNumber) VALUES ('28','28','1','5','1');
INSERT INTO disciplineDepartmentDependency (ID,disciplineID,departmentID,courseNumber,semesterNumber) VALUES ('29','29','1','6','2');
INSERT INTO disciplineDepartmentDependency (ID,disciplineID,departmentID,courseNumber,semesterNumber) VALUES ('30','30','1','1','1');
INSERT INTO disciplineDepartmentDependency (ID,disciplineID,departmentID,courseNumber,semesterNumber) VALUES ('31','31','1','2','2');
INSERT INTO disciplineDepartmentDependency (ID,disciplineID,departmentID,courseNumber,semesterNumber) VALUES ('32','32','1','3','1');
INSERT INTO disciplineDepartmentDependency (ID,disciplineID,departmentID,courseNumber,semesterNumber) VALUES ('33','33','1','4','2');
INSERT INTO disciplineDepartmentDependency (ID,disciplineID,departmentID,courseNumber,semesterNumber) VALUES ('34','34','1','5','1');
INSERT INTO disciplineDepartmentDependency (ID,disciplineID,departmentID,courseNumber,semesterNumber) VALUES ('35','35','1','6','2');
INSERT INTO disciplineDepartmentDependency (ID,disciplineID,departmentID,courseNumber,semesterNumber) VALUES ('36','36','1','1','1');
INSERT INTO disciplineDepartmentDependency (ID,disciplineID,departmentID,courseNumber,semesterNumber) VALUES ('37','37','1','2','2');
INSERT INTO disciplineDepartmentDependency (ID,disciplineID,departmentID,courseNumber,semesterNumber) VALUES ('38','38','1','3','1');
INSERT INTO disciplineDepartmentDependency (ID,disciplineID,departmentID,courseNumber,semesterNumber) VALUES ('39','39','1','4','2');
INSERT INTO disciplineDepartmentDependency (ID,disciplineID,departmentID,courseNumber,semesterNumber) VALUES ('40','40','1','5','1');
INSERT INTO disciplineDepartmentDependency (ID,disciplineID,departmentID,courseNumber,semesterNumber) VALUES ('41','41','1','6','2');
INSERT INTO disciplineDepartmentDependency (ID,disciplineID,departmentID,courseNumber,semesterNumber) VALUES ('42','42','1','1','1');
INSERT INTO disciplineDepartmentDependency (ID,disciplineID,departmentID,courseNumber,semesterNumber) VALUES ('43','43','1','2','2');
INSERT INTO disciplineDepartmentDependency (ID,disciplineID,departmentID,courseNumber,semesterNumber) VALUES ('44','44','1','3','1');
INSERT INTO disciplineDepartmentDependency (ID,disciplineID,departmentID,courseNumber,semesterNumber) VALUES ('45','45','1','4','2');
INSERT INTO disciplineDepartmentDependency (ID,disciplineID,departmentID,courseNumber,semesterNumber) VALUES ('46','46','1','5','1');
INSERT INTO disciplineDepartmentDependency (ID,disciplineID,departmentID,courseNumber,semesterNumber) VALUES ('47','47','1','6','2');
INSERT INTO disciplineDepartmentDependency (ID,disciplineID,departmentID,courseNumber,semesterNumber) VALUES ('48','48','1','1','1');
INSERT INTO disciplineDepartmentDependency (ID,disciplineID,departmentID,courseNumber,semesterNumber) VALUES ('49','49','1','2','2');
INSERT INTO disciplineDepartmentDependency (ID,disciplineID,departmentID,courseNumber,semesterNumber) VALUES ('50','50','1','3','1');
INSERT INTO disciplineDepartmentDependency (ID,disciplineID,departmentID,courseNumber,semesterNumber) VALUES ('51','51','1','4','2');
INSERT INTO disciplineDepartmentDependency (ID,disciplineID,departmentID,courseNumber,semesterNumber) VALUES ('52','52','1','5','1');
INSERT INTO disciplineDepartmentDependency (ID,disciplineID,departmentID,courseNumber,semesterNumber) VALUES ('53','53','1','6','2');
INSERT INTO disciplineDepartmentDependency (ID,disciplineID,departmentID,courseNumber,semesterNumber) VALUES ('54','54','1','1','1');
INSERT INTO disciplineDepartmentDependency (ID,disciplineID,departmentID,courseNumber,semesterNumber) VALUES ('55','55','1','2','2');
INSERT INTO disciplineDepartmentDependency (ID,disciplineID,departmentID,courseNumber,semesterNumber) VALUES ('56','56','1','3','1');
INSERT INTO disciplineDepartmentDependency (ID,disciplineID,departmentID,courseNumber,semesterNumber) VALUES ('57','57','1','4','2');
INSERT INTO disciplineDepartmentDependency (ID,disciplineID,departmentID,courseNumber,semesterNumber) VALUES ('58','58','1','5','1');
INSERT INTO disciplineDepartmentDependency (ID,disciplineID,departmentID,courseNumber,semesterNumber) VALUES ('59','59','1','6','2');
INSERT INTO disciplineDepartmentDependency (ID,disciplineID,departmentID,courseNumber,semesterNumber) VALUES ('60','60','1','1','1');
INSERT INTO disciplineDepartmentDependency (ID,disciplineID,departmentID,courseNumber,semesterNumber) VALUES ('61','61','1','2','2');
INSERT INTO disciplineDepartmentDependency (ID,disciplineID,departmentID,courseNumber,semesterNumber) VALUES ('62','62','1','3','1');
INSERT INTO loginpass (ID,login,password,access_type) VALUES ('1','BUDXMXRAIQENKO@gmx.de','qdB$rK#C','employee');
INSERT INTO employee (name,lastName,fathersName,personalID,sex,email,phoneNumber,dateOfBorn,address,passport,login,office,ID,departmentID) VALUES ('Будимира','ІЩЕНКО','Хомівна','6835471020','f','BUDXMXRAIQENKO@gmx.de','0398670261','1973-10-01','11837 Іллічівськ Комсомольський І-й 6, 10','QH144246 ГУМВС 32','BUDXMXRAIQENKO@gmx.de','HR','0','1');
INSERT INTO loginpass (ID,login,password,access_type) VALUES ('2','BOGOVIRMELQNXK@wanadoo.fr','X#APJRUT','employee');
INSERT INTO employee (name,lastName,fathersName,personalID,sex,email,phoneNumber,dateOfBorn,address,passport,login,office,ID,departmentID) VALUES ('Боговір','МЕЛЬНИК','Кузьмич','3276471787','m','BOGOVIRMELQNXK@wanadoo.fr','0665340105','1980-08-13','07204 Іллічівськ Декабристів 9, 236','WL365785 ГУМВС 34','BOGOVIRMELQNXK@wanadoo.fr','HR','1','1');
INSERT INTO gtgroup (id,fullGroupName,courseNumber,departmentID) VALUES ('0','ЗВ-10','1','1');
INSERT INTO gtgroup (id,fullGroupName,courseNumber,departmentID) VALUES ('1','ЗВ-11','1','1');
INSERT INTO gtgroup (id,fullGroupName,courseNumber,departmentID) VALUES ('2','ЗВ-12','1','1');
INSERT INTO gtgroup (id,fullGroupName,courseNumber,departmentID) VALUES ('3','ЗВ-20','2','1');
INSERT INTO gtgroup (id,fullGroupName,courseNumber,departmentID) VALUES ('4','ЗВ-21','2','1');
INSERT INTO gtgroup (id,fullGroupName,courseNumber,departmentID) VALUES ('5','ЗВ-22','2','1');
INSERT INTO gtgroup (id,fullGroupName,courseNumber,departmentID) VALUES ('6','ЗВ-30','3','1');
INSERT INTO gtgroup (id,fullGroupName,courseNumber,departmentID) VALUES ('7','ЗВ-31','3','1');
INSERT INTO gtgroup (id,fullGroupName,courseNumber,departmentID) VALUES ('8','ЗВ-32','3','1');
INSERT INTO gtgroup (id,fullGroupName,courseNumber,departmentID) VALUES ('9','ЗВ-40','4','1');
INSERT INTO gtgroup (id,fullGroupName,courseNumber,departmentID) VALUES ('10','ЗВ-41','4','1');
INSERT INTO gtgroup (id,fullGroupName,courseNumber,departmentID) VALUES ('11','ЗВ-42','4','1');
INSERT INTO gtgroup (id,fullGroupName,courseNumber,departmentID) VALUES ('12','ЗВ-50','5','1');
INSERT INTO gtgroup (id,fullGroupName,courseNumber,departmentID) VALUES ('13','ЗВ-51','5','1');
INSERT INTO gtgroup (id,fullGroupName,courseNumber,departmentID) VALUES ('14','ЗВ-52','5','1');
INSERT INTO gtgroup (id,fullGroupName,courseNumber,departmentID) VALUES ('15','ЗВ-60','6','1');
INSERT INTO gtgroup (id,fullGroupName,courseNumber,departmentID) VALUES ('16','ЗВ-61','6','1');
INSERT INTO gtgroup (id,fullGroupName,courseNumber,departmentID) VALUES ('17','ЗВ-62','6','1');
INSERT INTO dayRequirements (id,departmentID,countOfDaysInWeek,countOfLessonsInADay) VALUES ('1','2','6','5');
INSERT INTO discipline (id,nameOfDiscipline,countOfLessons,exam) VALUES ('63','Discipline ЕЗУ-0','15','no');
INSERT INTO discipline (id,nameOfDiscipline,countOfLessons,exam) VALUES ('64','Discipline ЕЗУ-1','15','no');
INSERT INTO discipline (id,nameOfDiscipline,countOfLessons,exam) VALUES ('65','Discipline ЕЗУ-2','15','no');
INSERT INTO discipline (id,nameOfDiscipline,countOfLessons,exam) VALUES ('66','Discipline ЕЗУ-3','15','no');
INSERT INTO discipline (id,nameOfDiscipline,countOfLessons,exam) VALUES ('67','Discipline ЕЗУ-4','15','no');
INSERT INTO discipline (id,nameOfDiscipline,countOfLessons,exam) VALUES ('68','Discipline ЕЗУ-5','15','no');
INSERT INTO discipline (id,nameOfDiscipline,countOfLessons,exam) VALUES ('69','Discipline ЕЗУ-6','15','no');
INSERT INTO discipline (id,nameOfDiscipline,countOfLessons,exam) VALUES ('70','Discipline ЕЗУ-7','15','no');
INSERT INTO discipline (id,nameOfDiscipline,countOfLessons,exam) VALUES ('71','Discipline ЕЗУ-8','15','no');
INSERT INTO discipline (id,nameOfDiscipline,countOfLessons,exam) VALUES ('72','Discipline ЕЗУ-9','15','no');
INSERT INTO discipline (id,nameOfDiscipline,countOfLessons,exam) VALUES ('73','Discipline ЕЗУ-10','15','no');
INSERT INTO discipline (id,nameOfDiscipline,countOfLessons,exam) VALUES ('74','Discipline ЕЗУ-11','15','no');
INSERT INTO discipline (id,nameOfDiscipline,countOfLessons,exam) VALUES ('75','Discipline ЕЗУ-12','15','no');
INSERT INTO discipline (id,nameOfDiscipline,countOfLessons,exam) VALUES ('76','Discipline ЕЗУ-13','15','no');
INSERT INTO discipline (id,nameOfDiscipline,countOfLessons,exam) VALUES ('77','Discipline ЕЗУ-14','15','no');
INSERT INTO discipline (id,nameOfDiscipline,countOfLessons,exam) VALUES ('78','Discipline ЕЗУ-15','15','no');
INSERT INTO discipline (id,nameOfDiscipline,countOfLessons,exam) VALUES ('79','Discipline ЕЗУ-16','15','no');
INSERT INTO discipline (id,nameOfDiscipline,countOfLessons,exam) VALUES ('80','Discipline ЕЗУ-17','15','no');
INSERT INTO discipline (id,nameOfDiscipline,countOfLessons,exam) VALUES ('81','Discipline ЕЗУ-18','15','no');
INSERT INTO discipline (id,nameOfDiscipline,countOfLessons,exam) VALUES ('82','Discipline ЕЗУ-19','15','no');
INSERT INTO discipline (id,nameOfDiscipline,countOfLessons,exam) VALUES ('83','Discipline ЕЗУ-20','15','no');
INSERT INTO discipline (id,nameOfDiscipline,countOfLessons,exam) VALUES ('84','Discipline ЕЗУ-21','15','no');
INSERT INTO discipline (id,nameOfDiscipline,countOfLessons,exam) VALUES ('85','Discipline ЕЗУ-22','15','no');
INSERT INTO discipline (id,nameOfDiscipline,countOfLessons,exam) VALUES ('86','Discipline ЕЗУ-23','15','no');
INSERT INTO discipline (id,nameOfDiscipline,countOfLessons,exam) VALUES ('87','Discipline ЕЗУ-24','15','no');
INSERT INTO discipline (id,nameOfDiscipline,countOfLessons,exam) VALUES ('88','Discipline ЕЗУ-25','15','no');
INSERT INTO discipline (id,nameOfDiscipline,countOfLessons,exam) VALUES ('89','Discipline ЕЗУ-26','15','no');
INSERT INTO discipline (id,nameOfDiscipline,countOfLessons,exam) VALUES ('90','Discipline ЕЗУ-27','15','no');
INSERT INTO discipline (id,nameOfDiscipline,countOfLessons,exam) VALUES ('91','Discipline ЕЗУ-28','15','no');
INSERT INTO discipline (id,nameOfDiscipline,countOfLessons,exam) VALUES ('92','Discipline ЕЗУ-29','15','no');
INSERT INTO discipline (id,nameOfDiscipline,countOfLessons,exam) VALUES ('93','Discipline ЕЗУ-30','15','no');
INSERT INTO discipline (id,nameOfDiscipline,countOfLessons,exam) VALUES ('94','Discipline ЕЗУ-31','15','no');
INSERT INTO discipline (id,nameOfDiscipline,countOfLessons,exam) VALUES ('95','Discipline ЕЗУ-32','15','no');
INSERT INTO discipline (id,nameOfDiscipline,countOfLessons,exam) VALUES ('96','Discipline ЕЗУ-33','15','no');
INSERT INTO discipline (id,nameOfDiscipline,countOfLessons,exam) VALUES ('97','Discipline ЕЗУ-34','15','no');
INSERT INTO discipline (id,nameOfDiscipline,countOfLessons,exam) VALUES ('98','Discipline ЕЗУ-35','15','no');
INSERT INTO discipline (id,nameOfDiscipline,countOfLessons,exam) VALUES ('99','Discipline ЕЗУ-36','15','no');
INSERT INTO discipline (id,nameOfDiscipline,countOfLessons,exam) VALUES ('100','Discipline ЕЗУ-37','15','no');
INSERT INTO discipline (id,nameOfDiscipline,countOfLessons,exam) VALUES ('101','Discipline ЕЗУ-38','15','no');
INSERT INTO discipline (id,nameOfDiscipline,countOfLessons,exam) VALUES ('102','Discipline ЕЗУ-39','15','no');
INSERT INTO discipline (id,nameOfDiscipline,countOfLessons,exam) VALUES ('103','Discipline ЕЗУ-40','15','no');
INSERT INTO discipline (id,nameOfDiscipline,countOfLessons,exam) VALUES ('104','Discipline ЕЗУ-41','15','no');
INSERT INTO discipline (id,nameOfDiscipline,countOfLessons,exam) VALUES ('105','Discipline ЕЗУ-42','15','no');
INSERT INTO discipline (id,nameOfDiscipline,countOfLessons,exam) VALUES ('106','Discipline ЕЗУ-43','15','no');
INSERT INTO discipline (id,nameOfDiscipline,countOfLessons,exam) VALUES ('107','Discipline ЕЗУ-44','15','no');
INSERT INTO discipline (id,nameOfDiscipline,countOfLessons,exam) VALUES ('108','Discipline ЕЗУ-45','15','no');
INSERT INTO discipline (id,nameOfDiscipline,countOfLessons,exam) VALUES ('109','Discipline ЕЗУ-46','15','no');
INSERT INTO discipline (id,nameOfDiscipline,countOfLessons,exam) VALUES ('110','Discipline ЕЗУ-47','15','no');
INSERT INTO discipline (id,nameOfDiscipline,countOfLessons,exam) VALUES ('111','Discipline ЕЗУ-48','15','no');
INSERT INTO discipline (id,nameOfDiscipline,countOfLessons,exam) VALUES ('112','Discipline ЕЗУ-49','15','no');
INSERT INTO discipline (id,nameOfDiscipline,countOfLessons,exam) VALUES ('113','Discipline ЕЗУ-50','15','no');
INSERT INTO discipline (id,nameOfDiscipline,countOfLessons,exam) VALUES ('114','Discipline ЕЗУ-51','15','no');
INSERT INTO discipline (id,nameOfDiscipline,countOfLessons,exam) VALUES ('115','Discipline ЕЗУ-52','15','no');
INSERT INTO discipline (id,nameOfDiscipline,countOfLessons,exam) VALUES ('116','Discipline ЕЗУ-53','15','no');
INSERT INTO discipline (id,nameOfDiscipline,countOfLessons,exam) VALUES ('117','Discipline ЕЗУ-54','15','no');
INSERT INTO discipline (id,nameOfDiscipline,countOfLessons,exam) VALUES ('118','Discipline ЕЗУ-55','15','no');
INSERT INTO discipline (id,nameOfDiscipline,countOfLessons,exam) VALUES ('119','Discipline ЕЗУ-56','15','no');
INSERT INTO discipline (id,nameOfDiscipline,countOfLessons,exam) VALUES ('120','Discipline ЕЗУ-57','15','no');
INSERT INTO discipline (id,nameOfDiscipline,countOfLessons,exam) VALUES ('121','Discipline ЕЗУ-58','15','no');
INSERT INTO discipline (id,nameOfDiscipline,countOfLessons,exam) VALUES ('122','Discipline ЕЗУ-59','15','no');
INSERT INTO discipline (id,nameOfDiscipline,countOfLessons,exam) VALUES ('123','Discipline ЕЗУ-60','15','no');
INSERT INTO discipline (id,nameOfDiscipline,countOfLessons,exam) VALUES ('124','Discipline ЕЗУ-61','15','no');
INSERT INTO disciplineDepartmentDependency (ID,disciplineID,departmentID,courseNumber,semesterNumber) VALUES ('63','63','2','1','1');
INSERT INTO disciplineDepartmentDependency (ID,disciplineID,departmentID,courseNumber,semesterNumber) VALUES ('64','64','2','2','2');
INSERT INTO disciplineDepartmentDependency (ID,disciplineID,departmentID,courseNumber,semesterNumber) VALUES ('65','65','2','3','1');
INSERT INTO disciplineDepartmentDependency (ID,disciplineID,departmentID,courseNumber,semesterNumber) VALUES ('66','66','2','4','2');
INSERT INTO disciplineDepartmentDependency (ID,disciplineID,departmentID,courseNumber,semesterNumber) VALUES ('67','67','2','5','1');
INSERT INTO disciplineDepartmentDependency (ID,disciplineID,departmentID,courseNumber,semesterNumber) VALUES ('68','68','2','6','2');
INSERT INTO disciplineDepartmentDependency (ID,disciplineID,departmentID,courseNumber,semesterNumber) VALUES ('69','69','2','1','1');
INSERT INTO disciplineDepartmentDependency (ID,disciplineID,departmentID,courseNumber,semesterNumber) VALUES ('70','70','2','2','2');
INSERT INTO disciplineDepartmentDependency (ID,disciplineID,departmentID,courseNumber,semesterNumber) VALUES ('71','71','2','3','1');
INSERT INTO disciplineDepartmentDependency (ID,disciplineID,departmentID,courseNumber,semesterNumber) VALUES ('72','72','2','4','2');
INSERT INTO disciplineDepartmentDependency (ID,disciplineID,departmentID,courseNumber,semesterNumber) VALUES ('73','73','2','5','1');
INSERT INTO disciplineDepartmentDependency (ID,disciplineID,departmentID,courseNumber,semesterNumber) VALUES ('74','74','2','6','2');
INSERT INTO disciplineDepartmentDependency (ID,disciplineID,departmentID,courseNumber,semesterNumber) VALUES ('75','75','2','1','1');
INSERT INTO disciplineDepartmentDependency (ID,disciplineID,departmentID,courseNumber,semesterNumber) VALUES ('76','76','2','2','2');
INSERT INTO disciplineDepartmentDependency (ID,disciplineID,departmentID,courseNumber,semesterNumber) VALUES ('77','77','2','3','1');
INSERT INTO disciplineDepartmentDependency (ID,disciplineID,departmentID,courseNumber,semesterNumber) VALUES ('78','78','2','4','2');
INSERT INTO disciplineDepartmentDependency (ID,disciplineID,departmentID,courseNumber,semesterNumber) VALUES ('79','79','2','5','1');
INSERT INTO disciplineDepartmentDependency (ID,disciplineID,departmentID,courseNumber,semesterNumber) VALUES ('80','80','2','6','2');
INSERT INTO disciplineDepartmentDependency (ID,disciplineID,departmentID,courseNumber,semesterNumber) VALUES ('81','81','2','1','1');
INSERT INTO disciplineDepartmentDependency (ID,disciplineID,departmentID,courseNumber,semesterNumber) VALUES ('82','82','2','2','2');
INSERT INTO disciplineDepartmentDependency (ID,disciplineID,departmentID,courseNumber,semesterNumber) VALUES ('83','83','2','3','1');
INSERT INTO disciplineDepartmentDependency (ID,disciplineID,departmentID,courseNumber,semesterNumber) VALUES ('84','84','2','4','2');
INSERT INTO disciplineDepartmentDependency (ID,disciplineID,departmentID,courseNumber,semesterNumber) VALUES ('85','85','2','5','1');
INSERT INTO disciplineDepartmentDependency (ID,disciplineID,departmentID,courseNumber,semesterNumber) VALUES ('86','86','2','6','2');
INSERT INTO disciplineDepartmentDependency (ID,disciplineID,departmentID,courseNumber,semesterNumber) VALUES ('87','87','2','1','1');
INSERT INTO disciplineDepartmentDependency (ID,disciplineID,departmentID,courseNumber,semesterNumber) VALUES ('88','88','2','2','2');
INSERT INTO disciplineDepartmentDependency (ID,disciplineID,departmentID,courseNumber,semesterNumber) VALUES ('89','89','2','3','1');
INSERT INTO disciplineDepartmentDependency (ID,disciplineID,departmentID,courseNumber,semesterNumber) VALUES ('90','90','2','4','2');
INSERT INTO disciplineDepartmentDependency (ID,disciplineID,departmentID,courseNumber,semesterNumber) VALUES ('91','91','2','5','1');
INSERT INTO disciplineDepartmentDependency (ID,disciplineID,departmentID,courseNumber,semesterNumber) VALUES ('92','92','2','6','2');
INSERT INTO disciplineDepartmentDependency (ID,disciplineID,departmentID,courseNumber,semesterNumber) VALUES ('93','93','2','1','1');
INSERT INTO disciplineDepartmentDependency (ID,disciplineID,departmentID,courseNumber,semesterNumber) VALUES ('94','94','2','2','2');
INSERT INTO disciplineDepartmentDependency (ID,disciplineID,departmentID,courseNumber,semesterNumber) VALUES ('95','95','2','3','1');
INSERT INTO disciplineDepartmentDependency (ID,disciplineID,departmentID,courseNumber,semesterNumber) VALUES ('96','96','2','4','2');
INSERT INTO disciplineDepartmentDependency (ID,disciplineID,departmentID,courseNumber,semesterNumber) VALUES ('97','97','2','5','1');
INSERT INTO disciplineDepartmentDependency (ID,disciplineID,departmentID,courseNumber,semesterNumber) VALUES ('98','98','2','6','2');
INSERT INTO disciplineDepartmentDependency (ID,disciplineID,departmentID,courseNumber,semesterNumber) VALUES ('99','99','2','1','1');
INSERT INTO disciplineDepartmentDependency (ID,disciplineID,departmentID,courseNumber,semesterNumber) VALUES ('100','100','2','2','2');
INSERT INTO disciplineDepartmentDependency (ID,disciplineID,departmentID,courseNumber,semesterNumber) VALUES ('101','101','2','3','1');
INSERT INTO disciplineDepartmentDependency (ID,disciplineID,departmentID,courseNumber,semesterNumber) VALUES ('102','102','2','4','2');
INSERT INTO disciplineDepartmentDependency (ID,disciplineID,departmentID,courseNumber,semesterNumber) VALUES ('103','103','2','5','1');
INSERT INTO disciplineDepartmentDependency (ID,disciplineID,departmentID,courseNumber,semesterNumber) VALUES ('104','104','2','6','2');
INSERT INTO disciplineDepartmentDependency (ID,disciplineID,departmentID,courseNumber,semesterNumber) VALUES ('105','105','2','1','1');
INSERT INTO disciplineDepartmentDependency (ID,disciplineID,departmentID,courseNumber,semesterNumber) VALUES ('106','106','2','2','2');
INSERT INTO disciplineDepartmentDependency (ID,disciplineID,departmentID,courseNumber,semesterNumber) VALUES ('107','107','2','3','1');
INSERT INTO disciplineDepartmentDependency (ID,disciplineID,departmentID,courseNumber,semesterNumber) VALUES ('108','108','2','4','2');
INSERT INTO disciplineDepartmentDependency (ID,disciplineID,departmentID,courseNumber,semesterNumber) VALUES ('109','109','2','5','1');
INSERT INTO disciplineDepartmentDependency (ID,disciplineID,departmentID,courseNumber,semesterNumber) VALUES ('110','110','2','6','2');
INSERT INTO disciplineDepartmentDependency (ID,disciplineID,departmentID,courseNumber,semesterNumber) VALUES ('111','111','2','1','1');
INSERT INTO disciplineDepartmentDependency (ID,disciplineID,departmentID,courseNumber,semesterNumber) VALUES ('112','112','2','2','2');
INSERT INTO disciplineDepartmentDependency (ID,disciplineID,departmentID,courseNumber,semesterNumber) VALUES ('113','113','2','3','1');
INSERT INTO disciplineDepartmentDependency (ID,disciplineID,departmentID,courseNumber,semesterNumber) VALUES ('114','114','2','4','2');
INSERT INTO disciplineDepartmentDependency (ID,disciplineID,departmentID,courseNumber,semesterNumber) VALUES ('115','115','2','5','1');
INSERT INTO disciplineDepartmentDependency (ID,disciplineID,departmentID,courseNumber,semesterNumber) VALUES ('116','116','2','6','2');
INSERT INTO disciplineDepartmentDependency (ID,disciplineID,departmentID,courseNumber,semesterNumber) VALUES ('117','117','2','1','1');
INSERT INTO disciplineDepartmentDependency (ID,disciplineID,departmentID,courseNumber,semesterNumber) VALUES ('118','118','2','2','2');
INSERT INTO disciplineDepartmentDependency (ID,disciplineID,departmentID,courseNumber,semesterNumber) VALUES ('119','119','2','3','1');
INSERT INTO disciplineDepartmentDependency (ID,disciplineID,departmentID,courseNumber,semesterNumber) VALUES ('120','120','2','4','2');
INSERT INTO disciplineDepartmentDependency (ID,disciplineID,departmentID,courseNumber,semesterNumber) VALUES ('121','121','2','5','1');
INSERT INTO disciplineDepartmentDependency (ID,disciplineID,departmentID,courseNumber,semesterNumber) VALUES ('122','122','2','6','2');
INSERT INTO disciplineDepartmentDependency (ID,disciplineID,departmentID,courseNumber,semesterNumber) VALUES ('123','123','2','1','1');
INSERT INTO disciplineDepartmentDependency (ID,disciplineID,departmentID,courseNumber,semesterNumber) VALUES ('124','124','2','2','2');
INSERT INTO loginpass (ID,login,password,access_type) VALUES ('3','BOJENKOVALQZUK@orange.fr','W5lyx&Nb','employee');
INSERT INTO employee (name,lastName,fathersName,personalID,sex,email,phoneNumber,dateOfBorn,address,passport,login,office,ID,departmentID) VALUES ('Божен','КОВАЛЬЧУК','Миколайович','1742186274','m','BOJENKOVALQZUK@orange.fr','0932751206','1960-10-25','77044 Іллічівськ Гайдамацький 83, 272','RM316162 ГУМВС 27','BOJENKOVALQZUK@orange.fr','HR','2','2');
INSERT INTO gtgroup (id,fullGroupName,courseNumber,departmentID) VALUES ('18','ЕЗУ-10','1','2');
INSERT INTO gtgroup (id,fullGroupName,courseNumber,departmentID) VALUES ('19','ЕЗУ-11','1','2');
INSERT INTO gtgroup (id,fullGroupName,courseNumber,departmentID) VALUES ('20','ЕЗУ-20','2','2');
INSERT INTO gtgroup (id,fullGroupName,courseNumber,departmentID) VALUES ('21','ЕЗУ-21','2','2');
INSERT INTO gtgroup (id,fullGroupName,courseNumber,departmentID) VALUES ('22','ЕЗУ-30','3','2');
INSERT INTO gtgroup (id,fullGroupName,courseNumber,departmentID) VALUES ('23','ЕЗУ-31','3','2');
INSERT INTO gtgroup (id,fullGroupName,courseNumber,departmentID) VALUES ('24','ЕЗУ-40','4','2');
INSERT INTO gtgroup (id,fullGroupName,courseNumber,departmentID) VALUES ('25','ЕЗУ-41','4','2');
INSERT INTO gtgroup (id,fullGroupName,courseNumber,departmentID) VALUES ('26','ЕЗУ-50','5','2');
INSERT INTO gtgroup (id,fullGroupName,courseNumber,departmentID) VALUES ('27','ЕЗУ-51','5','2');
INSERT INTO gtgroup (id,fullGroupName,courseNumber,departmentID) VALUES ('28','ЕЗУ-60','6','2');
INSERT INTO gtgroup (id,fullGroupName,courseNumber,departmentID) VALUES ('29','ЕЗУ-61','6','2');
INSERT INTO dayRequirements (id,departmentID,countOfDaysInWeek,countOfLessonsInADay) VALUES ('2','3','6','5');
INSERT INTO discipline (id,nameOfDiscipline,countOfLessons,exam) VALUES ('125','Discipline ІП-0','15','no');
INSERT INTO discipline (id,nameOfDiscipline,countOfLessons,exam) VALUES ('126','Discipline ІП-1','15','no');
INSERT INTO discipline (id,nameOfDiscipline,countOfLessons,exam) VALUES ('127','Discipline ІП-2','15','no');
INSERT INTO discipline (id,nameOfDiscipline,countOfLessons,exam) VALUES ('128','Discipline ІП-3','15','no');
INSERT INTO discipline (id,nameOfDiscipline,countOfLessons,exam) VALUES ('129','Discipline ІП-4','15','no');
INSERT INTO discipline (id,nameOfDiscipline,countOfLessons,exam) VALUES ('130','Discipline ІП-5','15','no');
INSERT INTO discipline (id,nameOfDiscipline,countOfLessons,exam) VALUES ('131','Discipline ІП-6','15','no');
INSERT INTO discipline (id,nameOfDiscipline,countOfLessons,exam) VALUES ('132','Discipline ІП-7','15','no');
INSERT INTO discipline (id,nameOfDiscipline,countOfLessons,exam) VALUES ('133','Discipline ІП-8','15','no');
INSERT INTO discipline (id,nameOfDiscipline,countOfLessons,exam) VALUES ('134','Discipline ІП-9','15','no');
INSERT INTO discipline (id,nameOfDiscipline,countOfLessons,exam) VALUES ('135','Discipline ІП-10','15','no');
INSERT INTO discipline (id,nameOfDiscipline,countOfLessons,exam) VALUES ('136','Discipline ІП-11','15','no');
INSERT INTO discipline (id,nameOfDiscipline,countOfLessons,exam) VALUES ('137','Discipline ІП-12','15','no');
INSERT INTO discipline (id,nameOfDiscipline,countOfLessons,exam) VALUES ('138','Discipline ІП-13','15','no');
INSERT INTO discipline (id,nameOfDiscipline,countOfLessons,exam) VALUES ('139','Discipline ІП-14','15','no');
INSERT INTO discipline (id,nameOfDiscipline,countOfLessons,exam) VALUES ('140','Discipline ІП-15','15','no');
INSERT INTO discipline (id,nameOfDiscipline,countOfLessons,exam) VALUES ('141','Discipline ІП-16','15','no');
INSERT INTO discipline (id,nameOfDiscipline,countOfLessons,exam) VALUES ('142','Discipline ІП-17','15','no');
INSERT INTO discipline (id,nameOfDiscipline,countOfLessons,exam) VALUES ('143','Discipline ІП-18','15','no');
INSERT INTO discipline (id,nameOfDiscipline,countOfLessons,exam) VALUES ('144','Discipline ІП-19','15','no');
INSERT INTO discipline (id,nameOfDiscipline,countOfLessons,exam) VALUES ('145','Discipline ІП-20','15','no');
INSERT INTO discipline (id,nameOfDiscipline,countOfLessons,exam) VALUES ('146','Discipline ІП-21','15','no');
INSERT INTO discipline (id,nameOfDiscipline,countOfLessons,exam) VALUES ('147','Discipline ІП-22','15','no');
INSERT INTO discipline (id,nameOfDiscipline,countOfLessons,exam) VALUES ('148','Discipline ІП-23','15','no');
INSERT INTO discipline (id,nameOfDiscipline,countOfLessons,exam) VALUES ('149','Discipline ІП-24','15','no');
INSERT INTO discipline (id,nameOfDiscipline,countOfLessons,exam) VALUES ('150','Discipline ІП-25','15','no');
INSERT INTO discipline (id,nameOfDiscipline,countOfLessons,exam) VALUES ('151','Discipline ІП-26','15','no');
INSERT INTO discipline (id,nameOfDiscipline,countOfLessons,exam) VALUES ('152','Discipline ІП-27','15','no');
INSERT INTO discipline (id,nameOfDiscipline,countOfLessons,exam) VALUES ('153','Discipline ІП-28','15','no');
INSERT INTO discipline (id,nameOfDiscipline,countOfLessons,exam) VALUES ('154','Discipline ІП-29','15','no');
INSERT INTO discipline (id,nameOfDiscipline,countOfLessons,exam) VALUES ('155','Discipline ІП-30','15','no');
INSERT INTO discipline (id,nameOfDiscipline,countOfLessons,exam) VALUES ('156','Discipline ІП-31','15','no');
INSERT INTO discipline (id,nameOfDiscipline,countOfLessons,exam) VALUES ('157','Discipline ІП-32','15','no');
INSERT INTO discipline (id,nameOfDiscipline,countOfLessons,exam) VALUES ('158','Discipline ІП-33','15','no');
INSERT INTO discipline (id,nameOfDiscipline,countOfLessons,exam) VALUES ('159','Discipline ІП-34','15','no');
INSERT INTO discipline (id,nameOfDiscipline,countOfLessons,exam) VALUES ('160','Discipline ІП-35','15','no');
INSERT INTO discipline (id,nameOfDiscipline,countOfLessons,exam) VALUES ('161','Discipline ІП-36','15','no');
INSERT INTO discipline (id,nameOfDiscipline,countOfLessons,exam) VALUES ('162','Discipline ІП-37','15','no');
INSERT INTO discipline (id,nameOfDiscipline,countOfLessons,exam) VALUES ('163','Discipline ІП-38','15','no');
INSERT INTO discipline (id,nameOfDiscipline,countOfLessons,exam) VALUES ('164','Discipline ІП-39','15','no');
INSERT INTO discipline (id,nameOfDiscipline,countOfLessons,exam) VALUES ('165','Discipline ІП-40','15','no');
INSERT INTO discipline (id,nameOfDiscipline,countOfLessons,exam) VALUES ('166','Discipline ІП-41','15','no');
INSERT INTO discipline (id,nameOfDiscipline,countOfLessons,exam) VALUES ('167','Discipline ІП-42','15','no');
INSERT INTO discipline (id,nameOfDiscipline,countOfLessons,exam) VALUES ('168','Discipline ІП-43','15','no');
INSERT INTO discipline (id,nameOfDiscipline,countOfLessons,exam) VALUES ('169','Discipline ІП-44','15','no');
INSERT INTO discipline (id,nameOfDiscipline,countOfLessons,exam) VALUES ('170','Discipline ІП-45','15','no');
INSERT INTO discipline (id,nameOfDiscipline,countOfLessons,exam) VALUES ('171','Discipline ІП-46','15','no');
INSERT INTO discipline (id,nameOfDiscipline,countOfLessons,exam) VALUES ('172','Discipline ІП-47','15','no');
INSERT INTO discipline (id,nameOfDiscipline,countOfLessons,exam) VALUES ('173','Discipline ІП-48','15','no');
INSERT INTO discipline (id,nameOfDiscipline,countOfLessons,exam) VALUES ('174','Discipline ІП-49','15','no');
INSERT INTO discipline (id,nameOfDiscipline,countOfLessons,exam) VALUES ('175','Discipline ІП-50','15','no');
INSERT INTO discipline (id,nameOfDiscipline,countOfLessons,exam) VALUES ('176','Discipline ІП-51','15','no');
INSERT INTO discipline (id,nameOfDiscipline,countOfLessons,exam) VALUES ('177','Discipline ІП-52','15','no');
INSERT INTO discipline (id,nameOfDiscipline,countOfLessons,exam) VALUES ('178','Discipline ІП-53','15','no');
INSERT INTO discipline (id,nameOfDiscipline,countOfLessons,exam) VALUES ('179','Discipline ІП-54','15','no');
INSERT INTO discipline (id,nameOfDiscipline,countOfLessons,exam) VALUES ('180','Discipline ІП-55','15','no');
INSERT INTO discipline (id,nameOfDiscipline,countOfLessons,exam) VALUES ('181','Discipline ІП-56','15','no');
INSERT INTO discipline (id,nameOfDiscipline,countOfLessons,exam) VALUES ('182','Discipline ІП-57','15','no');
INSERT INTO discipline (id,nameOfDiscipline,countOfLessons,exam) VALUES ('183','Discipline ІП-58','15','no');
INSERT INTO discipline (id,nameOfDiscipline,countOfLessons,exam) VALUES ('184','Discipline ІП-59','15','no');
INSERT INTO discipline (id,nameOfDiscipline,countOfLessons,exam) VALUES ('185','Discipline ІП-60','15','no');
INSERT INTO discipline (id,nameOfDiscipline,countOfLessons,exam) VALUES ('186','Discipline ІП-61','15','no');
INSERT INTO discipline (id,nameOfDiscipline,countOfLessons,exam) VALUES ('187','Discipline ІП-62','15','no');
INSERT INTO discipline (id,nameOfDiscipline,countOfLessons,exam) VALUES ('188','Discipline ІП-63','15','no');
INSERT INTO discipline (id,nameOfDiscipline,countOfLessons,exam) VALUES ('189','Discipline ІП-64','15','no');
INSERT INTO discipline (id,nameOfDiscipline,countOfLessons,exam) VALUES ('190','Discipline ІП-65','15','no');
INSERT INTO discipline (id,nameOfDiscipline,countOfLessons,exam) VALUES ('191','Discipline ІП-66','15','no');
INSERT INTO discipline (id,nameOfDiscipline,countOfLessons,exam) VALUES ('192','Discipline ІП-67','15','no');
INSERT INTO discipline (id,nameOfDiscipline,countOfLessons,exam) VALUES ('193','Discipline ІП-68','15','no');
INSERT INTO discipline (id,nameOfDiscipline,countOfLessons,exam) VALUES ('194','Discipline ІП-69','15','no');
INSERT INTO discipline (id,nameOfDiscipline,countOfLessons,exam) VALUES ('195','Discipline ІП-70','15','no');
INSERT INTO discipline (id,nameOfDiscipline,countOfLessons,exam) VALUES ('196','Discipline ІП-71','15','no');
INSERT INTO discipline (id,nameOfDiscipline,countOfLessons,exam) VALUES ('197','Discipline ІП-72','15','no');
INSERT INTO discipline (id,nameOfDiscipline,countOfLessons,exam) VALUES ('198','Discipline ІП-73','15','no');
INSERT INTO discipline (id,nameOfDiscipline,countOfLessons,exam) VALUES ('199','Discipline ІП-74','15','no');
INSERT INTO discipline (id,nameOfDiscipline,countOfLessons,exam) VALUES ('200','Discipline ІП-75','15','no');
INSERT INTO discipline (id,nameOfDiscipline,countOfLessons,exam) VALUES ('201','Discipline ІП-76','15','no');
INSERT INTO discipline (id,nameOfDiscipline,countOfLessons,exam) VALUES ('202','Discipline ІП-77','15','no');
INSERT INTO discipline (id,nameOfDiscipline,countOfLessons,exam) VALUES ('203','Discipline ІП-78','15','no');
INSERT INTO discipline (id,nameOfDiscipline,countOfLessons,exam) VALUES ('204','Discipline ІП-79','15','no');
INSERT INTO discipline (id,nameOfDiscipline,countOfLessons,exam) VALUES ('205','Discipline ІП-80','15','no');
INSERT INTO disciplineDepartmentDependency (ID,disciplineID,departmentID,courseNumber,semesterNumber) VALUES ('125','125','3','1','1');
INSERT INTO disciplineDepartmentDependency (ID,disciplineID,departmentID,courseNumber,semesterNumber) VALUES ('126','126','3','2','2');
INSERT INTO disciplineDepartmentDependency (ID,disciplineID,departmentID,courseNumber,semesterNumber) VALUES ('127','127','3','3','1');
INSERT INTO disciplineDepartmentDependency (ID,disciplineID,departmentID,courseNumber,semesterNumber) VALUES ('128','128','3','4','2');
INSERT INTO disciplineDepartmentDependency (ID,disciplineID,departmentID,courseNumber,semesterNumber) VALUES ('129','129','3','5','1');
INSERT INTO disciplineDepartmentDependency (ID,disciplineID,departmentID,courseNumber,semesterNumber) VALUES ('130','130','3','6','2');
INSERT INTO disciplineDepartmentDependency (ID,disciplineID,departmentID,courseNumber,semesterNumber) VALUES ('131','131','3','1','1');
INSERT INTO disciplineDepartmentDependency (ID,disciplineID,departmentID,courseNumber,semesterNumber) VALUES ('132','132','3','2','2');
INSERT INTO disciplineDepartmentDependency (ID,disciplineID,departmentID,courseNumber,semesterNumber) VALUES ('133','133','3','3','1');
INSERT INTO disciplineDepartmentDependency (ID,disciplineID,departmentID,courseNumber,semesterNumber) VALUES ('134','134','3','4','2');
INSERT INTO disciplineDepartmentDependency (ID,disciplineID,departmentID,courseNumber,semesterNumber) VALUES ('135','135','3','5','1');
INSERT INTO disciplineDepartmentDependency (ID,disciplineID,departmentID,courseNumber,semesterNumber) VALUES ('136','136','3','6','2');
INSERT INTO disciplineDepartmentDependency (ID,disciplineID,departmentID,courseNumber,semesterNumber) VALUES ('137','137','3','1','1');
INSERT INTO disciplineDepartmentDependency (ID,disciplineID,departmentID,courseNumber,semesterNumber) VALUES ('138','138','3','2','2');
INSERT INTO disciplineDepartmentDependency (ID,disciplineID,departmentID,courseNumber,semesterNumber) VALUES ('139','139','3','3','1');
INSERT INTO disciplineDepartmentDependency (ID,disciplineID,departmentID,courseNumber,semesterNumber) VALUES ('140','140','3','4','2');
INSERT INTO disciplineDepartmentDependency (ID,disciplineID,departmentID,courseNumber,semesterNumber) VALUES ('141','141','3','5','1');
INSERT INTO disciplineDepartmentDependency (ID,disciplineID,departmentID,courseNumber,semesterNumber) VALUES ('142','142','3','6','2');
INSERT INTO disciplineDepartmentDependency (ID,disciplineID,departmentID,courseNumber,semesterNumber) VALUES ('143','143','3','1','1');
INSERT INTO disciplineDepartmentDependency (ID,disciplineID,departmentID,courseNumber,semesterNumber) VALUES ('144','144','3','2','2');
INSERT INTO disciplineDepartmentDependency (ID,disciplineID,departmentID,courseNumber,semesterNumber) VALUES ('145','145','3','3','1');
INSERT INTO disciplineDepartmentDependency (ID,disciplineID,departmentID,courseNumber,semesterNumber) VALUES ('146','146','3','4','2');
INSERT INTO disciplineDepartmentDependency (ID,disciplineID,departmentID,courseNumber,semesterNumber) VALUES ('147','147','3','5','1');
INSERT INTO disciplineDepartmentDependency (ID,disciplineID,departmentID,courseNumber,semesterNumber) VALUES ('148','148','3','6','2');
INSERT INTO disciplineDepartmentDependency (ID,disciplineID,departmentID,courseNumber,semesterNumber) VALUES ('149','149','3','1','1');
INSERT INTO disciplineDepartmentDependency (ID,disciplineID,departmentID,courseNumber,semesterNumber) VALUES ('150','150','3','2','2');
INSERT INTO disciplineDepartmentDependency (ID,disciplineID,departmentID,courseNumber,semesterNumber) VALUES ('151','151','3','3','1');
INSERT INTO disciplineDepartmentDependency (ID,disciplineID,departmentID,courseNumber,semesterNumber) VALUES ('152','152','3','4','2');
INSERT INTO disciplineDepartmentDependency (ID,disciplineID,departmentID,courseNumber,semesterNumber) VALUES ('153','153','3','5','1');
INSERT INTO disciplineDepartmentDependency (ID,disciplineID,departmentID,courseNumber,semesterNumber) VALUES ('154','154','3','6','2');
INSERT INTO disciplineDepartmentDependency (ID,disciplineID,departmentID,courseNumber,semesterNumber) VALUES ('155','155','3','1','1');
INSERT INTO disciplineDepartmentDependency (ID,disciplineID,departmentID,courseNumber,semesterNumber) VALUES ('156','156','3','2','2');
INSERT INTO disciplineDepartmentDependency (ID,disciplineID,departmentID,courseNumber,semesterNumber) VALUES ('157','157','3','3','1');
INSERT INTO disciplineDepartmentDependency (ID,disciplineID,departmentID,courseNumber,semesterNumber) VALUES ('158','158','3','4','2');
INSERT INTO disciplineDepartmentDependency (ID,disciplineID,departmentID,courseNumber,semesterNumber) VALUES ('159','159','3','5','1');
INSERT INTO disciplineDepartmentDependency (ID,disciplineID,departmentID,courseNumber,semesterNumber) VALUES ('160','160','3','6','2');
INSERT INTO disciplineDepartmentDependency (ID,disciplineID,departmentID,courseNumber,semesterNumber) VALUES ('161','161','3','1','1');
INSERT INTO disciplineDepartmentDependency (ID,disciplineID,departmentID,courseNumber,semesterNumber) VALUES ('162','162','3','2','2');
INSERT INTO disciplineDepartmentDependency (ID,disciplineID,departmentID,courseNumber,semesterNumber) VALUES ('163','163','3','3','1');
INSERT INTO disciplineDepartmentDependency (ID,disciplineID,departmentID,courseNumber,semesterNumber) VALUES ('164','164','3','4','2');
INSERT INTO disciplineDepartmentDependency (ID,disciplineID,departmentID,courseNumber,semesterNumber) VALUES ('165','165','3','5','1');
INSERT INTO disciplineDepartmentDependency (ID,disciplineID,departmentID,courseNumber,semesterNumber) VALUES ('166','166','3','6','2');
INSERT INTO disciplineDepartmentDependency (ID,disciplineID,departmentID,courseNumber,semesterNumber) VALUES ('167','167','3','1','1');
INSERT INTO disciplineDepartmentDependency (ID,disciplineID,departmentID,courseNumber,semesterNumber) VALUES ('168','168','3','2','2');
INSERT INTO disciplineDepartmentDependency (ID,disciplineID,departmentID,courseNumber,semesterNumber) VALUES ('169','169','3','3','1');
INSERT INTO disciplineDepartmentDependency (ID,disciplineID,departmentID,courseNumber,semesterNumber) VALUES ('170','170','3','4','2');
INSERT INTO disciplineDepartmentDependency (ID,disciplineID,departmentID,courseNumber,semesterNumber) VALUES ('171','171','3','5','1');
INSERT INTO disciplineDepartmentDependency (ID,disciplineID,departmentID,courseNumber,semesterNumber) VALUES ('172','172','3','6','2');
INSERT INTO disciplineDepartmentDependency (ID,disciplineID,departmentID,courseNumber,semesterNumber) VALUES ('173','173','3','1','1');
INSERT INTO disciplineDepartmentDependency (ID,disciplineID,departmentID,courseNumber,semesterNumber) VALUES ('174','174','3','2','2');
INSERT INTO disciplineDepartmentDependency (ID,disciplineID,departmentID,courseNumber,semesterNumber) VALUES ('175','175','3','3','1');
INSERT INTO disciplineDepartmentDependency (ID,disciplineID,departmentID,courseNumber,semesterNumber) VALUES ('176','176','3','4','2');
INSERT INTO disciplineDepartmentDependency (ID,disciplineID,departmentID,courseNumber,semesterNumber) VALUES ('177','177','3','5','1');
INSERT INTO disciplineDepartmentDependency (ID,disciplineID,departmentID,courseNumber,semesterNumber) VALUES ('178','178','3','6','2');
INSERT INTO disciplineDepartmentDependency (ID,disciplineID,departmentID,courseNumber,semesterNumber) VALUES ('179','179','3','1','1');
INSERT INTO disciplineDepartmentDependency (ID,disciplineID,departmentID,courseNumber,semesterNumber) VALUES ('180','180','3','2','2');
INSERT INTO disciplineDepartmentDependency (ID,disciplineID,departmentID,courseNumber,semesterNumber) VALUES ('181','181','3','3','1');
INSERT INTO disciplineDepartmentDependency (ID,disciplineID,departmentID,courseNumber,semesterNumber) VALUES ('182','182','3','4','2');
INSERT INTO disciplineDepartmentDependency (ID,disciplineID,departmentID,courseNumber,semesterNumber) VALUES ('183','183','3','5','1');
INSERT INTO disciplineDepartmentDependency (ID,disciplineID,departmentID,courseNumber,semesterNumber) VALUES ('184','184','3','6','2');
INSERT INTO disciplineDepartmentDependency (ID,disciplineID,departmentID,courseNumber,semesterNumber) VALUES ('185','185','3','1','1');
INSERT INTO disciplineDepartmentDependency (ID,disciplineID,departmentID,courseNumber,semesterNumber) VALUES ('186','186','3','2','2');
INSERT INTO disciplineDepartmentDependency (ID,disciplineID,departmentID,courseNumber,semesterNumber) VALUES ('187','187','3','3','1');
INSERT INTO disciplineDepartmentDependency (ID,disciplineID,departmentID,courseNumber,semesterNumber) VALUES ('188','188','3','4','2');
INSERT INTO disciplineDepartmentDependency (ID,disciplineID,departmentID,courseNumber,semesterNumber) VALUES ('189','189','3','5','1');
INSERT INTO disciplineDepartmentDependency (ID,disciplineID,departmentID,courseNumber,semesterNumber) VALUES ('190','190','3','6','2');
INSERT INTO disciplineDepartmentDependency (ID,disciplineID,departmentID,courseNumber,semesterNumber) VALUES ('191','191','3','1','1');
INSERT INTO disciplineDepartmentDependency (ID,disciplineID,departmentID,courseNumber,semesterNumber) VALUES ('192','192','3','2','2');
INSERT INTO disciplineDepartmentDependency (ID,disciplineID,departmentID,courseNumber,semesterNumber) VALUES ('193','193','3','3','1');
INSERT INTO disciplineDepartmentDependency (ID,disciplineID,departmentID,courseNumber,semesterNumber) VALUES ('194','194','3','4','2');
INSERT INTO disciplineDepartmentDependency (ID,disciplineID,departmentID,courseNumber,semesterNumber) VALUES ('195','195','3','5','1');
INSERT INTO disciplineDepartmentDependency (ID,disciplineID,departmentID,courseNumber,semesterNumber) VALUES ('196','196','3','6','2');
INSERT INTO disciplineDepartmentDependency (ID,disciplineID,departmentID,courseNumber,semesterNumber) VALUES ('197','197','3','1','1');
INSERT INTO disciplineDepartmentDependency (ID,disciplineID,departmentID,courseNumber,semesterNumber) VALUES ('198','198','3','2','2');
INSERT INTO disciplineDepartmentDependency (ID,disciplineID,departmentID,courseNumber,semesterNumber) VALUES ('199','199','3','3','1');
INSERT INTO disciplineDepartmentDependency (ID,disciplineID,departmentID,courseNumber,semesterNumber) VALUES ('200','200','3','4','2');
INSERT INTO disciplineDepartmentDependency (ID,disciplineID,departmentID,courseNumber,semesterNumber) VALUES ('201','201','3','5','1');
INSERT INTO disciplineDepartmentDependency (ID,disciplineID,departmentID,courseNumber,semesterNumber) VALUES ('202','202','3','6','2');
INSERT INTO disciplineDepartmentDependency (ID,disciplineID,departmentID,courseNumber,semesterNumber) VALUES ('203','203','3','1','1');
INSERT INTO disciplineDepartmentDependency (ID,disciplineID,departmentID,courseNumber,semesterNumber) VALUES ('204','204','3','2','2');
INSERT INTO disciplineDepartmentDependency (ID,disciplineID,departmentID,courseNumber,semesterNumber) VALUES ('205','205','3','3','1');
INSERT INTO loginpass (ID,login,password,access_type) VALUES ('4','DOBROMXLAKORNIQNKO@yahoo.fr','iMy6MyH7','employee');
INSERT INTO employee (name,lastName,fathersName,personalID,sex,email,phoneNumber,dateOfBorn,address,passport,login,office,ID,departmentID) VALUES ('Добромила','КОРНІЄНКО','Іллівна','1352065715','f','DOBROMXLAKORNIQNKO@yahoo.fr','0683150567','1956-02-24','27843 Жовті Води Генерала Путейка 69, 73','EE112735 ГУМВС 2','DOBROMXLAKORNIQNKO@yahoo.fr','HR','3','3');
INSERT INTO loginpass (ID,login,password,access_type) VALUES ('5','GREMXSLAVBABIY@orange.net','HKG507zP','employee');
INSERT INTO employee (name,lastName,fathersName,personalID,sex,email,phoneNumber,dateOfBorn,address,passport,login,office,ID,departmentID) VALUES ('Гремислав','БАБІЙ','Хомич','1787480857','m','GREMXSLAVBABIY@orange.net','0927062753','1994-10-17','28757 Вишневе Героїв Дніпра 49, 87','HI837451 ГУМВС 38','GREMXSLAVBABIY@orange.net','HR','4','3');
INSERT INTO loginpass (ID,login,password,access_type) VALUES ('6','BLAGOVISTAQKOVENKO@orange.net','9CEBFO5R','employee');
INSERT INTO employee (name,lastName,fathersName,personalID,sex,email,phoneNumber,dateOfBorn,address,passport,login,office,ID,departmentID) VALUES ('Благовіста','ЯКОВЕНКО','Луківна','1447734767','f','BLAGOVISTAQKOVENKO@orange.net','0398460436','1979-01-28','64883 Бердичів ІІ-а Приміська 47, 265','LO146784 ГУМВС 26','BLAGOVISTAQKOVENKO@orange.net','HR','5','3');
INSERT INTO loginpass (ID,login,password,access_type) VALUES ('7','DOBROLQBAMAWUR@t-online.de','9u#4&rOr','employee');
INSERT INTO employee (name,lastName,fathersName,personalID,sex,email,phoneNumber,dateOfBorn,address,passport,login,office,ID,departmentID) VALUES ('Добролюба','МАЗУР','Іллівна','5768562846','f','DOBROLQBAMAWUR@t-online.de','0930722468','1988-11-14','00013 Володимир-Волинський Богуна 74, 1','OO764785 ГУМВС 38','DOBROLQBAMAWUR@t-online.de','HR','6','3');
INSERT INTO gtgroup (id,fullGroupName,courseNumber,departmentID) VALUES ('30','ІП-10','1','3');
INSERT INTO gtgroup (id,fullGroupName,courseNumber,departmentID) VALUES ('31','ІП-11','1','3');
INSERT INTO gtgroup (id,fullGroupName,courseNumber,departmentID) VALUES ('32','ІП-12','1','3');
INSERT INTO gtgroup (id,fullGroupName,courseNumber,departmentID) VALUES ('33','ІП-20','2','3');
INSERT INTO gtgroup (id,fullGroupName,courseNumber,departmentID) VALUES ('34','ІП-21','2','3');
INSERT INTO gtgroup (id,fullGroupName,courseNumber,departmentID) VALUES ('35','ІП-22','2','3');
INSERT INTO gtgroup (id,fullGroupName,courseNumber,departmentID) VALUES ('36','ІП-30','3','3');
INSERT INTO gtgroup (id,fullGroupName,courseNumber,departmentID) VALUES ('37','ІП-31','3','3');
INSERT INTO gtgroup (id,fullGroupName,courseNumber,departmentID) VALUES ('38','ІП-32','3','3');
INSERT INTO gtgroup (id,fullGroupName,courseNumber,departmentID) VALUES ('39','ІП-40','4','3');
INSERT INTO gtgroup (id,fullGroupName,courseNumber,departmentID) VALUES ('40','ІП-41','4','3');
INSERT INTO gtgroup (id,fullGroupName,courseNumber,departmentID) VALUES ('41','ІП-42','4','3');
INSERT INTO gtgroup (id,fullGroupName,courseNumber,departmentID) VALUES ('42','ІП-50','5','3');
INSERT INTO gtgroup (id,fullGroupName,courseNumber,departmentID) VALUES ('43','ІП-51','5','3');
INSERT INTO gtgroup (id,fullGroupName,courseNumber,departmentID) VALUES ('44','ІП-52','5','3');
INSERT INTO gtgroup (id,fullGroupName,courseNumber,departmentID) VALUES ('45','ІП-60','6','3');
INSERT INTO gtgroup (id,fullGroupName,courseNumber,departmentID) VALUES ('46','ІП-61','6','3');
INSERT INTO gtgroup (id,fullGroupName,courseNumber,departmentID) VALUES ('47','ІП-62','6','3');
INSERT INTO dayRequirements (id,departmentID,countOfDaysInWeek,countOfLessonsInADay) VALUES ('3','4','6','5');
INSERT INTO discipline (id,nameOfDiscipline,countOfLessons,exam) VALUES ('206','Discipline ЛВЧКМ-0','15','no');
INSERT INTO discipline (id,nameOfDiscipline,countOfLessons,exam) VALUES ('207','Discipline ЛВЧКМ-1','15','no');
INSERT INTO discipline (id,nameOfDiscipline,countOfLessons,exam) VALUES ('208','Discipline ЛВЧКМ-2','15','no');
INSERT INTO discipline (id,nameOfDiscipline,countOfLessons,exam) VALUES ('209','Discipline ЛВЧКМ-3','15','no');
INSERT INTO discipline (id,nameOfDiscipline,countOfLessons,exam) VALUES ('210','Discipline ЛВЧКМ-4','15','no');
INSERT INTO discipline (id,nameOfDiscipline,countOfLessons,exam) VALUES ('211','Discipline ЛВЧКМ-5','15','no');
INSERT INTO discipline (id,nameOfDiscipline,countOfLessons,exam) VALUES ('212','Discipline ЛВЧКМ-6','15','no');
INSERT INTO discipline (id,nameOfDiscipline,countOfLessons,exam) VALUES ('213','Discipline ЛВЧКМ-7','15','no');
INSERT INTO discipline (id,nameOfDiscipline,countOfLessons,exam) VALUES ('214','Discipline ЛВЧКМ-8','15','no');
INSERT INTO discipline (id,nameOfDiscipline,countOfLessons,exam) VALUES ('215','Discipline ЛВЧКМ-9','15','no');
INSERT INTO discipline (id,nameOfDiscipline,countOfLessons,exam) VALUES ('216','Discipline ЛВЧКМ-10','15','no');
INSERT INTO discipline (id,nameOfDiscipline,countOfLessons,exam) VALUES ('217','Discipline ЛВЧКМ-11','15','no');
INSERT INTO discipline (id,nameOfDiscipline,countOfLessons,exam) VALUES ('218','Discipline ЛВЧКМ-12','15','no');
INSERT INTO discipline (id,nameOfDiscipline,countOfLessons,exam) VALUES ('219','Discipline ЛВЧКМ-13','15','no');
INSERT INTO discipline (id,nameOfDiscipline,countOfLessons,exam) VALUES ('220','Discipline ЛВЧКМ-14','15','no');
INSERT INTO discipline (id,nameOfDiscipline,countOfLessons,exam) VALUES ('221','Discipline ЛВЧКМ-15','15','no');
INSERT INTO discipline (id,nameOfDiscipline,countOfLessons,exam) VALUES ('222','Discipline ЛВЧКМ-16','15','no');
INSERT INTO discipline (id,nameOfDiscipline,countOfLessons,exam) VALUES ('223','Discipline ЛВЧКМ-17','15','no');
INSERT INTO discipline (id,nameOfDiscipline,countOfLessons,exam) VALUES ('224','Discipline ЛВЧКМ-18','15','no');
INSERT INTO discipline (id,nameOfDiscipline,countOfLessons,exam) VALUES ('225','Discipline ЛВЧКМ-19','15','no');
INSERT INTO discipline (id,nameOfDiscipline,countOfLessons,exam) VALUES ('226','Discipline ЛВЧКМ-20','15','no');
INSERT INTO discipline (id,nameOfDiscipline,countOfLessons,exam) VALUES ('227','Discipline ЛВЧКМ-21','15','no');
INSERT INTO discipline (id,nameOfDiscipline,countOfLessons,exam) VALUES ('228','Discipline ЛВЧКМ-22','15','no');
INSERT INTO discipline (id,nameOfDiscipline,countOfLessons,exam) VALUES ('229','Discipline ЛВЧКМ-23','15','no');
INSERT INTO discipline (id,nameOfDiscipline,countOfLessons,exam) VALUES ('230','Discipline ЛВЧКМ-24','15','no');
INSERT INTO discipline (id,nameOfDiscipline,countOfLessons,exam) VALUES ('231','Discipline ЛВЧКМ-25','15','no');
INSERT INTO discipline (id,nameOfDiscipline,countOfLessons,exam) VALUES ('232','Discipline ЛВЧКМ-26','15','no');
INSERT INTO discipline (id,nameOfDiscipline,countOfLessons,exam) VALUES ('233','Discipline ЛВЧКМ-27','15','no');
INSERT INTO discipline (id,nameOfDiscipline,countOfLessons,exam) VALUES ('234','Discipline ЛВЧКМ-28','15','no');
INSERT INTO discipline (id,nameOfDiscipline,countOfLessons,exam) VALUES ('235','Discipline ЛВЧКМ-29','15','no');
INSERT INTO discipline (id,nameOfDiscipline,countOfLessons,exam) VALUES ('236','Discipline ЛВЧКМ-30','15','no');
INSERT INTO discipline (id,nameOfDiscipline,countOfLessons,exam) VALUES ('237','Discipline ЛВЧКМ-31','15','no');
INSERT INTO discipline (id,nameOfDiscipline,countOfLessons,exam) VALUES ('238','Discipline ЛВЧКМ-32','15','no');
INSERT INTO discipline (id,nameOfDiscipline,countOfLessons,exam) VALUES ('239','Discipline ЛВЧКМ-33','15','no');
INSERT INTO discipline (id,nameOfDiscipline,countOfLessons,exam) VALUES ('240','Discipline ЛВЧКМ-34','15','no');
INSERT INTO discipline (id,nameOfDiscipline,countOfLessons,exam) VALUES ('241','Discipline ЛВЧКМ-35','15','no');
INSERT INTO discipline (id,nameOfDiscipline,countOfLessons,exam) VALUES ('242','Discipline ЛВЧКМ-36','15','no');
INSERT INTO discipline (id,nameOfDiscipline,countOfLessons,exam) VALUES ('243','Discipline ЛВЧКМ-37','15','no');
INSERT INTO discipline (id,nameOfDiscipline,countOfLessons,exam) VALUES ('244','Discipline ЛВЧКМ-38','15','no');
INSERT INTO discipline (id,nameOfDiscipline,countOfLessons,exam) VALUES ('245','Discipline ЛВЧКМ-39','15','no');
INSERT INTO discipline (id,nameOfDiscipline,countOfLessons,exam) VALUES ('246','Discipline ЛВЧКМ-40','15','no');
INSERT INTO discipline (id,nameOfDiscipline,countOfLessons,exam) VALUES ('247','Discipline ЛВЧКМ-41','15','no');
INSERT INTO discipline (id,nameOfDiscipline,countOfLessons,exam) VALUES ('248','Discipline ЛВЧКМ-42','15','no');
INSERT INTO discipline (id,nameOfDiscipline,countOfLessons,exam) VALUES ('249','Discipline ЛВЧКМ-43','15','no');
INSERT INTO discipline (id,nameOfDiscipline,countOfLessons,exam) VALUES ('250','Discipline ЛВЧКМ-44','15','no');
INSERT INTO discipline (id,nameOfDiscipline,countOfLessons,exam) VALUES ('251','Discipline ЛВЧКМ-45','15','no');
INSERT INTO discipline (id,nameOfDiscipline,countOfLessons,exam) VALUES ('252','Discipline ЛВЧКМ-46','15','no');
INSERT INTO discipline (id,nameOfDiscipline,countOfLessons,exam) VALUES ('253','Discipline ЛВЧКМ-47','15','no');
INSERT INTO discipline (id,nameOfDiscipline,countOfLessons,exam) VALUES ('254','Discipline ЛВЧКМ-48','15','no');
INSERT INTO discipline (id,nameOfDiscipline,countOfLessons,exam) VALUES ('255','Discipline ЛВЧКМ-49','15','no');
INSERT INTO discipline (id,nameOfDiscipline,countOfLessons,exam) VALUES ('256','Discipline ЛВЧКМ-50','15','no');
INSERT INTO discipline (id,nameOfDiscipline,countOfLessons,exam) VALUES ('257','Discipline ЛВЧКМ-51','15','no');
INSERT INTO discipline (id,nameOfDiscipline,countOfLessons,exam) VALUES ('258','Discipline ЛВЧКМ-52','15','no');
INSERT INTO discipline (id,nameOfDiscipline,countOfLessons,exam) VALUES ('259','Discipline ЛВЧКМ-53','15','no');
INSERT INTO discipline (id,nameOfDiscipline,countOfLessons,exam) VALUES ('260','Discipline ЛВЧКМ-54','15','no');
INSERT INTO discipline (id,nameOfDiscipline,countOfLessons,exam) VALUES ('261','Discipline ЛВЧКМ-55','15','no');
INSERT INTO discipline (id,nameOfDiscipline,countOfLessons,exam) VALUES ('262','Discipline ЛВЧКМ-56','15','no');
INSERT INTO discipline (id,nameOfDiscipline,countOfLessons,exam) VALUES ('263','Discipline ЛВЧКМ-57','15','no');
INSERT INTO discipline (id,nameOfDiscipline,countOfLessons,exam) VALUES ('264','Discipline ЛВЧКМ-58','15','no');
INSERT INTO discipline (id,nameOfDiscipline,countOfLessons,exam) VALUES ('265','Discipline ЛВЧКМ-59','15','no');
INSERT INTO discipline (id,nameOfDiscipline,countOfLessons,exam) VALUES ('266','Discipline ЛВЧКМ-60','15','no');
INSERT INTO discipline (id,nameOfDiscipline,countOfLessons,exam) VALUES ('267','Discipline ЛВЧКМ-61','15','no');
INSERT INTO discipline (id,nameOfDiscipline,countOfLessons,exam) VALUES ('268','Discipline ЛВЧКМ-62','15','no');
INSERT INTO discipline (id,nameOfDiscipline,countOfLessons,exam) VALUES ('269','Discipline ЛВЧКМ-63','15','no');
INSERT INTO discipline (id,nameOfDiscipline,countOfLessons,exam) VALUES ('270','Discipline ЛВЧКМ-64','15','no');
INSERT INTO discipline (id,nameOfDiscipline,countOfLessons,exam) VALUES ('271','Discipline ЛВЧКМ-65','15','no');
INSERT INTO discipline (id,nameOfDiscipline,countOfLessons,exam) VALUES ('272','Discipline ЛВЧКМ-66','15','no');
INSERT INTO disciplineDepartmentDependency (ID,disciplineID,departmentID,courseNumber,semesterNumber) VALUES ('206','206','4','1','1');
INSERT INTO disciplineDepartmentDependency (ID,disciplineID,departmentID,courseNumber,semesterNumber) VALUES ('207','207','4','2','2');
INSERT INTO disciplineDepartmentDependency (ID,disciplineID,departmentID,courseNumber,semesterNumber) VALUES ('208','208','4','3','1');
INSERT INTO disciplineDepartmentDependency (ID,disciplineID,departmentID,courseNumber,semesterNumber) VALUES ('209','209','4','4','2');
INSERT INTO disciplineDepartmentDependency (ID,disciplineID,departmentID,courseNumber,semesterNumber) VALUES ('210','210','4','5','1');
INSERT INTO disciplineDepartmentDependency (ID,disciplineID,departmentID,courseNumber,semesterNumber) VALUES ('211','211','4','6','2');
INSERT INTO disciplineDepartmentDependency (ID,disciplineID,departmentID,courseNumber,semesterNumber) VALUES ('212','212','4','1','1');
INSERT INTO disciplineDepartmentDependency (ID,disciplineID,departmentID,courseNumber,semesterNumber) VALUES ('213','213','4','2','2');
INSERT INTO disciplineDepartmentDependency (ID,disciplineID,departmentID,courseNumber,semesterNumber) VALUES ('214','214','4','3','1');
INSERT INTO disciplineDepartmentDependency (ID,disciplineID,departmentID,courseNumber,semesterNumber) VALUES ('215','215','4','4','2');
INSERT INTO disciplineDepartmentDependency (ID,disciplineID,departmentID,courseNumber,semesterNumber) VALUES ('216','216','4','5','1');
INSERT INTO disciplineDepartmentDependency (ID,disciplineID,departmentID,courseNumber,semesterNumber) VALUES ('217','217','4','6','2');
INSERT INTO disciplineDepartmentDependency (ID,disciplineID,departmentID,courseNumber,semesterNumber) VALUES ('218','218','4','1','1');
INSERT INTO disciplineDepartmentDependency (ID,disciplineID,departmentID,courseNumber,semesterNumber) VALUES ('219','219','4','2','2');
INSERT INTO disciplineDepartmentDependency (ID,disciplineID,departmentID,courseNumber,semesterNumber) VALUES ('220','220','4','3','1');
INSERT INTO disciplineDepartmentDependency (ID,disciplineID,departmentID,courseNumber,semesterNumber) VALUES ('221','221','4','4','2');
INSERT INTO disciplineDepartmentDependency (ID,disciplineID,departmentID,courseNumber,semesterNumber) VALUES ('222','222','4','5','1');
INSERT INTO disciplineDepartmentDependency (ID,disciplineID,departmentID,courseNumber,semesterNumber) VALUES ('223','223','4','6','2');
INSERT INTO disciplineDepartmentDependency (ID,disciplineID,departmentID,courseNumber,semesterNumber) VALUES ('224','224','4','1','1');
INSERT INTO disciplineDepartmentDependency (ID,disciplineID,departmentID,courseNumber,semesterNumber) VALUES ('225','225','4','2','2');
INSERT INTO disciplineDepartmentDependency (ID,disciplineID,departmentID,courseNumber,semesterNumber) VALUES ('226','226','4','3','1');
INSERT INTO disciplineDepartmentDependency (ID,disciplineID,departmentID,courseNumber,semesterNumber) VALUES ('227','227','4','4','2');
INSERT INTO disciplineDepartmentDependency (ID,disciplineID,departmentID,courseNumber,semesterNumber) VALUES ('228','228','4','5','1');
INSERT INTO disciplineDepartmentDependency (ID,disciplineID,departmentID,courseNumber,semesterNumber) VALUES ('229','229','4','6','2');
INSERT INTO disciplineDepartmentDependency (ID,disciplineID,departmentID,courseNumber,semesterNumber) VALUES ('230','230','4','1','1');
INSERT INTO disciplineDepartmentDependency (ID,disciplineID,departmentID,courseNumber,semesterNumber) VALUES ('231','231','4','2','2');
INSERT INTO disciplineDepartmentDependency (ID,disciplineID,departmentID,courseNumber,semesterNumber) VALUES ('232','232','4','3','1');
INSERT INTO disciplineDepartmentDependency (ID,disciplineID,departmentID,courseNumber,semesterNumber) VALUES ('233','233','4','4','2');
INSERT INTO disciplineDepartmentDependency (ID,disciplineID,departmentID,courseNumber,semesterNumber) VALUES ('234','234','4','5','1');
INSERT INTO disciplineDepartmentDependency (ID,disciplineID,departmentID,courseNumber,semesterNumber) VALUES ('235','235','4','6','2');
INSERT INTO disciplineDepartmentDependency (ID,disciplineID,departmentID,courseNumber,semesterNumber) VALUES ('236','236','4','1','1');
INSERT INTO disciplineDepartmentDependency (ID,disciplineID,departmentID,courseNumber,semesterNumber) VALUES ('237','237','4','2','2');
INSERT INTO disciplineDepartmentDependency (ID,disciplineID,departmentID,courseNumber,semesterNumber) VALUES ('238','238','4','3','1');
INSERT INTO disciplineDepartmentDependency (ID,disciplineID,departmentID,courseNumber,semesterNumber) VALUES ('239','239','4','4','2');
INSERT INTO disciplineDepartmentDependency (ID,disciplineID,departmentID,courseNumber,semesterNumber) VALUES ('240','240','4','5','1');
INSERT INTO disciplineDepartmentDependency (ID,disciplineID,departmentID,courseNumber,semesterNumber) VALUES ('241','241','4','6','2');
INSERT INTO disciplineDepartmentDependency (ID,disciplineID,departmentID,courseNumber,semesterNumber) VALUES ('242','242','4','1','1');
INSERT INTO disciplineDepartmentDependency (ID,disciplineID,departmentID,courseNumber,semesterNumber) VALUES ('243','243','4','2','2');
INSERT INTO disciplineDepartmentDependency (ID,disciplineID,departmentID,courseNumber,semesterNumber) VALUES ('244','244','4','3','1');
INSERT INTO disciplineDepartmentDependency (ID,disciplineID,departmentID,courseNumber,semesterNumber) VALUES ('245','245','4','4','2');
INSERT INTO disciplineDepartmentDependency (ID,disciplineID,departmentID,courseNumber,semesterNumber) VALUES ('246','246','4','5','1');
INSERT INTO disciplineDepartmentDependency (ID,disciplineID,departmentID,courseNumber,semesterNumber) VALUES ('247','247','4','6','2');
INSERT INTO disciplineDepartmentDependency (ID,disciplineID,departmentID,courseNumber,semesterNumber) VALUES ('248','248','4','1','1');
INSERT INTO disciplineDepartmentDependency (ID,disciplineID,departmentID,courseNumber,semesterNumber) VALUES ('249','249','4','2','2');
INSERT INTO disciplineDepartmentDependency (ID,disciplineID,departmentID,courseNumber,semesterNumber) VALUES ('250','250','4','3','1');
INSERT INTO disciplineDepartmentDependency (ID,disciplineID,departmentID,courseNumber,semesterNumber) VALUES ('251','251','4','4','2');
INSERT INTO disciplineDepartmentDependency (ID,disciplineID,departmentID,courseNumber,semesterNumber) VALUES ('252','252','4','5','1');
INSERT INTO disciplineDepartmentDependency (ID,disciplineID,departmentID,courseNumber,semesterNumber) VALUES ('253','253','4','6','2');
INSERT INTO disciplineDepartmentDependency (ID,disciplineID,departmentID,courseNumber,semesterNumber) VALUES ('254','254','4','1','1');
INSERT INTO disciplineDepartmentDependency (ID,disciplineID,departmentID,courseNumber,semesterNumber) VALUES ('255','255','4','2','2');
INSERT INTO disciplineDepartmentDependency (ID,disciplineID,departmentID,courseNumber,semesterNumber) VALUES ('256','256','4','3','1');
INSERT INTO disciplineDepartmentDependency (ID,disciplineID,departmentID,courseNumber,semesterNumber) VALUES ('257','257','4','4','2');
INSERT INTO disciplineDepartmentDependency (ID,disciplineID,departmentID,courseNumber,semesterNumber) VALUES ('258','258','4','5','1');
INSERT INTO disciplineDepartmentDependency (ID,disciplineID,departmentID,courseNumber,semesterNumber) VALUES ('259','259','4','6','2');
INSERT INTO disciplineDepartmentDependency (ID,disciplineID,departmentID,courseNumber,semesterNumber) VALUES ('260','260','4','1','1');
INSERT INTO disciplineDepartmentDependency (ID,disciplineID,departmentID,courseNumber,semesterNumber) VALUES ('261','261','4','2','2');
INSERT INTO disciplineDepartmentDependency (ID,disciplineID,departmentID,courseNumber,semesterNumber) VALUES ('262','262','4','3','1');
INSERT INTO disciplineDepartmentDependency (ID,disciplineID,departmentID,courseNumber,semesterNumber) VALUES ('263','263','4','4','2');
INSERT INTO disciplineDepartmentDependency (ID,disciplineID,departmentID,courseNumber,semesterNumber) VALUES ('264','264','4','5','1');
INSERT INTO disciplineDepartmentDependency (ID,disciplineID,departmentID,courseNumber,semesterNumber) VALUES ('265','265','4','6','2');
INSERT INTO disciplineDepartmentDependency (ID,disciplineID,departmentID,courseNumber,semesterNumber) VALUES ('266','266','4','1','1');
INSERT INTO disciplineDepartmentDependency (ID,disciplineID,departmentID,courseNumber,semesterNumber) VALUES ('267','267','4','2','2');
INSERT INTO disciplineDepartmentDependency (ID,disciplineID,departmentID,courseNumber,semesterNumber) VALUES ('268','268','4','3','1');
INSERT INTO disciplineDepartmentDependency (ID,disciplineID,departmentID,courseNumber,semesterNumber) VALUES ('269','269','4','4','2');
INSERT INTO disciplineDepartmentDependency (ID,disciplineID,departmentID,courseNumber,semesterNumber) VALUES ('270','270','4','5','1');
INSERT INTO disciplineDepartmentDependency (ID,disciplineID,departmentID,courseNumber,semesterNumber) VALUES ('271','271','4','6','2');
INSERT INTO disciplineDepartmentDependency (ID,disciplineID,departmentID,courseNumber,semesterNumber) VALUES ('272','272','4','1','1');
INSERT INTO loginpass (ID,login,password,access_type) VALUES ('8','VOGNQNANAUMENKO@wanadoo.co.uk','XRsQnqlG','employee');
INSERT INTO employee (name,lastName,fathersName,personalID,sex,email,phoneNumber,dateOfBorn,address,passport,login,office,ID,departmentID) VALUES ('Вогняна','НАУМЕНКО','Іллівна','7137437600','f','VOGNQNANAUMENKO@wanadoo.co.uk','0390301850','1976-08-18','06543 Ніжин Архітектурний 36, 130','II185881 ГУМВС 36','VOGNQNANAUMENKO@wanadoo.co.uk','HR','7','4');
INSERT INTO gtgroup (id,fullGroupName,courseNumber,departmentID) VALUES ('48','ЛВЧКМ-10','1','4');
INSERT INTO gtgroup (id,fullGroupName,courseNumber,departmentID) VALUES ('49','ЛВЧКМ-11','1','4');
INSERT INTO gtgroup (id,fullGroupName,courseNumber,departmentID) VALUES ('50','ЛВЧКМ-20','2','4');
INSERT INTO gtgroup (id,fullGroupName,courseNumber,departmentID) VALUES ('51','ЛВЧКМ-21','2','4');
INSERT INTO gtgroup (id,fullGroupName,courseNumber,departmentID) VALUES ('52','ЛВЧКМ-30','3','4');
INSERT INTO gtgroup (id,fullGroupName,courseNumber,departmentID) VALUES ('53','ЛВЧКМ-31','3','4');
INSERT INTO gtgroup (id,fullGroupName,courseNumber,departmentID) VALUES ('54','ЛВЧКМ-40','4','4');
INSERT INTO gtgroup (id,fullGroupName,courseNumber,departmentID) VALUES ('55','ЛВЧКМ-41','4','4');
INSERT INTO gtgroup (id,fullGroupName,courseNumber,departmentID) VALUES ('56','ЛВЧКМ-50','5','4');
INSERT INTO gtgroup (id,fullGroupName,courseNumber,departmentID) VALUES ('57','ЛВЧКМ-51','5','4');
INSERT INTO gtgroup (id,fullGroupName,courseNumber,departmentID) VALUES ('58','ЛВЧКМ-60','6','4');
INSERT INTO gtgroup (id,fullGroupName,courseNumber,departmentID) VALUES ('59','ЛВЧКМ-61','6','4');
INSERT INTO dayRequirements (id,departmentID,countOfDaysInWeek,countOfLessonsInADay) VALUES ('4','5','6','5');
INSERT INTO discipline (id,nameOfDiscipline,countOfLessons,exam) VALUES ('273','Discipline МТО-0','15','no');
INSERT INTO discipline (id,nameOfDiscipline,countOfLessons,exam) VALUES ('274','Discipline МТО-1','15','no');
INSERT INTO discipline (id,nameOfDiscipline,countOfLessons,exam) VALUES ('275','Discipline МТО-2','15','no');
INSERT INTO discipline (id,nameOfDiscipline,countOfLessons,exam) VALUES ('276','Discipline МТО-3','15','no');
INSERT INTO discipline (id,nameOfDiscipline,countOfLessons,exam) VALUES ('277','Discipline МТО-4','15','no');
INSERT INTO discipline (id,nameOfDiscipline,countOfLessons,exam) VALUES ('278','Discipline МТО-5','15','no');
INSERT INTO discipline (id,nameOfDiscipline,countOfLessons,exam) VALUES ('279','Discipline МТО-6','15','no');
INSERT INTO discipline (id,nameOfDiscipline,countOfLessons,exam) VALUES ('280','Discipline МТО-7','15','no');
INSERT INTO discipline (id,nameOfDiscipline,countOfLessons,exam) VALUES ('281','Discipline МТО-8','15','no');
INSERT INTO discipline (id,nameOfDiscipline,countOfLessons,exam) VALUES ('282','Discipline МТО-9','15','no');
INSERT INTO discipline (id,nameOfDiscipline,countOfLessons,exam) VALUES ('283','Discipline МТО-10','15','no');
INSERT INTO discipline (id,nameOfDiscipline,countOfLessons,exam) VALUES ('284','Discipline МТО-11','15','no');
INSERT INTO discipline (id,nameOfDiscipline,countOfLessons,exam) VALUES ('285','Discipline МТО-12','15','no');
INSERT INTO discipline (id,nameOfDiscipline,countOfLessons,exam) VALUES ('286','Discipline МТО-13','15','no');
INSERT INTO discipline (id,nameOfDiscipline,countOfLessons,exam) VALUES ('287','Discipline МТО-14','15','no');
INSERT INTO discipline (id,nameOfDiscipline,countOfLessons,exam) VALUES ('288','Discipline МТО-15','15','no');
INSERT INTO discipline (id,nameOfDiscipline,countOfLessons,exam) VALUES ('289','Discipline МТО-16','15','no');
INSERT INTO discipline (id,nameOfDiscipline,countOfLessons,exam) VALUES ('290','Discipline МТО-17','15','no');
INSERT INTO discipline (id,nameOfDiscipline,countOfLessons,exam) VALUES ('291','Discipline МТО-18','15','no');
INSERT INTO discipline (id,nameOfDiscipline,countOfLessons,exam) VALUES ('292','Discipline МТО-19','15','no');
INSERT INTO discipline (id,nameOfDiscipline,countOfLessons,exam) VALUES ('293','Discipline МТО-20','15','no');
INSERT INTO discipline (id,nameOfDiscipline,countOfLessons,exam) VALUES ('294','Discipline МТО-21','15','no');
INSERT INTO discipline (id,nameOfDiscipline,countOfLessons,exam) VALUES ('295','Discipline МТО-22','15','no');
INSERT INTO discipline (id,nameOfDiscipline,countOfLessons,exam) VALUES ('296','Discipline МТО-23','15','no');
INSERT INTO discipline (id,nameOfDiscipline,countOfLessons,exam) VALUES ('297','Discipline МТО-24','15','no');
INSERT INTO discipline (id,nameOfDiscipline,countOfLessons,exam) VALUES ('298','Discipline МТО-25','15','no');
INSERT INTO discipline (id,nameOfDiscipline,countOfLessons,exam) VALUES ('299','Discipline МТО-26','15','no');
INSERT INTO discipline (id,nameOfDiscipline,countOfLessons,exam) VALUES ('300','Discipline МТО-27','15','no');
INSERT INTO discipline (id,nameOfDiscipline,countOfLessons,exam) VALUES ('301','Discipline МТО-28','15','no');
INSERT INTO discipline (id,nameOfDiscipline,countOfLessons,exam) VALUES ('302','Discipline МТО-29','15','no');
INSERT INTO discipline (id,nameOfDiscipline,countOfLessons,exam) VALUES ('303','Discipline МТО-30','15','no');
INSERT INTO discipline (id,nameOfDiscipline,countOfLessons,exam) VALUES ('304','Discipline МТО-31','15','no');
INSERT INTO discipline (id,nameOfDiscipline,countOfLessons,exam) VALUES ('305','Discipline МТО-32','15','no');
INSERT INTO discipline (id,nameOfDiscipline,countOfLessons,exam) VALUES ('306','Discipline МТО-33','15','no');
INSERT INTO discipline (id,nameOfDiscipline,countOfLessons,exam) VALUES ('307','Discipline МТО-34','15','no');
INSERT INTO discipline (id,nameOfDiscipline,countOfLessons,exam) VALUES ('308','Discipline МТО-35','15','no');
INSERT INTO discipline (id,nameOfDiscipline,countOfLessons,exam) VALUES ('309','Discipline МТО-36','15','no');
INSERT INTO discipline (id,nameOfDiscipline,countOfLessons,exam) VALUES ('310','Discipline МТО-37','15','no');
INSERT INTO discipline (id,nameOfDiscipline,countOfLessons,exam) VALUES ('311','Discipline МТО-38','15','no');
INSERT INTO discipline (id,nameOfDiscipline,countOfLessons,exam) VALUES ('312','Discipline МТО-39','15','no');
INSERT INTO discipline (id,nameOfDiscipline,countOfLessons,exam) VALUES ('313','Discipline МТО-40','15','no');
INSERT INTO discipline (id,nameOfDiscipline,countOfLessons,exam) VALUES ('314','Discipline МТО-41','15','no');
INSERT INTO discipline (id,nameOfDiscipline,countOfLessons,exam) VALUES ('315','Discipline МТО-42','15','no');
INSERT INTO discipline (id,nameOfDiscipline,countOfLessons,exam) VALUES ('316','Discipline МТО-43','15','no');
INSERT INTO discipline (id,nameOfDiscipline,countOfLessons,exam) VALUES ('317','Discipline МТО-44','15','no');
INSERT INTO discipline (id,nameOfDiscipline,countOfLessons,exam) VALUES ('318','Discipline МТО-45','15','no');
INSERT INTO discipline (id,nameOfDiscipline,countOfLessons,exam) VALUES ('319','Discipline МТО-46','15','no');
INSERT INTO discipline (id,nameOfDiscipline,countOfLessons,exam) VALUES ('320','Discipline МТО-47','15','no');
INSERT INTO discipline (id,nameOfDiscipline,countOfLessons,exam) VALUES ('321','Discipline МТО-48','15','no');
INSERT INTO discipline (id,nameOfDiscipline,countOfLessons,exam) VALUES ('322','Discipline МТО-49','15','no');
INSERT INTO discipline (id,nameOfDiscipline,countOfLessons,exam) VALUES ('323','Discipline МТО-50','15','no');
INSERT INTO discipline (id,nameOfDiscipline,countOfLessons,exam) VALUES ('324','Discipline МТО-51','15','no');
INSERT INTO discipline (id,nameOfDiscipline,countOfLessons,exam) VALUES ('325','Discipline МТО-52','15','no');
INSERT INTO discipline (id,nameOfDiscipline,countOfLessons,exam) VALUES ('326','Discipline МТО-53','15','no');
INSERT INTO discipline (id,nameOfDiscipline,countOfLessons,exam) VALUES ('327','Discipline МТО-54','15','no');
INSERT INTO discipline (id,nameOfDiscipline,countOfLessons,exam) VALUES ('328','Discipline МТО-55','15','no');
INSERT INTO discipline (id,nameOfDiscipline,countOfLessons,exam) VALUES ('329','Discipline МТО-56','15','no');
INSERT INTO discipline (id,nameOfDiscipline,countOfLessons,exam) VALUES ('330','Discipline МТО-57','15','no');
INSERT INTO discipline (id,nameOfDiscipline,countOfLessons,exam) VALUES ('331','Discipline МТО-58','15','no');
INSERT INTO discipline (id,nameOfDiscipline,countOfLessons,exam) VALUES ('332','Discipline МТО-59','15','no');
INSERT INTO discipline (id,nameOfDiscipline,countOfLessons,exam) VALUES ('333','Discipline МТО-60','15','no');
INSERT INTO discipline (id,nameOfDiscipline,countOfLessons,exam) VALUES ('334','Discipline МТО-61','15','no');
INSERT INTO discipline (id,nameOfDiscipline,countOfLessons,exam) VALUES ('335','Discipline МТО-62','15','no');
INSERT INTO discipline (id,nameOfDiscipline,countOfLessons,exam) VALUES ('336','Discipline МТО-63','15','no');
INSERT INTO discipline (id,nameOfDiscipline,countOfLessons,exam) VALUES ('337','Discipline МТО-64','15','no');
INSERT INTO discipline (id,nameOfDiscipline,countOfLessons,exam) VALUES ('338','Discipline МТО-65','15','no');
INSERT INTO discipline (id,nameOfDiscipline,countOfLessons,exam) VALUES ('339','Discipline МТО-66','15','no');
INSERT INTO discipline (id,nameOfDiscipline,countOfLessons,exam) VALUES ('340','Discipline МТО-67','15','no');
INSERT INTO discipline (id,nameOfDiscipline,countOfLessons,exam) VALUES ('341','Discipline МТО-68','15','no');
INSERT INTO discipline (id,nameOfDiscipline,countOfLessons,exam) VALUES ('342','Discipline МТО-69','15','no');
INSERT INTO discipline (id,nameOfDiscipline,countOfLessons,exam) VALUES ('343','Discipline МТО-70','15','no');
INSERT INTO discipline (id,nameOfDiscipline,countOfLessons,exam) VALUES ('344','Discipline МТО-71','15','no');
INSERT INTO discipline (id,nameOfDiscipline,countOfLessons,exam) VALUES ('345','Discipline МТО-72','15','no');
INSERT INTO discipline (id,nameOfDiscipline,countOfLessons,exam) VALUES ('346','Discipline МТО-73','15','no');
INSERT INTO discipline (id,nameOfDiscipline,countOfLessons,exam) VALUES ('347','Discipline МТО-74','15','no');
INSERT INTO discipline (id,nameOfDiscipline,countOfLessons,exam) VALUES ('348','Discipline МТО-75','15','no');
INSERT INTO discipline (id,nameOfDiscipline,countOfLessons,exam) VALUES ('349','Discipline МТО-76','15','no');
INSERT INTO discipline (id,nameOfDiscipline,countOfLessons,exam) VALUES ('350','Discipline МТО-77','15','no');
INSERT INTO discipline (id,nameOfDiscipline,countOfLessons,exam) VALUES ('351','Discipline МТО-78','15','no');
INSERT INTO discipline (id,nameOfDiscipline,countOfLessons,exam) VALUES ('352','Discipline МТО-79','15','no');
INSERT INTO disciplineDepartmentDependency (ID,disciplineID,departmentID,courseNumber,semesterNumber) VALUES ('273','273','5','1','1');
INSERT INTO disciplineDepartmentDependency (ID,disciplineID,departmentID,courseNumber,semesterNumber) VALUES ('274','274','5','2','2');
INSERT INTO disciplineDepartmentDependency (ID,disciplineID,departmentID,courseNumber,semesterNumber) VALUES ('275','275','5','3','1');
INSERT INTO disciplineDepartmentDependency (ID,disciplineID,departmentID,courseNumber,semesterNumber) VALUES ('276','276','5','4','2');
INSERT INTO disciplineDepartmentDependency (ID,disciplineID,departmentID,courseNumber,semesterNumber) VALUES ('277','277','5','5','1');
INSERT INTO disciplineDepartmentDependency (ID,disciplineID,departmentID,courseNumber,semesterNumber) VALUES ('278','278','5','6','2');
INSERT INTO disciplineDepartmentDependency (ID,disciplineID,departmentID,courseNumber,semesterNumber) VALUES ('279','279','5','1','1');
INSERT INTO disciplineDepartmentDependency (ID,disciplineID,departmentID,courseNumber,semesterNumber) VALUES ('280','280','5','2','2');
INSERT INTO disciplineDepartmentDependency (ID,disciplineID,departmentID,courseNumber,semesterNumber) VALUES ('281','281','5','3','1');
INSERT INTO disciplineDepartmentDependency (ID,disciplineID,departmentID,courseNumber,semesterNumber) VALUES ('282','282','5','4','2');
INSERT INTO disciplineDepartmentDependency (ID,disciplineID,departmentID,courseNumber,semesterNumber) VALUES ('283','283','5','5','1');
INSERT INTO disciplineDepartmentDependency (ID,disciplineID,departmentID,courseNumber,semesterNumber) VALUES ('284','284','5','6','2');
INSERT INTO disciplineDepartmentDependency (ID,disciplineID,departmentID,courseNumber,semesterNumber) VALUES ('285','285','5','1','1');
INSERT INTO disciplineDepartmentDependency (ID,disciplineID,departmentID,courseNumber,semesterNumber) VALUES ('286','286','5','2','2');
INSERT INTO disciplineDepartmentDependency (ID,disciplineID,departmentID,courseNumber,semesterNumber) VALUES ('287','287','5','3','1');
INSERT INTO disciplineDepartmentDependency (ID,disciplineID,departmentID,courseNumber,semesterNumber) VALUES ('288','288','5','4','2');
INSERT INTO disciplineDepartmentDependency (ID,disciplineID,departmentID,courseNumber,semesterNumber) VALUES ('289','289','5','5','1');
INSERT INTO disciplineDepartmentDependency (ID,disciplineID,departmentID,courseNumber,semesterNumber) VALUES ('290','290','5','6','2');
INSERT INTO disciplineDepartmentDependency (ID,disciplineID,departmentID,courseNumber,semesterNumber) VALUES ('291','291','5','1','1');
INSERT INTO disciplineDepartmentDependency (ID,disciplineID,departmentID,courseNumber,semesterNumber) VALUES ('292','292','5','2','2');
INSERT INTO disciplineDepartmentDependency (ID,disciplineID,departmentID,courseNumber,semesterNumber) VALUES ('293','293','5','3','1');
INSERT INTO disciplineDepartmentDependency (ID,disciplineID,departmentID,courseNumber,semesterNumber) VALUES ('294','294','5','4','2');
INSERT INTO disciplineDepartmentDependency (ID,disciplineID,departmentID,courseNumber,semesterNumber) VALUES ('295','295','5','5','1');
INSERT INTO disciplineDepartmentDependency (ID,disciplineID,departmentID,courseNumber,semesterNumber) VALUES ('296','296','5','6','2');
INSERT INTO disciplineDepartmentDependency (ID,disciplineID,departmentID,courseNumber,semesterNumber) VALUES ('297','297','5','1','1');
INSERT INTO disciplineDepartmentDependency (ID,disciplineID,departmentID,courseNumber,semesterNumber) VALUES ('298','298','5','2','2');
INSERT INTO disciplineDepartmentDependency (ID,disciplineID,departmentID,courseNumber,semesterNumber) VALUES ('299','299','5','3','1');
INSERT INTO disciplineDepartmentDependency (ID,disciplineID,departmentID,courseNumber,semesterNumber) VALUES ('300','300','5','4','2');
INSERT INTO disciplineDepartmentDependency (ID,disciplineID,departmentID,courseNumber,semesterNumber) VALUES ('301','301','5','5','1');
INSERT INTO disciplineDepartmentDependency (ID,disciplineID,departmentID,courseNumber,semesterNumber) VALUES ('302','302','5','6','2');
INSERT INTO disciplineDepartmentDependency (ID,disciplineID,departmentID,courseNumber,semesterNumber) VALUES ('303','303','5','1','1');
INSERT INTO disciplineDepartmentDependency (ID,disciplineID,departmentID,courseNumber,semesterNumber) VALUES ('304','304','5','2','2');
INSERT INTO disciplineDepartmentDependency (ID,disciplineID,departmentID,courseNumber,semesterNumber) VALUES ('305','305','5','3','1');
INSERT INTO disciplineDepartmentDependency (ID,disciplineID,departmentID,courseNumber,semesterNumber) VALUES ('306','306','5','4','2');
INSERT INTO disciplineDepartmentDependency (ID,disciplineID,departmentID,courseNumber,semesterNumber) VALUES ('307','307','5','5','1');
INSERT INTO disciplineDepartmentDependency (ID,disciplineID,departmentID,courseNumber,semesterNumber) VALUES ('308','308','5','6','2');
INSERT INTO disciplineDepartmentDependency (ID,disciplineID,departmentID,courseNumber,semesterNumber) VALUES ('309','309','5','1','1');
INSERT INTO disciplineDepartmentDependency (ID,disciplineID,departmentID,courseNumber,semesterNumber) VALUES ('310','310','5','2','2');
INSERT INTO disciplineDepartmentDependency (ID,disciplineID,departmentID,courseNumber,semesterNumber) VALUES ('311','311','5','3','1');
INSERT INTO disciplineDepartmentDependency (ID,disciplineID,departmentID,courseNumber,semesterNumber) VALUES ('312','312','5','4','2');
INSERT INTO disciplineDepartmentDependency (ID,disciplineID,departmentID,courseNumber,semesterNumber) VALUES ('313','313','5','5','1');
INSERT INTO disciplineDepartmentDependency (ID,disciplineID,departmentID,courseNumber,semesterNumber) VALUES ('314','314','5','6','2');
INSERT INTO disciplineDepartmentDependency (ID,disciplineID,departmentID,courseNumber,semesterNumber) VALUES ('315','315','5','1','1');
INSERT INTO disciplineDepartmentDependency (ID,disciplineID,departmentID,courseNumber,semesterNumber) VALUES ('316','316','5','2','2');
INSERT INTO disciplineDepartmentDependency (ID,disciplineID,departmentID,courseNumber,semesterNumber) VALUES ('317','317','5','3','1');
INSERT INTO disciplineDepartmentDependency (ID,disciplineID,departmentID,courseNumber,semesterNumber) VALUES ('318','318','5','4','2');
INSERT INTO disciplineDepartmentDependency (ID,disciplineID,departmentID,courseNumber,semesterNumber) VALUES ('319','319','5','5','1');
INSERT INTO disciplineDepartmentDependency (ID,disciplineID,departmentID,courseNumber,semesterNumber) VALUES ('320','320','5','6','2');
INSERT INTO disciplineDepartmentDependency (ID,disciplineID,departmentID,courseNumber,semesterNumber) VALUES ('321','321','5','1','1');
INSERT INTO disciplineDepartmentDependency (ID,disciplineID,departmentID,courseNumber,semesterNumber) VALUES ('322','322','5','2','2');
INSERT INTO disciplineDepartmentDependency (ID,disciplineID,departmentID,courseNumber,semesterNumber) VALUES ('323','323','5','3','1');
INSERT INTO disciplineDepartmentDependency (ID,disciplineID,departmentID,courseNumber,semesterNumber) VALUES ('324','324','5','4','2');
INSERT INTO disciplineDepartmentDependency (ID,disciplineID,departmentID,courseNumber,semesterNumber) VALUES ('325','325','5','5','1');
INSERT INTO disciplineDepartmentDependency (ID,disciplineID,departmentID,courseNumber,semesterNumber) VALUES ('326','326','5','6','2');
INSERT INTO disciplineDepartmentDependency (ID,disciplineID,departmentID,courseNumber,semesterNumber) VALUES ('327','327','5','1','1');
INSERT INTO disciplineDepartmentDependency (ID,disciplineID,departmentID,courseNumber,semesterNumber) VALUES ('328','328','5','2','2');
INSERT INTO disciplineDepartmentDependency (ID,disciplineID,departmentID,courseNumber,semesterNumber) VALUES ('329','329','5','3','1');
INSERT INTO disciplineDepartmentDependency (ID,disciplineID,departmentID,courseNumber,semesterNumber) VALUES ('330','330','5','4','2');
INSERT INTO disciplineDepartmentDependency (ID,disciplineID,departmentID,courseNumber,semesterNumber) VALUES ('331','331','5','5','1');
INSERT INTO disciplineDepartmentDependency (ID,disciplineID,departmentID,courseNumber,semesterNumber) VALUES ('332','332','5','6','2');
INSERT INTO disciplineDepartmentDependency (ID,disciplineID,departmentID,courseNumber,semesterNumber) VALUES ('333','333','5','1','1');
INSERT INTO disciplineDepartmentDependency (ID,disciplineID,departmentID,courseNumber,semesterNumber) VALUES ('334','334','5','2','2');
INSERT INTO disciplineDepartmentDependency (ID,disciplineID,departmentID,courseNumber,semesterNumber) VALUES ('335','335','5','3','1');
INSERT INTO disciplineDepartmentDependency (ID,disciplineID,departmentID,courseNumber,semesterNumber) VALUES ('336','336','5','4','2');
INSERT INTO disciplineDepartmentDependency (ID,disciplineID,departmentID,courseNumber,semesterNumber) VALUES ('337','337','5','5','1');
INSERT INTO disciplineDepartmentDependency (ID,disciplineID,departmentID,courseNumber,semesterNumber) VALUES ('338','338','5','6','2');
INSERT INTO disciplineDepartmentDependency (ID,disciplineID,departmentID,courseNumber,semesterNumber) VALUES ('339','339','5','1','1');
INSERT INTO disciplineDepartmentDependency (ID,disciplineID,departmentID,courseNumber,semesterNumber) VALUES ('340','340','5','2','2');
INSERT INTO disciplineDepartmentDependency (ID,disciplineID,departmentID,courseNumber,semesterNumber) VALUES ('341','341','5','3','1');
INSERT INTO disciplineDepartmentDependency (ID,disciplineID,departmentID,courseNumber,semesterNumber) VALUES ('342','342','5','4','2');
INSERT INTO disciplineDepartmentDependency (ID,disciplineID,departmentID,courseNumber,semesterNumber) VALUES ('343','343','5','5','1');
INSERT INTO disciplineDepartmentDependency (ID,disciplineID,departmentID,courseNumber,semesterNumber) VALUES ('344','344','5','6','2');
INSERT INTO disciplineDepartmentDependency (ID,disciplineID,departmentID,courseNumber,semesterNumber) VALUES ('345','345','5','1','1');
INSERT INTO disciplineDepartmentDependency (ID,disciplineID,departmentID,courseNumber,semesterNumber) VALUES ('346','346','5','2','2');
INSERT INTO disciplineDepartmentDependency (ID,disciplineID,departmentID,courseNumber,semesterNumber) VALUES ('347','347','5','3','1');
INSERT INTO disciplineDepartmentDependency (ID,disciplineID,departmentID,courseNumber,semesterNumber) VALUES ('348','348','5','4','2');
INSERT INTO disciplineDepartmentDependency (ID,disciplineID,departmentID,courseNumber,semesterNumber) VALUES ('349','349','5','5','1');
INSERT INTO disciplineDepartmentDependency (ID,disciplineID,departmentID,courseNumber,semesterNumber) VALUES ('350','350','5','6','2');
INSERT INTO disciplineDepartmentDependency (ID,disciplineID,departmentID,courseNumber,semesterNumber) VALUES ('351','351','5','1','1');
INSERT INTO disciplineDepartmentDependency (ID,disciplineID,departmentID,courseNumber,semesterNumber) VALUES ('352','352','5','2','2');
INSERT INTO loginpass (ID,login,password,access_type) VALUES ('9','BLAGOVIRAMAKARENKO@yahoo.fr','Gs9jaMMj','employee');
INSERT INTO employee (name,lastName,fathersName,personalID,sex,email,phoneNumber,dateOfBorn,address,passport,login,office,ID,departmentID) VALUES ('Благовіра','МАКАРЕНКО','Хомівна','8600128242','f','BLAGOVIRAMAKARENKO@yahoo.fr','0963653228','1975-11-22','11800 Обухів Карбишева 71, 12','DC211817 ГУМВС 5','BLAGOVIRAMAKARENKO@yahoo.fr','HR','8','5');
INSERT INTO loginpass (ID,login,password,access_type) VALUES ('10','VLADXSLAVQVECQ@live.co.uk','Lxk1fBuB','employee');
INSERT INTO employee (name,lastName,fathersName,personalID,sex,email,phoneNumber,dateOfBorn,address,passport,login,office,ID,departmentID) VALUES ('Владислав','ШВЕЦЬ','Григорович','4554818723','m','VLADXSLAVQVECQ@live.co.uk','0631530007','1958-08-21','27566 Дніпропетровськ Галини Буркацької 28, 41','DT722144 ГУМВС 25','VLADXSLAVQVECQ@live.co.uk','HR','9','5');
INSERT INTO gtgroup (id,fullGroupName,courseNumber,departmentID) VALUES ('60','МТО-10','1','5');
INSERT INTO gtgroup (id,fullGroupName,courseNumber,departmentID) VALUES ('61','МТО-11','1','5');
INSERT INTO gtgroup (id,fullGroupName,courseNumber,departmentID) VALUES ('62','МТО-20','2','5');
INSERT INTO gtgroup (id,fullGroupName,courseNumber,departmentID) VALUES ('63','МТО-21','2','5');
INSERT INTO gtgroup (id,fullGroupName,courseNumber,departmentID) VALUES ('64','МТО-30','3','5');
INSERT INTO gtgroup (id,fullGroupName,courseNumber,departmentID) VALUES ('65','МТО-31','3','5');
INSERT INTO gtgroup (id,fullGroupName,courseNumber,departmentID) VALUES ('66','МТО-40','4','5');
INSERT INTO gtgroup (id,fullGroupName,courseNumber,departmentID) VALUES ('67','МТО-41','4','5');
INSERT INTO gtgroup (id,fullGroupName,courseNumber,departmentID) VALUES ('68','МТО-50','5','5');
INSERT INTO gtgroup (id,fullGroupName,courseNumber,departmentID) VALUES ('69','МТО-51','5','5');
INSERT INTO gtgroup (id,fullGroupName,courseNumber,departmentID) VALUES ('70','МТО-60','6','5');
INSERT INTO gtgroup (id,fullGroupName,courseNumber,departmentID) VALUES ('71','МТО-61','6','5');
INSERT INTO dayRequirements (id,departmentID,countOfDaysInWeek,countOfLessonsInADay) VALUES ('5','6','6','5');
INSERT INTO discipline (id,nameOfDiscipline,countOfLessons,exam) VALUES ('353','Discipline ВТМПМ-0','15','no');
INSERT INTO discipline (id,nameOfDiscipline,countOfLessons,exam) VALUES ('354','Discipline ВТМПМ-1','15','no');
INSERT INTO discipline (id,nameOfDiscipline,countOfLessons,exam) VALUES ('355','Discipline ВТМПМ-2','15','no');
INSERT INTO discipline (id,nameOfDiscipline,countOfLessons,exam) VALUES ('356','Discipline ВТМПМ-3','15','no');
INSERT INTO discipline (id,nameOfDiscipline,countOfLessons,exam) VALUES ('357','Discipline ВТМПМ-4','15','no');
INSERT INTO discipline (id,nameOfDiscipline,countOfLessons,exam) VALUES ('358','Discipline ВТМПМ-5','15','no');
INSERT INTO discipline (id,nameOfDiscipline,countOfLessons,exam) VALUES ('359','Discipline ВТМПМ-6','15','no');
INSERT INTO discipline (id,nameOfDiscipline,countOfLessons,exam) VALUES ('360','Discipline ВТМПМ-7','15','no');
INSERT INTO discipline (id,nameOfDiscipline,countOfLessons,exam) VALUES ('361','Discipline ВТМПМ-8','15','no');
INSERT INTO discipline (id,nameOfDiscipline,countOfLessons,exam) VALUES ('362','Discipline ВТМПМ-9','15','no');
INSERT INTO discipline (id,nameOfDiscipline,countOfLessons,exam) VALUES ('363','Discipline ВТМПМ-10','15','no');
INSERT INTO discipline (id,nameOfDiscipline,countOfLessons,exam) VALUES ('364','Discipline ВТМПМ-11','15','no');
INSERT INTO discipline (id,nameOfDiscipline,countOfLessons,exam) VALUES ('365','Discipline ВТМПМ-12','15','no');
INSERT INTO discipline (id,nameOfDiscipline,countOfLessons,exam) VALUES ('366','Discipline ВТМПМ-13','15','no');
INSERT INTO discipline (id,nameOfDiscipline,countOfLessons,exam) VALUES ('367','Discipline ВТМПМ-14','15','no');
INSERT INTO discipline (id,nameOfDiscipline,countOfLessons,exam) VALUES ('368','Discipline ВТМПМ-15','15','no');
INSERT INTO discipline (id,nameOfDiscipline,countOfLessons,exam) VALUES ('369','Discipline ВТМПМ-16','15','no');
INSERT INTO discipline (id,nameOfDiscipline,countOfLessons,exam) VALUES ('370','Discipline ВТМПМ-17','15','no');
INSERT INTO discipline (id,nameOfDiscipline,countOfLessons,exam) VALUES ('371','Discipline ВТМПМ-18','15','no');
INSERT INTO discipline (id,nameOfDiscipline,countOfLessons,exam) VALUES ('372','Discipline ВТМПМ-19','15','no');
INSERT INTO discipline (id,nameOfDiscipline,countOfLessons,exam) VALUES ('373','Discipline ВТМПМ-20','15','no');
INSERT INTO discipline (id,nameOfDiscipline,countOfLessons,exam) VALUES ('374','Discipline ВТМПМ-21','15','no');
INSERT INTO discipline (id,nameOfDiscipline,countOfLessons,exam) VALUES ('375','Discipline ВТМПМ-22','15','no');
INSERT INTO discipline (id,nameOfDiscipline,countOfLessons,exam) VALUES ('376','Discipline ВТМПМ-23','15','no');
INSERT INTO discipline (id,nameOfDiscipline,countOfLessons,exam) VALUES ('377','Discipline ВТМПМ-24','15','no');
INSERT INTO discipline (id,nameOfDiscipline,countOfLessons,exam) VALUES ('378','Discipline ВТМПМ-25','15','no');
INSERT INTO discipline (id,nameOfDiscipline,countOfLessons,exam) VALUES ('379','Discipline ВТМПМ-26','15','no');
INSERT INTO discipline (id,nameOfDiscipline,countOfLessons,exam) VALUES ('380','Discipline ВТМПМ-27','15','no');
INSERT INTO discipline (id,nameOfDiscipline,countOfLessons,exam) VALUES ('381','Discipline ВТМПМ-28','15','no');
INSERT INTO discipline (id,nameOfDiscipline,countOfLessons,exam) VALUES ('382','Discipline ВТМПМ-29','15','no');
INSERT INTO discipline (id,nameOfDiscipline,countOfLessons,exam) VALUES ('383','Discipline ВТМПМ-30','15','no');
INSERT INTO discipline (id,nameOfDiscipline,countOfLessons,exam) VALUES ('384','Discipline ВТМПМ-31','15','no');
INSERT INTO discipline (id,nameOfDiscipline,countOfLessons,exam) VALUES ('385','Discipline ВТМПМ-32','15','no');
INSERT INTO discipline (id,nameOfDiscipline,countOfLessons,exam) VALUES ('386','Discipline ВТМПМ-33','15','no');
INSERT INTO discipline (id,nameOfDiscipline,countOfLessons,exam) VALUES ('387','Discipline ВТМПМ-34','15','no');
INSERT INTO discipline (id,nameOfDiscipline,countOfLessons,exam) VALUES ('388','Discipline ВТМПМ-35','15','no');
INSERT INTO discipline (id,nameOfDiscipline,countOfLessons,exam) VALUES ('389','Discipline ВТМПМ-36','15','no');
INSERT INTO discipline (id,nameOfDiscipline,countOfLessons,exam) VALUES ('390','Discipline ВТМПМ-37','15','no');
INSERT INTO discipline (id,nameOfDiscipline,countOfLessons,exam) VALUES ('391','Discipline ВТМПМ-38','15','no');
INSERT INTO discipline (id,nameOfDiscipline,countOfLessons,exam) VALUES ('392','Discipline ВТМПМ-39','15','no');
INSERT INTO discipline (id,nameOfDiscipline,countOfLessons,exam) VALUES ('393','Discipline ВТМПМ-40','15','no');
INSERT INTO discipline (id,nameOfDiscipline,countOfLessons,exam) VALUES ('394','Discipline ВТМПМ-41','15','no');
INSERT INTO discipline (id,nameOfDiscipline,countOfLessons,exam) VALUES ('395','Discipline ВТМПМ-42','15','no');
INSERT INTO discipline (id,nameOfDiscipline,countOfLessons,exam) VALUES ('396','Discipline ВТМПМ-43','15','no');
INSERT INTO discipline (id,nameOfDiscipline,countOfLessons,exam) VALUES ('397','Discipline ВТМПМ-44','15','no');
INSERT INTO discipline (id,nameOfDiscipline,countOfLessons,exam) VALUES ('398','Discipline ВТМПМ-45','15','no');
INSERT INTO discipline (id,nameOfDiscipline,countOfLessons,exam) VALUES ('399','Discipline ВТМПМ-46','15','no');
INSERT INTO discipline (id,nameOfDiscipline,countOfLessons,exam) VALUES ('400','Discipline ВТМПМ-47','15','no');
INSERT INTO discipline (id,nameOfDiscipline,countOfLessons,exam) VALUES ('401','Discipline ВТМПМ-48','15','no');
INSERT INTO discipline (id,nameOfDiscipline,countOfLessons,exam) VALUES ('402','Discipline ВТМПМ-49','15','no');
INSERT INTO discipline (id,nameOfDiscipline,countOfLessons,exam) VALUES ('403','Discipline ВТМПМ-50','15','no');
INSERT INTO discipline (id,nameOfDiscipline,countOfLessons,exam) VALUES ('404','Discipline ВТМПМ-51','15','no');
INSERT INTO discipline (id,nameOfDiscipline,countOfLessons,exam) VALUES ('405','Discipline ВТМПМ-52','15','no');
INSERT INTO discipline (id,nameOfDiscipline,countOfLessons,exam) VALUES ('406','Discipline ВТМПМ-53','15','no');
INSERT INTO discipline (id,nameOfDiscipline,countOfLessons,exam) VALUES ('407','Discipline ВТМПМ-54','15','no');
INSERT INTO discipline (id,nameOfDiscipline,countOfLessons,exam) VALUES ('408','Discipline ВТМПМ-55','15','no');
INSERT INTO discipline (id,nameOfDiscipline,countOfLessons,exam) VALUES ('409','Discipline ВТМПМ-56','15','no');
INSERT INTO discipline (id,nameOfDiscipline,countOfLessons,exam) VALUES ('410','Discipline ВТМПМ-57','15','no');
INSERT INTO discipline (id,nameOfDiscipline,countOfLessons,exam) VALUES ('411','Discipline ВТМПМ-58','15','no');
INSERT INTO discipline (id,nameOfDiscipline,countOfLessons,exam) VALUES ('412','Discipline ВТМПМ-59','15','no');
INSERT INTO discipline (id,nameOfDiscipline,countOfLessons,exam) VALUES ('413','Discipline ВТМПМ-60','15','no');
INSERT INTO discipline (id,nameOfDiscipline,countOfLessons,exam) VALUES ('414','Discipline ВТМПМ-61','15','no');
INSERT INTO discipline (id,nameOfDiscipline,countOfLessons,exam) VALUES ('415','Discipline ВТМПМ-62','15','no');
INSERT INTO discipline (id,nameOfDiscipline,countOfLessons,exam) VALUES ('416','Discipline ВТМПМ-63','15','no');
INSERT INTO discipline (id,nameOfDiscipline,countOfLessons,exam) VALUES ('417','Discipline ВТМПМ-64','15','no');
INSERT INTO discipline (id,nameOfDiscipline,countOfLessons,exam) VALUES ('418','Discipline ВТМПМ-65','15','no');
INSERT INTO discipline (id,nameOfDiscipline,countOfLessons,exam) VALUES ('419','Discipline ВТМПМ-66','15','no');
INSERT INTO discipline (id,nameOfDiscipline,countOfLessons,exam) VALUES ('420','Discipline ВТМПМ-67','15','no');
INSERT INTO discipline (id,nameOfDiscipline,countOfLessons,exam) VALUES ('421','Discipline ВТМПМ-68','15','no');
INSERT INTO discipline (id,nameOfDiscipline,countOfLessons,exam) VALUES ('422','Discipline ВТМПМ-69','15','no');
INSERT INTO discipline (id,nameOfDiscipline,countOfLessons,exam) VALUES ('423','Discipline ВТМПМ-70','15','no');
INSERT INTO discipline (id,nameOfDiscipline,countOfLessons,exam) VALUES ('424','Discipline ВТМПМ-71','15','no');
INSERT INTO discipline (id,nameOfDiscipline,countOfLessons,exam) VALUES ('425','Discipline ВТМПМ-72','15','no');
INSERT INTO discipline (id,nameOfDiscipline,countOfLessons,exam) VALUES ('426','Discipline ВТМПМ-73','15','no');
INSERT INTO discipline (id,nameOfDiscipline,countOfLessons,exam) VALUES ('427','Discipline ВТМПМ-74','15','no');
INSERT INTO discipline (id,nameOfDiscipline,countOfLessons,exam) VALUES ('428','Discipline ВТМПМ-75','15','no');
INSERT INTO discipline (id,nameOfDiscipline,countOfLessons,exam) VALUES ('429','Discipline ВТМПМ-76','15','no');
INSERT INTO discipline (id,nameOfDiscipline,countOfLessons,exam) VALUES ('430','Discipline ВТМПМ-77','15','no');
INSERT INTO discipline (id,nameOfDiscipline,countOfLessons,exam) VALUES ('431','Discipline ВТМПМ-78','15','no');
INSERT INTO discipline (id,nameOfDiscipline,countOfLessons,exam) VALUES ('432','Discipline ВТМПМ-79','15','no');
INSERT INTO discipline (id,nameOfDiscipline,countOfLessons,exam) VALUES ('433','Discipline ВТМПМ-80','15','no');
INSERT INTO discipline (id,nameOfDiscipline,countOfLessons,exam) VALUES ('434','Discipline ВТМПМ-81','15','no');
INSERT INTO discipline (id,nameOfDiscipline,countOfLessons,exam) VALUES ('435','Discipline ВТМПМ-82','15','no');
INSERT INTO discipline (id,nameOfDiscipline,countOfLessons,exam) VALUES ('436','Discipline ВТМПМ-83','15','no');
INSERT INTO discipline (id,nameOfDiscipline,countOfLessons,exam) VALUES ('437','Discipline ВТМПМ-84','15','no');
INSERT INTO discipline (id,nameOfDiscipline,countOfLessons,exam) VALUES ('438','Discipline ВТМПМ-85','15','no');
INSERT INTO disciplineDepartmentDependency (ID,disciplineID,departmentID,courseNumber,semesterNumber) VALUES ('353','353','6','1','1');
INSERT INTO disciplineDepartmentDependency (ID,disciplineID,departmentID,courseNumber,semesterNumber) VALUES ('354','354','6','2','2');
INSERT INTO disciplineDepartmentDependency (ID,disciplineID,departmentID,courseNumber,semesterNumber) VALUES ('355','355','6','3','1');
INSERT INTO disciplineDepartmentDependency (ID,disciplineID,departmentID,courseNumber,semesterNumber) VALUES ('356','356','6','4','2');
INSERT INTO disciplineDepartmentDependency (ID,disciplineID,departmentID,courseNumber,semesterNumber) VALUES ('357','357','6','5','1');
INSERT INTO disciplineDepartmentDependency (ID,disciplineID,departmentID,courseNumber,semesterNumber) VALUES ('358','358','6','6','2');
INSERT INTO disciplineDepartmentDependency (ID,disciplineID,departmentID,courseNumber,semesterNumber) VALUES ('359','359','6','1','1');
INSERT INTO disciplineDepartmentDependency (ID,disciplineID,departmentID,courseNumber,semesterNumber) VALUES ('360','360','6','2','2');
INSERT INTO disciplineDepartmentDependency (ID,disciplineID,departmentID,courseNumber,semesterNumber) VALUES ('361','361','6','3','1');
INSERT INTO disciplineDepartmentDependency (ID,disciplineID,departmentID,courseNumber,semesterNumber) VALUES ('362','362','6','4','2');
INSERT INTO disciplineDepartmentDependency (ID,disciplineID,departmentID,courseNumber,semesterNumber) VALUES ('363','363','6','5','1');
INSERT INTO disciplineDepartmentDependency (ID,disciplineID,departmentID,courseNumber,semesterNumber) VALUES ('364','364','6','6','2');
INSERT INTO disciplineDepartmentDependency (ID,disciplineID,departmentID,courseNumber,semesterNumber) VALUES ('365','365','6','1','1');
INSERT INTO disciplineDepartmentDependency (ID,disciplineID,departmentID,courseNumber,semesterNumber) VALUES ('366','366','6','2','2');
INSERT INTO disciplineDepartmentDependency (ID,disciplineID,departmentID,courseNumber,semesterNumber) VALUES ('367','367','6','3','1');
INSERT INTO disciplineDepartmentDependency (ID,disciplineID,departmentID,courseNumber,semesterNumber) VALUES ('368','368','6','4','2');
INSERT INTO disciplineDepartmentDependency (ID,disciplineID,departmentID,courseNumber,semesterNumber) VALUES ('369','369','6','5','1');
INSERT INTO disciplineDepartmentDependency (ID,disciplineID,departmentID,courseNumber,semesterNumber) VALUES ('370','370','6','6','2');
INSERT INTO disciplineDepartmentDependency (ID,disciplineID,departmentID,courseNumber,semesterNumber) VALUES ('371','371','6','1','1');
INSERT INTO disciplineDepartmentDependency (ID,disciplineID,departmentID,courseNumber,semesterNumber) VALUES ('372','372','6','2','2');
INSERT INTO disciplineDepartmentDependency (ID,disciplineID,departmentID,courseNumber,semesterNumber) VALUES ('373','373','6','3','1');
INSERT INTO disciplineDepartmentDependency (ID,disciplineID,departmentID,courseNumber,semesterNumber) VALUES ('374','374','6','4','2');
INSERT INTO disciplineDepartmentDependency (ID,disciplineID,departmentID,courseNumber,semesterNumber) VALUES ('375','375','6','5','1');
INSERT INTO disciplineDepartmentDependency (ID,disciplineID,departmentID,courseNumber,semesterNumber) VALUES ('376','376','6','6','2');
INSERT INTO disciplineDepartmentDependency (ID,disciplineID,departmentID,courseNumber,semesterNumber) VALUES ('377','377','6','1','1');
INSERT INTO disciplineDepartmentDependency (ID,disciplineID,departmentID,courseNumber,semesterNumber) VALUES ('378','378','6','2','2');
INSERT INTO disciplineDepartmentDependency (ID,disciplineID,departmentID,courseNumber,semesterNumber) VALUES ('379','379','6','3','1');
INSERT INTO disciplineDepartmentDependency (ID,disciplineID,departmentID,courseNumber,semesterNumber) VALUES ('380','380','6','4','2');
INSERT INTO disciplineDepartmentDependency (ID,disciplineID,departmentID,courseNumber,semesterNumber) VALUES ('381','381','6','5','1');
INSERT INTO disciplineDepartmentDependency (ID,disciplineID,departmentID,courseNumber,semesterNumber) VALUES ('382','382','6','6','2');
INSERT INTO disciplineDepartmentDependency (ID,disciplineID,departmentID,courseNumber,semesterNumber) VALUES ('383','383','6','1','1');
INSERT INTO disciplineDepartmentDependency (ID,disciplineID,departmentID,courseNumber,semesterNumber) VALUES ('384','384','6','2','2');
INSERT INTO disciplineDepartmentDependency (ID,disciplineID,departmentID,courseNumber,semesterNumber) VALUES ('385','385','6','3','1');
INSERT INTO disciplineDepartmentDependency (ID,disciplineID,departmentID,courseNumber,semesterNumber) VALUES ('386','386','6','4','2');
INSERT INTO disciplineDepartmentDependency (ID,disciplineID,departmentID,courseNumber,semesterNumber) VALUES ('387','387','6','5','1');
INSERT INTO disciplineDepartmentDependency (ID,disciplineID,departmentID,courseNumber,semesterNumber) VALUES ('388','388','6','6','2');
INSERT INTO disciplineDepartmentDependency (ID,disciplineID,departmentID,courseNumber,semesterNumber) VALUES ('389','389','6','1','1');
INSERT INTO disciplineDepartmentDependency (ID,disciplineID,departmentID,courseNumber,semesterNumber) VALUES ('390','390','6','2','2');
INSERT INTO disciplineDepartmentDependency (ID,disciplineID,departmentID,courseNumber,semesterNumber) VALUES ('391','391','6','3','1');
INSERT INTO disciplineDepartmentDependency (ID,disciplineID,departmentID,courseNumber,semesterNumber) VALUES ('392','392','6','4','2');
INSERT INTO disciplineDepartmentDependency (ID,disciplineID,departmentID,courseNumber,semesterNumber) VALUES ('393','393','6','5','1');
INSERT INTO disciplineDepartmentDependency (ID,disciplineID,departmentID,courseNumber,semesterNumber) VALUES ('394','394','6','6','2');
INSERT INTO disciplineDepartmentDependency (ID,disciplineID,departmentID,courseNumber,semesterNumber) VALUES ('395','395','6','1','1');
INSERT INTO disciplineDepartmentDependency (ID,disciplineID,departmentID,courseNumber,semesterNumber) VALUES ('396','396','6','2','2');
INSERT INTO disciplineDepartmentDependency (ID,disciplineID,departmentID,courseNumber,semesterNumber) VALUES ('397','397','6','3','1');
INSERT INTO disciplineDepartmentDependency (ID,disciplineID,departmentID,courseNumber,semesterNumber) VALUES ('398','398','6','4','2');
INSERT INTO disciplineDepartmentDependency (ID,disciplineID,departmentID,courseNumber,semesterNumber) VALUES ('399','399','6','5','1');
INSERT INTO disciplineDepartmentDependency (ID,disciplineID,departmentID,courseNumber,semesterNumber) VALUES ('400','400','6','6','2');
INSERT INTO disciplineDepartmentDependency (ID,disciplineID,departmentID,courseNumber,semesterNumber) VALUES ('401','401','6','1','1');
INSERT INTO disciplineDepartmentDependency (ID,disciplineID,departmentID,courseNumber,semesterNumber) VALUES ('402','402','6','2','2');
INSERT INTO disciplineDepartmentDependency (ID,disciplineID,departmentID,courseNumber,semesterNumber) VALUES ('403','403','6','3','1');
INSERT INTO disciplineDepartmentDependency (ID,disciplineID,departmentID,courseNumber,semesterNumber) VALUES ('404','404','6','4','2');
INSERT INTO disciplineDepartmentDependency (ID,disciplineID,departmentID,courseNumber,semesterNumber) VALUES ('405','405','6','5','1');
INSERT INTO disciplineDepartmentDependency (ID,disciplineID,departmentID,courseNumber,semesterNumber) VALUES ('406','406','6','6','2');
INSERT INTO disciplineDepartmentDependency (ID,disciplineID,departmentID,courseNumber,semesterNumber) VALUES ('407','407','6','1','1');
INSERT INTO disciplineDepartmentDependency (ID,disciplineID,departmentID,courseNumber,semesterNumber) VALUES ('408','408','6','2','2');
INSERT INTO disciplineDepartmentDependency (ID,disciplineID,departmentID,courseNumber,semesterNumber) VALUES ('409','409','6','3','1');
INSERT INTO disciplineDepartmentDependency (ID,disciplineID,departmentID,courseNumber,semesterNumber) VALUES ('410','410','6','4','2');
INSERT INTO disciplineDepartmentDependency (ID,disciplineID,departmentID,courseNumber,semesterNumber) VALUES ('411','411','6','5','1');
INSERT INTO disciplineDepartmentDependency (ID,disciplineID,departmentID,courseNumber,semesterNumber) VALUES ('412','412','6','6','2');
INSERT INTO disciplineDepartmentDependency (ID,disciplineID,departmentID,courseNumber,semesterNumber) VALUES ('413','413','6','1','1');
INSERT INTO disciplineDepartmentDependency (ID,disciplineID,departmentID,courseNumber,semesterNumber) VALUES ('414','414','6','2','2');
INSERT INTO disciplineDepartmentDependency (ID,disciplineID,departmentID,courseNumber,semesterNumber) VALUES ('415','415','6','3','1');
INSERT INTO disciplineDepartmentDependency (ID,disciplineID,departmentID,courseNumber,semesterNumber) VALUES ('416','416','6','4','2');
INSERT INTO disciplineDepartmentDependency (ID,disciplineID,departmentID,courseNumber,semesterNumber) VALUES ('417','417','6','5','1');
INSERT INTO disciplineDepartmentDependency (ID,disciplineID,departmentID,courseNumber,semesterNumber) VALUES ('418','418','6','6','2');
INSERT INTO disciplineDepartmentDependency (ID,disciplineID,departmentID,courseNumber,semesterNumber) VALUES ('419','419','6','1','1');
INSERT INTO disciplineDepartmentDependency (ID,disciplineID,departmentID,courseNumber,semesterNumber) VALUES ('420','420','6','2','2');
INSERT INTO disciplineDepartmentDependency (ID,disciplineID,departmentID,courseNumber,semesterNumber) VALUES ('421','421','6','3','1');
INSERT INTO disciplineDepartmentDependency (ID,disciplineID,departmentID,courseNumber,semesterNumber) VALUES ('422','422','6','4','2');
INSERT INTO disciplineDepartmentDependency (ID,disciplineID,departmentID,courseNumber,semesterNumber) VALUES ('423','423','6','5','1');
INSERT INTO disciplineDepartmentDependency (ID,disciplineID,departmentID,courseNumber,semesterNumber) VALUES ('424','424','6','6','2');
INSERT INTO disciplineDepartmentDependency (ID,disciplineID,departmentID,courseNumber,semesterNumber) VALUES ('425','425','6','1','1');
INSERT INTO disciplineDepartmentDependency (ID,disciplineID,departmentID,courseNumber,semesterNumber) VALUES ('426','426','6','2','2');
INSERT INTO disciplineDepartmentDependency (ID,disciplineID,departmentID,courseNumber,semesterNumber) VALUES ('427','427','6','3','1');
INSERT INTO disciplineDepartmentDependency (ID,disciplineID,departmentID,courseNumber,semesterNumber) VALUES ('428','428','6','4','2');
INSERT INTO disciplineDepartmentDependency (ID,disciplineID,departmentID,courseNumber,semesterNumber) VALUES ('429','429','6','5','1');
INSERT INTO disciplineDepartmentDependency (ID,disciplineID,departmentID,courseNumber,semesterNumber) VALUES ('430','430','6','6','2');
INSERT INTO disciplineDepartmentDependency (ID,disciplineID,departmentID,courseNumber,semesterNumber) VALUES ('431','431','6','1','1');
INSERT INTO disciplineDepartmentDependency (ID,disciplineID,departmentID,courseNumber,semesterNumber) VALUES ('432','432','6','2','2');
INSERT INTO disciplineDepartmentDependency (ID,disciplineID,departmentID,courseNumber,semesterNumber) VALUES ('433','433','6','3','1');
INSERT INTO disciplineDepartmentDependency (ID,disciplineID,departmentID,courseNumber,semesterNumber) VALUES ('434','434','6','4','2');
INSERT INTO disciplineDepartmentDependency (ID,disciplineID,departmentID,courseNumber,semesterNumber) VALUES ('435','435','6','5','1');
INSERT INTO disciplineDepartmentDependency (ID,disciplineID,departmentID,courseNumber,semesterNumber) VALUES ('436','436','6','6','2');
INSERT INTO disciplineDepartmentDependency (ID,disciplineID,departmentID,courseNumber,semesterNumber) VALUES ('437','437','6','1','1');
INSERT INTO disciplineDepartmentDependency (ID,disciplineID,departmentID,courseNumber,semesterNumber) VALUES ('438','438','6','2','2');
INSERT INTO loginpass (ID,login,password,access_type) VALUES ('11','VOLELQBANESTERENKO@gmx.de','RnxIEPRb','employee');
INSERT INTO employee (name,lastName,fathersName,personalID,sex,email,phoneNumber,dateOfBorn,address,passport,login,office,ID,departmentID) VALUES ('Волелюба','НЕСТЕРЕНКО','Хомівна','2038731160','f','VOLELQBANESTERENKO@gmx.de','0956571764','1956-09-19','18261 Бровари Жужоми сержанта 56, 109','UD441516 ГУМВС 33','VOLELQBANESTERENKO@gmx.de','HR','10','6');
INSERT INTO loginpass (ID,login,password,access_type) VALUES ('12','GATUSXLAGERASXMENKO@wanadoo.co.uk','vYFVuLU0','employee');
INSERT INTO employee (name,lastName,fathersName,personalID,sex,email,phoneNumber,dateOfBorn,address,passport,login,office,ID,departmentID) VALUES ('Гатусила','ГЕРАСИМЕНКО','Кузьмівна','3237088031','f','GATUSXLAGERASXMENKO@wanadoo.co.uk','0926134500','1982-08-14','50801 Харків Декабристів 95, 66','BV532324 ГУМВС 30','GATUSXLAGERASXMENKO@wanadoo.co.uk','HR','11','6');
INSERT INTO gtgroup (id,fullGroupName,courseNumber,departmentID) VALUES ('72','ВТМПМ-10','1','6');
INSERT INTO gtgroup (id,fullGroupName,courseNumber,departmentID) VALUES ('73','ВТМПМ-20','2','6');
INSERT INTO gtgroup (id,fullGroupName,courseNumber,departmentID) VALUES ('74','ВТМПМ-30','3','6');
INSERT INTO gtgroup (id,fullGroupName,courseNumber,departmentID) VALUES ('75','ВТМПМ-40','4','6');
INSERT INTO gtgroup (id,fullGroupName,courseNumber,departmentID) VALUES ('76','ВТМПМ-50','5','6');
INSERT INTO gtgroup (id,fullGroupName,courseNumber,departmentID) VALUES ('77','ВТМПМ-60','6','6');
INSERT INTO dayRequirements (id,departmentID,countOfDaysInWeek,countOfLessonsInADay) VALUES ('6','7','6','5');
INSERT INTO discipline (id,nameOfDiscipline,countOfLessons,exam) VALUES ('439','Discipline ФХОТМ-0','15','no');
INSERT INTO discipline (id,nameOfDiscipline,countOfLessons,exam) VALUES ('440','Discipline ФХОТМ-1','15','no');
INSERT INTO discipline (id,nameOfDiscipline,countOfLessons,exam) VALUES ('441','Discipline ФХОТМ-2','15','no');
INSERT INTO discipline (id,nameOfDiscipline,countOfLessons,exam) VALUES ('442','Discipline ФХОТМ-3','15','no');
INSERT INTO discipline (id,nameOfDiscipline,countOfLessons,exam) VALUES ('443','Discipline ФХОТМ-4','15','no');
INSERT INTO discipline (id,nameOfDiscipline,countOfLessons,exam) VALUES ('444','Discipline ФХОТМ-5','15','no');
INSERT INTO discipline (id,nameOfDiscipline,countOfLessons,exam) VALUES ('445','Discipline ФХОТМ-6','15','no');
INSERT INTO discipline (id,nameOfDiscipline,countOfLessons,exam) VALUES ('446','Discipline ФХОТМ-7','15','no');
INSERT INTO discipline (id,nameOfDiscipline,countOfLessons,exam) VALUES ('447','Discipline ФХОТМ-8','15','no');
INSERT INTO discipline (id,nameOfDiscipline,countOfLessons,exam) VALUES ('448','Discipline ФХОТМ-9','15','no');
INSERT INTO discipline (id,nameOfDiscipline,countOfLessons,exam) VALUES ('449','Discipline ФХОТМ-10','15','no');
INSERT INTO discipline (id,nameOfDiscipline,countOfLessons,exam) VALUES ('450','Discipline ФХОТМ-11','15','no');
INSERT INTO discipline (id,nameOfDiscipline,countOfLessons,exam) VALUES ('451','Discipline ФХОТМ-12','15','no');
INSERT INTO discipline (id,nameOfDiscipline,countOfLessons,exam) VALUES ('452','Discipline ФХОТМ-13','15','no');
INSERT INTO discipline (id,nameOfDiscipline,countOfLessons,exam) VALUES ('453','Discipline ФХОТМ-14','15','no');
INSERT INTO discipline (id,nameOfDiscipline,countOfLessons,exam) VALUES ('454','Discipline ФХОТМ-15','15','no');
INSERT INTO discipline (id,nameOfDiscipline,countOfLessons,exam) VALUES ('455','Discipline ФХОТМ-16','15','no');
INSERT INTO discipline (id,nameOfDiscipline,countOfLessons,exam) VALUES ('456','Discipline ФХОТМ-17','15','no');
INSERT INTO discipline (id,nameOfDiscipline,countOfLessons,exam) VALUES ('457','Discipline ФХОТМ-18','15','no');
INSERT INTO discipline (id,nameOfDiscipline,countOfLessons,exam) VALUES ('458','Discipline ФХОТМ-19','15','no');
INSERT INTO discipline (id,nameOfDiscipline,countOfLessons,exam) VALUES ('459','Discipline ФХОТМ-20','15','no');
INSERT INTO discipline (id,nameOfDiscipline,countOfLessons,exam) VALUES ('460','Discipline ФХОТМ-21','15','no');
INSERT INTO discipline (id,nameOfDiscipline,countOfLessons,exam) VALUES ('461','Discipline ФХОТМ-22','15','no');
INSERT INTO discipline (id,nameOfDiscipline,countOfLessons,exam) VALUES ('462','Discipline ФХОТМ-23','15','no');
INSERT INTO discipline (id,nameOfDiscipline,countOfLessons,exam) VALUES ('463','Discipline ФХОТМ-24','15','no');
INSERT INTO discipline (id,nameOfDiscipline,countOfLessons,exam) VALUES ('464','Discipline ФХОТМ-25','15','no');
INSERT INTO discipline (id,nameOfDiscipline,countOfLessons,exam) VALUES ('465','Discipline ФХОТМ-26','15','no');
INSERT INTO discipline (id,nameOfDiscipline,countOfLessons,exam) VALUES ('466','Discipline ФХОТМ-27','15','no');
INSERT INTO discipline (id,nameOfDiscipline,countOfLessons,exam) VALUES ('467','Discipline ФХОТМ-28','15','no');
INSERT INTO discipline (id,nameOfDiscipline,countOfLessons,exam) VALUES ('468','Discipline ФХОТМ-29','15','no');
INSERT INTO discipline (id,nameOfDiscipline,countOfLessons,exam) VALUES ('469','Discipline ФХОТМ-30','15','no');
INSERT INTO discipline (id,nameOfDiscipline,countOfLessons,exam) VALUES ('470','Discipline ФХОТМ-31','15','no');
INSERT INTO discipline (id,nameOfDiscipline,countOfLessons,exam) VALUES ('471','Discipline ФХОТМ-32','15','no');
INSERT INTO discipline (id,nameOfDiscipline,countOfLessons,exam) VALUES ('472','Discipline ФХОТМ-33','15','no');
INSERT INTO discipline (id,nameOfDiscipline,countOfLessons,exam) VALUES ('473','Discipline ФХОТМ-34','15','no');
INSERT INTO discipline (id,nameOfDiscipline,countOfLessons,exam) VALUES ('474','Discipline ФХОТМ-35','15','no');
INSERT INTO discipline (id,nameOfDiscipline,countOfLessons,exam) VALUES ('475','Discipline ФХОТМ-36','15','no');
INSERT INTO discipline (id,nameOfDiscipline,countOfLessons,exam) VALUES ('476','Discipline ФХОТМ-37','15','no');
INSERT INTO discipline (id,nameOfDiscipline,countOfLessons,exam) VALUES ('477','Discipline ФХОТМ-38','15','no');
INSERT INTO discipline (id,nameOfDiscipline,countOfLessons,exam) VALUES ('478','Discipline ФХОТМ-39','15','no');
INSERT INTO discipline (id,nameOfDiscipline,countOfLessons,exam) VALUES ('479','Discipline ФХОТМ-40','15','no');
INSERT INTO discipline (id,nameOfDiscipline,countOfLessons,exam) VALUES ('480','Discipline ФХОТМ-41','15','no');
INSERT INTO discipline (id,nameOfDiscipline,countOfLessons,exam) VALUES ('481','Discipline ФХОТМ-42','15','no');
INSERT INTO discipline (id,nameOfDiscipline,countOfLessons,exam) VALUES ('482','Discipline ФХОТМ-43','15','no');
INSERT INTO discipline (id,nameOfDiscipline,countOfLessons,exam) VALUES ('483','Discipline ФХОТМ-44','15','no');
INSERT INTO discipline (id,nameOfDiscipline,countOfLessons,exam) VALUES ('484','Discipline ФХОТМ-45','15','no');
INSERT INTO discipline (id,nameOfDiscipline,countOfLessons,exam) VALUES ('485','Discipline ФХОТМ-46','15','no');
INSERT INTO discipline (id,nameOfDiscipline,countOfLessons,exam) VALUES ('486','Discipline ФХОТМ-47','15','no');
INSERT INTO discipline (id,nameOfDiscipline,countOfLessons,exam) VALUES ('487','Discipline ФХОТМ-48','15','no');
INSERT INTO discipline (id,nameOfDiscipline,countOfLessons,exam) VALUES ('488','Discipline ФХОТМ-49','15','no');
INSERT INTO discipline (id,nameOfDiscipline,countOfLessons,exam) VALUES ('489','Discipline ФХОТМ-50','15','no');
INSERT INTO discipline (id,nameOfDiscipline,countOfLessons,exam) VALUES ('490','Discipline ФХОТМ-51','15','no');
INSERT INTO discipline (id,nameOfDiscipline,countOfLessons,exam) VALUES ('491','Discipline ФХОТМ-52','15','no');
INSERT INTO discipline (id,nameOfDiscipline,countOfLessons,exam) VALUES ('492','Discipline ФХОТМ-53','15','no');
INSERT INTO discipline (id,nameOfDiscipline,countOfLessons,exam) VALUES ('493','Discipline ФХОТМ-54','15','no');
INSERT INTO discipline (id,nameOfDiscipline,countOfLessons,exam) VALUES ('494','Discipline ФХОТМ-55','15','no');
INSERT INTO discipline (id,nameOfDiscipline,countOfLessons,exam) VALUES ('495','Discipline ФХОТМ-56','15','no');
INSERT INTO discipline (id,nameOfDiscipline,countOfLessons,exam) VALUES ('496','Discipline ФХОТМ-57','15','no');
INSERT INTO discipline (id,nameOfDiscipline,countOfLessons,exam) VALUES ('497','Discipline ФХОТМ-58','15','no');
INSERT INTO discipline (id,nameOfDiscipline,countOfLessons,exam) VALUES ('498','Discipline ФХОТМ-59','15','no');
INSERT INTO discipline (id,nameOfDiscipline,countOfLessons,exam) VALUES ('499','Discipline ФХОТМ-60','15','no');
INSERT INTO discipline (id,nameOfDiscipline,countOfLessons,exam) VALUES ('500','Discipline ФХОТМ-61','15','no');
INSERT INTO disciplineDepartmentDependency (ID,disciplineID,departmentID,courseNumber,semesterNumber) VALUES ('439','439','7','1','1');
INSERT INTO disciplineDepartmentDependency (ID,disciplineID,departmentID,courseNumber,semesterNumber) VALUES ('440','440','7','2','2');
INSERT INTO disciplineDepartmentDependency (ID,disciplineID,departmentID,courseNumber,semesterNumber) VALUES ('441','441','7','3','1');
INSERT INTO disciplineDepartmentDependency (ID,disciplineID,departmentID,courseNumber,semesterNumber) VALUES ('442','442','7','4','2');
INSERT INTO disciplineDepartmentDependency (ID,disciplineID,departmentID,courseNumber,semesterNumber) VALUES ('443','443','7','5','1');
INSERT INTO disciplineDepartmentDependency (ID,disciplineID,departmentID,courseNumber,semesterNumber) VALUES ('444','444','7','6','2');
INSERT INTO disciplineDepartmentDependency (ID,disciplineID,departmentID,courseNumber,semesterNumber) VALUES ('445','445','7','1','1');
INSERT INTO disciplineDepartmentDependency (ID,disciplineID,departmentID,courseNumber,semesterNumber) VALUES ('446','446','7','2','2');
INSERT INTO disciplineDepartmentDependency (ID,disciplineID,departmentID,courseNumber,semesterNumber) VALUES ('447','447','7','3','1');
INSERT INTO disciplineDepartmentDependency (ID,disciplineID,departmentID,courseNumber,semesterNumber) VALUES ('448','448','7','4','2');
INSERT INTO disciplineDepartmentDependency (ID,disciplineID,departmentID,courseNumber,semesterNumber) VALUES ('449','449','7','5','1');
INSERT INTO disciplineDepartmentDependency (ID,disciplineID,departmentID,courseNumber,semesterNumber) VALUES ('450','450','7','6','2');
INSERT INTO disciplineDepartmentDependency (ID,disciplineID,departmentID,courseNumber,semesterNumber) VALUES ('451','451','7','1','1');
INSERT INTO disciplineDepartmentDependency (ID,disciplineID,departmentID,courseNumber,semesterNumber) VALUES ('452','452','7','2','2');
INSERT INTO disciplineDepartmentDependency (ID,disciplineID,departmentID,courseNumber,semesterNumber) VALUES ('453','453','7','3','1');
INSERT INTO disciplineDepartmentDependency (ID,disciplineID,departmentID,courseNumber,semesterNumber) VALUES ('454','454','7','4','2');
INSERT INTO disciplineDepartmentDependency (ID,disciplineID,departmentID,courseNumber,semesterNumber) VALUES ('455','455','7','5','1');
INSERT INTO disciplineDepartmentDependency (ID,disciplineID,departmentID,courseNumber,semesterNumber) VALUES ('456','456','7','6','2');
INSERT INTO disciplineDepartmentDependency (ID,disciplineID,departmentID,courseNumber,semesterNumber) VALUES ('457','457','7','1','1');
INSERT INTO disciplineDepartmentDependency (ID,disciplineID,departmentID,courseNumber,semesterNumber) VALUES ('458','458','7','2','2');
INSERT INTO disciplineDepartmentDependency (ID,disciplineID,departmentID,courseNumber,semesterNumber) VALUES ('459','459','7','3','1');
INSERT INTO disciplineDepartmentDependency (ID,disciplineID,departmentID,courseNumber,semesterNumber) VALUES ('460','460','7','4','2');
INSERT INTO disciplineDepartmentDependency (ID,disciplineID,departmentID,courseNumber,semesterNumber) VALUES ('461','461','7','5','1');
INSERT INTO disciplineDepartmentDependency (ID,disciplineID,departmentID,courseNumber,semesterNumber) VALUES ('462','462','7','6','2');
INSERT INTO disciplineDepartmentDependency (ID,disciplineID,departmentID,courseNumber,semesterNumber) VALUES ('463','463','7','1','1');
INSERT INTO disciplineDepartmentDependency (ID,disciplineID,departmentID,courseNumber,semesterNumber) VALUES ('464','464','7','2','2');
INSERT INTO disciplineDepartmentDependency (ID,disciplineID,departmentID,courseNumber,semesterNumber) VALUES ('465','465','7','3','1');
INSERT INTO disciplineDepartmentDependency (ID,disciplineID,departmentID,courseNumber,semesterNumber) VALUES ('466','466','7','4','2');
INSERT INTO disciplineDepartmentDependency (ID,disciplineID,departmentID,courseNumber,semesterNumber) VALUES ('467','467','7','5','1');
INSERT INTO disciplineDepartmentDependency (ID,disciplineID,departmentID,courseNumber,semesterNumber) VALUES ('468','468','7','6','2');
INSERT INTO disciplineDepartmentDependency (ID,disciplineID,departmentID,courseNumber,semesterNumber) VALUES ('469','469','7','1','1');
INSERT INTO disciplineDepartmentDependency (ID,disciplineID,departmentID,courseNumber,semesterNumber) VALUES ('470','470','7','2','2');
INSERT INTO disciplineDepartmentDependency (ID,disciplineID,departmentID,courseNumber,semesterNumber) VALUES ('471','471','7','3','1');
INSERT INTO disciplineDepartmentDependency (ID,disciplineID,departmentID,courseNumber,semesterNumber) VALUES ('472','472','7','4','2');
INSERT INTO disciplineDepartmentDependency (ID,disciplineID,departmentID,courseNumber,semesterNumber) VALUES ('473','473','7','5','1');
INSERT INTO disciplineDepartmentDependency (ID,disciplineID,departmentID,courseNumber,semesterNumber) VALUES ('474','474','7','6','2');
INSERT INTO disciplineDepartmentDependency (ID,disciplineID,departmentID,courseNumber,semesterNumber) VALUES ('475','475','7','1','1');
INSERT INTO disciplineDepartmentDependency (ID,disciplineID,departmentID,courseNumber,semesterNumber) VALUES ('476','476','7','2','2');
INSERT INTO disciplineDepartmentDependency (ID,disciplineID,departmentID,courseNumber,semesterNumber) VALUES ('477','477','7','3','1');
INSERT INTO disciplineDepartmentDependency (ID,disciplineID,departmentID,courseNumber,semesterNumber) VALUES ('478','478','7','4','2');
INSERT INTO disciplineDepartmentDependency (ID,disciplineID,departmentID,courseNumber,semesterNumber) VALUES ('479','479','7','5','1');
INSERT INTO disciplineDepartmentDependency (ID,disciplineID,departmentID,courseNumber,semesterNumber) VALUES ('480','480','7','6','2');
INSERT INTO disciplineDepartmentDependency (ID,disciplineID,departmentID,courseNumber,semesterNumber) VALUES ('481','481','7','1','1');
INSERT INTO disciplineDepartmentDependency (ID,disciplineID,departmentID,courseNumber,semesterNumber) VALUES ('482','482','7','2','2');
INSERT INTO disciplineDepartmentDependency (ID,disciplineID,departmentID,courseNumber,semesterNumber) VALUES ('483','483','7','3','1');
INSERT INTO disciplineDepartmentDependency (ID,disciplineID,departmentID,courseNumber,semesterNumber) VALUES ('484','484','7','4','2');
INSERT INTO disciplineDepartmentDependency (ID,disciplineID,departmentID,courseNumber,semesterNumber) VALUES ('485','485','7','5','1');
INSERT INTO disciplineDepartmentDependency (ID,disciplineID,departmentID,courseNumber,semesterNumber) VALUES ('486','486','7','6','2');
INSERT INTO disciplineDepartmentDependency (ID,disciplineID,departmentID,courseNumber,semesterNumber) VALUES ('487','487','7','1','1');
INSERT INTO disciplineDepartmentDependency (ID,disciplineID,departmentID,courseNumber,semesterNumber) VALUES ('488','488','7','2','2');
INSERT INTO disciplineDepartmentDependency (ID,disciplineID,departmentID,courseNumber,semesterNumber) VALUES ('489','489','7','3','1');
INSERT INTO disciplineDepartmentDependency (ID,disciplineID,departmentID,courseNumber,semesterNumber) VALUES ('490','490','7','4','2');
INSERT INTO disciplineDepartmentDependency (ID,disciplineID,departmentID,courseNumber,semesterNumber) VALUES ('491','491','7','5','1');
INSERT INTO disciplineDepartmentDependency (ID,disciplineID,departmentID,courseNumber,semesterNumber) VALUES ('492','492','7','6','2');
INSERT INTO disciplineDepartmentDependency (ID,disciplineID,departmentID,courseNumber,semesterNumber) VALUES ('493','493','7','1','1');
INSERT INTO disciplineDepartmentDependency (ID,disciplineID,departmentID,courseNumber,semesterNumber) VALUES ('494','494','7','2','2');
INSERT INTO disciplineDepartmentDependency (ID,disciplineID,departmentID,courseNumber,semesterNumber) VALUES ('495','495','7','3','1');
INSERT INTO disciplineDepartmentDependency (ID,disciplineID,departmentID,courseNumber,semesterNumber) VALUES ('496','496','7','4','2');
INSERT INTO disciplineDepartmentDependency (ID,disciplineID,departmentID,courseNumber,semesterNumber) VALUES ('497','497','7','5','1');
INSERT INTO disciplineDepartmentDependency (ID,disciplineID,departmentID,courseNumber,semesterNumber) VALUES ('498','498','7','6','2');
INSERT INTO disciplineDepartmentDependency (ID,disciplineID,departmentID,courseNumber,semesterNumber) VALUES ('499','499','7','1','1');
INSERT INTO disciplineDepartmentDependency (ID,disciplineID,departmentID,courseNumber,semesterNumber) VALUES ('500','500','7','2','2');
INSERT INTO loginpass (ID,login,password,access_type) VALUES ('13','VERNXDUBDEMZENKO@yahoo.fr','Ii9QS$9s','employee');
INSERT INTO employee (name,lastName,fathersName,personalID,sex,email,phoneNumber,dateOfBorn,address,passport,login,office,ID,departmentID) VALUES ('Вернидуб','ДЕМЧЕНКО','Ілліч','4567247566','m','VERNXDUBDEMZENKO@yahoo.fr','0962686832','1989-04-26','77445 Макіївка Грудня 14-го 81, 118','WO573761 ГУМВС 7','VERNXDUBDEMZENKO@yahoo.fr','HR','12','7');
INSERT INTO loginpass (ID,login,password,access_type) VALUES ('14','BRATOLQBATXQENKO@tiscali.co.uk','JV8FpuW6','employee');
INSERT INTO employee (name,lastName,fathersName,personalID,sex,email,phoneNumber,dateOfBorn,address,passport,login,office,ID,departmentID) VALUES ('Братолюба','ТИЩЕНКО','Кузьмівна','5053587445','f','BRATOLQBATXQENKO@tiscali.co.uk','0687348735','1973-11-15','50113 Алушта Гвардійський 76, 236','DB813337 ГУМВС 48','BRATOLQBATXQENKO@tiscali.co.uk','HR','13','7');
INSERT INTO loginpass (ID,login,password,access_type) VALUES ('15','VIRODANMIQENKO@gmx.de','Nd75ggMV','employee');
INSERT INTO employee (name,lastName,fathersName,personalID,sex,email,phoneNumber,dateOfBorn,address,passport,login,office,ID,departmentID) VALUES ('Віродан','МІЩЕНКО','Миколайович','3354566103','m','VIRODANMIQENKO@gmx.de','0918235504','1964-05-17','41131 Чернігів Атамановського 7, 224','TI141635 ГУМВС 34','VIRODANMIQENKO@gmx.de','HR','14','7');
INSERT INTO gtgroup (id,fullGroupName,courseNumber,departmentID) VALUES ('78','ФХОТМ-10','1','7');
INSERT INTO gtgroup (id,fullGroupName,courseNumber,departmentID) VALUES ('79','ФХОТМ-20','2','7');
INSERT INTO gtgroup (id,fullGroupName,courseNumber,departmentID) VALUES ('80','ФХОТМ-30','3','7');
INSERT INTO gtgroup (id,fullGroupName,courseNumber,departmentID) VALUES ('81','ФХОТМ-40','4','7');
INSERT INTO gtgroup (id,fullGroupName,courseNumber,departmentID) VALUES ('82','ФХОТМ-50','5','7');
INSERT INTO gtgroup (id,fullGroupName,courseNumber,departmentID) VALUES ('83','ФХОТМ-60','6','7');
INSERT INTO dayRequirements (id,departmentID,countOfDaysInWeek,countOfLessonsInADay) VALUES ('7','8','6','5');
INSERT INTO discipline (id,nameOfDiscipline,countOfLessons,exam) VALUES ('501','Discipline ФМ-0','15','no');
INSERT INTO discipline (id,nameOfDiscipline,countOfLessons,exam) VALUES ('502','Discipline ФМ-1','15','no');
INSERT INTO discipline (id,nameOfDiscipline,countOfLessons,exam) VALUES ('503','Discipline ФМ-2','15','no');
INSERT INTO discipline (id,nameOfDiscipline,countOfLessons,exam) VALUES ('504','Discipline ФМ-3','15','no');
INSERT INTO discipline (id,nameOfDiscipline,countOfLessons,exam) VALUES ('505','Discipline ФМ-4','15','no');
INSERT INTO discipline (id,nameOfDiscipline,countOfLessons,exam) VALUES ('506','Discipline ФМ-5','15','no');
INSERT INTO discipline (id,nameOfDiscipline,countOfLessons,exam) VALUES ('507','Discipline ФМ-6','15','no');
INSERT INTO discipline (id,nameOfDiscipline,countOfLessons,exam) VALUES ('508','Discipline ФМ-7','15','no');
INSERT INTO discipline (id,nameOfDiscipline,countOfLessons,exam) VALUES ('509','Discipline ФМ-8','15','no');
INSERT INTO discipline (id,nameOfDiscipline,countOfLessons,exam) VALUES ('510','Discipline ФМ-9','15','no');
INSERT INTO discipline (id,nameOfDiscipline,countOfLessons,exam) VALUES ('511','Discipline ФМ-10','15','no');
INSERT INTO discipline (id,nameOfDiscipline,countOfLessons,exam) VALUES ('512','Discipline ФМ-11','15','no');
INSERT INTO discipline (id,nameOfDiscipline,countOfLessons,exam) VALUES ('513','Discipline ФМ-12','15','no');
INSERT INTO discipline (id,nameOfDiscipline,countOfLessons,exam) VALUES ('514','Discipline ФМ-13','15','no');
INSERT INTO discipline (id,nameOfDiscipline,countOfLessons,exam) VALUES ('515','Discipline ФМ-14','15','no');
INSERT INTO discipline (id,nameOfDiscipline,countOfLessons,exam) VALUES ('516','Discipline ФМ-15','15','no');
INSERT INTO discipline (id,nameOfDiscipline,countOfLessons,exam) VALUES ('517','Discipline ФМ-16','15','no');
INSERT INTO discipline (id,nameOfDiscipline,countOfLessons,exam) VALUES ('518','Discipline ФМ-17','15','no');
INSERT INTO discipline (id,nameOfDiscipline,countOfLessons,exam) VALUES ('519','Discipline ФМ-18','15','no');
INSERT INTO discipline (id,nameOfDiscipline,countOfLessons,exam) VALUES ('520','Discipline ФМ-19','15','no');
INSERT INTO discipline (id,nameOfDiscipline,countOfLessons,exam) VALUES ('521','Discipline ФМ-20','15','no');
INSERT INTO discipline (id,nameOfDiscipline,countOfLessons,exam) VALUES ('522','Discipline ФМ-21','15','no');
INSERT INTO discipline (id,nameOfDiscipline,countOfLessons,exam) VALUES ('523','Discipline ФМ-22','15','no');
INSERT INTO discipline (id,nameOfDiscipline,countOfLessons,exam) VALUES ('524','Discipline ФМ-23','15','no');
INSERT INTO discipline (id,nameOfDiscipline,countOfLessons,exam) VALUES ('525','Discipline ФМ-24','15','no');
INSERT INTO discipline (id,nameOfDiscipline,countOfLessons,exam) VALUES ('526','Discipline ФМ-25','15','no');
INSERT INTO discipline (id,nameOfDiscipline,countOfLessons,exam) VALUES ('527','Discipline ФМ-26','15','no');
INSERT INTO discipline (id,nameOfDiscipline,countOfLessons,exam) VALUES ('528','Discipline ФМ-27','15','no');
INSERT INTO discipline (id,nameOfDiscipline,countOfLessons,exam) VALUES ('529','Discipline ФМ-28','15','no');
INSERT INTO discipline (id,nameOfDiscipline,countOfLessons,exam) VALUES ('530','Discipline ФМ-29','15','no');
INSERT INTO discipline (id,nameOfDiscipline,countOfLessons,exam) VALUES ('531','Discipline ФМ-30','15','no');
INSERT INTO discipline (id,nameOfDiscipline,countOfLessons,exam) VALUES ('532','Discipline ФМ-31','15','no');
INSERT INTO discipline (id,nameOfDiscipline,countOfLessons,exam) VALUES ('533','Discipline ФМ-32','15','no');
INSERT INTO discipline (id,nameOfDiscipline,countOfLessons,exam) VALUES ('534','Discipline ФМ-33','15','no');
INSERT INTO discipline (id,nameOfDiscipline,countOfLessons,exam) VALUES ('535','Discipline ФМ-34','15','no');
INSERT INTO discipline (id,nameOfDiscipline,countOfLessons,exam) VALUES ('536','Discipline ФМ-35','15','no');
INSERT INTO discipline (id,nameOfDiscipline,countOfLessons,exam) VALUES ('537','Discipline ФМ-36','15','no');
INSERT INTO discipline (id,nameOfDiscipline,countOfLessons,exam) VALUES ('538','Discipline ФМ-37','15','no');
INSERT INTO discipline (id,nameOfDiscipline,countOfLessons,exam) VALUES ('539','Discipline ФМ-38','15','no');
INSERT INTO discipline (id,nameOfDiscipline,countOfLessons,exam) VALUES ('540','Discipline ФМ-39','15','no');
INSERT INTO discipline (id,nameOfDiscipline,countOfLessons,exam) VALUES ('541','Discipline ФМ-40','15','no');
INSERT INTO discipline (id,nameOfDiscipline,countOfLessons,exam) VALUES ('542','Discipline ФМ-41','15','no');
INSERT INTO discipline (id,nameOfDiscipline,countOfLessons,exam) VALUES ('543','Discipline ФМ-42','15','no');
INSERT INTO discipline (id,nameOfDiscipline,countOfLessons,exam) VALUES ('544','Discipline ФМ-43','15','no');
INSERT INTO discipline (id,nameOfDiscipline,countOfLessons,exam) VALUES ('545','Discipline ФМ-44','15','no');
INSERT INTO discipline (id,nameOfDiscipline,countOfLessons,exam) VALUES ('546','Discipline ФМ-45','15','no');
INSERT INTO discipline (id,nameOfDiscipline,countOfLessons,exam) VALUES ('547','Discipline ФМ-46','15','no');
INSERT INTO discipline (id,nameOfDiscipline,countOfLessons,exam) VALUES ('548','Discipline ФМ-47','15','no');
INSERT INTO discipline (id,nameOfDiscipline,countOfLessons,exam) VALUES ('549','Discipline ФМ-48','15','no');
INSERT INTO discipline (id,nameOfDiscipline,countOfLessons,exam) VALUES ('550','Discipline ФМ-49','15','no');
INSERT INTO discipline (id,nameOfDiscipline,countOfLessons,exam) VALUES ('551','Discipline ФМ-50','15','no');
INSERT INTO discipline (id,nameOfDiscipline,countOfLessons,exam) VALUES ('552','Discipline ФМ-51','15','no');
INSERT INTO discipline (id,nameOfDiscipline,countOfLessons,exam) VALUES ('553','Discipline ФМ-52','15','no');
INSERT INTO discipline (id,nameOfDiscipline,countOfLessons,exam) VALUES ('554','Discipline ФМ-53','15','no');
INSERT INTO discipline (id,nameOfDiscipline,countOfLessons,exam) VALUES ('555','Discipline ФМ-54','15','no');
INSERT INTO discipline (id,nameOfDiscipline,countOfLessons,exam) VALUES ('556','Discipline ФМ-55','15','no');
INSERT INTO discipline (id,nameOfDiscipline,countOfLessons,exam) VALUES ('557','Discipline ФМ-56','15','no');
INSERT INTO discipline (id,nameOfDiscipline,countOfLessons,exam) VALUES ('558','Discipline ФМ-57','15','no');
INSERT INTO discipline (id,nameOfDiscipline,countOfLessons,exam) VALUES ('559','Discipline ФМ-58','15','no');
INSERT INTO discipline (id,nameOfDiscipline,countOfLessons,exam) VALUES ('560','Discipline ФМ-59','15','no');
INSERT INTO discipline (id,nameOfDiscipline,countOfLessons,exam) VALUES ('561','Discipline ФМ-60','15','no');
INSERT INTO discipline (id,nameOfDiscipline,countOfLessons,exam) VALUES ('562','Discipline ФМ-61','15','no');
INSERT INTO discipline (id,nameOfDiscipline,countOfLessons,exam) VALUES ('563','Discipline ФМ-62','15','no');
INSERT INTO discipline (id,nameOfDiscipline,countOfLessons,exam) VALUES ('564','Discipline ФМ-63','15','no');
INSERT INTO discipline (id,nameOfDiscipline,countOfLessons,exam) VALUES ('565','Discipline ФМ-64','15','no');
INSERT INTO discipline (id,nameOfDiscipline,countOfLessons,exam) VALUES ('566','Discipline ФМ-65','15','no');
INSERT INTO discipline (id,nameOfDiscipline,countOfLessons,exam) VALUES ('567','Discipline ФМ-66','15','no');
INSERT INTO discipline (id,nameOfDiscipline,countOfLessons,exam) VALUES ('568','Discipline ФМ-67','15','no');
INSERT INTO discipline (id,nameOfDiscipline,countOfLessons,exam) VALUES ('569','Discipline ФМ-68','15','no');
INSERT INTO discipline (id,nameOfDiscipline,countOfLessons,exam) VALUES ('570','Discipline ФМ-69','15','no');
INSERT INTO discipline (id,nameOfDiscipline,countOfLessons,exam) VALUES ('571','Discipline ФМ-70','15','no');
INSERT INTO discipline (id,nameOfDiscipline,countOfLessons,exam) VALUES ('572','Discipline ФМ-71','15','no');
INSERT INTO discipline (id,nameOfDiscipline,countOfLessons,exam) VALUES ('573','Discipline ФМ-72','15','no');
INSERT INTO discipline (id,nameOfDiscipline,countOfLessons,exam) VALUES ('574','Discipline ФМ-73','15','no');
INSERT INTO disciplineDepartmentDependency (ID,disciplineID,departmentID,courseNumber,semesterNumber) VALUES ('501','501','8','1','1');
INSERT INTO disciplineDepartmentDependency (ID,disciplineID,departmentID,courseNumber,semesterNumber) VALUES ('502','502','8','2','2');
INSERT INTO disciplineDepartmentDependency (ID,disciplineID,departmentID,courseNumber,semesterNumber) VALUES ('503','503','8','3','1');
INSERT INTO disciplineDepartmentDependency (ID,disciplineID,departmentID,courseNumber,semesterNumber) VALUES ('504','504','8','4','2');
INSERT INTO disciplineDepartmentDependency (ID,disciplineID,departmentID,courseNumber,semesterNumber) VALUES ('505','505','8','5','1');
INSERT INTO disciplineDepartmentDependency (ID,disciplineID,departmentID,courseNumber,semesterNumber) VALUES ('506','506','8','6','2');
INSERT INTO disciplineDepartmentDependency (ID,disciplineID,departmentID,courseNumber,semesterNumber) VALUES ('507','507','8','1','1');
INSERT INTO disciplineDepartmentDependency (ID,disciplineID,departmentID,courseNumber,semesterNumber) VALUES ('508','508','8','2','2');
INSERT INTO disciplineDepartmentDependency (ID,disciplineID,departmentID,courseNumber,semesterNumber) VALUES ('509','509','8','3','1');
INSERT INTO disciplineDepartmentDependency (ID,disciplineID,departmentID,courseNumber,semesterNumber) VALUES ('510','510','8','4','2');
INSERT INTO disciplineDepartmentDependency (ID,disciplineID,departmentID,courseNumber,semesterNumber) VALUES ('511','511','8','5','1');
INSERT INTO disciplineDepartmentDependency (ID,disciplineID,departmentID,courseNumber,semesterNumber) VALUES ('512','512','8','6','2');
INSERT INTO disciplineDepartmentDependency (ID,disciplineID,departmentID,courseNumber,semesterNumber) VALUES ('513','513','8','1','1');
INSERT INTO disciplineDepartmentDependency (ID,disciplineID,departmentID,courseNumber,semesterNumber) VALUES ('514','514','8','2','2');
INSERT INTO disciplineDepartmentDependency (ID,disciplineID,departmentID,courseNumber,semesterNumber) VALUES ('515','515','8','3','1');
INSERT INTO disciplineDepartmentDependency (ID,disciplineID,departmentID,courseNumber,semesterNumber) VALUES ('516','516','8','4','2');
INSERT INTO disciplineDepartmentDependency (ID,disciplineID,departmentID,courseNumber,semesterNumber) VALUES ('517','517','8','5','1');
INSERT INTO disciplineDepartmentDependency (ID,disciplineID,departmentID,courseNumber,semesterNumber) VALUES ('518','518','8','6','2');
INSERT INTO disciplineDepartmentDependency (ID,disciplineID,departmentID,courseNumber,semesterNumber) VALUES ('519','519','8','1','1');
INSERT INTO disciplineDepartmentDependency (ID,disciplineID,departmentID,courseNumber,semesterNumber) VALUES ('520','520','8','2','2');
INSERT INTO disciplineDepartmentDependency (ID,disciplineID,departmentID,courseNumber,semesterNumber) VALUES ('521','521','8','3','1');
INSERT INTO disciplineDepartmentDependency (ID,disciplineID,departmentID,courseNumber,semesterNumber) VALUES ('522','522','8','4','2');
INSERT INTO disciplineDepartmentDependency (ID,disciplineID,departmentID,courseNumber,semesterNumber) VALUES ('523','523','8','5','1');
INSERT INTO disciplineDepartmentDependency (ID,disciplineID,departmentID,courseNumber,semesterNumber) VALUES ('524','524','8','6','2');
INSERT INTO disciplineDepartmentDependency (ID,disciplineID,departmentID,courseNumber,semesterNumber) VALUES ('525','525','8','1','1');
INSERT INTO disciplineDepartmentDependency (ID,disciplineID,departmentID,courseNumber,semesterNumber) VALUES ('526','526','8','2','2');
INSERT INTO disciplineDepartmentDependency (ID,disciplineID,departmentID,courseNumber,semesterNumber) VALUES ('527','527','8','3','1');
INSERT INTO disciplineDepartmentDependency (ID,disciplineID,departmentID,courseNumber,semesterNumber) VALUES ('528','528','8','4','2');
INSERT INTO disciplineDepartmentDependency (ID,disciplineID,departmentID,courseNumber,semesterNumber) VALUES ('529','529','8','5','1');
INSERT INTO disciplineDepartmentDependency (ID,disciplineID,departmentID,courseNumber,semesterNumber) VALUES ('530','530','8','6','2');
INSERT INTO disciplineDepartmentDependency (ID,disciplineID,departmentID,courseNumber,semesterNumber) VALUES ('531','531','8','1','1');
INSERT INTO disciplineDepartmentDependency (ID,disciplineID,departmentID,courseNumber,semesterNumber) VALUES ('532','532','8','2','2');
INSERT INTO disciplineDepartmentDependency (ID,disciplineID,departmentID,courseNumber,semesterNumber) VALUES ('533','533','8','3','1');
INSERT INTO disciplineDepartmentDependency (ID,disciplineID,departmentID,courseNumber,semesterNumber) VALUES ('534','534','8','4','2');
INSERT INTO disciplineDepartmentDependency (ID,disciplineID,departmentID,courseNumber,semesterNumber) VALUES ('535','535','8','5','1');
INSERT INTO disciplineDepartmentDependency (ID,disciplineID,departmentID,courseNumber,semesterNumber) VALUES ('536','536','8','6','2');
INSERT INTO disciplineDepartmentDependency (ID,disciplineID,departmentID,courseNumber,semesterNumber) VALUES ('537','537','8','1','1');
INSERT INTO disciplineDepartmentDependency (ID,disciplineID,departmentID,courseNumber,semesterNumber) VALUES ('538','538','8','2','2');
INSERT INTO disciplineDepartmentDependency (ID,disciplineID,departmentID,courseNumber,semesterNumber) VALUES ('539','539','8','3','1');
INSERT INTO disciplineDepartmentDependency (ID,disciplineID,departmentID,courseNumber,semesterNumber) VALUES ('540','540','8','4','2');
INSERT INTO disciplineDepartmentDependency (ID,disciplineID,departmentID,courseNumber,semesterNumber) VALUES ('541','541','8','5','1');
INSERT INTO disciplineDepartmentDependency (ID,disciplineID,departmentID,courseNumber,semesterNumber) VALUES ('542','542','8','6','2');
INSERT INTO disciplineDepartmentDependency (ID,disciplineID,departmentID,courseNumber,semesterNumber) VALUES ('543','543','8','1','1');
INSERT INTO disciplineDepartmentDependency (ID,disciplineID,departmentID,courseNumber,semesterNumber) VALUES ('544','544','8','2','2');
INSERT INTO disciplineDepartmentDependency (ID,disciplineID,departmentID,courseNumber,semesterNumber) VALUES ('545','545','8','3','1');
INSERT INTO disciplineDepartmentDependency (ID,disciplineID,departmentID,courseNumber,semesterNumber) VALUES ('546','546','8','4','2');
INSERT INTO disciplineDepartmentDependency (ID,disciplineID,departmentID,courseNumber,semesterNumber) VALUES ('547','547','8','5','1');
INSERT INTO disciplineDepartmentDependency (ID,disciplineID,departmentID,courseNumber,semesterNumber) VALUES ('548','548','8','6','2');
INSERT INTO disciplineDepartmentDependency (ID,disciplineID,departmentID,courseNumber,semesterNumber) VALUES ('549','549','8','1','1');
INSERT INTO disciplineDepartmentDependency (ID,disciplineID,departmentID,courseNumber,semesterNumber) VALUES ('550','550','8','2','2');
INSERT INTO disciplineDepartmentDependency (ID,disciplineID,departmentID,courseNumber,semesterNumber) VALUES ('551','551','8','3','1');
INSERT INTO disciplineDepartmentDependency (ID,disciplineID,departmentID,courseNumber,semesterNumber) VALUES ('552','552','8','4','2');
INSERT INTO disciplineDepartmentDependency (ID,disciplineID,departmentID,courseNumber,semesterNumber) VALUES ('553','553','8','5','1');
INSERT INTO disciplineDepartmentDependency (ID,disciplineID,departmentID,courseNumber,semesterNumber) VALUES ('554','554','8','6','2');
INSERT INTO disciplineDepartmentDependency (ID,disciplineID,departmentID,courseNumber,semesterNumber) VALUES ('555','555','8','1','1');
INSERT INTO disciplineDepartmentDependency (ID,disciplineID,departmentID,courseNumber,semesterNumber) VALUES ('556','556','8','2','2');
INSERT INTO disciplineDepartmentDependency (ID,disciplineID,departmentID,courseNumber,semesterNumber) VALUES ('557','557','8','3','1');
INSERT INTO disciplineDepartmentDependency (ID,disciplineID,departmentID,courseNumber,semesterNumber) VALUES ('558','558','8','4','2');
INSERT INTO disciplineDepartmentDependency (ID,disciplineID,departmentID,courseNumber,semesterNumber) VALUES ('559','559','8','5','1');
INSERT INTO disciplineDepartmentDependency (ID,disciplineID,departmentID,courseNumber,semesterNumber) VALUES ('560','560','8','6','2');
INSERT INTO disciplineDepartmentDependency (ID,disciplineID,departmentID,courseNumber,semesterNumber) VALUES ('561','561','8','1','1');
INSERT INTO disciplineDepartmentDependency (ID,disciplineID,departmentID,courseNumber,semesterNumber) VALUES ('562','562','8','2','2');
INSERT INTO disciplineDepartmentDependency (ID,disciplineID,departmentID,courseNumber,semesterNumber) VALUES ('563','563','8','3','1');
INSERT INTO disciplineDepartmentDependency (ID,disciplineID,departmentID,courseNumber,semesterNumber) VALUES ('564','564','8','4','2');
INSERT INTO disciplineDepartmentDependency (ID,disciplineID,departmentID,courseNumber,semesterNumber) VALUES ('565','565','8','5','1');
INSERT INTO disciplineDepartmentDependency (ID,disciplineID,departmentID,courseNumber,semesterNumber) VALUES ('566','566','8','6','2');
INSERT INTO disciplineDepartmentDependency (ID,disciplineID,departmentID,courseNumber,semesterNumber) VALUES ('567','567','8','1','1');
INSERT INTO disciplineDepartmentDependency (ID,disciplineID,departmentID,courseNumber,semesterNumber) VALUES ('568','568','8','2','2');
INSERT INTO disciplineDepartmentDependency (ID,disciplineID,departmentID,courseNumber,semesterNumber) VALUES ('569','569','8','3','1');
INSERT INTO disciplineDepartmentDependency (ID,disciplineID,departmentID,courseNumber,semesterNumber) VALUES ('570','570','8','4','2');
INSERT INTO disciplineDepartmentDependency (ID,disciplineID,departmentID,courseNumber,semesterNumber) VALUES ('571','571','8','5','1');
INSERT INTO disciplineDepartmentDependency (ID,disciplineID,departmentID,courseNumber,semesterNumber) VALUES ('572','572','8','6','2');
INSERT INTO disciplineDepartmentDependency (ID,disciplineID,departmentID,courseNumber,semesterNumber) VALUES ('573','573','8','1','1');
INSERT INTO disciplineDepartmentDependency (ID,disciplineID,departmentID,courseNumber,semesterNumber) VALUES ('574','574','8','2','2');
INSERT INTO loginpass (ID,login,password,access_type) VALUES ('16','BORXSLAVAGOLUB@live.de','0WWr1Dr$','employee');
INSERT INTO employee (name,lastName,fathersName,personalID,sex,email,phoneNumber,dateOfBorn,address,passport,login,office,ID,departmentID) VALUES ('Борислава','ГОЛУБ','Хомівна','8124861854','f','BORXSLAVAGOLUB@live.de','0932638544','1963-01-25','41750 Коростень Кірова 36, 135','VU715253 ГУМВС 9','BORXSLAVAGOLUB@live.de','HR','15','8');
INSERT INTO loginpass (ID,login,password,access_type) VALUES ('17','BOGUMXRABABENKO@wanadoo.co.uk','FcUXjTy0','employee');
INSERT INTO employee (name,lastName,fathersName,personalID,sex,email,phoneNumber,dateOfBorn,address,passport,login,office,ID,departmentID) VALUES ('Богумира','БАБЕНКО','Григорівна','2735253604','f','BOGUMXRABABENKO@wanadoo.co.uk','0633032701','1973-09-15','72044 Луганськ Золотоніська 7, 58','QL671218 ГУМВС 38','BOGUMXRABABENKO@wanadoo.co.uk','HR','16','8');
INSERT INTO loginpass (ID,login,password,access_type) VALUES ('18','BRATXSLAVSEMENQK@btinternet.com','$CGHZ!XM','employee');
INSERT INTO employee (name,lastName,fathersName,personalID,sex,email,phoneNumber,dateOfBorn,address,passport,login,office,ID,departmentID) VALUES ('Братислав','СЕМЕНЮК','Кузьмич','4384482506','m','BRATXSLAVSEMENQK@btinternet.com','0398183800','1976-04-13','72255 Комсомольськ Героїв Дніпра 98, 43','FY716686 ГУМВС 9','BRATXSLAVSEMENQK@btinternet.com','HR','17','8');
INSERT INTO gtgroup (id,fullGroupName,courseNumber,departmentID) VALUES ('84','ФМ-10','1','8');
INSERT INTO gtgroup (id,fullGroupName,courseNumber,departmentID) VALUES ('85','ФМ-11','1','8');
INSERT INTO gtgroup (id,fullGroupName,courseNumber,departmentID) VALUES ('86','ФМ-20','2','8');
INSERT INTO gtgroup (id,fullGroupName,courseNumber,departmentID) VALUES ('87','ФМ-21','2','8');
INSERT INTO gtgroup (id,fullGroupName,courseNumber,departmentID) VALUES ('88','ФМ-30','3','8');
INSERT INTO gtgroup (id,fullGroupName,courseNumber,departmentID) VALUES ('89','ФМ-31','3','8');
INSERT INTO gtgroup (id,fullGroupName,courseNumber,departmentID) VALUES ('90','ФМ-40','4','8');
INSERT INTO gtgroup (id,fullGroupName,courseNumber,departmentID) VALUES ('91','ФМ-41','4','8');
INSERT INTO gtgroup (id,fullGroupName,courseNumber,departmentID) VALUES ('92','ФМ-50','5','8');
INSERT INTO gtgroup (id,fullGroupName,courseNumber,departmentID) VALUES ('93','ФМ-51','5','8');
INSERT INTO gtgroup (id,fullGroupName,courseNumber,departmentID) VALUES ('94','ФМ-60','6','8');
INSERT INTO gtgroup (id,fullGroupName,courseNumber,departmentID) VALUES ('95','ФМ-61','6','8');
INSERT INTO dayRequirements (id,departmentID,countOfDaysInWeek,countOfLessonsInADay) VALUES ('8','9','6','5');
INSERT INTO discipline (id,nameOfDiscipline,countOfLessons,exam) VALUES ('575','Discipline ХПСМ-0','15','no');
INSERT INTO discipline (id,nameOfDiscipline,countOfLessons,exam) VALUES ('576','Discipline ХПСМ-1','15','no');
INSERT INTO discipline (id,nameOfDiscipline,countOfLessons,exam) VALUES ('577','Discipline ХПСМ-2','15','no');
INSERT INTO discipline (id,nameOfDiscipline,countOfLessons,exam) VALUES ('578','Discipline ХПСМ-3','15','no');
INSERT INTO discipline (id,nameOfDiscipline,countOfLessons,exam) VALUES ('579','Discipline ХПСМ-4','15','no');
INSERT INTO discipline (id,nameOfDiscipline,countOfLessons,exam) VALUES ('580','Discipline ХПСМ-5','15','no');
INSERT INTO discipline (id,nameOfDiscipline,countOfLessons,exam) VALUES ('581','Discipline ХПСМ-6','15','no');
INSERT INTO discipline (id,nameOfDiscipline,countOfLessons,exam) VALUES ('582','Discipline ХПСМ-7','15','no');
INSERT INTO discipline (id,nameOfDiscipline,countOfLessons,exam) VALUES ('583','Discipline ХПСМ-8','15','no');
INSERT INTO discipline (id,nameOfDiscipline,countOfLessons,exam) VALUES ('584','Discipline ХПСМ-9','15','no');
INSERT INTO discipline (id,nameOfDiscipline,countOfLessons,exam) VALUES ('585','Discipline ХПСМ-10','15','no');
INSERT INTO discipline (id,nameOfDiscipline,countOfLessons,exam) VALUES ('586','Discipline ХПСМ-11','15','no');
INSERT INTO discipline (id,nameOfDiscipline,countOfLessons,exam) VALUES ('587','Discipline ХПСМ-12','15','no');
INSERT INTO discipline (id,nameOfDiscipline,countOfLessons,exam) VALUES ('588','Discipline ХПСМ-13','15','no');
INSERT INTO discipline (id,nameOfDiscipline,countOfLessons,exam) VALUES ('589','Discipline ХПСМ-14','15','no');
INSERT INTO discipline (id,nameOfDiscipline,countOfLessons,exam) VALUES ('590','Discipline ХПСМ-15','15','no');
INSERT INTO discipline (id,nameOfDiscipline,countOfLessons,exam) VALUES ('591','Discipline ХПСМ-16','15','no');
INSERT INTO discipline (id,nameOfDiscipline,countOfLessons,exam) VALUES ('592','Discipline ХПСМ-17','15','no');
INSERT INTO discipline (id,nameOfDiscipline,countOfLessons,exam) VALUES ('593','Discipline ХПСМ-18','15','no');
INSERT INTO discipline (id,nameOfDiscipline,countOfLessons,exam) VALUES ('594','Discipline ХПСМ-19','15','no');
INSERT INTO discipline (id,nameOfDiscipline,countOfLessons,exam) VALUES ('595','Discipline ХПСМ-20','15','no');
INSERT INTO discipline (id,nameOfDiscipline,countOfLessons,exam) VALUES ('596','Discipline ХПСМ-21','15','no');
INSERT INTO discipline (id,nameOfDiscipline,countOfLessons,exam) VALUES ('597','Discipline ХПСМ-22','15','no');
INSERT INTO discipline (id,nameOfDiscipline,countOfLessons,exam) VALUES ('598','Discipline ХПСМ-23','15','no');
INSERT INTO discipline (id,nameOfDiscipline,countOfLessons,exam) VALUES ('599','Discipline ХПСМ-24','15','no');
INSERT INTO discipline (id,nameOfDiscipline,countOfLessons,exam) VALUES ('600','Discipline ХПСМ-25','15','no');
INSERT INTO discipline (id,nameOfDiscipline,countOfLessons,exam) VALUES ('601','Discipline ХПСМ-26','15','no');
INSERT INTO discipline (id,nameOfDiscipline,countOfLessons,exam) VALUES ('602','Discipline ХПСМ-27','15','no');
INSERT INTO discipline (id,nameOfDiscipline,countOfLessons,exam) VALUES ('603','Discipline ХПСМ-28','15','no');
INSERT INTO discipline (id,nameOfDiscipline,countOfLessons,exam) VALUES ('604','Discipline ХПСМ-29','15','no');
INSERT INTO discipline (id,nameOfDiscipline,countOfLessons,exam) VALUES ('605','Discipline ХПСМ-30','15','no');
INSERT INTO discipline (id,nameOfDiscipline,countOfLessons,exam) VALUES ('606','Discipline ХПСМ-31','15','no');
INSERT INTO discipline (id,nameOfDiscipline,countOfLessons,exam) VALUES ('607','Discipline ХПСМ-32','15','no');
INSERT INTO discipline (id,nameOfDiscipline,countOfLessons,exam) VALUES ('608','Discipline ХПСМ-33','15','no');
INSERT INTO discipline (id,nameOfDiscipline,countOfLessons,exam) VALUES ('609','Discipline ХПСМ-34','15','no');
INSERT INTO discipline (id,nameOfDiscipline,countOfLessons,exam) VALUES ('610','Discipline ХПСМ-35','15','no');
INSERT INTO discipline (id,nameOfDiscipline,countOfLessons,exam) VALUES ('611','Discipline ХПСМ-36','15','no');
INSERT INTO discipline (id,nameOfDiscipline,countOfLessons,exam) VALUES ('612','Discipline ХПСМ-37','15','no');
INSERT INTO discipline (id,nameOfDiscipline,countOfLessons,exam) VALUES ('613','Discipline ХПСМ-38','15','no');
INSERT INTO discipline (id,nameOfDiscipline,countOfLessons,exam) VALUES ('614','Discipline ХПСМ-39','15','no');
INSERT INTO discipline (id,nameOfDiscipline,countOfLessons,exam) VALUES ('615','Discipline ХПСМ-40','15','no');
INSERT INTO discipline (id,nameOfDiscipline,countOfLessons,exam) VALUES ('616','Discipline ХПСМ-41','15','no');
INSERT INTO discipline (id,nameOfDiscipline,countOfLessons,exam) VALUES ('617','Discipline ХПСМ-42','15','no');
INSERT INTO discipline (id,nameOfDiscipline,countOfLessons,exam) VALUES ('618','Discipline ХПСМ-43','15','no');
INSERT INTO discipline (id,nameOfDiscipline,countOfLessons,exam) VALUES ('619','Discipline ХПСМ-44','15','no');
INSERT INTO discipline (id,nameOfDiscipline,countOfLessons,exam) VALUES ('620','Discipline ХПСМ-45','15','no');
INSERT INTO discipline (id,nameOfDiscipline,countOfLessons,exam) VALUES ('621','Discipline ХПСМ-46','15','no');
INSERT INTO discipline (id,nameOfDiscipline,countOfLessons,exam) VALUES ('622','Discipline ХПСМ-47','15','no');
INSERT INTO discipline (id,nameOfDiscipline,countOfLessons,exam) VALUES ('623','Discipline ХПСМ-48','15','no');
INSERT INTO discipline (id,nameOfDiscipline,countOfLessons,exam) VALUES ('624','Discipline ХПСМ-49','15','no');
INSERT INTO discipline (id,nameOfDiscipline,countOfLessons,exam) VALUES ('625','Discipline ХПСМ-50','15','no');
INSERT INTO discipline (id,nameOfDiscipline,countOfLessons,exam) VALUES ('626','Discipline ХПСМ-51','15','no');
INSERT INTO discipline (id,nameOfDiscipline,countOfLessons,exam) VALUES ('627','Discipline ХПСМ-52','15','no');
INSERT INTO discipline (id,nameOfDiscipline,countOfLessons,exam) VALUES ('628','Discipline ХПСМ-53','15','no');
INSERT INTO discipline (id,nameOfDiscipline,countOfLessons,exam) VALUES ('629','Discipline ХПСМ-54','15','no');
INSERT INTO discipline (id,nameOfDiscipline,countOfLessons,exam) VALUES ('630','Discipline ХПСМ-55','15','no');
INSERT INTO discipline (id,nameOfDiscipline,countOfLessons,exam) VALUES ('631','Discipline ХПСМ-56','15','no');
INSERT INTO discipline (id,nameOfDiscipline,countOfLessons,exam) VALUES ('632','Discipline ХПСМ-57','15','no');
INSERT INTO discipline (id,nameOfDiscipline,countOfLessons,exam) VALUES ('633','Discipline ХПСМ-58','15','no');
INSERT INTO discipline (id,nameOfDiscipline,countOfLessons,exam) VALUES ('634','Discipline ХПСМ-59','15','no');
INSERT INTO discipline (id,nameOfDiscipline,countOfLessons,exam) VALUES ('635','Discipline ХПСМ-60','15','no');
INSERT INTO disciplineDepartmentDependency (ID,disciplineID,departmentID,courseNumber,semesterNumber) VALUES ('575','575','9','1','1');
INSERT INTO disciplineDepartmentDependency (ID,disciplineID,departmentID,courseNumber,semesterNumber) VALUES ('576','576','9','2','2');
INSERT INTO disciplineDepartmentDependency (ID,disciplineID,departmentID,courseNumber,semesterNumber) VALUES ('577','577','9','3','1');
INSERT INTO disciplineDepartmentDependency (ID,disciplineID,departmentID,courseNumber,semesterNumber) VALUES ('578','578','9','4','2');
INSERT INTO disciplineDepartmentDependency (ID,disciplineID,departmentID,courseNumber,semesterNumber) VALUES ('579','579','9','5','1');
INSERT INTO disciplineDepartmentDependency (ID,disciplineID,departmentID,courseNumber,semesterNumber) VALUES ('580','580','9','6','2');
INSERT INTO disciplineDepartmentDependency (ID,disciplineID,departmentID,courseNumber,semesterNumber) VALUES ('581','581','9','1','1');
INSERT INTO disciplineDepartmentDependency (ID,disciplineID,departmentID,courseNumber,semesterNumber) VALUES ('582','582','9','2','2');
INSERT INTO disciplineDepartmentDependency (ID,disciplineID,departmentID,courseNumber,semesterNumber) VALUES ('583','583','9','3','1');
INSERT INTO disciplineDepartmentDependency (ID,disciplineID,departmentID,courseNumber,semesterNumber) VALUES ('584','584','9','4','2');
INSERT INTO disciplineDepartmentDependency (ID,disciplineID,departmentID,courseNumber,semesterNumber) VALUES ('585','585','9','5','1');
INSERT INTO disciplineDepartmentDependency (ID,disciplineID,departmentID,courseNumber,semesterNumber) VALUES ('586','586','9','6','2');
INSERT INTO disciplineDepartmentDependency (ID,disciplineID,departmentID,courseNumber,semesterNumber) VALUES ('587','587','9','1','1');
INSERT INTO disciplineDepartmentDependency (ID,disciplineID,departmentID,courseNumber,semesterNumber) VALUES ('588','588','9','2','2');
INSERT INTO disciplineDepartmentDependency (ID,disciplineID,departmentID,courseNumber,semesterNumber) VALUES ('589','589','9','3','1');
INSERT INTO disciplineDepartmentDependency (ID,disciplineID,departmentID,courseNumber,semesterNumber) VALUES ('590','590','9','4','2');
INSERT INTO disciplineDepartmentDependency (ID,disciplineID,departmentID,courseNumber,semesterNumber) VALUES ('591','591','9','5','1');
INSERT INTO disciplineDepartmentDependency (ID,disciplineID,departmentID,courseNumber,semesterNumber) VALUES ('592','592','9','6','2');
INSERT INTO disciplineDepartmentDependency (ID,disciplineID,departmentID,courseNumber,semesterNumber) VALUES ('593','593','9','1','1');
INSERT INTO disciplineDepartmentDependency (ID,disciplineID,departmentID,courseNumber,semesterNumber) VALUES ('594','594','9','2','2');
INSERT INTO disciplineDepartmentDependency (ID,disciplineID,departmentID,courseNumber,semesterNumber) VALUES ('595','595','9','3','1');
INSERT INTO disciplineDepartmentDependency (ID,disciplineID,departmentID,courseNumber,semesterNumber) VALUES ('596','596','9','4','2');
INSERT INTO disciplineDepartmentDependency (ID,disciplineID,departmentID,courseNumber,semesterNumber) VALUES ('597','597','9','5','1');
INSERT INTO disciplineDepartmentDependency (ID,disciplineID,departmentID,courseNumber,semesterNumber) VALUES ('598','598','9','6','2');
INSERT INTO disciplineDepartmentDependency (ID,disciplineID,departmentID,courseNumber,semesterNumber) VALUES ('599','599','9','1','1');
INSERT INTO disciplineDepartmentDependency (ID,disciplineID,departmentID,courseNumber,semesterNumber) VALUES ('600','600','9','2','2');
INSERT INTO disciplineDepartmentDependency (ID,disciplineID,departmentID,courseNumber,semesterNumber) VALUES ('601','601','9','3','1');
INSERT INTO disciplineDepartmentDependency (ID,disciplineID,departmentID,courseNumber,semesterNumber) VALUES ('602','602','9','4','2');
INSERT INTO disciplineDepartmentDependency (ID,disciplineID,departmentID,courseNumber,semesterNumber) VALUES ('603','603','9','5','1');
INSERT INTO disciplineDepartmentDependency (ID,disciplineID,departmentID,courseNumber,semesterNumber) VALUES ('604','604','9','6','2');
INSERT INTO disciplineDepartmentDependency (ID,disciplineID,departmentID,courseNumber,semesterNumber) VALUES ('605','605','9','1','1');
INSERT INTO disciplineDepartmentDependency (ID,disciplineID,departmentID,courseNumber,semesterNumber) VALUES ('606','606','9','2','2');
INSERT INTO disciplineDepartmentDependency (ID,disciplineID,departmentID,courseNumber,semesterNumber) VALUES ('607','607','9','3','1');
INSERT INTO disciplineDepartmentDependency (ID,disciplineID,departmentID,courseNumber,semesterNumber) VALUES ('608','608','9','4','2');
INSERT INTO disciplineDepartmentDependency (ID,disciplineID,departmentID,courseNumber,semesterNumber) VALUES ('609','609','9','5','1');
INSERT INTO disciplineDepartmentDependency (ID,disciplineID,departmentID,courseNumber,semesterNumber) VALUES ('610','610','9','6','2');
INSERT INTO disciplineDepartmentDependency (ID,disciplineID,departmentID,courseNumber,semesterNumber) VALUES ('611','611','9','1','1');
INSERT INTO disciplineDepartmentDependency (ID,disciplineID,departmentID,courseNumber,semesterNumber) VALUES ('612','612','9','2','2');
INSERT INTO disciplineDepartmentDependency (ID,disciplineID,departmentID,courseNumber,semesterNumber) VALUES ('613','613','9','3','1');
INSERT INTO disciplineDepartmentDependency (ID,disciplineID,departmentID,courseNumber,semesterNumber) VALUES ('614','614','9','4','2');
INSERT INTO disciplineDepartmentDependency (ID,disciplineID,departmentID,courseNumber,semesterNumber) VALUES ('615','615','9','5','1');
INSERT INTO disciplineDepartmentDependency (ID,disciplineID,departmentID,courseNumber,semesterNumber) VALUES ('616','616','9','6','2');
INSERT INTO disciplineDepartmentDependency (ID,disciplineID,departmentID,courseNumber,semesterNumber) VALUES ('617','617','9','1','1');
INSERT INTO disciplineDepartmentDependency (ID,disciplineID,departmentID,courseNumber,semesterNumber) VALUES ('618','618','9','2','2');
INSERT INTO disciplineDepartmentDependency (ID,disciplineID,departmentID,courseNumber,semesterNumber) VALUES ('619','619','9','3','1');
INSERT INTO disciplineDepartmentDependency (ID,disciplineID,departmentID,courseNumber,semesterNumber) VALUES ('620','620','9','4','2');
INSERT INTO disciplineDepartmentDependency (ID,disciplineID,departmentID,courseNumber,semesterNumber) VALUES ('621','621','9','5','1');
INSERT INTO disciplineDepartmentDependency (ID,disciplineID,departmentID,courseNumber,semesterNumber) VALUES ('622','622','9','6','2');
INSERT INTO disciplineDepartmentDependency (ID,disciplineID,departmentID,courseNumber,semesterNumber) VALUES ('623','623','9','1','1');
INSERT INTO disciplineDepartmentDependency (ID,disciplineID,departmentID,courseNumber,semesterNumber) VALUES ('624','624','9','2','2');
INSERT INTO disciplineDepartmentDependency (ID,disciplineID,departmentID,courseNumber,semesterNumber) VALUES ('625','625','9','3','1');
INSERT INTO disciplineDepartmentDependency (ID,disciplineID,departmentID,courseNumber,semesterNumber) VALUES ('626','626','9','4','2');
INSERT INTO disciplineDepartmentDependency (ID,disciplineID,departmentID,courseNumber,semesterNumber) VALUES ('627','627','9','5','1');
INSERT INTO disciplineDepartmentDependency (ID,disciplineID,departmentID,courseNumber,semesterNumber) VALUES ('628','628','9','6','2');
INSERT INTO disciplineDepartmentDependency (ID,disciplineID,departmentID,courseNumber,semesterNumber) VALUES ('629','629','9','1','1');
INSERT INTO disciplineDepartmentDependency (ID,disciplineID,departmentID,courseNumber,semesterNumber) VALUES ('630','630','9','2','2');
INSERT INTO disciplineDepartmentDependency (ID,disciplineID,departmentID,courseNumber,semesterNumber) VALUES ('631','631','9','3','1');
INSERT INTO disciplineDepartmentDependency (ID,disciplineID,departmentID,courseNumber,semesterNumber) VALUES ('632','632','9','4','2');
INSERT INTO disciplineDepartmentDependency (ID,disciplineID,departmentID,courseNumber,semesterNumber) VALUES ('633','633','9','5','1');
INSERT INTO disciplineDepartmentDependency (ID,disciplineID,departmentID,courseNumber,semesterNumber) VALUES ('634','634','9','6','2');
INSERT INTO disciplineDepartmentDependency (ID,disciplineID,departmentID,courseNumber,semesterNumber) VALUES ('635','635','9','1','1');
INSERT INTO loginpass (ID,login,password,access_type) VALUES ('19','GRADXMXRLEVZENKO@btinternet.com','8siJE!Qg','employee');
INSERT INTO employee (name,lastName,fathersName,personalID,sex,email,phoneNumber,dateOfBorn,address,passport,login,office,ID,departmentID) VALUES ('Градимир','ЛЕВЧЕНКО','Миколайович','2827246435','m','GRADXMXRLEVZENKO@btinternet.com','0964770267','1985-07-09','45208 Євпаторія Громова 14, 238','QO121836 ГУМВС 32','GRADXMXRLEVZENKO@btinternet.com','HR','18','9');
INSERT INTO loginpass (ID,login,password,access_type) VALUES ('20','VXQEWORMAKSXMENKO@t-online.de','uxMld6DB','employee');
INSERT INTO employee (name,lastName,fathersName,personalID,sex,email,phoneNumber,dateOfBorn,address,passport,login,office,ID,departmentID) VALUES ('Вишезор','МАКСИМЕНКО','Григорович','4221748320','m','VXQEWORMAKSXMENKO@t-online.de','0501344063','1985-03-05','01318 Іллічівськ Комсомольський ІІІ-й 16, 4','MJ161117 ГУМВС 28','VXQEWORMAKSXMENKO@t-online.de','HR','19','9');
INSERT INTO loginpass (ID,login,password,access_type) VALUES ('21','BOGOVISTAMARZUK@live.de','anDfTed4','employee');
INSERT INTO employee (name,lastName,fathersName,personalID,sex,email,phoneNumber,dateOfBorn,address,passport,login,office,ID,departmentID) VALUES ('Боговіста','МАРЧУК','Григорівна','4616613714','f','BOGOVISTAMARZUK@live.de','0661138188','1959-01-02','73318 Ужгород Героїв Дніпра 44, 207','GI566528 ГУМВС 49','BOGOVISTAMARZUK@live.de','HR','20','9');
INSERT INTO loginpass (ID,login,password,access_type) VALUES ('22','DOBROLQBWINZENKO@orange.net','ejNkP05e','employee');
INSERT INTO employee (name,lastName,fathersName,personalID,sex,email,phoneNumber,dateOfBorn,address,passport,login,office,ID,departmentID) VALUES ('Добролюб','ЗІНЧЕНКО','Лукич','2366540663','m','DOBROLQBWINZENKO@orange.net','0662152275','1977-11-23','85253 Вишневе Громова 44, 30','BF477416 ГУМВС 31','DOBROLQBWINZENKO@orange.net','HR','21','9');
INSERT INTO gtgroup (id,fullGroupName,courseNumber,departmentID) VALUES ('96','ХПСМ-10','1','9');
INSERT INTO gtgroup (id,fullGroupName,courseNumber,departmentID) VALUES ('97','ХПСМ-20','2','9');
INSERT INTO gtgroup (id,fullGroupName,courseNumber,departmentID) VALUES ('98','ХПСМ-30','3','9');
INSERT INTO gtgroup (id,fullGroupName,courseNumber,departmentID) VALUES ('99','ХПСМ-40','4','9');
INSERT INTO gtgroup (id,fullGroupName,courseNumber,departmentID) VALUES ('100','ХПСМ-50','5','9');
INSERT INTO gtgroup (id,fullGroupName,courseNumber,departmentID) VALUES ('101','ХПСМ-60','6','9');
INSERT INTO dayRequirements (id,departmentID,countOfDaysInWeek,countOfLessonsInADay) VALUES ('9','10','6','5');
INSERT INTO discipline (id,nameOfDiscipline,countOfLessons,exam) VALUES ('636','Discipline АХВ-0','15','no');
INSERT INTO discipline (id,nameOfDiscipline,countOfLessons,exam) VALUES ('637','Discipline АХВ-1','15','no');
INSERT INTO discipline (id,nameOfDiscipline,countOfLessons,exam) VALUES ('638','Discipline АХВ-2','15','no');
INSERT INTO discipline (id,nameOfDiscipline,countOfLessons,exam) VALUES ('639','Discipline АХВ-3','15','no');
INSERT INTO discipline (id,nameOfDiscipline,countOfLessons,exam) VALUES ('640','Discipline АХВ-4','15','no');
INSERT INTO discipline (id,nameOfDiscipline,countOfLessons,exam) VALUES ('641','Discipline АХВ-5','15','no');
INSERT INTO discipline (id,nameOfDiscipline,countOfLessons,exam) VALUES ('642','Discipline АХВ-6','15','no');
INSERT INTO discipline (id,nameOfDiscipline,countOfLessons,exam) VALUES ('643','Discipline АХВ-7','15','no');
INSERT INTO discipline (id,nameOfDiscipline,countOfLessons,exam) VALUES ('644','Discipline АХВ-8','15','no');
INSERT INTO discipline (id,nameOfDiscipline,countOfLessons,exam) VALUES ('645','Discipline АХВ-9','15','no');
INSERT INTO discipline (id,nameOfDiscipline,countOfLessons,exam) VALUES ('646','Discipline АХВ-10','15','no');
INSERT INTO discipline (id,nameOfDiscipline,countOfLessons,exam) VALUES ('647','Discipline АХВ-11','15','no');
INSERT INTO discipline (id,nameOfDiscipline,countOfLessons,exam) VALUES ('648','Discipline АХВ-12','15','no');
INSERT INTO discipline (id,nameOfDiscipline,countOfLessons,exam) VALUES ('649','Discipline АХВ-13','15','no');
INSERT INTO discipline (id,nameOfDiscipline,countOfLessons,exam) VALUES ('650','Discipline АХВ-14','15','no');
INSERT INTO discipline (id,nameOfDiscipline,countOfLessons,exam) VALUES ('651','Discipline АХВ-15','15','no');
INSERT INTO discipline (id,nameOfDiscipline,countOfLessons,exam) VALUES ('652','Discipline АХВ-16','15','no');
INSERT INTO discipline (id,nameOfDiscipline,countOfLessons,exam) VALUES ('653','Discipline АХВ-17','15','no');
INSERT INTO discipline (id,nameOfDiscipline,countOfLessons,exam) VALUES ('654','Discipline АХВ-18','15','no');
INSERT INTO discipline (id,nameOfDiscipline,countOfLessons,exam) VALUES ('655','Discipline АХВ-19','15','no');
INSERT INTO discipline (id,nameOfDiscipline,countOfLessons,exam) VALUES ('656','Discipline АХВ-20','15','no');
INSERT INTO discipline (id,nameOfDiscipline,countOfLessons,exam) VALUES ('657','Discipline АХВ-21','15','no');
INSERT INTO discipline (id,nameOfDiscipline,countOfLessons,exam) VALUES ('658','Discipline АХВ-22','15','no');
INSERT INTO discipline (id,nameOfDiscipline,countOfLessons,exam) VALUES ('659','Discipline АХВ-23','15','no');
INSERT INTO discipline (id,nameOfDiscipline,countOfLessons,exam) VALUES ('660','Discipline АХВ-24','15','no');
INSERT INTO discipline (id,nameOfDiscipline,countOfLessons,exam) VALUES ('661','Discipline АХВ-25','15','no');
INSERT INTO discipline (id,nameOfDiscipline,countOfLessons,exam) VALUES ('662','Discipline АХВ-26','15','no');
INSERT INTO discipline (id,nameOfDiscipline,countOfLessons,exam) VALUES ('663','Discipline АХВ-27','15','no');
INSERT INTO discipline (id,nameOfDiscipline,countOfLessons,exam) VALUES ('664','Discipline АХВ-28','15','no');
INSERT INTO discipline (id,nameOfDiscipline,countOfLessons,exam) VALUES ('665','Discipline АХВ-29','15','no');
INSERT INTO discipline (id,nameOfDiscipline,countOfLessons,exam) VALUES ('666','Discipline АХВ-30','15','no');
INSERT INTO discipline (id,nameOfDiscipline,countOfLessons,exam) VALUES ('667','Discipline АХВ-31','15','no');
INSERT INTO discipline (id,nameOfDiscipline,countOfLessons,exam) VALUES ('668','Discipline АХВ-32','15','no');
INSERT INTO discipline (id,nameOfDiscipline,countOfLessons,exam) VALUES ('669','Discipline АХВ-33','15','no');
INSERT INTO discipline (id,nameOfDiscipline,countOfLessons,exam) VALUES ('670','Discipline АХВ-34','15','no');
INSERT INTO discipline (id,nameOfDiscipline,countOfLessons,exam) VALUES ('671','Discipline АХВ-35','15','no');
INSERT INTO discipline (id,nameOfDiscipline,countOfLessons,exam) VALUES ('672','Discipline АХВ-36','15','no');
INSERT INTO discipline (id,nameOfDiscipline,countOfLessons,exam) VALUES ('673','Discipline АХВ-37','15','no');
INSERT INTO discipline (id,nameOfDiscipline,countOfLessons,exam) VALUES ('674','Discipline АХВ-38','15','no');
INSERT INTO discipline (id,nameOfDiscipline,countOfLessons,exam) VALUES ('675','Discipline АХВ-39','15','no');
INSERT INTO discipline (id,nameOfDiscipline,countOfLessons,exam) VALUES ('676','Discipline АХВ-40','15','no');
INSERT INTO discipline (id,nameOfDiscipline,countOfLessons,exam) VALUES ('677','Discipline АХВ-41','15','no');
INSERT INTO discipline (id,nameOfDiscipline,countOfLessons,exam) VALUES ('678','Discipline АХВ-42','15','no');
INSERT INTO discipline (id,nameOfDiscipline,countOfLessons,exam) VALUES ('679','Discipline АХВ-43','15','no');
INSERT INTO discipline (id,nameOfDiscipline,countOfLessons,exam) VALUES ('680','Discipline АХВ-44','15','no');
INSERT INTO discipline (id,nameOfDiscipline,countOfLessons,exam) VALUES ('681','Discipline АХВ-45','15','no');
INSERT INTO discipline (id,nameOfDiscipline,countOfLessons,exam) VALUES ('682','Discipline АХВ-46','15','no');
INSERT INTO discipline (id,nameOfDiscipline,countOfLessons,exam) VALUES ('683','Discipline АХВ-47','15','no');
INSERT INTO discipline (id,nameOfDiscipline,countOfLessons,exam) VALUES ('684','Discipline АХВ-48','15','no');
INSERT INTO discipline (id,nameOfDiscipline,countOfLessons,exam) VALUES ('685','Discipline АХВ-49','15','no');
INSERT INTO discipline (id,nameOfDiscipline,countOfLessons,exam) VALUES ('686','Discipline АХВ-50','15','no');
INSERT INTO discipline (id,nameOfDiscipline,countOfLessons,exam) VALUES ('687','Discipline АХВ-51','15','no');
INSERT INTO discipline (id,nameOfDiscipline,countOfLessons,exam) VALUES ('688','Discipline АХВ-52','15','no');
INSERT INTO discipline (id,nameOfDiscipline,countOfLessons,exam) VALUES ('689','Discipline АХВ-53','15','no');
INSERT INTO discipline (id,nameOfDiscipline,countOfLessons,exam) VALUES ('690','Discipline АХВ-54','15','no');
INSERT INTO discipline (id,nameOfDiscipline,countOfLessons,exam) VALUES ('691','Discipline АХВ-55','15','no');
INSERT INTO discipline (id,nameOfDiscipline,countOfLessons,exam) VALUES ('692','Discipline АХВ-56','15','no');
INSERT INTO discipline (id,nameOfDiscipline,countOfLessons,exam) VALUES ('693','Discipline АХВ-57','15','no');
INSERT INTO discipline (id,nameOfDiscipline,countOfLessons,exam) VALUES ('694','Discipline АХВ-58','15','no');
INSERT INTO discipline (id,nameOfDiscipline,countOfLessons,exam) VALUES ('695','Discipline АХВ-59','15','no');
INSERT INTO discipline (id,nameOfDiscipline,countOfLessons,exam) VALUES ('696','Discipline АХВ-60','15','no');
INSERT INTO discipline (id,nameOfDiscipline,countOfLessons,exam) VALUES ('697','Discipline АХВ-61','15','no');
INSERT INTO discipline (id,nameOfDiscipline,countOfLessons,exam) VALUES ('698','Discipline АХВ-62','15','no');
INSERT INTO discipline (id,nameOfDiscipline,countOfLessons,exam) VALUES ('699','Discipline АХВ-63','15','no');
INSERT INTO discipline (id,nameOfDiscipline,countOfLessons,exam) VALUES ('700','Discipline АХВ-64','15','no');
INSERT INTO discipline (id,nameOfDiscipline,countOfLessons,exam) VALUES ('701','Discipline АХВ-65','15','no');
INSERT INTO discipline (id,nameOfDiscipline,countOfLessons,exam) VALUES ('702','Discipline АХВ-66','15','no');
INSERT INTO discipline (id,nameOfDiscipline,countOfLessons,exam) VALUES ('703','Discipline АХВ-67','15','no');
INSERT INTO discipline (id,nameOfDiscipline,countOfLessons,exam) VALUES ('704','Discipline АХВ-68','15','no');
INSERT INTO discipline (id,nameOfDiscipline,countOfLessons,exam) VALUES ('705','Discipline АХВ-69','15','no');
INSERT INTO discipline (id,nameOfDiscipline,countOfLessons,exam) VALUES ('706','Discipline АХВ-70','15','no');
INSERT INTO discipline (id,nameOfDiscipline,countOfLessons,exam) VALUES ('707','Discipline АХВ-71','15','no');
INSERT INTO discipline (id,nameOfDiscipline,countOfLessons,exam) VALUES ('708','Discipline АХВ-72','15','no');
INSERT INTO discipline (id,nameOfDiscipline,countOfLessons,exam) VALUES ('709','Discipline АХВ-73','15','no');
INSERT INTO discipline (id,nameOfDiscipline,countOfLessons,exam) VALUES ('710','Discipline АХВ-74','15','no');
INSERT INTO discipline (id,nameOfDiscipline,countOfLessons,exam) VALUES ('711','Discipline АХВ-75','15','no');
INSERT INTO discipline (id,nameOfDiscipline,countOfLessons,exam) VALUES ('712','Discipline АХВ-76','15','no');
INSERT INTO discipline (id,nameOfDiscipline,countOfLessons,exam) VALUES ('713','Discipline АХВ-77','15','no');
INSERT INTO discipline (id,nameOfDiscipline,countOfLessons,exam) VALUES ('714','Discipline АХВ-78','15','no');
INSERT INTO discipline (id,nameOfDiscipline,countOfLessons,exam) VALUES ('715','Discipline АХВ-79','15','no');
INSERT INTO discipline (id,nameOfDiscipline,countOfLessons,exam) VALUES ('716','Discipline АХВ-80','15','no');
INSERT INTO discipline (id,nameOfDiscipline,countOfLessons,exam) VALUES ('717','Discipline АХВ-81','15','no');
INSERT INTO discipline (id,nameOfDiscipline,countOfLessons,exam) VALUES ('718','Discipline АХВ-82','15','no');
INSERT INTO discipline (id,nameOfDiscipline,countOfLessons,exam) VALUES ('719','Discipline АХВ-83','15','no');
INSERT INTO discipline (id,nameOfDiscipline,countOfLessons,exam) VALUES ('720','Discipline АХВ-84','15','no');
INSERT INTO discipline (id,nameOfDiscipline,countOfLessons,exam) VALUES ('721','Discipline АХВ-85','15','no');
INSERT INTO discipline (id,nameOfDiscipline,countOfLessons,exam) VALUES ('722','Discipline АХВ-86','15','no');
INSERT INTO discipline (id,nameOfDiscipline,countOfLessons,exam) VALUES ('723','Discipline АХВ-87','15','no');
INSERT INTO discipline (id,nameOfDiscipline,countOfLessons,exam) VALUES ('724','Discipline АХВ-88','15','no');
INSERT INTO disciplineDepartmentDependency (ID,disciplineID,departmentID,courseNumber,semesterNumber) VALUES ('636','636','10','1','1');
INSERT INTO disciplineDepartmentDependency (ID,disciplineID,departmentID,courseNumber,semesterNumber) VALUES ('637','637','10','2','2');
INSERT INTO disciplineDepartmentDependency (ID,disciplineID,departmentID,courseNumber,semesterNumber) VALUES ('638','638','10','3','1');
INSERT INTO disciplineDepartmentDependency (ID,disciplineID,departmentID,courseNumber,semesterNumber) VALUES ('639','639','10','4','2');
INSERT INTO disciplineDepartmentDependency (ID,disciplineID,departmentID,courseNumber,semesterNumber) VALUES ('640','640','10','5','1');
INSERT INTO disciplineDepartmentDependency (ID,disciplineID,departmentID,courseNumber,semesterNumber) VALUES ('641','641','10','6','2');
INSERT INTO disciplineDepartmentDependency (ID,disciplineID,departmentID,courseNumber,semesterNumber) VALUES ('642','642','10','1','1');
INSERT INTO disciplineDepartmentDependency (ID,disciplineID,departmentID,courseNumber,semesterNumber) VALUES ('643','643','10','2','2');
INSERT INTO disciplineDepartmentDependency (ID,disciplineID,departmentID,courseNumber,semesterNumber) VALUES ('644','644','10','3','1');
INSERT INTO disciplineDepartmentDependency (ID,disciplineID,departmentID,courseNumber,semesterNumber) VALUES ('645','645','10','4','2');
INSERT INTO disciplineDepartmentDependency (ID,disciplineID,departmentID,courseNumber,semesterNumber) VALUES ('646','646','10','5','1');
INSERT INTO disciplineDepartmentDependency (ID,disciplineID,departmentID,courseNumber,semesterNumber) VALUES ('647','647','10','6','2');
INSERT INTO disciplineDepartmentDependency (ID,disciplineID,departmentID,courseNumber,semesterNumber) VALUES ('648','648','10','1','1');
INSERT INTO disciplineDepartmentDependency (ID,disciplineID,departmentID,courseNumber,semesterNumber) VALUES ('649','649','10','2','2');
INSERT INTO disciplineDepartmentDependency (ID,disciplineID,departmentID,courseNumber,semesterNumber) VALUES ('650','650','10','3','1');
INSERT INTO disciplineDepartmentDependency (ID,disciplineID,departmentID,courseNumber,semesterNumber) VALUES ('651','651','10','4','2');
INSERT INTO disciplineDepartmentDependency (ID,disciplineID,departmentID,courseNumber,semesterNumber) VALUES ('652','652','10','5','1');
INSERT INTO disciplineDepartmentDependency (ID,disciplineID,departmentID,courseNumber,semesterNumber) VALUES ('653','653','10','6','2');
INSERT INTO disciplineDepartmentDependency (ID,disciplineID,departmentID,courseNumber,semesterNumber) VALUES ('654','654','10','1','1');
INSERT INTO disciplineDepartmentDependency (ID,disciplineID,departmentID,courseNumber,semesterNumber) VALUES ('655','655','10','2','2');
INSERT INTO disciplineDepartmentDependency (ID,disciplineID,departmentID,courseNumber,semesterNumber) VALUES ('656','656','10','3','1');
INSERT INTO disciplineDepartmentDependency (ID,disciplineID,departmentID,courseNumber,semesterNumber) VALUES ('657','657','10','4','2');
INSERT INTO disciplineDepartmentDependency (ID,disciplineID,departmentID,courseNumber,semesterNumber) VALUES ('658','658','10','5','1');
INSERT INTO disciplineDepartmentDependency (ID,disciplineID,departmentID,courseNumber,semesterNumber) VALUES ('659','659','10','6','2');
INSERT INTO disciplineDepartmentDependency (ID,disciplineID,departmentID,courseNumber,semesterNumber) VALUES ('660','660','10','1','1');
INSERT INTO disciplineDepartmentDependency (ID,disciplineID,departmentID,courseNumber,semesterNumber) VALUES ('661','661','10','2','2');
INSERT INTO disciplineDepartmentDependency (ID,disciplineID,departmentID,courseNumber,semesterNumber) VALUES ('662','662','10','3','1');
INSERT INTO disciplineDepartmentDependency (ID,disciplineID,departmentID,courseNumber,semesterNumber) VALUES ('663','663','10','4','2');
INSERT INTO disciplineDepartmentDependency (ID,disciplineID,departmentID,courseNumber,semesterNumber) VALUES ('664','664','10','5','1');
INSERT INTO disciplineDepartmentDependency (ID,disciplineID,departmentID,courseNumber,semesterNumber) VALUES ('665','665','10','6','2');
INSERT INTO disciplineDepartmentDependency (ID,disciplineID,departmentID,courseNumber,semesterNumber) VALUES ('666','666','10','1','1');
INSERT INTO disciplineDepartmentDependency (ID,disciplineID,departmentID,courseNumber,semesterNumber) VALUES ('667','667','10','2','2');
INSERT INTO disciplineDepartmentDependency (ID,disciplineID,departmentID,courseNumber,semesterNumber) VALUES ('668','668','10','3','1');
INSERT INTO disciplineDepartmentDependency (ID,disciplineID,departmentID,courseNumber,semesterNumber) VALUES ('669','669','10','4','2');
INSERT INTO disciplineDepartmentDependency (ID,disciplineID,departmentID,courseNumber,semesterNumber) VALUES ('670','670','10','5','1');
INSERT INTO disciplineDepartmentDependency (ID,disciplineID,departmentID,courseNumber,semesterNumber) VALUES ('671','671','10','6','2');
INSERT INTO disciplineDepartmentDependency (ID,disciplineID,departmentID,courseNumber,semesterNumber) VALUES ('672','672','10','1','1');
INSERT INTO disciplineDepartmentDependency (ID,disciplineID,departmentID,courseNumber,semesterNumber) VALUES ('673','673','10','2','2');
INSERT INTO disciplineDepartmentDependency (ID,disciplineID,departmentID,courseNumber,semesterNumber) VALUES ('674','674','10','3','1');
INSERT INTO disciplineDepartmentDependency (ID,disciplineID,departmentID,courseNumber,semesterNumber) VALUES ('675','675','10','4','2');
INSERT INTO disciplineDepartmentDependency (ID,disciplineID,departmentID,courseNumber,semesterNumber) VALUES ('676','676','10','5','1');
INSERT INTO disciplineDepartmentDependency (ID,disciplineID,departmentID,courseNumber,semesterNumber) VALUES ('677','677','10','6','2');
INSERT INTO disciplineDepartmentDependency (ID,disciplineID,departmentID,courseNumber,semesterNumber) VALUES ('678','678','10','1','1');
INSERT INTO disciplineDepartmentDependency (ID,disciplineID,departmentID,courseNumber,semesterNumber) VALUES ('679','679','10','2','2');
INSERT INTO disciplineDepartmentDependency (ID,disciplineID,departmentID,courseNumber,semesterNumber) VALUES ('680','680','10','3','1');
INSERT INTO disciplineDepartmentDependency (ID,disciplineID,departmentID,courseNumber,semesterNumber) VALUES ('681','681','10','4','2');
INSERT INTO disciplineDepartmentDependency (ID,disciplineID,departmentID,courseNumber,semesterNumber) VALUES ('682','682','10','5','1');
INSERT INTO disciplineDepartmentDependency (ID,disciplineID,departmentID,courseNumber,semesterNumber) VALUES ('683','683','10','6','2');
INSERT INTO disciplineDepartmentDependency (ID,disciplineID,departmentID,courseNumber,semesterNumber) VALUES ('684','684','10','1','1');
INSERT INTO disciplineDepartmentDependency (ID,disciplineID,departmentID,courseNumber,semesterNumber) VALUES ('685','685','10','2','2');
INSERT INTO disciplineDepartmentDependency (ID,disciplineID,departmentID,courseNumber,semesterNumber) VALUES ('686','686','10','3','1');
INSERT INTO disciplineDepartmentDependency (ID,disciplineID,departmentID,courseNumber,semesterNumber) VALUES ('687','687','10','4','2');
INSERT INTO disciplineDepartmentDependency (ID,disciplineID,departmentID,courseNumber,semesterNumber) VALUES ('688','688','10','5','1');
INSERT INTO disciplineDepartmentDependency (ID,disciplineID,departmentID,courseNumber,semesterNumber) VALUES ('689','689','10','6','2');
INSERT INTO disciplineDepartmentDependency (ID,disciplineID,departmentID,courseNumber,semesterNumber) VALUES ('690','690','10','1','1');
INSERT INTO disciplineDepartmentDependency (ID,disciplineID,departmentID,courseNumber,semesterNumber) VALUES ('691','691','10','2','2');
INSERT INTO disciplineDepartmentDependency (ID,disciplineID,departmentID,courseNumber,semesterNumber) VALUES ('692','692','10','3','1');
INSERT INTO disciplineDepartmentDependency (ID,disciplineID,departmentID,courseNumber,semesterNumber) VALUES ('693','693','10','4','2');
INSERT INTO disciplineDepartmentDependency (ID,disciplineID,departmentID,courseNumber,semesterNumber) VALUES ('694','694','10','5','1');
INSERT INTO disciplineDepartmentDependency (ID,disciplineID,departmentID,courseNumber,semesterNumber) VALUES ('695','695','10','6','2');
INSERT INTO disciplineDepartmentDependency (ID,disciplineID,departmentID,courseNumber,semesterNumber) VALUES ('696','696','10','1','1');
INSERT INTO disciplineDepartmentDependency (ID,disciplineID,departmentID,courseNumber,semesterNumber) VALUES ('697','697','10','2','2');
INSERT INTO disciplineDepartmentDependency (ID,disciplineID,departmentID,courseNumber,semesterNumber) VALUES ('698','698','10','3','1');
INSERT INTO disciplineDepartmentDependency (ID,disciplineID,departmentID,courseNumber,semesterNumber) VALUES ('699','699','10','4','2');
INSERT INTO disciplineDepartmentDependency (ID,disciplineID,departmentID,courseNumber,semesterNumber) VALUES ('700','700','10','5','1');
INSERT INTO disciplineDepartmentDependency (ID,disciplineID,departmentID,courseNumber,semesterNumber) VALUES ('701','701','10','6','2');
INSERT INTO disciplineDepartmentDependency (ID,disciplineID,departmentID,courseNumber,semesterNumber) VALUES ('702','702','10','1','1');
INSERT INTO disciplineDepartmentDependency (ID,disciplineID,departmentID,courseNumber,semesterNumber) VALUES ('703','703','10','2','2');
INSERT INTO disciplineDepartmentDependency (ID,disciplineID,departmentID,courseNumber,semesterNumber) VALUES ('704','704','10','3','1');
INSERT INTO disciplineDepartmentDependency (ID,disciplineID,departmentID,courseNumber,semesterNumber) VALUES ('705','705','10','4','2');
INSERT INTO disciplineDepartmentDependency (ID,disciplineID,departmentID,courseNumber,semesterNumber) VALUES ('706','706','10','5','1');
INSERT INTO disciplineDepartmentDependency (ID,disciplineID,departmentID,courseNumber,semesterNumber) VALUES ('707','707','10','6','2');
INSERT INTO disciplineDepartmentDependency (ID,disciplineID,departmentID,courseNumber,semesterNumber) VALUES ('708','708','10','1','1');
INSERT INTO disciplineDepartmentDependency (ID,disciplineID,departmentID,courseNumber,semesterNumber) VALUES ('709','709','10','2','2');
INSERT INTO disciplineDepartmentDependency (ID,disciplineID,departmentID,courseNumber,semesterNumber) VALUES ('710','710','10','3','1');
INSERT INTO disciplineDepartmentDependency (ID,disciplineID,departmentID,courseNumber,semesterNumber) VALUES ('711','711','10','4','2');
INSERT INTO disciplineDepartmentDependency (ID,disciplineID,departmentID,courseNumber,semesterNumber) VALUES ('712','712','10','5','1');
INSERT INTO disciplineDepartmentDependency (ID,disciplineID,departmentID,courseNumber,semesterNumber) VALUES ('713','713','10','6','2');
INSERT INTO disciplineDepartmentDependency (ID,disciplineID,departmentID,courseNumber,semesterNumber) VALUES ('714','714','10','1','1');
INSERT INTO disciplineDepartmentDependency (ID,disciplineID,departmentID,courseNumber,semesterNumber) VALUES ('715','715','10','2','2');
INSERT INTO disciplineDepartmentDependency (ID,disciplineID,departmentID,courseNumber,semesterNumber) VALUES ('716','716','10','3','1');
INSERT INTO disciplineDepartmentDependency (ID,disciplineID,departmentID,courseNumber,semesterNumber) VALUES ('717','717','10','4','2');
INSERT INTO disciplineDepartmentDependency (ID,disciplineID,departmentID,courseNumber,semesterNumber) VALUES ('718','718','10','5','1');
INSERT INTO disciplineDepartmentDependency (ID,disciplineID,departmentID,courseNumber,semesterNumber) VALUES ('719','719','10','6','2');
INSERT INTO disciplineDepartmentDependency (ID,disciplineID,departmentID,courseNumber,semesterNumber) VALUES ('720','720','10','1','1');
INSERT INTO disciplineDepartmentDependency (ID,disciplineID,departmentID,courseNumber,semesterNumber) VALUES ('721','721','10','2','2');
INSERT INTO disciplineDepartmentDependency (ID,disciplineID,departmentID,courseNumber,semesterNumber) VALUES ('722','722','10','3','1');
INSERT INTO disciplineDepartmentDependency (ID,disciplineID,departmentID,courseNumber,semesterNumber) VALUES ('723','723','10','4','2');
INSERT INTO disciplineDepartmentDependency (ID,disciplineID,departmentID,courseNumber,semesterNumber) VALUES ('724','724','10','5','1');
INSERT INTO loginpass (ID,login,password,access_type) VALUES ('23','BORONXSLAVABILXK@live.de','E&zvJD5W','employee');
INSERT INTO employee (name,lastName,fathersName,personalID,sex,email,phoneNumber,dateOfBorn,address,passport,login,office,ID,departmentID) VALUES ('Боронислава','БІЛИК','Хомівна','5626084627','f','BORONXSLAVABILXK@live.de','0678742726','1994-03-26','68374 Миколаїв Замковий 66, 280','IU772456 ГУМВС 37','BORONXSLAVABILXK@live.de','HR','22','10');
INSERT INTO gtgroup (id,fullGroupName,courseNumber,departmentID) VALUES ('102','АХВ-10','1','10');
INSERT INTO gtgroup (id,fullGroupName,courseNumber,departmentID) VALUES ('103','АХВ-20','2','10');
INSERT INTO gtgroup (id,fullGroupName,courseNumber,departmentID) VALUES ('104','АХВ-30','3','10');
INSERT INTO gtgroup (id,fullGroupName,courseNumber,departmentID) VALUES ('105','АХВ-40','4','10');
INSERT INTO gtgroup (id,fullGroupName,courseNumber,departmentID) VALUES ('106','АХВ-50','5','10');
INSERT INTO gtgroup (id,fullGroupName,courseNumber,departmentID) VALUES ('107','АХВ-60','6','10');
INSERT INTO dayRequirements (id,departmentID,countOfDaysInWeek,countOfLessonsInADay) VALUES ('10','11','6','5');
INSERT INTO discipline (id,nameOfDiscipline,countOfLessons,exam) VALUES ('725','Discipline МАХНВ-0','15','no');
INSERT INTO discipline (id,nameOfDiscipline,countOfLessons,exam) VALUES ('726','Discipline МАХНВ-1','15','no');
INSERT INTO discipline (id,nameOfDiscipline,countOfLessons,exam) VALUES ('727','Discipline МАХНВ-2','15','no');
INSERT INTO discipline (id,nameOfDiscipline,countOfLessons,exam) VALUES ('728','Discipline МАХНВ-3','15','no');
INSERT INTO discipline (id,nameOfDiscipline,countOfLessons,exam) VALUES ('729','Discipline МАХНВ-4','15','no');
INSERT INTO discipline (id,nameOfDiscipline,countOfLessons,exam) VALUES ('730','Discipline МАХНВ-5','15','no');
INSERT INTO discipline (id,nameOfDiscipline,countOfLessons,exam) VALUES ('731','Discipline МАХНВ-6','15','no');
INSERT INTO discipline (id,nameOfDiscipline,countOfLessons,exam) VALUES ('732','Discipline МАХНВ-7','15','no');
INSERT INTO discipline (id,nameOfDiscipline,countOfLessons,exam) VALUES ('733','Discipline МАХНВ-8','15','no');
INSERT INTO discipline (id,nameOfDiscipline,countOfLessons,exam) VALUES ('734','Discipline МАХНВ-9','15','no');
INSERT INTO discipline (id,nameOfDiscipline,countOfLessons,exam) VALUES ('735','Discipline МАХНВ-10','15','no');
INSERT INTO discipline (id,nameOfDiscipline,countOfLessons,exam) VALUES ('736','Discipline МАХНВ-11','15','no');
INSERT INTO discipline (id,nameOfDiscipline,countOfLessons,exam) VALUES ('737','Discipline МАХНВ-12','15','no');
INSERT INTO discipline (id,nameOfDiscipline,countOfLessons,exam) VALUES ('738','Discipline МАХНВ-13','15','no');
INSERT INTO discipline (id,nameOfDiscipline,countOfLessons,exam) VALUES ('739','Discipline МАХНВ-14','15','no');
INSERT INTO discipline (id,nameOfDiscipline,countOfLessons,exam) VALUES ('740','Discipline МАХНВ-15','15','no');
INSERT INTO discipline (id,nameOfDiscipline,countOfLessons,exam) VALUES ('741','Discipline МАХНВ-16','15','no');
INSERT INTO discipline (id,nameOfDiscipline,countOfLessons,exam) VALUES ('742','Discipline МАХНВ-17','15','no');
INSERT INTO discipline (id,nameOfDiscipline,countOfLessons,exam) VALUES ('743','Discipline МАХНВ-18','15','no');
INSERT INTO discipline (id,nameOfDiscipline,countOfLessons,exam) VALUES ('744','Discipline МАХНВ-19','15','no');
INSERT INTO discipline (id,nameOfDiscipline,countOfLessons,exam) VALUES ('745','Discipline МАХНВ-20','15','no');
INSERT INTO discipline (id,nameOfDiscipline,countOfLessons,exam) VALUES ('746','Discipline МАХНВ-21','15','no');
INSERT INTO discipline (id,nameOfDiscipline,countOfLessons,exam) VALUES ('747','Discipline МАХНВ-22','15','no');
INSERT INTO discipline (id,nameOfDiscipline,countOfLessons,exam) VALUES ('748','Discipline МАХНВ-23','15','no');
INSERT INTO discipline (id,nameOfDiscipline,countOfLessons,exam) VALUES ('749','Discipline МАХНВ-24','15','no');
INSERT INTO discipline (id,nameOfDiscipline,countOfLessons,exam) VALUES ('750','Discipline МАХНВ-25','15','no');
INSERT INTO discipline (id,nameOfDiscipline,countOfLessons,exam) VALUES ('751','Discipline МАХНВ-26','15','no');
INSERT INTO discipline (id,nameOfDiscipline,countOfLessons,exam) VALUES ('752','Discipline МАХНВ-27','15','no');
INSERT INTO discipline (id,nameOfDiscipline,countOfLessons,exam) VALUES ('753','Discipline МАХНВ-28','15','no');
INSERT INTO discipline (id,nameOfDiscipline,countOfLessons,exam) VALUES ('754','Discipline МАХНВ-29','15','no');
INSERT INTO discipline (id,nameOfDiscipline,countOfLessons,exam) VALUES ('755','Discipline МАХНВ-30','15','no');
INSERT INTO discipline (id,nameOfDiscipline,countOfLessons,exam) VALUES ('756','Discipline МАХНВ-31','15','no');
INSERT INTO discipline (id,nameOfDiscipline,countOfLessons,exam) VALUES ('757','Discipline МАХНВ-32','15','no');
INSERT INTO discipline (id,nameOfDiscipline,countOfLessons,exam) VALUES ('758','Discipline МАХНВ-33','15','no');
INSERT INTO discipline (id,nameOfDiscipline,countOfLessons,exam) VALUES ('759','Discipline МАХНВ-34','15','no');
INSERT INTO discipline (id,nameOfDiscipline,countOfLessons,exam) VALUES ('760','Discipline МАХНВ-35','15','no');
INSERT INTO discipline (id,nameOfDiscipline,countOfLessons,exam) VALUES ('761','Discipline МАХНВ-36','15','no');
INSERT INTO discipline (id,nameOfDiscipline,countOfLessons,exam) VALUES ('762','Discipline МАХНВ-37','15','no');
INSERT INTO discipline (id,nameOfDiscipline,countOfLessons,exam) VALUES ('763','Discipline МАХНВ-38','15','no');
INSERT INTO discipline (id,nameOfDiscipline,countOfLessons,exam) VALUES ('764','Discipline МАХНВ-39','15','no');
INSERT INTO discipline (id,nameOfDiscipline,countOfLessons,exam) VALUES ('765','Discipline МАХНВ-40','15','no');
INSERT INTO discipline (id,nameOfDiscipline,countOfLessons,exam) VALUES ('766','Discipline МАХНВ-41','15','no');
INSERT INTO discipline (id,nameOfDiscipline,countOfLessons,exam) VALUES ('767','Discipline МАХНВ-42','15','no');
INSERT INTO discipline (id,nameOfDiscipline,countOfLessons,exam) VALUES ('768','Discipline МАХНВ-43','15','no');
INSERT INTO discipline (id,nameOfDiscipline,countOfLessons,exam) VALUES ('769','Discipline МАХНВ-44','15','no');
INSERT INTO discipline (id,nameOfDiscipline,countOfLessons,exam) VALUES ('770','Discipline МАХНВ-45','15','no');
INSERT INTO discipline (id,nameOfDiscipline,countOfLessons,exam) VALUES ('771','Discipline МАХНВ-46','15','no');
INSERT INTO discipline (id,nameOfDiscipline,countOfLessons,exam) VALUES ('772','Discipline МАХНВ-47','15','no');
INSERT INTO discipline (id,nameOfDiscipline,countOfLessons,exam) VALUES ('773','Discipline МАХНВ-48','15','no');
INSERT INTO discipline (id,nameOfDiscipline,countOfLessons,exam) VALUES ('774','Discipline МАХНВ-49','15','no');
INSERT INTO discipline (id,nameOfDiscipline,countOfLessons,exam) VALUES ('775','Discipline МАХНВ-50','15','no');
INSERT INTO discipline (id,nameOfDiscipline,countOfLessons,exam) VALUES ('776','Discipline МАХНВ-51','15','no');
INSERT INTO discipline (id,nameOfDiscipline,countOfLessons,exam) VALUES ('777','Discipline МАХНВ-52','15','no');
INSERT INTO discipline (id,nameOfDiscipline,countOfLessons,exam) VALUES ('778','Discipline МАХНВ-53','15','no');
INSERT INTO discipline (id,nameOfDiscipline,countOfLessons,exam) VALUES ('779','Discipline МАХНВ-54','15','no');
INSERT INTO discipline (id,nameOfDiscipline,countOfLessons,exam) VALUES ('780','Discipline МАХНВ-55','15','no');
INSERT INTO discipline (id,nameOfDiscipline,countOfLessons,exam) VALUES ('781','Discipline МАХНВ-56','15','no');
INSERT INTO discipline (id,nameOfDiscipline,countOfLessons,exam) VALUES ('782','Discipline МАХНВ-57','15','no');
INSERT INTO discipline (id,nameOfDiscipline,countOfLessons,exam) VALUES ('783','Discipline МАХНВ-58','15','no');
INSERT INTO discipline (id,nameOfDiscipline,countOfLessons,exam) VALUES ('784','Discipline МАХНВ-59','15','no');
INSERT INTO discipline (id,nameOfDiscipline,countOfLessons,exam) VALUES ('785','Discipline МАХНВ-60','15','no');
INSERT INTO discipline (id,nameOfDiscipline,countOfLessons,exam) VALUES ('786','Discipline МАХНВ-61','15','no');
INSERT INTO discipline (id,nameOfDiscipline,countOfLessons,exam) VALUES ('787','Discipline МАХНВ-62','15','no');
INSERT INTO discipline (id,nameOfDiscipline,countOfLessons,exam) VALUES ('788','Discipline МАХНВ-63','15','no');
INSERT INTO discipline (id,nameOfDiscipline,countOfLessons,exam) VALUES ('789','Discipline МАХНВ-64','15','no');
INSERT INTO discipline (id,nameOfDiscipline,countOfLessons,exam) VALUES ('790','Discipline МАХНВ-65','15','no');
INSERT INTO discipline (id,nameOfDiscipline,countOfLessons,exam) VALUES ('791','Discipline МАХНВ-66','15','no');
INSERT INTO discipline (id,nameOfDiscipline,countOfLessons,exam) VALUES ('792','Discipline МАХНВ-67','15','no');
INSERT INTO discipline (id,nameOfDiscipline,countOfLessons,exam) VALUES ('793','Discipline МАХНВ-68','15','no');
INSERT INTO discipline (id,nameOfDiscipline,countOfLessons,exam) VALUES ('794','Discipline МАХНВ-69','15','no');
INSERT INTO discipline (id,nameOfDiscipline,countOfLessons,exam) VALUES ('795','Discipline МАХНВ-70','15','no');
INSERT INTO discipline (id,nameOfDiscipline,countOfLessons,exam) VALUES ('796','Discipline МАХНВ-71','15','no');
INSERT INTO discipline (id,nameOfDiscipline,countOfLessons,exam) VALUES ('797','Discipline МАХНВ-72','15','no');
INSERT INTO discipline (id,nameOfDiscipline,countOfLessons,exam) VALUES ('798','Discipline МАХНВ-73','15','no');
INSERT INTO discipline (id,nameOfDiscipline,countOfLessons,exam) VALUES ('799','Discipline МАХНВ-74','15','no');
INSERT INTO discipline (id,nameOfDiscipline,countOfLessons,exam) VALUES ('800','Discipline МАХНВ-75','15','no');
INSERT INTO disciplineDepartmentDependency (ID,disciplineID,departmentID,courseNumber,semesterNumber) VALUES ('725','725','11','1','1');
INSERT INTO disciplineDepartmentDependency (ID,disciplineID,departmentID,courseNumber,semesterNumber) VALUES ('726','726','11','2','2');
INSERT INTO disciplineDepartmentDependency (ID,disciplineID,departmentID,courseNumber,semesterNumber) VALUES ('727','727','11','3','1');
INSERT INTO disciplineDepartmentDependency (ID,disciplineID,departmentID,courseNumber,semesterNumber) VALUES ('728','728','11','4','2');
INSERT INTO disciplineDepartmentDependency (ID,disciplineID,departmentID,courseNumber,semesterNumber) VALUES ('729','729','11','5','1');
INSERT INTO disciplineDepartmentDependency (ID,disciplineID,departmentID,courseNumber,semesterNumber) VALUES ('730','730','11','6','2');
INSERT INTO disciplineDepartmentDependency (ID,disciplineID,departmentID,courseNumber,semesterNumber) VALUES ('731','731','11','1','1');
INSERT INTO disciplineDepartmentDependency (ID,disciplineID,departmentID,courseNumber,semesterNumber) VALUES ('732','732','11','2','2');
INSERT INTO disciplineDepartmentDependency (ID,disciplineID,departmentID,courseNumber,semesterNumber) VALUES ('733','733','11','3','1');
INSERT INTO disciplineDepartmentDependency (ID,disciplineID,departmentID,courseNumber,semesterNumber) VALUES ('734','734','11','4','2');
INSERT INTO disciplineDepartmentDependency (ID,disciplineID,departmentID,courseNumber,semesterNumber) VALUES ('735','735','11','5','1');
INSERT INTO disciplineDepartmentDependency (ID,disciplineID,departmentID,courseNumber,semesterNumber) VALUES ('736','736','11','6','2');
INSERT INTO disciplineDepartmentDependency (ID,disciplineID,departmentID,courseNumber,semesterNumber) VALUES ('737','737','11','1','1');
INSERT INTO disciplineDepartmentDependency (ID,disciplineID,departmentID,courseNumber,semesterNumber) VALUES ('738','738','11','2','2');
INSERT INTO disciplineDepartmentDependency (ID,disciplineID,departmentID,courseNumber,semesterNumber) VALUES ('739','739','11','3','1');
INSERT INTO disciplineDepartmentDependency (ID,disciplineID,departmentID,courseNumber,semesterNumber) VALUES ('740','740','11','4','2');
INSERT INTO disciplineDepartmentDependency (ID,disciplineID,departmentID,courseNumber,semesterNumber) VALUES ('741','741','11','5','1');
INSERT INTO disciplineDepartmentDependency (ID,disciplineID,departmentID,courseNumber,semesterNumber) VALUES ('742','742','11','6','2');
INSERT INTO disciplineDepartmentDependency (ID,disciplineID,departmentID,courseNumber,semesterNumber) VALUES ('743','743','11','1','1');
INSERT INTO disciplineDepartmentDependency (ID,disciplineID,departmentID,courseNumber,semesterNumber) VALUES ('744','744','11','2','2');
INSERT INTO disciplineDepartmentDependency (ID,disciplineID,departmentID,courseNumber,semesterNumber) VALUES ('745','745','11','3','1');
INSERT INTO disciplineDepartmentDependency (ID,disciplineID,departmentID,courseNumber,semesterNumber) VALUES ('746','746','11','4','2');
INSERT INTO disciplineDepartmentDependency (ID,disciplineID,departmentID,courseNumber,semesterNumber) VALUES ('747','747','11','5','1');
INSERT INTO disciplineDepartmentDependency (ID,disciplineID,departmentID,courseNumber,semesterNumber) VALUES ('748','748','11','6','2');
INSERT INTO disciplineDepartmentDependency (ID,disciplineID,departmentID,courseNumber,semesterNumber) VALUES ('749','749','11','1','1');
INSERT INTO disciplineDepartmentDependency (ID,disciplineID,departmentID,courseNumber,semesterNumber) VALUES ('750','750','11','2','2');
INSERT INTO disciplineDepartmentDependency (ID,disciplineID,departmentID,courseNumber,semesterNumber) VALUES ('751','751','11','3','1');
INSERT INTO disciplineDepartmentDependency (ID,disciplineID,departmentID,courseNumber,semesterNumber) VALUES ('752','752','11','4','2');
INSERT INTO disciplineDepartmentDependency (ID,disciplineID,departmentID,courseNumber,semesterNumber) VALUES ('753','753','11','5','1');
INSERT INTO disciplineDepartmentDependency (ID,disciplineID,departmentID,courseNumber,semesterNumber) VALUES ('754','754','11','6','2');
INSERT INTO disciplineDepartmentDependency (ID,disciplineID,departmentID,courseNumber,semesterNumber) VALUES ('755','755','11','1','1');
INSERT INTO disciplineDepartmentDependency (ID,disciplineID,departmentID,courseNumber,semesterNumber) VALUES ('756','756','11','2','2');
INSERT INTO disciplineDepartmentDependency (ID,disciplineID,departmentID,courseNumber,semesterNumber) VALUES ('757','757','11','3','1');
INSERT INTO disciplineDepartmentDependency (ID,disciplineID,departmentID,courseNumber,semesterNumber) VALUES ('758','758','11','4','2');
INSERT INTO disciplineDepartmentDependency (ID,disciplineID,departmentID,courseNumber,semesterNumber) VALUES ('759','759','11','5','1');
INSERT INTO disciplineDepartmentDependency (ID,disciplineID,departmentID,courseNumber,semesterNumber) VALUES ('760','760','11','6','2');
INSERT INTO disciplineDepartmentDependency (ID,disciplineID,departmentID,courseNumber,semesterNumber) VALUES ('761','761','11','1','1');
INSERT INTO disciplineDepartmentDependency (ID,disciplineID,departmentID,courseNumber,semesterNumber) VALUES ('762','762','11','2','2');
INSERT INTO disciplineDepartmentDependency (ID,disciplineID,departmentID,courseNumber,semesterNumber) VALUES ('763','763','11','3','1');
INSERT INTO disciplineDepartmentDependency (ID,disciplineID,departmentID,courseNumber,semesterNumber) VALUES ('764','764','11','4','2');
INSERT INTO disciplineDepartmentDependency (ID,disciplineID,departmentID,courseNumber,semesterNumber) VALUES ('765','765','11','5','1');
INSERT INTO disciplineDepartmentDependency (ID,disciplineID,departmentID,courseNumber,semesterNumber) VALUES ('766','766','11','6','2');
INSERT INTO disciplineDepartmentDependency (ID,disciplineID,departmentID,courseNumber,semesterNumber) VALUES ('767','767','11','1','1');
INSERT INTO disciplineDepartmentDependency (ID,disciplineID,departmentID,courseNumber,semesterNumber) VALUES ('768','768','11','2','2');
INSERT INTO disciplineDepartmentDependency (ID,disciplineID,departmentID,courseNumber,semesterNumber) VALUES ('769','769','11','3','1');
INSERT INTO disciplineDepartmentDependency (ID,disciplineID,departmentID,courseNumber,semesterNumber) VALUES ('770','770','11','4','2');
INSERT INTO disciplineDepartmentDependency (ID,disciplineID,departmentID,courseNumber,semesterNumber) VALUES ('771','771','11','5','1');
INSERT INTO disciplineDepartmentDependency (ID,disciplineID,departmentID,courseNumber,semesterNumber) VALUES ('772','772','11','6','2');
INSERT INTO disciplineDepartmentDependency (ID,disciplineID,departmentID,courseNumber,semesterNumber) VALUES ('773','773','11','1','1');
INSERT INTO disciplineDepartmentDependency (ID,disciplineID,departmentID,courseNumber,semesterNumber) VALUES ('774','774','11','2','2');
INSERT INTO disciplineDepartmentDependency (ID,disciplineID,departmentID,courseNumber,semesterNumber) VALUES ('775','775','11','3','1');
INSERT INTO disciplineDepartmentDependency (ID,disciplineID,departmentID,courseNumber,semesterNumber) VALUES ('776','776','11','4','2');
INSERT INTO disciplineDepartmentDependency (ID,disciplineID,departmentID,courseNumber,semesterNumber) VALUES ('777','777','11','5','1');
INSERT INTO disciplineDepartmentDependency (ID,disciplineID,departmentID,courseNumber,semesterNumber) VALUES ('778','778','11','6','2');
INSERT INTO disciplineDepartmentDependency (ID,disciplineID,departmentID,courseNumber,semesterNumber) VALUES ('779','779','11','1','1');
INSERT INTO disciplineDepartmentDependency (ID,disciplineID,departmentID,courseNumber,semesterNumber) VALUES ('780','780','11','2','2');
INSERT INTO disciplineDepartmentDependency (ID,disciplineID,departmentID,courseNumber,semesterNumber) VALUES ('781','781','11','3','1');
INSERT INTO disciplineDepartmentDependency (ID,disciplineID,departmentID,courseNumber,semesterNumber) VALUES ('782','782','11','4','2');
INSERT INTO disciplineDepartmentDependency (ID,disciplineID,departmentID,courseNumber,semesterNumber) VALUES ('783','783','11','5','1');
INSERT INTO disciplineDepartmentDependency (ID,disciplineID,departmentID,courseNumber,semesterNumber) VALUES ('784','784','11','6','2');
INSERT INTO disciplineDepartmentDependency (ID,disciplineID,departmentID,courseNumber,semesterNumber) VALUES ('785','785','11','1','1');
INSERT INTO disciplineDepartmentDependency (ID,disciplineID,departmentID,courseNumber,semesterNumber) VALUES ('786','786','11','2','2');
INSERT INTO disciplineDepartmentDependency (ID,disciplineID,departmentID,courseNumber,semesterNumber) VALUES ('787','787','11','3','1');
INSERT INTO disciplineDepartmentDependency (ID,disciplineID,departmentID,courseNumber,semesterNumber) VALUES ('788','788','11','4','2');
INSERT INTO disciplineDepartmentDependency (ID,disciplineID,departmentID,courseNumber,semesterNumber) VALUES ('789','789','11','5','1');
INSERT INTO disciplineDepartmentDependency (ID,disciplineID,departmentID,courseNumber,semesterNumber) VALUES ('790','790','11','6','2');
INSERT INTO disciplineDepartmentDependency (ID,disciplineID,departmentID,courseNumber,semesterNumber) VALUES ('791','791','11','1','1');
INSERT INTO disciplineDepartmentDependency (ID,disciplineID,departmentID,courseNumber,semesterNumber) VALUES ('792','792','11','2','2');
INSERT INTO disciplineDepartmentDependency (ID,disciplineID,departmentID,courseNumber,semesterNumber) VALUES ('793','793','11','3','1');
INSERT INTO disciplineDepartmentDependency (ID,disciplineID,departmentID,courseNumber,semesterNumber) VALUES ('794','794','11','4','2');
INSERT INTO disciplineDepartmentDependency (ID,disciplineID,departmentID,courseNumber,semesterNumber) VALUES ('795','795','11','5','1');
INSERT INTO disciplineDepartmentDependency (ID,disciplineID,departmentID,courseNumber,semesterNumber) VALUES ('796','796','11','6','2');
INSERT INTO disciplineDepartmentDependency (ID,disciplineID,departmentID,courseNumber,semesterNumber) VALUES ('797','797','11','1','1');
INSERT INTO disciplineDepartmentDependency (ID,disciplineID,departmentID,courseNumber,semesterNumber) VALUES ('798','798','11','2','2');
INSERT INTO disciplineDepartmentDependency (ID,disciplineID,departmentID,courseNumber,semesterNumber) VALUES ('799','799','11','3','1');
INSERT INTO disciplineDepartmentDependency (ID,disciplineID,departmentID,courseNumber,semesterNumber) VALUES ('800','800','11','4','2');
INSERT INTO loginpass (ID,login,password,access_type) VALUES ('24','BUREVIYVOLOQXN@sky.com','ZkjzB&oz','employee');
INSERT INTO employee (name,lastName,fathersName,personalID,sex,email,phoneNumber,dateOfBorn,address,passport,login,office,ID,departmentID) VALUES ('Буревій','ВОЛОШИН','Хомич','1450357248','m','BUREVIYVOLOQXN@sky.com','0918155628','1977-03-01','31431 Миколаїв Кармелюка 69, 78','WH537651 ГУМВС 7','BUREVIYVOLOQXN@sky.com','HR','23','11');
INSERT INTO loginpass (ID,login,password,access_type) VALUES ('25','GORDOSLAVLXTVXNENKO@web.de','gu8UHI0O','employee');
INSERT INTO employee (name,lastName,fathersName,personalID,sex,email,phoneNumber,dateOfBorn,address,passport,login,office,ID,departmentID) VALUES ('Гордослав','ЛИТВИНЕНКО','Миколайович','2004721205','m','GORDOSLAVLXTVXNENKO@web.de','0916258608','1974-09-22','36671 Кам'янець-Подільський Жовтневий 69, 27','IB146586 ГУМВС 28','GORDOSLAVLXTVXNENKO@web.de','HR','24','11');
INSERT INTO gtgroup (id,fullGroupName,courseNumber,departmentID) VALUES ('108','МАХНВ-10','1','11');
INSERT INTO gtgroup (id,fullGroupName,courseNumber,departmentID) VALUES ('109','МАХНВ-11','1','11');
INSERT INTO gtgroup (id,fullGroupName,courseNumber,departmentID) VALUES ('110','МАХНВ-20','2','11');
INSERT INTO gtgroup (id,fullGroupName,courseNumber,departmentID) VALUES ('111','МАХНВ-21','2','11');
INSERT INTO gtgroup (id,fullGroupName,courseNumber,departmentID) VALUES ('112','МАХНВ-30','3','11');
INSERT INTO gtgroup (id,fullGroupName,courseNumber,departmentID) VALUES ('113','МАХНВ-31','3','11');
INSERT INTO gtgroup (id,fullGroupName,courseNumber,departmentID) VALUES ('114','МАХНВ-40','4','11');
INSERT INTO gtgroup (id,fullGroupName,courseNumber,departmentID) VALUES ('115','МАХНВ-41','4','11');
INSERT INTO gtgroup (id,fullGroupName,courseNumber,departmentID) VALUES ('116','МАХНВ-50','5','11');
INSERT INTO gtgroup (id,fullGroupName,courseNumber,departmentID) VALUES ('117','МАХНВ-51','5','11');
INSERT INTO gtgroup (id,fullGroupName,courseNumber,departmentID) VALUES ('118','МАХНВ-60','6','11');
INSERT INTO gtgroup (id,fullGroupName,courseNumber,departmentID) VALUES ('119','МАХНВ-61','6','11');
INSERT INTO dayRequirements (id,departmentID,countOfDaysInWeek,countOfLessonsInADay) VALUES ('11','12','6','5');
INSERT INTO discipline (id,nameOfDiscipline,countOfLessons,exam) VALUES ('801','Discipline ЕТРП-0','15','no');
INSERT INTO discipline (id,nameOfDiscipline,countOfLessons,exam) VALUES ('802','Discipline ЕТРП-1','15','no');
INSERT INTO discipline (id,nameOfDiscipline,countOfLessons,exam) VALUES ('803','Discipline ЕТРП-2','15','no');
INSERT INTO discipline (id,nameOfDiscipline,countOfLessons,exam) VALUES ('804','Discipline ЕТРП-3','15','no');
INSERT INTO discipline (id,nameOfDiscipline,countOfLessons,exam) VALUES ('805','Discipline ЕТРП-4','15','no');
INSERT INTO discipline (id,nameOfDiscipline,countOfLessons,exam) VALUES ('806','Discipline ЕТРП-5','15','no');
INSERT INTO discipline (id,nameOfDiscipline,countOfLessons,exam) VALUES ('807','Discipline ЕТРП-6','15','no');
INSERT INTO discipline (id,nameOfDiscipline,countOfLessons,exam) VALUES ('808','Discipline ЕТРП-7','15','no');
INSERT INTO discipline (id,nameOfDiscipline,countOfLessons,exam) VALUES ('809','Discipline ЕТРП-8','15','no');
INSERT INTO discipline (id,nameOfDiscipline,countOfLessons,exam) VALUES ('810','Discipline ЕТРП-9','15','no');
INSERT INTO discipline (id,nameOfDiscipline,countOfLessons,exam) VALUES ('811','Discipline ЕТРП-10','15','no');
INSERT INTO discipline (id,nameOfDiscipline,countOfLessons,exam) VALUES ('812','Discipline ЕТРП-11','15','no');
INSERT INTO discipline (id,nameOfDiscipline,countOfLessons,exam) VALUES ('813','Discipline ЕТРП-12','15','no');
INSERT INTO discipline (id,nameOfDiscipline,countOfLessons,exam) VALUES ('814','Discipline ЕТРП-13','15','no');
INSERT INTO discipline (id,nameOfDiscipline,countOfLessons,exam) VALUES ('815','Discipline ЕТРП-14','15','no');
INSERT INTO discipline (id,nameOfDiscipline,countOfLessons,exam) VALUES ('816','Discipline ЕТРП-15','15','no');
INSERT INTO discipline (id,nameOfDiscipline,countOfLessons,exam) VALUES ('817','Discipline ЕТРП-16','15','no');
INSERT INTO discipline (id,nameOfDiscipline,countOfLessons,exam) VALUES ('818','Discipline ЕТРП-17','15','no');
INSERT INTO discipline (id,nameOfDiscipline,countOfLessons,exam) VALUES ('819','Discipline ЕТРП-18','15','no');
INSERT INTO discipline (id,nameOfDiscipline,countOfLessons,exam) VALUES ('820','Discipline ЕТРП-19','15','no');
INSERT INTO discipline (id,nameOfDiscipline,countOfLessons,exam) VALUES ('821','Discipline ЕТРП-20','15','no');
INSERT INTO discipline (id,nameOfDiscipline,countOfLessons,exam) VALUES ('822','Discipline ЕТРП-21','15','no');
INSERT INTO discipline (id,nameOfDiscipline,countOfLessons,exam) VALUES ('823','Discipline ЕТРП-22','15','no');
INSERT INTO discipline (id,nameOfDiscipline,countOfLessons,exam) VALUES ('824','Discipline ЕТРП-23','15','no');
INSERT INTO discipline (id,nameOfDiscipline,countOfLessons,exam) VALUES ('825','Discipline ЕТРП-24','15','no');
INSERT INTO discipline (id,nameOfDiscipline,countOfLessons,exam) VALUES ('826','Discipline ЕТРП-25','15','no');
INSERT INTO discipline (id,nameOfDiscipline,countOfLessons,exam) VALUES ('827','Discipline ЕТРП-26','15','no');
INSERT INTO discipline (id,nameOfDiscipline,countOfLessons,exam) VALUES ('828','Discipline ЕТРП-27','15','no');
INSERT INTO discipline (id,nameOfDiscipline,countOfLessons,exam) VALUES ('829','Discipline ЕТРП-28','15','no');
INSERT INTO discipline (id,nameOfDiscipline,countOfLessons,exam) VALUES ('830','Discipline ЕТРП-29','15','no');
INSERT INTO discipline (id,nameOfDiscipline,countOfLessons,exam) VALUES ('831','Discipline ЕТРП-30','15','no');
INSERT INTO discipline (id,nameOfDiscipline,countOfLessons,exam) VALUES ('832','Discipline ЕТРП-31','15','no');
INSERT INTO discipline (id,nameOfDiscipline,countOfLessons,exam) VALUES ('833','Discipline ЕТРП-32','15','no');
INSERT INTO discipline (id,nameOfDiscipline,countOfLessons,exam) VALUES ('834','Discipline ЕТРП-33','15','no');
INSERT INTO discipline (id,nameOfDiscipline,countOfLessons,exam) VALUES ('835','Discipline ЕТРП-34','15','no');
INSERT INTO discipline (id,nameOfDiscipline,countOfLessons,exam) VALUES ('836','Discipline ЕТРП-35','15','no');
INSERT INTO discipline (id,nameOfDiscipline,countOfLessons,exam) VALUES ('837','Discipline ЕТРП-36','15','no');
INSERT INTO discipline (id,nameOfDiscipline,countOfLessons,exam) VALUES ('838','Discipline ЕТРП-37','15','no');
INSERT INTO discipline (id,nameOfDiscipline,countOfLessons,exam) VALUES ('839','Discipline ЕТРП-38','15','no');
INSERT INTO discipline (id,nameOfDiscipline,countOfLessons,exam) VALUES ('840','Discipline ЕТРП-39','15','no');
INSERT INTO discipline (id,nameOfDiscipline,countOfLessons,exam) VALUES ('841','Discipline ЕТРП-40','15','no');
INSERT INTO discipline (id,nameOfDiscipline,countOfLessons,exam) VALUES ('842','Discipline ЕТРП-41','15','no');
INSERT INTO discipline (id,nameOfDiscipline,countOfLessons,exam) VALUES ('843','Discipline ЕТРП-42','15','no');
INSERT INTO discipline (id,nameOfDiscipline,countOfLessons,exam) VALUES ('844','Discipline ЕТРП-43','15','no');
INSERT INTO discipline (id,nameOfDiscipline,countOfLessons,exam) VALUES ('845','Discipline ЕТРП-44','15','no');
INSERT INTO discipline (id,nameOfDiscipline,countOfLessons,exam) VALUES ('846','Discipline ЕТРП-45','15','no');
INSERT INTO discipline (id,nameOfDiscipline,countOfLessons,exam) VALUES ('847','Discipline ЕТРП-46','15','no');
INSERT INTO discipline (id,nameOfDiscipline,countOfLessons,exam) VALUES ('848','Discipline ЕТРП-47','15','no');
INSERT INTO discipline (id,nameOfDiscipline,countOfLessons,exam) VALUES ('849','Discipline ЕТРП-48','15','no');
INSERT INTO discipline (id,nameOfDiscipline,countOfLessons,exam) VALUES ('850','Discipline ЕТРП-49','15','no');
INSERT INTO discipline (id,nameOfDiscipline,countOfLessons,exam) VALUES ('851','Discipline ЕТРП-50','15','no');
INSERT INTO discipline (id,nameOfDiscipline,countOfLessons,exam) VALUES ('852','Discipline ЕТРП-51','15','no');
INSERT INTO discipline (id,nameOfDiscipline,countOfLessons,exam) VALUES ('853','Discipline ЕТРП-52','15','no');
INSERT INTO discipline (id,nameOfDiscipline,countOfLessons,exam) VALUES ('854','Discipline ЕТРП-53','15','no');
INSERT INTO discipline (id,nameOfDiscipline,countOfLessons,exam) VALUES ('855','Discipline ЕТРП-54','15','no');
INSERT INTO discipline (id,nameOfDiscipline,countOfLessons,exam) VALUES ('856','Discipline ЕТРП-55','15','no');
INSERT INTO discipline (id,nameOfDiscipline,countOfLessons,exam) VALUES ('857','Discipline ЕТРП-56','15','no');
INSERT INTO discipline (id,nameOfDiscipline,countOfLessons,exam) VALUES ('858','Discipline ЕТРП-57','15','no');
INSERT INTO discipline (id,nameOfDiscipline,countOfLessons,exam) VALUES ('859','Discipline ЕТРП-58','15','no');
INSERT INTO discipline (id,nameOfDiscipline,countOfLessons,exam) VALUES ('860','Discipline ЕТРП-59','15','no');
INSERT INTO discipline (id,nameOfDiscipline,countOfLessons,exam) VALUES ('861','Discipline ЕТРП-60','15','no');
INSERT INTO discipline (id,nameOfDiscipline,countOfLessons,exam) VALUES ('862','Discipline ЕТРП-61','15','no');
INSERT INTO discipline (id,nameOfDiscipline,countOfLessons,exam) VALUES ('863','Discipline ЕТРП-62','15','no');
INSERT INTO disciplineDepartmentDependency (ID,disciplineID,departmentID,courseNumber,semesterNumber) VALUES ('801','801','12','1','1');
INSERT INTO disciplineDepartmentDependency (ID,disciplineID,departmentID,courseNumber,semesterNumber) VALUES ('802','802','12','2','2');
INSERT INTO disciplineDepartmentDependency (ID,disciplineID,departmentID,courseNumber,semesterNumber) VALUES ('803','803','12','3','1');
INSERT INTO disciplineDepartmentDependency (ID,disciplineID,departmentID,courseNumber,semesterNumber) VALUES ('804','804','12','4','2');
INSERT INTO disciplineDepartmentDependency (ID,disciplineID,departmentID,courseNumber,semesterNumber) VALUES ('805','805','12','5','1');
INSERT INTO disciplineDepartmentDependency (ID,disciplineID,departmentID,courseNumber,semesterNumber) VALUES ('806','806','12','6','2');
INSERT INTO disciplineDepartmentDependency (ID,disciplineID,departmentID,courseNumber,semesterNumber) VALUES ('807','807','12','1','1');
INSERT INTO disciplineDepartmentDependency (ID,disciplineID,departmentID,courseNumber,semesterNumber) VALUES ('808','808','12','2','2');
INSERT INTO disciplineDepartmentDependency (ID,disciplineID,departmentID,courseNumber,semesterNumber) VALUES ('809','809','12','3','1');
INSERT INTO disciplineDepartmentDependency (ID,disciplineID,departmentID,courseNumber,semesterNumber) VALUES ('810','810','12','4','2');
INSERT INTO disciplineDepartmentDependency (ID,disciplineID,departmentID,courseNumber,semesterNumber) VALUES ('811','811','12','5','1');
INSERT INTO disciplineDepartmentDependency (ID,disciplineID,departmentID,courseNumber,semesterNumber) VALUES ('812','812','12','6','2');
INSERT INTO disciplineDepartmentDependency (ID,disciplineID,departmentID,courseNumber,semesterNumber) VALUES ('813','813','12','1','1');
INSERT INTO disciplineDepartmentDependency (ID,disciplineID,departmentID,courseNumber,semesterNumber) VALUES ('814','814','12','2','2');
INSERT INTO disciplineDepartmentDependency (ID,disciplineID,departmentID,courseNumber,semesterNumber) VALUES ('815','815','12','3','1');
INSERT INTO disciplineDepartmentDependency (ID,disciplineID,departmentID,courseNumber,semesterNumber) VALUES ('816','816','12','4','2');
INSERT INTO disciplineDepartmentDependency (ID,disciplineID,departmentID,courseNumber,semesterNumber) VALUES ('817','817','12','5','1');
INSERT INTO disciplineDepartmentDependency (ID,disciplineID,departmentID,courseNumber,semesterNumber) VALUES ('818','818','12','6','2');
INSERT INTO disciplineDepartmentDependency (ID,disciplineID,departmentID,courseNumber,semesterNumber) VALUES ('819','819','12','1','1');
INSERT INTO disciplineDepartmentDependency (ID,disciplineID,departmentID,courseNumber,semesterNumber) VALUES ('820','820','12','2','2');
INSERT INTO disciplineDepartmentDependency (ID,disciplineID,departmentID,courseNumber,semesterNumber) VALUES ('821','821','12','3','1');
INSERT INTO disciplineDepartmentDependency (ID,disciplineID,departmentID,courseNumber,semesterNumber) VALUES ('822','822','12','4','2');
INSERT INTO disciplineDepartmentDependency (ID,disciplineID,departmentID,courseNumber,semesterNumber) VALUES ('823','823','12','5','1');
INSERT INTO disciplineDepartmentDependency (ID,disciplineID,departmentID,courseNumber,semesterNumber) VALUES ('824','824','12','6','2');
INSERT INTO disciplineDepartmentDependency (ID,disciplineID,departmentID,courseNumber,semesterNumber) VALUES ('825','825','12','1','1');
INSERT INTO disciplineDepartmentDependency (ID,disciplineID,departmentID,courseNumber,semesterNumber) VALUES ('826','826','12','2','2');
INSERT INTO disciplineDepartmentDependency (ID,disciplineID,departmentID,courseNumber,semesterNumber) VALUES ('827','827','12','3','1');
INSERT INTO disciplineDepartmentDependency (ID,disciplineID,departmentID,courseNumber,semesterNumber) VALUES ('828','828','12','4','2');
INSERT INTO disciplineDepartmentDependency (ID,disciplineID,departmentID,courseNumber,semesterNumber) VALUES ('829','829','12','5','1');
INSERT INTO disciplineDepartmentDependency (ID,disciplineID,departmentID,courseNumber,semesterNumber) VALUES ('830','830','12','6','2');
INSERT INTO disciplineDepartmentDependency (ID,disciplineID,departmentID,courseNumber,semesterNumber) VALUES ('831','831','12','1','1');
INSERT INTO disciplineDepartmentDependency (ID,disciplineID,departmentID,courseNumber,semesterNumber) VALUES ('832','832','12','2','2');
INSERT INTO disciplineDepartmentDependency (ID,disciplineID,departmentID,courseNumber,semesterNumber) VALUES ('833','833','12','3','1');
INSERT INTO disciplineDepartmentDependency (ID,disciplineID,departmentID,courseNumber,semesterNumber) VALUES ('834','834','12','4','2');
INSERT INTO disciplineDepartmentDependency (ID,disciplineID,departmentID,courseNumber,semesterNumber) VALUES ('835','835','12','5','1');
INSERT INTO disciplineDepartmentDependency (ID,disciplineID,departmentID,courseNumber,semesterNumber) VALUES ('836','836','12','6','2');
INSERT INTO disciplineDepartmentDependency (ID,disciplineID,departmentID,courseNumber,semesterNumber) VALUES ('837','837','12','1','1');
INSERT INTO disciplineDepartmentDependency (ID,disciplineID,departmentID,courseNumber,semesterNumber) VALUES ('838','838','12','2','2');
INSERT INTO disciplineDepartmentDependency (ID,disciplineID,departmentID,courseNumber,semesterNumber) VALUES ('839','839','12','3','1');
INSERT INTO disciplineDepartmentDependency (ID,disciplineID,departmentID,courseNumber,semesterNumber) VALUES ('840','840','12','4','2');
INSERT INTO disciplineDepartmentDependency (ID,disciplineID,departmentID,courseNumber,semesterNumber) VALUES ('841','841','12','5','1');
INSERT INTO disciplineDepartmentDependency (ID,disciplineID,departmentID,courseNumber,semesterNumber) VALUES ('842','842','12','6','2');
INSERT INTO disciplineDepartmentDependency (ID,disciplineID,departmentID,courseNumber,semesterNumber) VALUES ('843','843','12','1','1');
INSERT INTO disciplineDepartmentDependency (ID,disciplineID,departmentID,courseNumber,semesterNumber) VALUES ('844','844','12','2','2');
INSERT INTO disciplineDepartmentDependency (ID,disciplineID,departmentID,courseNumber,semesterNumber) VALUES ('845','845','12','3','1');
INSERT INTO disciplineDepartmentDependency (ID,disciplineID,departmentID,courseNumber,semesterNumber) VALUES ('846','846','12','4','2');
INSERT INTO disciplineDepartmentDependency (ID,disciplineID,departmentID,courseNumber,semesterNumber) VALUES ('847','847','12','5','1');
INSERT INTO disciplineDepartmentDependency (ID,disciplineID,departmentID,courseNumber,semesterNumber) VALUES ('848','848','12','6','2');
INSERT INTO disciplineDepartmentDependency (ID,disciplineID,departmentID,courseNumber,semesterNumber) VALUES ('849','849','12','1','1');
INSERT INTO disciplineDepartmentDependency (ID,disciplineID,departmentID,courseNumber,semesterNumber) VALUES ('850','850','12','2','2');
INSERT INTO disciplineDepartmentDependency (ID,disciplineID,departmentID,courseNumber,semesterNumber) VALUES ('851','851','12','3','1');
INSERT INTO disciplineDepartmentDependency (ID,disciplineID,departmentID,courseNumber,semesterNumber) VALUES ('852','852','12','4','2');
INSERT INTO disciplineDepartmentDependency (ID,disciplineID,departmentID,courseNumber,semesterNumber) VALUES ('853','853','12','5','1');
INSERT INTO disciplineDepartmentDependency (ID,disciplineID,departmentID,courseNumber,semesterNumber) VALUES ('854','854','12','6','2');
INSERT INTO disciplineDepartmentDependency (ID,disciplineID,departmentID,courseNumber,semesterNumber) VALUES ('855','855','12','1','1');
INSERT INTO disciplineDepartmentDependency (ID,disciplineID,departmentID,courseNumber,semesterNumber) VALUES ('856','856','12','2','2');
INSERT INTO disciplineDepartmentDependency (ID,disciplineID,departmentID,courseNumber,semesterNumber) VALUES ('857','857','12','3','1');
INSERT INTO disciplineDepartmentDependency (ID,disciplineID,departmentID,courseNumber,semesterNumber) VALUES ('858','858','12','4','2');
INSERT INTO disciplineDepartmentDependency (ID,disciplineID,departmentID,courseNumber,semesterNumber) VALUES ('859','859','12','5','1');
INSERT INTO disciplineDepartmentDependency (ID,disciplineID,departmentID,courseNumber,semesterNumber) VALUES ('860','860','12','6','2');
INSERT INTO disciplineDepartmentDependency (ID,disciplineID,departmentID,courseNumber,semesterNumber) VALUES ('861','861','12','1','1');
INSERT INTO disciplineDepartmentDependency (ID,disciplineID,departmentID,courseNumber,semesterNumber) VALUES ('862','862','12','2','2');
INSERT INTO disciplineDepartmentDependency (ID,disciplineID,departmentID,courseNumber,semesterNumber) VALUES ('863','863','12','3','1');
INSERT INTO loginpass (ID,login,password,access_type) VALUES ('26','DOLQKRAVZENKO@live.fr','MiD9LGt$','employee');
INSERT INTO employee (name,lastName,fathersName,personalID,sex,email,phoneNumber,dateOfBorn,address,passport,login,office,ID,departmentID) VALUES ('Доля','КРАВЧЕНКО','Іллівна','1661862700','f','DOLQKRAVZENKO@live.fr','0667304043','1981-01-06','46141 Алушта Богуна 20, 228','LS723411 ГУМВС 35','DOLQKRAVZENKO@live.fr','HR','24','12');
INSERT INTO loginpass (ID,login,password,access_type) VALUES ('27','VQZESLAVQULQGA@live.co.uk','930lnVRw','employee');
INSERT INTO employee (name,lastName,fathersName,personalID,sex,email,phoneNumber,dateOfBorn,address,passport,login,office,ID,departmentID) VALUES ('В’ячеслав','ШУЛЬГА','Ілліч','7868122370','m','VQZESLAVQULQGA@live.co.uk','0686516321','1974-09-24','82555 Дніпропетровськ Атамановського 45, 237','SU237651 ГУМВС 6','VQZESLAVQULQGA@live.co.uk','HR','25','12');
INSERT INTO loginpass (ID,login,password,access_type) VALUES ('28','BOGOLQBAOSTAPENKO@live.co.uk','WScl8NCY','employee');
INSERT INTO employee (name,lastName,fathersName,personalID,sex,email,phoneNumber,dateOfBorn,address,passport,login,office,ID,departmentID) VALUES ('Боголюба','ОСТАПЕНКО','Савівна','4044548640','f','BOGOLQBAOSTAPENKO@live.co.uk','0963538257','1975-08-28','76707 Стрий Івана Франка 44, 112','NN118161 ГУМВС 2','BOGOLQBAOSTAPENKO@live.co.uk','HR','26','12');
INSERT INTO gtgroup (id,fullGroupName,courseNumber,departmentID) VALUES ('120','ЕТРП-10','1','12');
INSERT INTO gtgroup (id,fullGroupName,courseNumber,departmentID) VALUES ('121','ЕТРП-11','1','12');
INSERT INTO gtgroup (id,fullGroupName,courseNumber,departmentID) VALUES ('122','ЕТРП-12','1','12');
INSERT INTO gtgroup (id,fullGroupName,courseNumber,departmentID) VALUES ('123','ЕТРП-20','2','12');
INSERT INTO gtgroup (id,fullGroupName,courseNumber,departmentID) VALUES ('124','ЕТРП-21','2','12');
INSERT INTO gtgroup (id,fullGroupName,courseNumber,departmentID) VALUES ('125','ЕТРП-22','2','12');
INSERT INTO gtgroup (id,fullGroupName,courseNumber,departmentID) VALUES ('126','ЕТРП-30','3','12');
INSERT INTO gtgroup (id,fullGroupName,courseNumber,departmentID) VALUES ('127','ЕТРП-31','3','12');
INSERT INTO gtgroup (id,fullGroupName,courseNumber,departmentID) VALUES ('128','ЕТРП-32','3','12');
INSERT INTO gtgroup (id,fullGroupName,courseNumber,departmentID) VALUES ('129','ЕТРП-40','4','12');
INSERT INTO gtgroup (id,fullGroupName,courseNumber,departmentID) VALUES ('130','ЕТРП-41','4','12');
INSERT INTO gtgroup (id,fullGroupName,courseNumber,departmentID) VALUES ('131','ЕТРП-42','4','12');
INSERT INTO gtgroup (id,fullGroupName,courseNumber,departmentID) VALUES ('132','ЕТРП-50','5','12');
INSERT INTO gtgroup (id,fullGroupName,courseNumber,departmentID) VALUES ('133','ЕТРП-51','5','12');
INSERT INTO gtgroup (id,fullGroupName,courseNumber,departmentID) VALUES ('134','ЕТРП-52','5','12');
INSERT INTO gtgroup (id,fullGroupName,courseNumber,departmentID) VALUES ('135','ЕТРП-60','6','12');
INSERT INTO gtgroup (id,fullGroupName,courseNumber,departmentID) VALUES ('136','ЕТРП-61','6','12');
INSERT INTO gtgroup (id,fullGroupName,courseNumber,departmentID) VALUES ('137','ЕТРП-62','6','12');
INSERT INTO dayRequirements (id,departmentID,countOfDaysInWeek,countOfLessonsInADay) VALUES ('12','13','6','5');
INSERT INTO discipline (id,nameOfDiscipline,countOfLessons,exam) VALUES ('864','Discipline КБМК-0','15','no');
INSERT INTO discipline (id,nameOfDiscipline,countOfLessons,exam) VALUES ('865','Discipline КБМК-1','15','no');
INSERT INTO discipline (id,nameOfDiscipline,countOfLessons,exam) VALUES ('866','Discipline КБМК-2','15','no');
INSERT INTO discipline (id,nameOfDiscipline,countOfLessons,exam) VALUES ('867','Discipline КБМК-3','15','no');
INSERT INTO discipline (id,nameOfDiscipline,countOfLessons,exam) VALUES ('868','Discipline КБМК-4','15','no');
INSERT INTO discipline (id,nameOfDiscipline,countOfLessons,exam) VALUES ('869','Discipline КБМК-5','15','no');
INSERT INTO discipline (id,nameOfDiscipline,countOfLessons,exam) VALUES ('870','Discipline КБМК-6','15','no');
INSERT INTO discipline (id,nameOfDiscipline,countOfLessons,exam) VALUES ('871','Discipline КБМК-7','15','no');
INSERT INTO discipline (id,nameOfDiscipline,countOfLessons,exam) VALUES ('872','Discipline КБМК-8','15','no');
INSERT INTO discipline (id,nameOfDiscipline,countOfLessons,exam) VALUES ('873','Discipline КБМК-9','15','no');
INSERT INTO discipline (id,nameOfDiscipline,countOfLessons,exam) VALUES ('874','Discipline КБМК-10','15','no');
INSERT INTO discipline (id,nameOfDiscipline,countOfLessons,exam) VALUES ('875','Discipline КБМК-11','15','no');
INSERT INTO discipline (id,nameOfDiscipline,countOfLessons,exam) VALUES ('876','Discipline КБМК-12','15','no');
INSERT INTO discipline (id,nameOfDiscipline,countOfLessons,exam) VALUES ('877','Discipline КБМК-13','15','no');
INSERT INTO discipline (id,nameOfDiscipline,countOfLessons,exam) VALUES ('878','Discipline КБМК-14','15','no');
INSERT INTO discipline (id,nameOfDiscipline,countOfLessons,exam) VALUES ('879','Discipline КБМК-15','15','no');
INSERT INTO discipline (id,nameOfDiscipline,countOfLessons,exam) VALUES ('880','Discipline КБМК-16','15','no');
INSERT INTO discipline (id,nameOfDiscipline,countOfLessons,exam) VALUES ('881','Discipline КБМК-17','15','no');
INSERT INTO discipline (id,nameOfDiscipline,countOfLessons,exam) VALUES ('882','Discipline КБМК-18','15','no');
INSERT INTO discipline (id,nameOfDiscipline,countOfLessons,exam) VALUES ('883','Discipline КБМК-19','15','no');
INSERT INTO discipline (id,nameOfDiscipline,countOfLessons,exam) VALUES ('884','Discipline КБМК-20','15','no');
INSERT INTO discipline (id,nameOfDiscipline,countOfLessons,exam) VALUES ('885','Discipline КБМК-21','15','no');
INSERT INTO discipline (id,nameOfDiscipline,countOfLessons,exam) VALUES ('886','Discipline КБМК-22','15','no');
INSERT INTO discipline (id,nameOfDiscipline,countOfLessons,exam) VALUES ('887','Discipline КБМК-23','15','no');
INSERT INTO discipline (id,nameOfDiscipline,countOfLessons,exam) VALUES ('888','Discipline КБМК-24','15','no');
INSERT INTO discipline (id,nameOfDiscipline,countOfLessons,exam) VALUES ('889','Discipline КБМК-25','15','no');
INSERT INTO discipline (id,nameOfDiscipline,countOfLessons,exam) VALUES ('890','Discipline КБМК-26','15','no');
INSERT INTO discipline (id,nameOfDiscipline,countOfLessons,exam) VALUES ('891','Discipline КБМК-27','15','no');
INSERT INTO discipline (id,nameOfDiscipline,countOfLessons,exam) VALUES ('892','Discipline КБМК-28','15','no');
INSERT INTO discipline (id,nameOfDiscipline,countOfLessons,exam) VALUES ('893','Discipline КБМК-29','15','no');
INSERT INTO discipline (id,nameOfDiscipline,countOfLessons,exam) VALUES ('894','Discipline КБМК-30','15','no');
INSERT INTO discipline (id,nameOfDiscipline,countOfLessons,exam) VALUES ('895','Discipline КБМК-31','15','no');
INSERT INTO discipline (id,nameOfDiscipline,countOfLessons,exam) VALUES ('896','Discipline КБМК-32','15','no');
INSERT INTO discipline (id,nameOfDiscipline,countOfLessons,exam) VALUES ('897','Discipline КБМК-33','15','no');
INSERT INTO discipline (id,nameOfDiscipline,countOfLessons,exam) VALUES ('898','Discipline КБМК-34','15','no');
INSERT INTO discipline (id,nameOfDiscipline,countOfLessons,exam) VALUES ('899','Discipline КБМК-35','15','no');
INSERT INTO discipline (id,nameOfDiscipline,countOfLessons,exam) VALUES ('900','Discipline КБМК-36','15','no');
INSERT INTO discipline (id,nameOfDiscipline,countOfLessons,exam) VALUES ('901','Discipline КБМК-37','15','no');
INSERT INTO discipline (id,nameOfDiscipline,countOfLessons,exam) VALUES ('902','Discipline КБМК-38','15','no');
INSERT INTO discipline (id,nameOfDiscipline,countOfLessons,exam) VALUES ('903','Discipline КБМК-39','15','no');
INSERT INTO discipline (id,nameOfDiscipline,countOfLessons,exam) VALUES ('904','Discipline КБМК-40','15','no');
INSERT INTO discipline (id,nameOfDiscipline,countOfLessons,exam) VALUES ('905','Discipline КБМК-41','15','no');
INSERT INTO discipline (id,nameOfDiscipline,countOfLessons,exam) VALUES ('906','Discipline КБМК-42','15','no');
INSERT INTO discipline (id,nameOfDiscipline,countOfLessons,exam) VALUES ('907','Discipline КБМК-43','15','no');
INSERT INTO discipline (id,nameOfDiscipline,countOfLessons,exam) VALUES ('908','Discipline КБМК-44','15','no');
INSERT INTO discipline (id,nameOfDiscipline,countOfLessons,exam) VALUES ('909','Discipline КБМК-45','15','no');
INSERT INTO discipline (id,nameOfDiscipline,countOfLessons,exam) VALUES ('910','Discipline КБМК-46','15','no');
INSERT INTO discipline (id,nameOfDiscipline,countOfLessons,exam) VALUES ('911','Discipline КБМК-47','15','no');
INSERT INTO discipline (id,nameOfDiscipline,countOfLessons,exam) VALUES ('912','Discipline КБМК-48','15','no');
INSERT INTO discipline (id,nameOfDiscipline,countOfLessons,exam) VALUES ('913','Discipline КБМК-49','15','no');
INSERT INTO discipline (id,nameOfDiscipline,countOfLessons,exam) VALUES ('914','Discipline КБМК-50','15','no');
INSERT INTO discipline (id,nameOfDiscipline,countOfLessons,exam) VALUES ('915','Discipline КБМК-51','15','no');
INSERT INTO discipline (id,nameOfDiscipline,countOfLessons,exam) VALUES ('916','Discipline КБМК-52','15','no');
INSERT INTO discipline (id,nameOfDiscipline,countOfLessons,exam) VALUES ('917','Discipline КБМК-53','15','no');
INSERT INTO discipline (id,nameOfDiscipline,countOfLessons,exam) VALUES ('918','Discipline КБМК-54','15','no');
INSERT INTO discipline (id,nameOfDiscipline,countOfLessons,exam) VALUES ('919','Discipline КБМК-55','15','no');
INSERT INTO discipline (id,nameOfDiscipline,countOfLessons,exam) VALUES ('920','Discipline КБМК-56','15','no');
INSERT INTO discipline (id,nameOfDiscipline,countOfLessons,exam) VALUES ('921','Discipline КБМК-57','15','no');
INSERT INTO discipline (id,nameOfDiscipline,countOfLessons,exam) VALUES ('922','Discipline КБМК-58','15','no');
INSERT INTO discipline (id,nameOfDiscipline,countOfLessons,exam) VALUES ('923','Discipline КБМК-59','15','no');
INSERT INTO discipline (id,nameOfDiscipline,countOfLessons,exam) VALUES ('924','Discipline КБМК-60','15','no');
INSERT INTO discipline (id,nameOfDiscipline,countOfLessons,exam) VALUES ('925','Discipline КБМК-61','15','no');
INSERT INTO discipline (id,nameOfDiscipline,countOfLessons,exam) VALUES ('926','Discipline КБМК-62','15','no');
INSERT INTO discipline (id,nameOfDiscipline,countOfLessons,exam) VALUES ('927','Discipline КБМК-63','15','no');
INSERT INTO disciplineDepartmentDependency (ID,disciplineID,departmentID,courseNumber,semesterNumber) VALUES ('864','864','13','1','1');
INSERT INTO disciplineDepartmentDependency (ID,disciplineID,departmentID,courseNumber,semesterNumber) VALUES ('865','865','13','2','2');
INSERT INTO disciplineDepartmentDependency (ID,disciplineID,departmentID,courseNumber,semesterNumber) VALUES ('866','866','13','3','1');
INSERT INTO disciplineDepartmentDependency (ID,disciplineID,departmentID,courseNumber,semesterNumber) VALUES ('867','867','13','4','2');
INSERT INTO disciplineDepartmentDependency (ID,disciplineID,departmentID,courseNumber,semesterNumber) VALUES ('868','868','13','5','1');
INSERT INTO disciplineDepartmentDependency (ID,disciplineID,departmentID,courseNumber,semesterNumber) VALUES ('869','869','13','6','2');
INSERT INTO disciplineDepartmentDependency (ID,disciplineID,departmentID,courseNumber,semesterNumber) VALUES ('870','870','13','1','1');
INSERT INTO disciplineDepartmentDependency (ID,disciplineID,departmentID,courseNumber,semesterNumber) VALUES ('871','871','13','2','2');
INSERT INTO disciplineDepartmentDependency (ID,disciplineID,departmentID,courseNumber,semesterNumber) VALUES ('872','872','13','3','1');
INSERT INTO disciplineDepartmentDependency (ID,disciplineID,departmentID,courseNumber,semesterNumber) VALUES ('873','873','13','4','2');
INSERT INTO disciplineDepartmentDependency (ID,disciplineID,departmentID,courseNumber,semesterNumber) VALUES ('874','874','13','5','1');
INSERT INTO disciplineDepartmentDependency (ID,disciplineID,departmentID,courseNumber,semesterNumber) VALUES ('875','875','13','6','2');
INSERT INTO disciplineDepartmentDependency (ID,disciplineID,departmentID,courseNumber,semesterNumber) VALUES ('876','876','13','1','1');
INSERT INTO disciplineDepartmentDependency (ID,disciplineID,departmentID,courseNumber,semesterNumber) VALUES ('877','877','13','2','2');
INSERT INTO disciplineDepartmentDependency (ID,disciplineID,departmentID,courseNumber,semesterNumber) VALUES ('878','878','13','3','1');
INSERT INTO disciplineDepartmentDependency (ID,disciplineID,departmentID,courseNumber,semesterNumber) VALUES ('879','879','13','4','2');
INSERT INTO disciplineDepartmentDependency (ID,disciplineID,departmentID,courseNumber,semesterNumber) VALUES ('880','880','13','5','1');
INSERT INTO disciplineDepartmentDependency (ID,disciplineID,departmentID,courseNumber,semesterNumber) VALUES ('881','881','13','6','2');
INSERT INTO disciplineDepartmentDependency (ID,disciplineID,departmentID,courseNumber,semesterNumber) VALUES ('882','882','13','1','1');
INSERT INTO disciplineDepartmentDependency (ID,disciplineID,departmentID,courseNumber,semesterNumber) VALUES ('883','883','13','2','2');
INSERT INTO disciplineDepartmentDependency (ID,disciplineID,departmentID,courseNumber,semesterNumber) VALUES ('884','884','13','3','1');
INSERT INTO disciplineDepartmentDependency (ID,disciplineID,departmentID,courseNumber,semesterNumber) VALUES ('885','885','13','4','2');
INSERT INTO disciplineDepartmentDependency (ID,disciplineID,departmentID,courseNumber,semesterNumber) VALUES ('886','886','13','5','1');
INSERT INTO disciplineDepartmentDependency (ID,disciplineID,departmentID,courseNumber,semesterNumber) VALUES ('887','887','13','6','2');
INSERT INTO disciplineDepartmentDependency (ID,disciplineID,departmentID,courseNumber,semesterNumber) VALUES ('888','888','13','1','1');
INSERT INTO disciplineDepartmentDependency (ID,disciplineID,departmentID,courseNumber,semesterNumber) VALUES ('889','889','13','2','2');
INSERT INTO disciplineDepartmentDependency (ID,disciplineID,departmentID,courseNumber,semesterNumber) VALUES ('890','890','13','3','1');
INSERT INTO disciplineDepartmentDependency (ID,disciplineID,departmentID,courseNumber,semesterNumber) VALUES ('891','891','13','4','2');
INSERT INTO disciplineDepartmentDependency (ID,disciplineID,departmentID,courseNumber,semesterNumber) VALUES ('892','892','13','5','1');
INSERT INTO disciplineDepartmentDependency (ID,disciplineID,departmentID,courseNumber,semesterNumber) VALUES ('893','893','13','6','2');
INSERT INTO disciplineDepartmentDependency (ID,disciplineID,departmentID,courseNumber,semesterNumber) VALUES ('894','894','13','1','1');
INSERT INTO disciplineDepartmentDependency (ID,disciplineID,departmentID,courseNumber,semesterNumber) VALUES ('895','895','13','2','2');
INSERT INTO disciplineDepartmentDependency (ID,disciplineID,departmentID,courseNumber,semesterNumber) VALUES ('896','896','13','3','1');
INSERT INTO disciplineDepartmentDependency (ID,disciplineID,departmentID,courseNumber,semesterNumber) VALUES ('897','897','13','4','2');
INSERT INTO disciplineDepartmentDependency (ID,disciplineID,departmentID,courseNumber,semesterNumber) VALUES ('898','898','13','5','1');
INSERT INTO disciplineDepartmentDependency (ID,disciplineID,departmentID,courseNumber,semesterNumber) VALUES ('899','899','13','6','2');
INSERT INTO disciplineDepartmentDependency (ID,disciplineID,departmentID,courseNumber,semesterNumber) VALUES ('900','900','13','1','1');
INSERT INTO disciplineDepartmentDependency (ID,disciplineID,departmentID,courseNumber,semesterNumber) VALUES ('901','901','13','2','2');
INSERT INTO disciplineDepartmentDependency (ID,disciplineID,departmentID,courseNumber,semesterNumber) VALUES ('902','902','13','3','1');
INSERT INTO disciplineDepartmentDependency (ID,disciplineID,departmentID,courseNumber,semesterNumber) VALUES ('903','903','13','4','2');
INSERT INTO disciplineDepartmentDependency (ID,disciplineID,departmentID,courseNumber,semesterNumber) VALUES ('904','904','13','5','1');
INSERT INTO disciplineDepartmentDependency (ID,disciplineID,departmentID,courseNumber,semesterNumber) VALUES ('905','905','13','6','2');
INSERT INTO disciplineDepartmentDependency (ID,disciplineID,departmentID,courseNumber,semesterNumber) VALUES ('906','906','13','1','1');
INSERT INTO disciplineDepartmentDependency (ID,disciplineID,departmentID,courseNumber,semesterNumber) VALUES ('907','907','13','2','2');
INSERT INTO disciplineDepartmentDependency (ID,disciplineID,departmentID,courseNumber,semesterNumber) VALUES ('908','908','13','3','1');
INSERT INTO disciplineDepartmentDependency (ID,disciplineID,departmentID,courseNumber,semesterNumber) VALUES ('909','909','13','4','2');
INSERT INTO disciplineDepartmentDependency (ID,disciplineID,departmentID,courseNumber,semesterNumber) VALUES ('910','910','13','5','1');
INSERT INTO disciplineDepartmentDependency (ID,disciplineID,departmentID,courseNumber,semesterNumber) VALUES ('911','911','13','6','2');
INSERT INTO disciplineDepartmentDependency (ID,disciplineID,departmentID,courseNumber,semesterNumber) VALUES ('912','912','13','1','1');
INSERT INTO disciplineDepartmentDependency (ID,disciplineID,departmentID,courseNumber,semesterNumber) VALUES ('913','913','13','2','2');
INSERT INTO disciplineDepartmentDependency (ID,disciplineID,departmentID,courseNumber,semesterNumber) VALUES ('914','914','13','3','1');
INSERT INTO disciplineDepartmentDependency (ID,disciplineID,departmentID,courseNumber,semesterNumber) VALUES ('915','915','13','4','2');
INSERT INTO disciplineDepartmentDependency (ID,disciplineID,departmentID,courseNumber,semesterNumber) VALUES ('916','916','13','5','1');
INSERT INTO disciplineDepartmentDependency (ID,disciplineID,departmentID,courseNumber,semesterNumber) VALUES ('917','917','13','6','2');
INSERT INTO disciplineDepartmentDependency (ID,disciplineID,departmentID,courseNumber,semesterNumber) VALUES ('918','918','13','1','1');
INSERT INTO disciplineDepartmentDependency (ID,disciplineID,departmentID,courseNumber,semesterNumber) VALUES ('919','919','13','2','2');
INSERT INTO disciplineDepartmentDependency (ID,disciplineID,departmentID,courseNumber,semesterNumber) VALUES ('920','920','13','3','1');
INSERT INTO disciplineDepartmentDependency (ID,disciplineID,departmentID,courseNumber,semesterNumber) VALUES ('921','921','13','4','2');
INSERT INTO disciplineDepartmentDependency (ID,disciplineID,departmentID,courseNumber,semesterNumber) VALUES ('922','922','13','5','1');
INSERT INTO disciplineDepartmentDependency (ID,disciplineID,departmentID,courseNumber,semesterNumber) VALUES ('923','923','13','6','2');
INSERT INTO disciplineDepartmentDependency (ID,disciplineID,departmentID,courseNumber,semesterNumber) VALUES ('924','924','13','1','1');
INSERT INTO disciplineDepartmentDependency (ID,disciplineID,departmentID,courseNumber,semesterNumber) VALUES ('925','925','13','2','2');
INSERT INTO disciplineDepartmentDependency (ID,disciplineID,departmentID,courseNumber,semesterNumber) VALUES ('926','926','13','3','1');
INSERT INTO disciplineDepartmentDependency (ID,disciplineID,departmentID,courseNumber,semesterNumber) VALUES ('927','927','13','4','2');
INSERT INTO loginpass (ID,login,password,access_type) VALUES ('29','VERHUSLAVAVOLOQXN@wanadoo.co.uk','VECZool1','employee');
INSERT INTO employee (name,lastName,fathersName,personalID,sex,email,phoneNumber,dateOfBorn,address,passport,login,office,ID,departmentID) VALUES ('Верхуслава','ВОЛОШИН','Луківна','4263331741','f','VERHUSLAVAVOLOQXN@wanadoo.co.uk','0631466248','1966-05-06','81111 Севастополь Гастелло 84, 205','YT625185 ГУМВС 49','VERHUSLAVAVOLOQXN@wanadoo.co.uk','HR','27','13');
INSERT INTO loginpass (ID,login,password,access_type) VALUES ('30','GROWANBABENKO@ntlworld.com','w0R!CiBK','employee');
INSERT INTO employee (name,lastName,fathersName,personalID,sex,email,phoneNumber,dateOfBorn,address,passport,login,office,ID,departmentID) VALUES ('Грозан','БАБЕНКО','Лукич','6468655513','m','GROWANBABENKO@ntlworld.com','0686550646','1965-06-03','42708 Бердянськ Битюцького старшого лейтенанта 30, 256','GO878358 ГУМВС 48','GROWANBABENKO@ntlworld.com','HR','28','13');
INSERT INTO loginpass (ID,login,password,access_type) VALUES ('31','BOGUMXRAGOLUB@tiscali.co.uk','mlMaQxLr','employee');
INSERT INTO employee (name,lastName,fathersName,personalID,sex,email,phoneNumber,dateOfBorn,address,passport,login,office,ID,departmentID) VALUES ('Богумира','ГОЛУБ','Хомівна','1511318260','f','BOGUMXRAGOLUB@tiscali.co.uk','0395767410','1966-10-23','63046 Славута Ватутіна 48, 0','RQ861821 ГУМВС 32','BOGUMXRAGOLUB@tiscali.co.uk','HR','29','13');
INSERT INTO loginpass (ID,login,password,access_type) VALUES ('32','DOBRONIGAKOSTENKO@t-online.de','qLP9c31k','employee');
INSERT INTO employee (name,lastName,fathersName,personalID,sex,email,phoneNumber,dateOfBorn,address,passport,login,office,ID,departmentID) VALUES ('Доброніга','КОСТЕНКО','Миколаївна','4275105067','f','DOBRONIGAKOSTENKO@t-online.de','0910226246','1957-03-28','31718 Львів Івана Котляревського 4, 103','RC627833 ГУМВС 29','DOBRONIGAKOSTENKO@t-online.de','HR','30','13');
INSERT INTO gtgroup (id,fullGroupName,courseNumber,departmentID) VALUES ('138','КБМК-10','1','13');
INSERT INTO gtgroup (id,fullGroupName,courseNumber,departmentID) VALUES ('139','КБМК-20','2','13');
INSERT INTO gtgroup (id,fullGroupName,courseNumber,departmentID) VALUES ('140','КБМК-30','3','13');
INSERT INTO gtgroup (id,fullGroupName,courseNumber,departmentID) VALUES ('141','КБМК-40','4','13');
INSERT INTO gtgroup (id,fullGroupName,courseNumber,departmentID) VALUES ('142','КБМК-50','5','13');
INSERT INTO gtgroup (id,fullGroupName,courseNumber,departmentID) VALUES ('143','КБМК-60','6','13');
INSERT INTO dayRequirements (id,departmentID,countOfDaysInWeek,countOfLessonsInADay) VALUES ('13','14','6','5');
INSERT INTO discipline (id,nameOfDiscipline,countOfLessons,exam) VALUES ('928','Discipline БМІ-0','15','no');
INSERT INTO discipline (id,nameOfDiscipline,countOfLessons,exam) VALUES ('929','Discipline БМІ-1','15','no');
INSERT INTO discipline (id,nameOfDiscipline,countOfLessons,exam) VALUES ('930','Discipline БМІ-2','15','no');
INSERT INTO discipline (id,nameOfDiscipline,countOfLessons,exam) VALUES ('931','Discipline БМІ-3','15','no');
INSERT INTO discipline (id,nameOfDiscipline,countOfLessons,exam) VALUES ('932','Discipline БМІ-4','15','no');
INSERT INTO discipline (id,nameOfDiscipline,countOfLessons,exam) VALUES ('933','Discipline БМІ-5','15','no');
INSERT INTO discipline (id,nameOfDiscipline,countOfLessons,exam) VALUES ('934','Discipline БМІ-6','15','no');
INSERT INTO discipline (id,nameOfDiscipline,countOfLessons,exam) VALUES ('935','Discipline БМІ-7','15','no');
INSERT INTO discipline (id,nameOfDiscipline,countOfLessons,exam) VALUES ('936','Discipline БМІ-8','15','no');
INSERT INTO discipline (id,nameOfDiscipline,countOfLessons,exam) VALUES ('937','Discipline БМІ-9','15','no');
INSERT INTO discipline (id,nameOfDiscipline,countOfLessons,exam) VALUES ('938','Discipline БМІ-10','15','no');
INSERT INTO discipline (id,nameOfDiscipline,countOfLessons,exam) VALUES ('939','Discipline БМІ-11','15','no');
INSERT INTO discipline (id,nameOfDiscipline,countOfLessons,exam) VALUES ('940','Discipline БМІ-12','15','no');
INSERT INTO discipline (id,nameOfDiscipline,countOfLessons,exam) VALUES ('941','Discipline БМІ-13','15','no');
INSERT INTO discipline (id,nameOfDiscipline,countOfLessons,exam) VALUES ('942','Discipline БМІ-14','15','no');
INSERT INTO discipline (id,nameOfDiscipline,countOfLessons,exam) VALUES ('943','Discipline БМІ-15','15','no');
INSERT INTO discipline (id,nameOfDiscipline,countOfLessons,exam) VALUES ('944','Discipline БМІ-16','15','no');
INSERT INTO discipline (id,nameOfDiscipline,countOfLessons,exam) VALUES ('945','Discipline БМІ-17','15','no');
INSERT INTO discipline (id,nameOfDiscipline,countOfLessons,exam) VALUES ('946','Discipline БМІ-18','15','no');
INSERT INTO discipline (id,nameOfDiscipline,countOfLessons,exam) VALUES ('947','Discipline БМІ-19','15','no');
INSERT INTO discipline (id,nameOfDiscipline,countOfLessons,exam) VALUES ('948','Discipline БМІ-20','15','no');
INSERT INTO discipline (id,nameOfDiscipline,countOfLessons,exam) VALUES ('949','Discipline БМІ-21','15','no');
INSERT INTO discipline (id,nameOfDiscipline,countOfLessons,exam) VALUES ('950','Discipline БМІ-22','15','no');
INSERT INTO discipline (id,nameOfDiscipline,countOfLessons,exam) VALUES ('951','Discipline БМІ-23','15','no');
INSERT INTO discipline (id,nameOfDiscipline,countOfLessons,exam) VALUES ('952','Discipline БМІ-24','15','no');
INSERT INTO discipline (id,nameOfDiscipline,countOfLessons,exam) VALUES ('953','Discipline БМІ-25','15','no');
INSERT INTO discipline (id,nameOfDiscipline,countOfLessons,exam) VALUES ('954','Discipline БМІ-26','15','no');
INSERT INTO discipline (id,nameOfDiscipline,countOfLessons,exam) VALUES ('955','Discipline БМІ-27','15','no');
INSERT INTO discipline (id,nameOfDiscipline,countOfLessons,exam) VALUES ('956','Discipline БМІ-28','15','no');
INSERT INTO discipline (id,nameOfDiscipline,countOfLessons,exam) VALUES ('957','Discipline БМІ-29','15','no');
INSERT INTO discipline (id,nameOfDiscipline,countOfLessons,exam) VALUES ('958','Discipline БМІ-30','15','no');
INSERT INTO discipline (id,nameOfDiscipline,countOfLessons,exam) VALUES ('959','Discipline БМІ-31','15','no');
INSERT INTO discipline (id,nameOfDiscipline,countOfLessons,exam) VALUES ('960','Discipline БМІ-32','15','no');
INSERT INTO discipline (id,nameOfDiscipline,countOfLessons,exam) VALUES ('961','Discipline БМІ-33','15','no');
INSERT INTO discipline (id,nameOfDiscipline,countOfLessons,exam) VALUES ('962','Discipline БМІ-34','15','no');
INSERT INTO discipline (id,nameOfDiscipline,countOfLessons,exam) VALUES ('963','Discipline БМІ-35','15','no');
INSERT INTO discipline (id,nameOfDiscipline,countOfLessons,exam) VALUES ('964','Discipline БМІ-36','15','no');
INSERT INTO discipline (id,nameOfDiscipline,countOfLessons,exam) VALUES ('965','Discipline БМІ-37','15','no');
INSERT INTO discipline (id,nameOfDiscipline,countOfLessons,exam) VALUES ('966','Discipline БМІ-38','15','no');
INSERT INTO discipline (id,nameOfDiscipline,countOfLessons,exam) VALUES ('967','Discipline БМІ-39','15','no');
INSERT INTO discipline (id,nameOfDiscipline,countOfLessons,exam) VALUES ('968','Discipline БМІ-40','15','no');
INSERT INTO discipline (id,nameOfDiscipline,countOfLessons,exam) VALUES ('969','Discipline БМІ-41','15','no');
INSERT INTO discipline (id,nameOfDiscipline,countOfLessons,exam) VALUES ('970','Discipline БМІ-42','15','no');
INSERT INTO discipline (id,nameOfDiscipline,countOfLessons,exam) VALUES ('971','Discipline БМІ-43','15','no');
INSERT INTO discipline (id,nameOfDiscipline,countOfLessons,exam) VALUES ('972','Discipline БМІ-44','15','no');
INSERT INTO discipline (id,nameOfDiscipline,countOfLessons,exam) VALUES ('973','Discipline БМІ-45','15','no');
INSERT INTO discipline (id,nameOfDiscipline,countOfLessons,exam) VALUES ('974','Discipline БМІ-46','15','no');
INSERT INTO discipline (id,nameOfDiscipline,countOfLessons,exam) VALUES ('975','Discipline БМІ-47','15','no');
INSERT INTO discipline (id,nameOfDiscipline,countOfLessons,exam) VALUES ('976','Discipline БМІ-48','15','no');
INSERT INTO discipline (id,nameOfDiscipline,countOfLessons,exam) VALUES ('977','Discipline БМІ-49','15','no');
INSERT INTO discipline (id,nameOfDiscipline,countOfLessons,exam) VALUES ('978','Discipline БМІ-50','15','no');
INSERT INTO discipline (id,nameOfDiscipline,countOfLessons,exam) VALUES ('979','Discipline БМІ-51','15','no');
INSERT INTO discipline (id,nameOfDiscipline,countOfLessons,exam) VALUES ('980','Discipline БМІ-52','15','no');
INSERT INTO discipline (id,nameOfDiscipline,countOfLessons,exam) VALUES ('981','Discipline БМІ-53','15','no');
INSERT INTO discipline (id,nameOfDiscipline,countOfLessons,exam) VALUES ('982','Discipline БМІ-54','15','no');
INSERT INTO discipline (id,nameOfDiscipline,countOfLessons,exam) VALUES ('983','Discipline БМІ-55','15','no');
INSERT INTO discipline (id,nameOfDiscipline,countOfLessons,exam) VALUES ('984','Discipline БМІ-56','15','no');
INSERT INTO discipline (id,nameOfDiscipline,countOfLessons,exam) VALUES ('985','Discipline БМІ-57','15','no');
INSERT INTO discipline (id,nameOfDiscipline,countOfLessons,exam) VALUES ('986','Discipline БМІ-58','15','no');
INSERT INTO discipline (id,nameOfDiscipline,countOfLessons,exam) VALUES ('987','Discipline БМІ-59','15','no');
INSERT INTO discipline (id,nameOfDiscipline,countOfLessons,exam) VALUES ('988','Discipline БМІ-60','15','no');
INSERT INTO discipline (id,nameOfDiscipline,countOfLessons,exam) VALUES ('989','Discipline БМІ-61','15','no');
INSERT INTO discipline (id,nameOfDiscipline,countOfLessons,exam) VALUES ('990','Discipline БМІ-62','15','no');
INSERT INTO discipline (id,nameOfDiscipline,countOfLessons,exam) VALUES ('991','Discipline БМІ-63','15','no');
INSERT INTO discipline (id,nameOfDiscipline,countOfLessons,exam) VALUES ('992','Discipline БМІ-64','15','no');
INSERT INTO discipline (id,nameOfDiscipline,countOfLessons,exam) VALUES ('993','Discipline БМІ-65','15','no');
INSERT INTO discipline (id,nameOfDiscipline,countOfLessons,exam) VALUES ('994','Discipline БМІ-66','15','no');
INSERT INTO discipline (id,nameOfDiscipline,countOfLessons,exam) VALUES ('995','Discipline БМІ-67','15','no');
INSERT INTO discipline (id,nameOfDiscipline,countOfLessons,exam) VALUES ('996','Discipline БМІ-68','15','no');
INSERT INTO discipline (id,nameOfDiscipline,countOfLessons,exam) VALUES ('997','Discipline БМІ-69','15','no');
INSERT INTO discipline (id,nameOfDiscipline,countOfLessons,exam) VALUES ('998','Discipline БМІ-70','15','no');
INSERT INTO discipline (id,nameOfDiscipline,countOfLessons,exam) VALUES ('999','Discipline БМІ-71','15','no');
INSERT INTO discipline (id,nameOfDiscipline,countOfLessons,exam) VALUES ('1000','Discipline БМІ-72','15','no');
INSERT INTO discipline (id,nameOfDiscipline,countOfLessons,exam) VALUES ('1001','Discipline БМІ-73','15','no');
INSERT INTO discipline (id,nameOfDiscipline,countOfLessons,exam) VALUES ('1002','Discipline БМІ-74','15','no');
INSERT INTO discipline (id,nameOfDiscipline,countOfLessons,exam) VALUES ('1003','Discipline БМІ-75','15','no');
INSERT INTO discipline (id,nameOfDiscipline,countOfLessons,exam) VALUES ('1004','Discipline БМІ-76','15','no');
INSERT INTO discipline (id,nameOfDiscipline,countOfLessons,exam) VALUES ('1005','Discipline БМІ-77','15','no');
INSERT INTO discipline (id,nameOfDiscipline,countOfLessons,exam) VALUES ('1006','Discipline БМІ-78','15','no');
INSERT INTO discipline (id,nameOfDiscipline,countOfLessons,exam) VALUES ('1007','Discipline БМІ-79','15','no');
INSERT INTO discipline (id,nameOfDiscipline,countOfLessons,exam) VALUES ('1008','Discipline БМІ-80','15','no');
INSERT INTO discipline (id,nameOfDiscipline,countOfLessons,exam) VALUES ('1009','Discipline БМІ-81','15','no');
INSERT INTO discipline (id,nameOfDiscipline,countOfLessons,exam) VALUES ('1010','Discipline БМІ-82','15','no');
INSERT INTO discipline (id,nameOfDiscipline,countOfLessons,exam) VALUES ('1011','Discipline БМІ-83','15','no');
INSERT INTO discipline (id,nameOfDiscipline,countOfLessons,exam) VALUES ('1012','Discipline БМІ-84','15','no');
INSERT INTO discipline (id,nameOfDiscipline,countOfLessons,exam) VALUES ('1013','Discipline БМІ-85','15','no');
INSERT INTO discipline (id,nameOfDiscipline,countOfLessons,exam) VALUES ('1014','Discipline БМІ-86','15','no');
INSERT INTO discipline (id,nameOfDiscipline,countOfLessons,exam) VALUES ('1015','Discipline БМІ-87','15','no');
INSERT INTO disciplineDepartmentDependency (ID,disciplineID,departmentID,courseNumber,semesterNumber) VALUES ('928','928','14','1','1');
INSERT INTO disciplineDepartmentDependency (ID,disciplineID,departmentID,courseNumber,semesterNumber) VALUES ('929','929','14','2','2');
INSERT INTO disciplineDepartmentDependency (ID,disciplineID,departmentID,courseNumber,semesterNumber) VALUES ('930','930','14','3','1');
INSERT INTO disciplineDepartmentDependency (ID,disciplineID,departmentID,courseNumber,semesterNumber) VALUES ('931','931','14','4','2');
INSERT INTO disciplineDepartmentDependency (ID,disciplineID,departmentID,courseNumber,semesterNumber) VALUES ('932','932','14','5','1');
INSERT INTO disciplineDepartmentDependency (ID,disciplineID,departmentID,courseNumber,semesterNumber) VALUES ('933','933','14','6','2');
INSERT INTO disciplineDepartmentDependency (ID,disciplineID,departmentID,courseNumber,semesterNumber) VALUES ('934','934','14','1','1');
INSERT INTO disciplineDepartmentDependency (ID,disciplineID,departmentID,courseNumber,semesterNumber) VALUES ('935','935','14','2','2');
INSERT INTO disciplineDepartmentDependency (ID,disciplineID,departmentID,courseNumber,semesterNumber) VALUES ('936','936','14','3','1');
INSERT INTO disciplineDepartmentDependency (ID,disciplineID,departmentID,courseNumber,semesterNumber) VALUES ('937','937','14','4','2');
INSERT INTO disciplineDepartmentDependency (ID,disciplineID,departmentID,courseNumber,semesterNumber) VALUES ('938','938','14','5','1');
INSERT INTO disciplineDepartmentDependency (ID,disciplineID,departmentID,courseNumber,semesterNumber) VALUES ('939','939','14','6','2');
INSERT INTO disciplineDepartmentDependency (ID,disciplineID,departmentID,courseNumber,semesterNumber) VALUES ('940','940','14','1','1');
INSERT INTO disciplineDepartmentDependency (ID,disciplineID,departmentID,courseNumber,semesterNumber) VALUES ('941','941','14','2','2');
INSERT INTO disciplineDepartmentDependency (ID,disciplineID,departmentID,courseNumber,semesterNumber) VALUES ('942','942','14','3','1');
INSERT INTO disciplineDepartmentDependency (ID,disciplineID,departmentID,courseNumber,semesterNumber) VALUES ('943','943','14','4','2');
INSERT INTO disciplineDepartmentDependency (ID,disciplineID,departmentID,courseNumber,semesterNumber) VALUES ('944','944','14','5','1');
INSERT INTO disciplineDepartmentDependency (ID,disciplineID,departmentID,courseNumber,semesterNumber) VALUES ('945','945','14','6','2');
INSERT INTO disciplineDepartmentDependency (ID,disciplineID,departmentID,courseNumber,semesterNumber) VALUES ('946','946','14','1','1');
INSERT INTO disciplineDepartmentDependency (ID,disciplineID,departmentID,courseNumber,semesterNumber) VALUES ('947','947','14','2','2');
INSERT INTO disciplineDepartmentDependency (ID,disciplineID,departmentID,courseNumber,semesterNumber) VALUES ('948','948','14','3','1');
INSERT INTO disciplineDepartmentDependency (ID,disciplineID,departmentID,courseNumber,semesterNumber) VALUES ('949','949','14','4','2');
INSERT INTO disciplineDepartmentDependency (ID,disciplineID,departmentID,courseNumber,semesterNumber) VALUES ('950','950','14','5','1');
INSERT INTO disciplineDepartmentDependency (ID,disciplineID,departmentID,courseNumber,semesterNumber) VALUES ('951','951','14','6','2');
INSERT INTO disciplineDepartmentDependency (ID,disciplineID,departmentID,courseNumber,semesterNumber) VALUES ('952','952','14','1','1');
INSERT INTO disciplineDepartmentDependency (ID,disciplineID,departmentID,courseNumber,semesterNumber) VALUES ('953','953','14','2','2');
INSERT INTO disciplineDepartmentDependency (ID,disciplineID,departmentID,courseNumber,semesterNumber) VALUES ('954','954','14','3','1');
INSERT INTO disciplineDepartmentDependency (ID,disciplineID,departmentID,courseNumber,semesterNumber) VALUES ('955','955','14','4','2');
INSERT INTO disciplineDepartmentDependency (ID,disciplineID,departmentID,courseNumber,semesterNumber) VALUES ('956','956','14','5','1');
INSERT INTO disciplineDepartmentDependency (ID,disciplineID,departmentID,courseNumber,semesterNumber) VALUES ('957','957','14','6','2');
INSERT INTO disciplineDepartmentDependency (ID,disciplineID,departmentID,courseNumber,semesterNumber) VALUES ('958','958','14','1','1');
INSERT INTO disciplineDepartmentDependency (ID,disciplineID,departmentID,courseNumber,semesterNumber) VALUES ('959','959','14','2','2');
INSERT INTO disciplineDepartmentDependency (ID,disciplineID,departmentID,courseNumber,semesterNumber) VALUES ('960','960','14','3','1');
INSERT INTO disciplineDepartmentDependency (ID,disciplineID,departmentID,courseNumber,semesterNumber) VALUES ('961','961','14','4','2');
INSERT INTO disciplineDepartmentDependency (ID,disciplineID,departmentID,courseNumber,semesterNumber) VALUES ('962','962','14','5','1');
INSERT INTO disciplineDepartmentDependency (ID,disciplineID,departmentID,courseNumber,semesterNumber) VALUES ('963','963','14','6','2');
INSERT INTO disciplineDepartmentDependency (ID,disciplineID,departmentID,courseNumber,semesterNumber) VALUES ('964','964','14','1','1');
INSERT INTO disciplineDepartmentDependency (ID,disciplineID,departmentID,courseNumber,semesterNumber) VALUES ('965','965','14','2','2');
INSERT INTO disciplineDepartmentDependency (ID,disciplineID,departmentID,courseNumber,semesterNumber) VALUES ('966','966','14','3','1');
INSERT INTO disciplineDepartmentDependency (ID,disciplineID,departmentID,courseNumber,semesterNumber) VALUES ('967','967','14','4','2');
INSERT INTO disciplineDepartmentDependency (ID,disciplineID,departmentID,courseNumber,semesterNumber) VALUES ('968','968','14','5','1');
INSERT INTO disciplineDepartmentDependency (ID,disciplineID,departmentID,courseNumber,semesterNumber) VALUES ('969','969','14','6','2');
INSERT INTO disciplineDepartmentDependency (ID,disciplineID,departmentID,courseNumber,semesterNumber) VALUES ('970','970','14','1','1');
INSERT INTO disciplineDepartmentDependency (ID,disciplineID,departmentID,courseNumber,semesterNumber) VALUES ('971','971','14','2','2');
INSERT INTO disciplineDepartmentDependency (ID,disciplineID,departmentID,courseNumber,semesterNumber) VALUES ('972','972','14','3','1');
INSERT INTO disciplineDepartmentDependency (ID,disciplineID,departmentID,courseNumber,semesterNumber) VALUES ('973','973','14','4','2');
INSERT INTO disciplineDepartmentDependency (ID,disciplineID,departmentID,courseNumber,semesterNumber) VALUES ('974','974','14','5','1');
INSERT INTO disciplineDepartmentDependency (ID,disciplineID,departmentID,courseNumber,semesterNumber) VALUES ('975','975','14','6','2');
INSERT INTO disciplineDepartmentDependency (ID,disciplineID,departmentID,courseNumber,semesterNumber) VALUES ('976','976','14','1','1');
INSERT INTO disciplineDepartmentDependency (ID,disciplineID,departmentID,courseNumber,semesterNumber) VALUES ('977','977','14','2','2');
INSERT INTO disciplineDepartmentDependency (ID,disciplineID,departmentID,courseNumber,semesterNumber) VALUES ('978','978','14','3','1');
INSERT INTO disciplineDepartmentDependency (ID,disciplineID,departmentID,courseNumber,semesterNumber) VALUES ('979','979','14','4','2');
INSERT INTO disciplineDepartmentDependency (ID,disciplineID,departmentID,courseNumber,semesterNumber) VALUES ('980','980','14','5','1');
INSERT INTO disciplineDepartmentDependency (ID,disciplineID,departmentID,courseNumber,semesterNumber) VALUES ('981','981','14','6','2');
INSERT INTO disciplineDepartmentDependency (ID,disciplineID,departmentID,courseNumber,semesterNumber) VALUES ('982','982','14','1','1');
INSERT INTO disciplineDepartmentDependency (ID,disciplineID,departmentID,courseNumber,semesterNumber) VALUES ('983','983','14','2','2');
INSERT INTO disciplineDepartmentDependency (ID,disciplineID,departmentID,courseNumber,semesterNumber) VALUES ('984','984','14','3','1');
INSERT INTO disciplineDepartmentDependency (ID,disciplineID,departmentID,courseNumber,semesterNumber) VALUES ('985','985','14','4','2');
INSERT INTO disciplineDepartmentDependency (ID,disciplineID,departmentID,courseNumber,semesterNumber) VALUES ('986','986','14','5','1');
INSERT INTO disciplineDepartmentDependency (ID,disciplineID,departmentID,courseNumber,semesterNumber) VALUES ('987','987','14','6','2');
INSERT INTO disciplineDepartmentDependency (ID,disciplineID,departmentID,courseNumber,semesterNumber) VALUES ('988','988','14','1','1');
INSERT INTO disciplineDepartmentDependency (ID,disciplineID,departmentID,courseNumber,semesterNumber) VALUES ('989','989','14','2','2');
INSERT INTO disciplineDepartmentDependency (ID,disciplineID,departmentID,courseNumber,semesterNumber) VALUES ('990','990','14','3','1');
INSERT INTO disciplineDepartmentDependency (ID,disciplineID,departmentID,courseNumber,semesterNumber) VALUES ('991','991','14','4','2');
INSERT INTO disciplineDepartmentDependency (ID,disciplineID,departmentID,courseNumber,semesterNumber) VALUES ('992','992','14','5','1');
INSERT INTO disciplineDepartmentDependency (ID,disciplineID,departmentID,courseNumber,semesterNumber) VALUES ('993','993','14','6','2');
INSERT INTO disciplineDepartmentDependency (ID,disciplineID,departmentID,courseNumber,semesterNumber) VALUES ('994','994','14','1','1');
INSERT INTO disciplineDepartmentDependency (ID,disciplineID,departmentID,courseNumber,semesterNumber) VALUES ('995','995','14','2','2');
INSERT INTO disciplineDepartmentDependency (ID,disciplineID,departmentID,courseNumber,semesterNumber) VALUES ('996','996','14','3','1');
INSERT INTO disciplineDepartmentDependency (ID,disciplineID,departmentID,courseNumber,semesterNumber) VALUES ('997','997','14','4','2');
INSERT INTO disciplineDepartmentDependency (ID,disciplineID,departmentID,courseNumber,semesterNumber) VALUES ('998','998','14','5','1');
INSERT INTO disciplineDepartmentDependency (ID,disciplineID,departmentID,courseNumber,semesterNumber) VALUES ('999','999','14','6','2');
INSERT INTO disciplineDepartmentDependency (ID,disciplineID,departmentID,courseNumber,semesterNumber) VALUES ('1000','1000','14','1','1');
INSERT INTO disciplineDepartmentDependency (ID,disciplineID,departmentID,courseNumber,semesterNumber) VALUES ('1001','1001','14','2','2');
INSERT INTO disciplineDepartmentDependency (ID,disciplineID,departmentID,courseNumber,semesterNumber) VALUES ('1002','1002','14','3','1');
INSERT INTO disciplineDepartmentDependency (ID,disciplineID,departmentID,courseNumber,semesterNumber) VALUES ('1003','1003','14','4','2');
INSERT INTO disciplineDepartmentDependency (ID,disciplineID,departmentID,courseNumber,semesterNumber) VALUES ('1004','1004','14','5','1');
INSERT INTO disciplineDepartmentDependency (ID,disciplineID,departmentID,courseNumber,semesterNumber) VALUES ('1005','1005','14','6','2');
INSERT INTO disciplineDepartmentDependency (ID,disciplineID,departmentID,courseNumber,semesterNumber) VALUES ('1006','1006','14','1','1');
INSERT INTO disciplineDepartmentDependency (ID,disciplineID,departmentID,courseNumber,semesterNumber) VALUES ('1007','1007','14','2','2');
INSERT INTO disciplineDepartmentDependency (ID,disciplineID,departmentID,courseNumber,semesterNumber) VALUES ('1008','1008','14','3','1');
INSERT INTO disciplineDepartmentDependency (ID,disciplineID,departmentID,courseNumber,semesterNumber) VALUES ('1009','1009','14','4','2');
INSERT INTO disciplineDepartmentDependency (ID,disciplineID,departmentID,courseNumber,semesterNumber) VALUES ('1010','1010','14','5','1');
INSERT INTO disciplineDepartmentDependency (ID,disciplineID,departmentID,courseNumber,semesterNumber) VALUES ('1011','1011','14','6','2');
INSERT INTO disciplineDepartmentDependency (ID,disciplineID,departmentID,courseNumber,semesterNumber) VALUES ('1012','1012','14','1','1');
INSERT INTO disciplineDepartmentDependency (ID,disciplineID,departmentID,courseNumber,semesterNumber) VALUES ('1013','1013','14','2','2');
INSERT INTO disciplineDepartmentDependency (ID,disciplineID,departmentID,courseNumber,semesterNumber) VALUES ('1014','1014','14','3','1');
INSERT INTO disciplineDepartmentDependency (ID,disciplineID,departmentID,courseNumber,semesterNumber) VALUES ('1015','1015','14','4','2');
INSERT INTO loginpass (ID,login,password,access_type) VALUES ('33','GORDOMXSLKOSTQK@virginmedia.com','kVsMu&mw','employee');
INSERT INTO employee (name,lastName,fathersName,personalID,sex,email,phoneNumber,dateOfBorn,address,passport,login,office,ID,departmentID) VALUES ('Гордомисл','КОСТЮК','Ілліч','1868674214','m','GORDOMXSLKOSTQK@virginmedia.com','0393837108','1974-11-03','65181 Дніпропетровськ Академіка Сергія Єфремова 3, 203','GJ741571 ГУМВС 10','GORDOMXSLKOSTQK@virginmedia.com','HR','31','14');
INSERT INTO loginpass (ID,login,password,access_type) VALUES ('34','VQZESLAVAMARTXNENKO@live.fr','h3mKS1y9','employee');
INSERT INTO employee (name,lastName,fathersName,personalID,sex,email,phoneNumber,dateOfBorn,address,passport,login,office,ID,departmentID) VALUES ('В’ячеслава','МАРТИНЕНКО','Миколаївна','2580273441','f','VQZESLAVAMARTXNENKO@live.fr','0968017652','1959-07-23','63422 Ізмаїл Герцена 10, 89','IN127733 ГУМВС 33','VQZESLAVAMARTXNENKO@live.fr','HR','32','14');
INSERT INTO gtgroup (id,fullGroupName,courseNumber,departmentID) VALUES ('144','БМІ-10','1','14');
INSERT INTO gtgroup (id,fullGroupName,courseNumber,departmentID) VALUES ('145','БМІ-11','1','14');
INSERT INTO gtgroup (id,fullGroupName,courseNumber,departmentID) VALUES ('146','БМІ-20','2','14');
INSERT INTO gtgroup (id,fullGroupName,courseNumber,departmentID) VALUES ('147','БМІ-21','2','14');
INSERT INTO gtgroup (id,fullGroupName,courseNumber,departmentID) VALUES ('148','БМІ-30','3','14');
INSERT INTO gtgroup (id,fullGroupName,courseNumber,departmentID) VALUES ('149','БМІ-31','3','14');
INSERT INTO gtgroup (id,fullGroupName,courseNumber,departmentID) VALUES ('150','БМІ-40','4','14');
INSERT INTO gtgroup (id,fullGroupName,courseNumber,departmentID) VALUES ('151','БМІ-41','4','14');
INSERT INTO gtgroup (id,fullGroupName,courseNumber,departmentID) VALUES ('152','БМІ-50','5','14');
INSERT INTO gtgroup (id,fullGroupName,courseNumber,departmentID) VALUES ('153','БМІ-51','5','14');
INSERT INTO gtgroup (id,fullGroupName,courseNumber,departmentID) VALUES ('154','БМІ-60','6','14');
INSERT INTO gtgroup (id,fullGroupName,courseNumber,departmentID) VALUES ('155','БМІ-61','6','14');
INSERT INTO dayRequirements (id,departmentID,countOfDaysInWeek,countOfLessonsInADay) VALUES ('14','15','6','5');
INSERT INTO discipline (id,nameOfDiscipline,countOfLessons,exam) VALUES ('1016','Discipline ББЗЛ-0','15','no');
INSERT INTO discipline (id,nameOfDiscipline,countOfLessons,exam) VALUES ('1017','Discipline ББЗЛ-1','15','no');
INSERT INTO discipline (id,nameOfDiscipline,countOfLessons,exam) VALUES ('1018','Discipline ББЗЛ-2','15','no');
INSERT INTO discipline (id,nameOfDiscipline,countOfLessons,exam) VALUES ('1019','Discipline ББЗЛ-3','15','no');
INSERT INTO discipline (id,nameOfDiscipline,countOfLessons,exam) VALUES ('1020','Discipline ББЗЛ-4','15','no');
INSERT INTO discipline (id,nameOfDiscipline,countOfLessons,exam) VALUES ('1021','Discipline ББЗЛ-5','15','no');
INSERT INTO discipline (id,nameOfDiscipline,countOfLessons,exam) VALUES ('1022','Discipline ББЗЛ-6','15','no');
INSERT INTO discipline (id,nameOfDiscipline,countOfLessons,exam) VALUES ('1023','Discipline ББЗЛ-7','15','no');
INSERT INTO discipline (id,nameOfDiscipline,countOfLessons,exam) VALUES ('1024','Discipline ББЗЛ-8','15','no');
INSERT INTO discipline (id,nameOfDiscipline,countOfLessons,exam) VALUES ('1025','Discipline ББЗЛ-9','15','no');
INSERT INTO discipline (id,nameOfDiscipline,countOfLessons,exam) VALUES ('1026','Discipline ББЗЛ-10','15','no');
INSERT INTO discipline (id,nameOfDiscipline,countOfLessons,exam) VALUES ('1027','Discipline ББЗЛ-11','15','no');
INSERT INTO discipline (id,nameOfDiscipline,countOfLessons,exam) VALUES ('1028','Discipline ББЗЛ-12','15','no');
INSERT INTO discipline (id,nameOfDiscipline,countOfLessons,exam) VALUES ('1029','Discipline ББЗЛ-13','15','no');
INSERT INTO discipline (id,nameOfDiscipline,countOfLessons,exam) VALUES ('1030','Discipline ББЗЛ-14','15','no');
INSERT INTO discipline (id,nameOfDiscipline,countOfLessons,exam) VALUES ('1031','Discipline ББЗЛ-15','15','no');
INSERT INTO discipline (id,nameOfDiscipline,countOfLessons,exam) VALUES ('1032','Discipline ББЗЛ-16','15','no');
INSERT INTO discipline (id,nameOfDiscipline,countOfLessons,exam) VALUES ('1033','Discipline ББЗЛ-17','15','no');
INSERT INTO discipline (id,nameOfDiscipline,countOfLessons,exam) VALUES ('1034','Discipline ББЗЛ-18','15','no');
INSERT INTO discipline (id,nameOfDiscipline,countOfLessons,exam) VALUES ('1035','Discipline ББЗЛ-19','15','no');
INSERT INTO discipline (id,nameOfDiscipline,countOfLessons,exam) VALUES ('1036','Discipline ББЗЛ-20','15','no');
INSERT INTO discipline (id,nameOfDiscipline,countOfLessons,exam) VALUES ('1037','Discipline ББЗЛ-21','15','no');
INSERT INTO discipline (id,nameOfDiscipline,countOfLessons,exam) VALUES ('1038','Discipline ББЗЛ-22','15','no');
INSERT INTO discipline (id,nameOfDiscipline,countOfLessons,exam) VALUES ('1039','Discipline ББЗЛ-23','15','no');
INSERT INTO discipline (id,nameOfDiscipline,countOfLessons,exam) VALUES ('1040','Discipline ББЗЛ-24','15','no');
INSERT INTO discipline (id,nameOfDiscipline,countOfLessons,exam) VALUES ('1041','Discipline ББЗЛ-25','15','no');
INSERT INTO discipline (id,nameOfDiscipline,countOfLessons,exam) VALUES ('1042','Discipline ББЗЛ-26','15','no');
INSERT INTO discipline (id,nameOfDiscipline,countOfLessons,exam) VALUES ('1043','Discipline ББЗЛ-27','15','no');
INSERT INTO discipline (id,nameOfDiscipline,countOfLessons,exam) VALUES ('1044','Discipline ББЗЛ-28','15','no');
INSERT INTO discipline (id,nameOfDiscipline,countOfLessons,exam) VALUES ('1045','Discipline ББЗЛ-29','15','no');
INSERT INTO discipline (id,nameOfDiscipline,countOfLessons,exam) VALUES ('1046','Discipline ББЗЛ-30','15','no');
INSERT INTO discipline (id,nameOfDiscipline,countOfLessons,exam) VALUES ('1047','Discipline ББЗЛ-31','15','no');
INSERT INTO discipline (id,nameOfDiscipline,countOfLessons,exam) VALUES ('1048','Discipline ББЗЛ-32','15','no');
INSERT INTO discipline (id,nameOfDiscipline,countOfLessons,exam) VALUES ('1049','Discipline ББЗЛ-33','15','no');
INSERT INTO discipline (id,nameOfDiscipline,countOfLessons,exam) VALUES ('1050','Discipline ББЗЛ-34','15','no');
INSERT INTO discipline (id,nameOfDiscipline,countOfLessons,exam) VALUES ('1051','Discipline ББЗЛ-35','15','no');
INSERT INTO discipline (id,nameOfDiscipline,countOfLessons,exam) VALUES ('1052','Discipline ББЗЛ-36','15','no');
INSERT INTO discipline (id,nameOfDiscipline,countOfLessons,exam) VALUES ('1053','Discipline ББЗЛ-37','15','no');
INSERT INTO discipline (id,nameOfDiscipline,countOfLessons,exam) VALUES ('1054','Discipline ББЗЛ-38','15','no');
INSERT INTO discipline (id,nameOfDiscipline,countOfLessons,exam) VALUES ('1055','Discipline ББЗЛ-39','15','no');
INSERT INTO discipline (id,nameOfDiscipline,countOfLessons,exam) VALUES ('1056','Discipline ББЗЛ-40','15','no');
INSERT INTO discipline (id,nameOfDiscipline,countOfLessons,exam) VALUES ('1057','Discipline ББЗЛ-41','15','no');
INSERT INTO discipline (id,nameOfDiscipline,countOfLessons,exam) VALUES ('1058','Discipline ББЗЛ-42','15','no');
INSERT INTO discipline (id,nameOfDiscipline,countOfLessons,exam) VALUES ('1059','Discipline ББЗЛ-43','15','no');
INSERT INTO discipline (id,nameOfDiscipline,countOfLessons,exam) VALUES ('1060','Discipline ББЗЛ-44','15','no');
INSERT INTO discipline (id,nameOfDiscipline,countOfLessons,exam) VALUES ('1061','Discipline ББЗЛ-45','15','no');
INSERT INTO discipline (id,nameOfDiscipline,countOfLessons,exam) VALUES ('1062','Discipline ББЗЛ-46','15','no');
INSERT INTO discipline (id,nameOfDiscipline,countOfLessons,exam) VALUES ('1063','Discipline ББЗЛ-47','15','no');
INSERT INTO discipline (id,nameOfDiscipline,countOfLessons,exam) VALUES ('1064','Discipline ББЗЛ-48','15','no');
INSERT INTO discipline (id,nameOfDiscipline,countOfLessons,exam) VALUES ('1065','Discipline ББЗЛ-49','15','no');
INSERT INTO discipline (id,nameOfDiscipline,countOfLessons,exam) VALUES ('1066','Discipline ББЗЛ-50','15','no');
INSERT INTO discipline (id,nameOfDiscipline,countOfLessons,exam) VALUES ('1067','Discipline ББЗЛ-51','15','no');
INSERT INTO discipline (id,nameOfDiscipline,countOfLessons,exam) VALUES ('1068','Discipline ББЗЛ-52','15','no');
INSERT INTO discipline (id,nameOfDiscipline,countOfLessons,exam) VALUES ('1069','Discipline ББЗЛ-53','15','no');
INSERT INTO discipline (id,nameOfDiscipline,countOfLessons,exam) VALUES ('1070','Discipline ББЗЛ-54','15','no');
INSERT INTO discipline (id,nameOfDiscipline,countOfLessons,exam) VALUES ('1071','Discipline ББЗЛ-55','15','no');
INSERT INTO discipline (id,nameOfDiscipline,countOfLessons,exam) VALUES ('1072','Discipline ББЗЛ-56','15','no');
INSERT INTO discipline (id,nameOfDiscipline,countOfLessons,exam) VALUES ('1073','Discipline ББЗЛ-57','15','no');
INSERT INTO discipline (id,nameOfDiscipline,countOfLessons,exam) VALUES ('1074','Discipline ББЗЛ-58','15','no');
INSERT INTO discipline (id,nameOfDiscipline,countOfLessons,exam) VALUES ('1075','Discipline ББЗЛ-59','15','no');
INSERT INTO discipline (id,nameOfDiscipline,countOfLessons,exam) VALUES ('1076','Discipline ББЗЛ-60','15','no');
INSERT INTO discipline (id,nameOfDiscipline,countOfLessons,exam) VALUES ('1077','Discipline ББЗЛ-61','15','no');
INSERT INTO discipline (id,nameOfDiscipline,countOfLessons,exam) VALUES ('1078','Discipline ББЗЛ-62','15','no');
INSERT INTO discipline (id,nameOfDiscipline,countOfLessons,exam) VALUES ('1079','Discipline ББЗЛ-63','15','no');
INSERT INTO discipline (id,nameOfDiscipline,countOfLessons,exam) VALUES ('1080','Discipline ББЗЛ-64','15','no');
INSERT INTO discipline (id,nameOfDiscipline,countOfLessons,exam) VALUES ('1081','Discipline ББЗЛ-65','15','no');
INSERT INTO discipline (id,nameOfDiscipline,countOfLessons,exam) VALUES ('1082','Discipline ББЗЛ-66','15','no');
INSERT INTO discipline (id,nameOfDiscipline,countOfLessons,exam) VALUES ('1083','Discipline ББЗЛ-67','15','no');
INSERT INTO discipline (id,nameOfDiscipline,countOfLessons,exam) VALUES ('1084','Discipline ББЗЛ-68','15','no');
INSERT INTO discipline (id,nameOfDiscipline,countOfLessons,exam) VALUES ('1085','Discipline ББЗЛ-69','15','no');
INSERT INTO discipline (id,nameOfDiscipline,countOfLessons,exam) VALUES ('1086','Discipline ББЗЛ-70','15','no');
INSERT INTO discipline (id,nameOfDiscipline,countOfLessons,exam) VALUES ('1087','Discipline ББЗЛ-71','15','no');
INSERT INTO discipline (id,nameOfDiscipline,countOfLessons,exam) VALUES ('1088','Discipline ББЗЛ-72','15','no');
INSERT INTO discipline (id,nameOfDiscipline,countOfLessons,exam) VALUES ('1089','Discipline ББЗЛ-73','15','no');
INSERT INTO discipline (id,nameOfDiscipline,countOfLessons,exam) VALUES ('1090','Discipline ББЗЛ-74','15','no');
INSERT INTO discipline (id,nameOfDiscipline,countOfLessons,exam) VALUES ('1091','Discipline ББЗЛ-75','15','no');
INSERT INTO discipline (id,nameOfDiscipline,countOfLessons,exam) VALUES ('1092','Discipline ББЗЛ-76','15','no');
INSERT INTO discipline (id,nameOfDiscipline,countOfLessons,exam) VALUES ('1093','Discipline ББЗЛ-77','15','no');
INSERT INTO discipline (id,nameOfDiscipline,countOfLessons,exam) VALUES ('1094','Discipline ББЗЛ-78','15','no');
INSERT INTO discipline (id,nameOfDiscipline,countOfLessons,exam) VALUES ('1095','Discipline ББЗЛ-79','15','no');
INSERT INTO discipline (id,nameOfDiscipline,countOfLessons,exam) VALUES ('1096','Discipline ББЗЛ-80','15','no');
INSERT INTO discipline (id,nameOfDiscipline,countOfLessons,exam) VALUES ('1097','Discipline ББЗЛ-81','15','no');
INSERT INTO discipline (id,nameOfDiscipline,countOfLessons,exam) VALUES ('1098','Discipline ББЗЛ-82','15','no');
INSERT INTO discipline (id,nameOfDiscipline,countOfLessons,exam) VALUES ('1099','Discipline ББЗЛ-83','15','no');
INSERT INTO disciplineDepartmentDependency (ID,disciplineID,departmentID,courseNumber,semesterNumber) VALUES ('1016','1016','15','1','1');
INSERT INTO disciplineDepartmentDependency (ID,disciplineID,departmentID,courseNumber,semesterNumber) VALUES ('1017','1017','15','2','2');
INSERT INTO disciplineDepartmentDependency (ID,disciplineID,departmentID,courseNumber,semesterNumber) VALUES ('1018','1018','15','3','1');
INSERT INTO disciplineDepartmentDependency (ID,disciplineID,departmentID,courseNumber,semesterNumber) VALUES ('1019','1019','15','4','2');
INSERT INTO disciplineDepartmentDependency (ID,disciplineID,departmentID,courseNumber,semesterNumber) VALUES ('1020','1020','15','5','1');
INSERT INTO disciplineDepartmentDependency (ID,disciplineID,departmentID,courseNumber,semesterNumber) VALUES ('1021','1021','15','6','2');
INSERT INTO disciplineDepartmentDependency (ID,disciplineID,departmentID,courseNumber,semesterNumber) VALUES ('1022','1022','15','1','1');
INSERT INTO disciplineDepartmentDependency (ID,disciplineID,departmentID,courseNumber,semesterNumber) VALUES ('1023','1023','15','2','2');
INSERT INTO disciplineDepartmentDependency (ID,disciplineID,departmentID,courseNumber,semesterNumber) VALUES ('1024','1024','15','3','1');
INSERT INTO disciplineDepartmentDependency (ID,disciplineID,departmentID,courseNumber,semesterNumber) VALUES ('1025','1025','15','4','2');
INSERT INTO disciplineDepartmentDependency (ID,disciplineID,departmentID,courseNumber,semesterNumber) VALUES ('1026','1026','15','5','1');
INSERT INTO disciplineDepartmentDependency (ID,disciplineID,departmentID,courseNumber,semesterNumber) VALUES ('1027','1027','15','6','2');
INSERT INTO disciplineDepartmentDependency (ID,disciplineID,departmentID,courseNumber,semesterNumber) VALUES ('1028','1028','15','1','1');
INSERT INTO disciplineDepartmentDependency (ID,disciplineID,departmentID,courseNumber,semesterNumber) VALUES ('1029','1029','15','2','2');
INSERT INTO disciplineDepartmentDependency (ID,disciplineID,departmentID,courseNumber,semesterNumber) VALUES ('1030','1030','15','3','1');
INSERT INTO disciplineDepartmentDependency (ID,disciplineID,departmentID,courseNumber,semesterNumber) VALUES ('1031','1031','15','4','2');
INSERT INTO disciplineDepartmentDependency (ID,disciplineID,departmentID,courseNumber,semesterNumber) VALUES ('1032','1032','15','5','1');
INSERT INTO disciplineDepartmentDependency (ID,disciplineID,departmentID,courseNumber,semesterNumber) VALUES ('1033','1033','15','6','2');
INSERT INTO disciplineDepartmentDependency (ID,disciplineID,departmentID,courseNumber,semesterNumber) VALUES ('1034','1034','15','1','1');
INSERT INTO disciplineDepartmentDependency (ID,disciplineID,departmentID,courseNumber,semesterNumber) VALUES ('1035','1035','15','2','2');
INSERT INTO disciplineDepartmentDependency (ID,disciplineID,departmentID,courseNumber,semesterNumber) VALUES ('1036','1036','15','3','1');
INSERT INTO disciplineDepartmentDependency (ID,disciplineID,departmentID,courseNumber,semesterNumber) VALUES ('1037','1037','15','4','2');
INSERT INTO disciplineDepartmentDependency (ID,disciplineID,departmentID,courseNumber,semesterNumber) VALUES ('1038','1038','15','5','1');
INSERT INTO disciplineDepartmentDependency (ID,disciplineID,departmentID,courseNumber,semesterNumber) VALUES ('1039','1039','15','6','2');
INSERT INTO disciplineDepartmentDependency (ID,disciplineID,departmentID,courseNumber,semesterNumber) VALUES ('1040','1040','15','1','1');
INSERT INTO disciplineDepartmentDependency (ID,disciplineID,departmentID,courseNumber,semesterNumber) VALUES ('1041','1041','15','2','2');
INSERT INTO disciplineDepartmentDependency (ID,disciplineID,departmentID,courseNumber,semesterNumber) VALUES ('1042','1042','15','3','1');
INSERT INTO disciplineDepartmentDependency (ID,disciplineID,departmentID,courseNumber,semesterNumber) VALUES ('1043','1043','15','4','2');
INSERT INTO disciplineDepartmentDependency (ID,disciplineID,departmentID,courseNumber,semesterNumber) VALUES ('1044','1044','15','5','1');
INSERT INTO disciplineDepartmentDependency (ID,disciplineID,departmentID,courseNumber,semesterNumber) VALUES ('1045','1045','15','6','2');
INSERT INTO disciplineDepartmentDependency (ID,disciplineID,departmentID,courseNumber,semesterNumber) VALUES ('1046','1046','15','1','1');
INSERT INTO disciplineDepartmentDependency (ID,disciplineID,departmentID,courseNumber,semesterNumber) VALUES ('1047','1047','15','2','2');
INSERT INTO disciplineDepartmentDependency (ID,disciplineID,departmentID,courseNumber,semesterNumber) VALUES ('1048','1048','15','3','1');
INSERT INTO disciplineDepartmentDependency (ID,disciplineID,departmentID,courseNumber,semesterNumber) VALUES ('1049','1049','15','4','2');
INSERT INTO disciplineDepartmentDependency (ID,disciplineID,departmentID,courseNumber,semesterNumber) VALUES ('1050','1050','15','5','1');
INSERT INTO disciplineDepartmentDependency (ID,disciplineID,departmentID,courseNumber,semesterNumber) VALUES ('1051','1051','15','6','2');
INSERT INTO disciplineDepartmentDependency (ID,disciplineID,departmentID,courseNumber,semesterNumber) VALUES ('1052','1052','15','1','1');
INSERT INTO disciplineDepartmentDependency (ID,disciplineID,departmentID,courseNumber,semesterNumber) VALUES ('1053','1053','15','2','2');
INSERT INTO disciplineDepartmentDependency (ID,disciplineID,departmentID,courseNumber,semesterNumber) VALUES ('1054','1054','15','3','1');
INSERT INTO disciplineDepartmentDependency (ID,disciplineID,departmentID,courseNumber,semesterNumber) VALUES ('1055','1055','15','4','2');
INSERT INTO disciplineDepartmentDependency (ID,disciplineID,departmentID,courseNumber,semesterNumber) VALUES ('1056','1056','15','5','1');
INSERT INTO disciplineDepartmentDependency (ID,disciplineID,departmentID,courseNumber,semesterNumber) VALUES ('1057','1057','15','6','2');
INSERT INTO disciplineDepartmentDependency (ID,disciplineID,departmentID,courseNumber,semesterNumber) VALUES ('1058','1058','15','1','1');
INSERT INTO disciplineDepartmentDependency (ID,disciplineID,departmentID,courseNumber,semesterNumber) VALUES ('1059','1059','15','2','2');
INSERT INTO disciplineDepartmentDependency (ID,disciplineID,departmentID,courseNumber,semesterNumber) VALUES ('1060','1060','15','3','1');
INSERT INTO disciplineDepartmentDependency (ID,disciplineID,departmentID,courseNumber,semesterNumber) VALUES ('1061','1061','15','4','2');
INSERT INTO disciplineDepartmentDependency (ID,disciplineID,departmentID,courseNumber,semesterNumber) VALUES ('1062','1062','15','5','1');
INSERT INTO disciplineDepartmentDependency (ID,disciplineID,departmentID,courseNumber,semesterNumber) VALUES ('1063','1063','15','6','2');
INSERT INTO disciplineDepartmentDependency (ID,disciplineID,departmentID,courseNumber,semesterNumber) VALUES ('1064','1064','15','1','1');
INSERT INTO disciplineDepartmentDependency (ID,disciplineID,departmentID,courseNumber,semesterNumber) VALUES ('1065','1065','15','2','2');
INSERT INTO disciplineDepartmentDependency (ID,disciplineID,departmentID,courseNumber,semesterNumber) VALUES ('1066','1066','15','3','1');
INSERT INTO disciplineDepartmentDependency (ID,disciplineID,departmentID,courseNumber,semesterNumber) VALUES ('1067','1067','15','4','2');
INSERT INTO disciplineDepartmentDependency (ID,disciplineID,departmentID,courseNumber,semesterNumber) VALUES ('1068','1068','15','5','1');
INSERT INTO disciplineDepartmentDependency (ID,disciplineID,departmentID,courseNumber,semesterNumber) VALUES ('1069','1069','15','6','2');
INSERT INTO disciplineDepartmentDependency (ID,disciplineID,departmentID,courseNumber,semesterNumber) VALUES ('1070','1070','15','1','1');
INSERT INTO disciplineDepartmentDependency (ID,disciplineID,departmentID,courseNumber,semesterNumber) VALUES ('1071','1071','15','2','2');
INSERT INTO disciplineDepartmentDependency (ID,disciplineID,departmentID,courseNumber,semesterNumber) VALUES ('1072','1072','15','3','1');
INSERT INTO disciplineDepartmentDependency (ID,disciplineID,departmentID,courseNumber,semesterNumber) VALUES ('1073','1073','15','4','2');
INSERT INTO disciplineDepartmentDependency (ID,disciplineID,departmentID,courseNumber,semesterNumber) VALUES ('1074','1074','15','5','1');
INSERT INTO disciplineDepartmentDependency (ID,disciplineID,departmentID,courseNumber,semesterNumber) VALUES ('1075','1075','15','6','2');
INSERT INTO disciplineDepartmentDependency (ID,disciplineID,departmentID,courseNumber,semesterNumber) VALUES ('1076','1076','15','1','1');
INSERT INTO disciplineDepartmentDependency (ID,disciplineID,departmentID,courseNumber,semesterNumber) VALUES ('1077','1077','15','2','2');
INSERT INTO disciplineDepartmentDependency (ID,disciplineID,departmentID,courseNumber,semesterNumber) VALUES ('1078','1078','15','3','1');
INSERT INTO disciplineDepartmentDependency (ID,disciplineID,departmentID,courseNumber,semesterNumber) VALUES ('1079','1079','15','4','2');
INSERT INTO disciplineDepartmentDependency (ID,disciplineID,departmentID,courseNumber,semesterNumber) VALUES ('1080','1080','15','5','1');
INSERT INTO disciplineDepartmentDependency (ID,disciplineID,departmentID,courseNumber,semesterNumber) VALUES ('1081','1081','15','6','2');
INSERT INTO disciplineDepartmentDependency (ID,disciplineID,departmentID,courseNumber,semesterNumber) VALUES ('1082','1082','15','1','1');
INSERT INTO disciplineDepartmentDependency (ID,disciplineID,departmentID,courseNumber,semesterNumber) VALUES ('1083','1083','15','2','2');
INSERT INTO disciplineDepartmentDependency (ID,disciplineID,departmentID,courseNumber,semesterNumber) VALUES ('1084','1084','15','3','1');
INSERT INTO disciplineDepartmentDependency (ID,disciplineID,departmentID,courseNumber,semesterNumber) VALUES ('1085','1085','15','4','2');
INSERT INTO disciplineDepartmentDependency (ID,disciplineID,departmentID,courseNumber,semesterNumber) VALUES ('1086','1086','15','5','1');
INSERT INTO disciplineDepartmentDependency (ID,disciplineID,departmentID,courseNumber,semesterNumber) VALUES ('1087','1087','15','6','2');
INSERT INTO disciplineDepartmentDependency (ID,disciplineID,departmentID,courseNumber,semesterNumber) VALUES ('1088','1088','15','1','1');
INSERT INTO disciplineDepartmentDependency (ID,disciplineID,departmentID,courseNumber,semesterNumber) VALUES ('1089','1089','15','2','2');
INSERT INTO disciplineDepartmentDependency (ID,disciplineID,departmentID,courseNumber,semesterNumber) VALUES ('1090','1090','15','3','1');
INSERT INTO disciplineDepartmentDependency (ID,disciplineID,departmentID,courseNumber,semesterNumber) VALUES ('1091','1091','15','4','2');
INSERT INTO disciplineDepartmentDependency (ID,disciplineID,departmentID,courseNumber,semesterNumber) VALUES ('1092','1092','15','5','1');
INSERT INTO disciplineDepartmentDependency (ID,disciplineID,departmentID,courseNumber,semesterNumber) VALUES ('1093','1093','15','6','2');
INSERT INTO disciplineDepartmentDependency (ID,disciplineID,departmentID,courseNumber,semesterNumber) VALUES ('1094','1094','15','1','1');
INSERT INTO disciplineDepartmentDependency (ID,disciplineID,departmentID,courseNumber,semesterNumber) VALUES ('1095','1095','15','2','2');
INSERT INTO disciplineDepartmentDependency (ID,disciplineID,departmentID,courseNumber,semesterNumber) VALUES ('1096','1096','15','3','1');
INSERT INTO disciplineDepartmentDependency (ID,disciplineID,departmentID,courseNumber,semesterNumber) VALUES ('1097','1097','15','4','2');
INSERT INTO disciplineDepartmentDependency (ID,disciplineID,departmentID,courseNumber,semesterNumber) VALUES ('1098','1098','15','5','1');
INSERT INTO disciplineDepartmentDependency (ID,disciplineID,departmentID,courseNumber,semesterNumber) VALUES ('1099','1099','15','6','2');
INSERT INTO loginpass (ID,login,password,access_type) VALUES ('35','VODOTRAVGORDIQNKO@btinternet.com','1JJmUJjc','employee');
INSERT INTO employee (name,lastName,fathersName,personalID,sex,email,phoneNumber,dateOfBorn,address,passport,login,office,ID,departmentID) VALUES ('Водотрав','ГОРДІЄНКО','Кузьмич','1765626365','m','VODOTRAVGORDIQNKO@btinternet.com','0661561162','1978-01-27','55775 Тернопіль Калинова 65, 224','QF738446 ГУМВС 2','VODOTRAVGORDIQNKO@btinternet.com','HR','33','15');
INSERT INTO loginpass (ID,login,password,access_type) VALUES ('36','BILQNIVANOV@hotmail.fr','ORNK1GKn','employee');
INSERT INTO employee (name,lastName,fathersName,personalID,sex,email,phoneNumber,dateOfBorn,address,passport,login,office,ID,departmentID) VALUES ('Білян','ІВАНОВ','Кузьмич','8875558212','m','BILQNIVANOV@hotmail.fr','0660617482','1969-01-24','80715 Білгород-Дністровський Колгоспна 78, 51','FC828561 ГУМВС 9','BILQNIVANOV@hotmail.fr','HR','34','15');
INSERT INTO loginpass (ID,login,password,access_type) VALUES ('37','BOQNLEVZENKO@online.de','i9mWu5oB','employee');
INSERT INTO employee (name,lastName,fathersName,personalID,sex,email,phoneNumber,dateOfBorn,address,passport,login,office,ID,departmentID) VALUES ('Боян','ЛЕВЧЕНКО','Савич','3812325277','m','BOQNLEVZENKO@online.de','0922102260','1979-11-12','22488 Черкаси Вергунівський 58, 250','KF167881 ГУМВС 44','BOQNLEVZENKO@online.de','HR','35','15');
INSERT INTO loginpass (ID,login,password,access_type) VALUES ('38','VOLODXMXRBABENKO@live.fr','5bhnUyTj','employee');
INSERT INTO employee (name,lastName,fathersName,personalID,sex,email,phoneNumber,dateOfBorn,address,passport,login,office,ID,departmentID) VALUES ('Володимир','БАБЕНКО','Савич','4683617314','m','VOLODXMXRBABENKO@live.fr','0392305785','1974-02-04','37137 Івано-Франківськ Гастелло 45, 30','XK143811 ГУМВС 24','VOLODXMXRBABENKO@live.fr','HR','36','15');
INSERT INTO gtgroup (id,fullGroupName,courseNumber,departmentID) VALUES ('156','ББЗЛ-10','1','15');
INSERT INTO gtgroup (id,fullGroupName,courseNumber,departmentID) VALUES ('157','ББЗЛ-11','1','15');
INSERT INTO gtgroup (id,fullGroupName,courseNumber,departmentID) VALUES ('158','ББЗЛ-20','2','15');
INSERT INTO gtgroup (id,fullGroupName,courseNumber,departmentID) VALUES ('159','ББЗЛ-21','2','15');
INSERT INTO gtgroup (id,fullGroupName,courseNumber,departmentID) VALUES ('160','ББЗЛ-30','3','15');
INSERT INTO gtgroup (id,fullGroupName,courseNumber,departmentID) VALUES ('161','ББЗЛ-31','3','15');
INSERT INTO gtgroup (id,fullGroupName,courseNumber,departmentID) VALUES ('162','ББЗЛ-40','4','15');
INSERT INTO gtgroup (id,fullGroupName,courseNumber,departmentID) VALUES ('163','ББЗЛ-41','4','15');
INSERT INTO gtgroup (id,fullGroupName,courseNumber,departmentID) VALUES ('164','ББЗЛ-50','5','15');
INSERT INTO gtgroup (id,fullGroupName,courseNumber,departmentID) VALUES ('165','ББЗЛ-51','5','15');
INSERT INTO gtgroup (id,fullGroupName,courseNumber,departmentID) VALUES ('166','ББЗЛ-60','6','15');
INSERT INTO gtgroup (id,fullGroupName,courseNumber,departmentID) VALUES ('167','ББЗЛ-61','6','15');
INSERT INTO dayRequirements (id,departmentID,countOfDaysInWeek,countOfLessonsInADay) VALUES ('15','16','6','5');
INSERT INTO discipline (id,nameOfDiscipline,countOfLessons,exam) VALUES ('1100','Discipline ПСОН-0','15','no');
INSERT INTO discipline (id,nameOfDiscipline,countOfLessons,exam) VALUES ('1101','Discipline ПСОН-1','15','no');
INSERT INTO discipline (id,nameOfDiscipline,countOfLessons,exam) VALUES ('1102','Discipline ПСОН-2','15','no');
INSERT INTO discipline (id,nameOfDiscipline,countOfLessons,exam) VALUES ('1103','Discipline ПСОН-3','15','no');
INSERT INTO discipline (id,nameOfDiscipline,countOfLessons,exam) VALUES ('1104','Discipline ПСОН-4','15','no');
INSERT INTO discipline (id,nameOfDiscipline,countOfLessons,exam) VALUES ('1105','Discipline ПСОН-5','15','no');
INSERT INTO discipline (id,nameOfDiscipline,countOfLessons,exam) VALUES ('1106','Discipline ПСОН-6','15','no');
INSERT INTO discipline (id,nameOfDiscipline,countOfLessons,exam) VALUES ('1107','Discipline ПСОН-7','15','no');
INSERT INTO discipline (id,nameOfDiscipline,countOfLessons,exam) VALUES ('1108','Discipline ПСОН-8','15','no');
INSERT INTO discipline (id,nameOfDiscipline,countOfLessons,exam) VALUES ('1109','Discipline ПСОН-9','15','no');
INSERT INTO discipline (id,nameOfDiscipline,countOfLessons,exam) VALUES ('1110','Discipline ПСОН-10','15','no');
INSERT INTO discipline (id,nameOfDiscipline,countOfLessons,exam) VALUES ('1111','Discipline ПСОН-11','15','no');
INSERT INTO discipline (id,nameOfDiscipline,countOfLessons,exam) VALUES ('1112','Discipline ПСОН-12','15','no');
INSERT INTO discipline (id,nameOfDiscipline,countOfLessons,exam) VALUES ('1113','Discipline ПСОН-13','15','no');
INSERT INTO discipline (id,nameOfDiscipline,countOfLessons,exam) VALUES ('1114','Discipline ПСОН-14','15','no');
INSERT INTO discipline (id,nameOfDiscipline,countOfLessons,exam) VALUES ('1115','Discipline ПСОН-15','15','no');
INSERT INTO discipline (id,nameOfDiscipline,countOfLessons,exam) VALUES ('1116','Discipline ПСОН-16','15','no');
INSERT INTO discipline (id,nameOfDiscipline,countOfLessons,exam) VALUES ('1117','Discipline ПСОН-17','15','no');
INSERT INTO discipline (id,nameOfDiscipline,countOfLessons,exam) VALUES ('1118','Discipline ПСОН-18','15','no');
INSERT INTO discipline (id,nameOfDiscipline,countOfLessons,exam) VALUES ('1119','Discipline ПСОН-19','15','no');
INSERT INTO discipline (id,nameOfDiscipline,countOfLessons,exam) VALUES ('1120','Discipline ПСОН-20','15','no');
INSERT INTO discipline (id,nameOfDiscipline,countOfLessons,exam) VALUES ('1121','Discipline ПСОН-21','15','no');
INSERT INTO discipline (id,nameOfDiscipline,countOfLessons,exam) VALUES ('1122','Discipline ПСОН-22','15','no');
INSERT INTO discipline (id,nameOfDiscipline,countOfLessons,exam) VALUES ('1123','Discipline ПСОН-23','15','no');
INSERT INTO discipline (id,nameOfDiscipline,countOfLessons,exam) VALUES ('1124','Discipline ПСОН-24','15','no');
INSERT INTO discipline (id,nameOfDiscipline,countOfLessons,exam) VALUES ('1125','Discipline ПСОН-25','15','no');
INSERT INTO discipline (id,nameOfDiscipline,countOfLessons,exam) VALUES ('1126','Discipline ПСОН-26','15','no');
INSERT INTO discipline (id,nameOfDiscipline,countOfLessons,exam) VALUES ('1127','Discipline ПСОН-27','15','no');
INSERT INTO discipline (id,nameOfDiscipline,countOfLessons,exam) VALUES ('1128','Discipline ПСОН-28','15','no');
INSERT INTO discipline (id,nameOfDiscipline,countOfLessons,exam) VALUES ('1129','Discipline ПСОН-29','15','no');
INSERT INTO discipline (id,nameOfDiscipline,countOfLessons,exam) VALUES ('1130','Discipline ПСОН-30','15','no');
INSERT INTO discipline (id,nameOfDiscipline,countOfLessons,exam) VALUES ('1131','Discipline ПСОН-31','15','no');
INSERT INTO discipline (id,nameOfDiscipline,countOfLessons,exam) VALUES ('1132','Discipline ПСОН-32','15','no');
INSERT INTO discipline (id,nameOfDiscipline,countOfLessons,exam) VALUES ('1133','Discipline ПСОН-33','15','no');
INSERT INTO discipline (id,nameOfDiscipline,countOfLessons,exam) VALUES ('1134','Discipline ПСОН-34','15','no');
INSERT INTO discipline (id,nameOfDiscipline,countOfLessons,exam) VALUES ('1135','Discipline ПСОН-35','15','no');
INSERT INTO discipline (id,nameOfDiscipline,countOfLessons,exam) VALUES ('1136','Discipline ПСОН-36','15','no');
INSERT INTO discipline (id,nameOfDiscipline,countOfLessons,exam) VALUES ('1137','Discipline ПСОН-37','15','no');
INSERT INTO discipline (id,nameOfDiscipline,countOfLessons,exam) VALUES ('1138','Discipline ПСОН-38','15','no');
INSERT INTO discipline (id,nameOfDiscipline,countOfLessons,exam) VALUES ('1139','Discipline ПСОН-39','15','no');
INSERT INTO discipline (id,nameOfDiscipline,countOfLessons,exam) VALUES ('1140','Discipline ПСОН-40','15','no');
INSERT INTO discipline (id,nameOfDiscipline,countOfLessons,exam) VALUES ('1141','Discipline ПСОН-41','15','no');
INSERT INTO discipline (id,nameOfDiscipline,countOfLessons,exam) VALUES ('1142','Discipline ПСОН-42','15','no');
INSERT INTO discipline (id,nameOfDiscipline,countOfLessons,exam) VALUES ('1143','Discipline ПСОН-43','15','no');
INSERT INTO discipline (id,nameOfDiscipline,countOfLessons,exam) VALUES ('1144','Discipline ПСОН-44','15','no');
INSERT INTO discipline (id,nameOfDiscipline,countOfLessons,exam) VALUES ('1145','Discipline ПСОН-45','15','no');
INSERT INTO discipline (id,nameOfDiscipline,countOfLessons,exam) VALUES ('1146','Discipline ПСОН-46','15','no');
INSERT INTO discipline (id,nameOfDiscipline,countOfLessons,exam) VALUES ('1147','Discipline ПСОН-47','15','no');
INSERT INTO discipline (id,nameOfDiscipline,countOfLessons,exam) VALUES ('1148','Discipline ПСОН-48','15','no');
INSERT INTO discipline (id,nameOfDiscipline,countOfLessons,exam) VALUES ('1149','Discipline ПСОН-49','15','no');
INSERT INTO discipline (id,nameOfDiscipline,countOfLessons,exam) VALUES ('1150','Discipline ПСОН-50','15','no');
INSERT INTO discipline (id,nameOfDiscipline,countOfLessons,exam) VALUES ('1151','Discipline ПСОН-51','15','no');
INSERT INTO discipline (id,nameOfDiscipline,countOfLessons,exam) VALUES ('1152','Discipline ПСОН-52','15','no');
INSERT INTO discipline (id,nameOfDiscipline,countOfLessons,exam) VALUES ('1153','Discipline ПСОН-53','15','no');
INSERT INTO discipline (id,nameOfDiscipline,countOfLessons,exam) VALUES ('1154','Discipline ПСОН-54','15','no');
INSERT INTO discipline (id,nameOfDiscipline,countOfLessons,exam) VALUES ('1155','Discipline ПСОН-55','15','no');
INSERT INTO discipline (id,nameOfDiscipline,countOfLessons,exam) VALUES ('1156','Discipline ПСОН-56','15','no');
INSERT INTO discipline (id,nameOfDiscipline,countOfLessons,exam) VALUES ('1157','Discipline ПСОН-57','15','no');
INSERT INTO discipline (id,nameOfDiscipline,countOfLessons,exam) VALUES ('1158','Discipline ПСОН-58','15','no');
INSERT INTO discipline (id,nameOfDiscipline,countOfLessons,exam) VALUES ('1159','Discipline ПСОН-59','15','no');
INSERT INTO discipline (id,nameOfDiscipline,countOfLessons,exam) VALUES ('1160','Discipline ПСОН-60','15','no');
INSERT INTO discipline (id,nameOfDiscipline,countOfLessons,exam) VALUES ('1161','Discipline ПСОН-61','15','no');
INSERT INTO discipline (id,nameOfDiscipline,countOfLessons,exam) VALUES ('1162','Discipline ПСОН-62','15','no');
INSERT INTO discipline (id,nameOfDiscipline,countOfLessons,exam) VALUES ('1163','Discipline ПСОН-63','15','no');
INSERT INTO discipline (id,nameOfDiscipline,countOfLessons,exam) VALUES ('1164','Discipline ПСОН-64','15','no');
INSERT INTO discipline (id,nameOfDiscipline,countOfLessons,exam) VALUES ('1165','Discipline ПСОН-65','15','no');
INSERT INTO discipline (id,nameOfDiscipline,countOfLessons,exam) VALUES ('1166','Discipline ПСОН-66','15','no');
INSERT INTO discipline (id,nameOfDiscipline,countOfLessons,exam) VALUES ('1167','Discipline ПСОН-67','15','no');
INSERT INTO discipline (id,nameOfDiscipline,countOfLessons,exam) VALUES ('1168','Discipline ПСОН-68','15','no');
INSERT INTO discipline (id,nameOfDiscipline,countOfLessons,exam) VALUES ('1169','Discipline ПСОН-69','15','no');
INSERT INTO discipline (id,nameOfDiscipline,countOfLessons,exam) VALUES ('1170','Discipline ПСОН-70','15','no');
INSERT INTO discipline (id,nameOfDiscipline,countOfLessons,exam) VALUES ('1171','Discipline ПСОН-71','15','no');
INSERT INTO discipline (id,nameOfDiscipline,countOfLessons,exam) VALUES ('1172','Discipline ПСОН-72','15','no');
INSERT INTO discipline (id,nameOfDiscipline,countOfLessons,exam) VALUES ('1173','Discipline ПСОН-73','15','no');
INSERT INTO discipline (id,nameOfDiscipline,countOfLessons,exam) VALUES ('1174','Discipline ПСОН-74','15','no');
INSERT INTO discipline (id,nameOfDiscipline,countOfLessons,exam) VALUES ('1175','Discipline ПСОН-75','15','no');
INSERT INTO discipline (id,nameOfDiscipline,countOfLessons,exam) VALUES ('1176','Discipline ПСОН-76','15','no');
INSERT INTO discipline (id,nameOfDiscipline,countOfLessons,exam) VALUES ('1177','Discipline ПСОН-77','15','no');
INSERT INTO discipline (id,nameOfDiscipline,countOfLessons,exam) VALUES ('1178','Discipline ПСОН-78','15','no');
INSERT INTO discipline (id,nameOfDiscipline,countOfLessons,exam) VALUES ('1179','Discipline ПСОН-79','15','no');
INSERT INTO discipline (id,nameOfDiscipline,countOfLessons,exam) VALUES ('1180','Discipline ПСОН-80','15','no');
INSERT INTO discipline (id,nameOfDiscipline,countOfLessons,exam) VALUES ('1181','Discipline ПСОН-81','15','no');
INSERT INTO disciplineDepartmentDependency (ID,disciplineID,departmentID,courseNumber,semesterNumber) VALUES ('1100','1100','16','1','1');
INSERT INTO disciplineDepartmentDependency (ID,disciplineID,departmentID,courseNumber,semesterNumber) VALUES ('1101','1101','16','2','2');
INSERT INTO disciplineDepartmentDependency (ID,disciplineID,departmentID,courseNumber,semesterNumber) VALUES ('1102','1102','16','3','1');
INSERT INTO disciplineDepartmentDependency (ID,disciplineID,departmentID,courseNumber,semesterNumber) VALUES ('1103','1103','16','4','2');
INSERT INTO disciplineDepartmentDependency (ID,disciplineID,departmentID,courseNumber,semesterNumber) VALUES ('1104','1104','16','5','1');
INSERT INTO disciplineDepartmentDependency (ID,disciplineID,departmentID,courseNumber,semesterNumber) VALUES ('1105','1105','16','6','2');
INSERT INTO disciplineDepartmentDependency (ID,disciplineID,departmentID,courseNumber,semesterNumber) VALUES ('1106','1106','16','1','1');
INSERT INTO disciplineDepartmentDependency (ID,disciplineID,departmentID,courseNumber,semesterNumber) VALUES ('1107','1107','16','2','2');
INSERT INTO disciplineDepartmentDependency (ID,disciplineID,departmentID,courseNumber,semesterNumber) VALUES ('1108','1108','16','3','1');
INSERT INTO disciplineDepartmentDependency (ID,disciplineID,departmentID,courseNumber,semesterNumber) VALUES ('1109','1109','16','4','2');
INSERT INTO disciplineDepartmentDependency (ID,disciplineID,departmentID,courseNumber,semesterNumber) VALUES ('1110','1110','16','5','1');
INSERT INTO disciplineDepartmentDependency (ID,disciplineID,departmentID,courseNumber,semesterNumber) VALUES ('1111','1111','16','6','2');
INSERT INTO disciplineDepartmentDependency (ID,disciplineID,departmentID,courseNumber,semesterNumber) VALUES ('1112','1112','16','1','1');
INSERT INTO disciplineDepartmentDependency (ID,disciplineID,departmentID,courseNumber,semesterNumber) VALUES ('1113','1113','16','2','2');
INSERT INTO disciplineDepartmentDependency (ID,disciplineID,departmentID,courseNumber,semesterNumber) VALUES ('1114','1114','16','3','1');
INSERT INTO disciplineDepartmentDependency (ID,disciplineID,departmentID,courseNumber,semesterNumber) VALUES ('1115','1115','16','4','2');
INSERT INTO disciplineDepartmentDependency (ID,disciplineID,departmentID,courseNumber,semesterNumber) VALUES ('1116','1116','16','5','1');
INSERT INTO disciplineDepartmentDependency (ID,disciplineID,departmentID,courseNumber,semesterNumber) VALUES ('1117','1117','16','6','2');
INSERT INTO disciplineDepartmentDependency (ID,disciplineID,departmentID,courseNumber,semesterNumber) VALUES ('1118','1118','16','1','1');
INSERT INTO disciplineDepartmentDependency (ID,disciplineID,departmentID,courseNumber,semesterNumber) VALUES ('1119','1119','16','2','2');
INSERT INTO disciplineDepartmentDependency (ID,disciplineID,departmentID,courseNumber,semesterNumber) VALUES ('1120','1120','16','3','1');
INSERT INTO disciplineDepartmentDependency (ID,disciplineID,departmentID,courseNumber,semesterNumber) VALUES ('1121','1121','16','4','2');
INSERT INTO disciplineDepartmentDependency (ID,disciplineID,departmentID,courseNumber,semesterNumber) VALUES ('1122','1122','16','5','1');
INSERT INTO disciplineDepartmentDependency (ID,disciplineID,departmentID,courseNumber,semesterNumber) VALUES ('1123','1123','16','6','2');
INSERT INTO disciplineDepartmentDependency (ID,disciplineID,departmentID,courseNumber,semesterNumber) VALUES ('1124','1124','16','1','1');
INSERT INTO disciplineDepartmentDependency (ID,disciplineID,departmentID,courseNumber,semesterNumber) VALUES ('1125','1125','16','2','2');
INSERT INTO disciplineDepartmentDependency (ID,disciplineID,departmentID,courseNumber,semesterNumber) VALUES ('1126','1126','16','3','1');
INSERT INTO disciplineDepartmentDependency (ID,disciplineID,departmentID,courseNumber,semesterNumber) VALUES ('1127','1127','16','4','2');
INSERT INTO disciplineDepartmentDependency (ID,disciplineID,departmentID,courseNumber,semesterNumber) VALUES ('1128','1128','16','5','1');
INSERT INTO disciplineDepartmentDependency (ID,disciplineID,departmentID,courseNumber,semesterNumber) VALUES ('1129','1129','16','6','2');
INSERT INTO disciplineDepartmentDependency (ID,disciplineID,departmentID,courseNumber,semesterNumber) VALUES ('1130','1130','16','1','1');
INSERT INTO disciplineDepartmentDependency (ID,disciplineID,departmentID,courseNumber,semesterNumber) VALUES ('1131','1131','16','2','2');
INSERT INTO disciplineDepartmentDependency (ID,disciplineID,departmentID,courseNumber,semesterNumber) VALUES ('1132','1132','16','3','1');
INSERT INTO disciplineDepartmentDependency (ID,disciplineID,departmentID,courseNumber,semesterNumber) VALUES ('1133','1133','16','4','2');
INSERT INTO disciplineDepartmentDependency (ID,disciplineID,departmentID,courseNumber,semesterNumber) VALUES ('1134','1134','16','5','1');
INSERT INTO disciplineDepartmentDependency (ID,disciplineID,departmentID,courseNumber,semesterNumber) VALUES ('1135','1135','16','6','2');
INSERT INTO disciplineDepartmentDependency (ID,disciplineID,departmentID,courseNumber,semesterNumber) VALUES ('1136','1136','16','1','1');
INSERT INTO disciplineDepartmentDependency (ID,disciplineID,departmentID,courseNumber,semesterNumber) VALUES ('1137','1137','16','2','2');
INSERT INTO disciplineDepartmentDependency (ID,disciplineID,departmentID,courseNumber,semesterNumber) VALUES ('1138','1138','16','3','1');
INSERT INTO disciplineDepartmentDependency (ID,disciplineID,departmentID,courseNumber,semesterNumber) VALUES ('1139','1139','16','4','2');
INSERT INTO disciplineDepartmentDependency (ID,disciplineID,departmentID,courseNumber,semesterNumber) VALUES ('1140','1140','16','5','1');
INSERT INTO disciplineDepartmentDependency (ID,disciplineID,departmentID,courseNumber,semesterNumber) VALUES ('1141','1141','16','6','2');
INSERT INTO disciplineDepartmentDependency (ID,disciplineID,departmentID,courseNumber,semesterNumber) VALUES ('1142','1142','16','1','1');
INSERT INTO disciplineDepartmentDependency (ID,disciplineID,departmentID,courseNumber,semesterNumber) VALUES ('1143','1143','16','2','2');
INSERT INTO disciplineDepartmentDependency (ID,disciplineID,departmentID,courseNumber,semesterNumber) VALUES ('1144','1144','16','3','1');
INSERT INTO disciplineDepartmentDependency (ID,disciplineID,departmentID,courseNumber,semesterNumber) VALUES ('1145','1145','16','4','2');
INSERT INTO disciplineDepartmentDependency (ID,disciplineID,departmentID,courseNumber,semesterNumber) VALUES ('1146','1146','16','5','1');
INSERT INTO disciplineDepartmentDependency (ID,disciplineID,departmentID,courseNumber,semesterNumber) VALUES ('1147','1147','16','6','2');
INSERT INTO disciplineDepartmentDependency (ID,disciplineID,departmentID,courseNumber,semesterNumber) VALUES ('1148','1148','16','1','1');
INSERT INTO disciplineDepartmentDependency (ID,disciplineID,departmentID,courseNumber,semesterNumber) VALUES ('1149','1149','16','2','2');
INSERT INTO disciplineDepartmentDependency (ID,disciplineID,departmentID,courseNumber,semesterNumber) VALUES ('1150','1150','16','3','1');
INSERT INTO disciplineDepartmentDependency (ID,disciplineID,departmentID,courseNumber,semesterNumber) VALUES ('1151','1151','16','4','2');
INSERT INTO disciplineDepartmentDependency (ID,disciplineID,departmentID,courseNumber,semesterNumber) VALUES ('1152','1152','16','5','1');
INSERT INTO disciplineDepartmentDependency (ID,disciplineID,departmentID,courseNumber,semesterNumber) VALUES ('1153','1153','16','6','2');
INSERT INTO disciplineDepartmentDependency (ID,disciplineID,departmentID,courseNumber,semesterNumber) VALUES ('1154','1154','16','1','1');
INSERT INTO disciplineDepartmentDependency (ID,disciplineID,departmentID,courseNumber,semesterNumber) VALUES ('1155','1155','16','2','2');
INSERT INTO disciplineDepartmentDependency (ID,disciplineID,departmentID,courseNumber,semesterNumber) VALUES ('1156','1156','16','3','1');
INSERT INTO disciplineDepartmentDependency (ID,disciplineID,departmentID,courseNumber,semesterNumber) VALUES ('1157','1157','16','4','2');
INSERT INTO disciplineDepartmentDependency (ID,disciplineID,departmentID,courseNumber,semesterNumber) VALUES ('1158','1158','16','5','1');
INSERT INTO disciplineDepartmentDependency (ID,disciplineID,departmentID,courseNumber,semesterNumber) VALUES ('1159','1159','16','6','2');
INSERT INTO disciplineDepartmentDependency (ID,disciplineID,departmentID,courseNumber,semesterNumber) VALUES ('1160','1160','16','1','1');
INSERT INTO disciplineDepartmentDependency (ID,disciplineID,departmentID,courseNumber,semesterNumber) VALUES ('1161','1161','16','2','2');
INSERT INTO disciplineDepartmentDependency (ID,disciplineID,departmentID,courseNumber,semesterNumber) VALUES ('1162','1162','16','3','1');
INSERT INTO disciplineDepartmentDependency (ID,disciplineID,departmentID,courseNumber,semesterNumber) VALUES ('1163','1163','16','4','2');
INSERT INTO disciplineDepartmentDependency (ID,disciplineID,departmentID,courseNumber,semesterNumber) VALUES ('1164','1164','16','5','1');
INSERT INTO disciplineDepartmentDependency (ID,disciplineID,departmentID,courseNumber,semesterNumber) VALUES ('1165','1165','16','6','2');
INSERT INTO disciplineDepartmentDependency (ID,disciplineID,departmentID,courseNumber,semesterNumber) VALUES ('1166','1166','16','1','1');
INSERT INTO disciplineDepartmentDependency (ID,disciplineID,departmentID,courseNumber,semesterNumber) VALUES ('1167','1167','16','2','2');
INSERT INTO disciplineDepartmentDependency (ID,disciplineID,departmentID,courseNumber,semesterNumber) VALUES ('1168','1168','16','3','1');
INSERT INTO disciplineDepartmentDependency (ID,disciplineID,departmentID,courseNumber,semesterNumber) VALUES ('1169','1169','16','4','2');
INSERT INTO disciplineDepartmentDependency (ID,disciplineID,departmentID,courseNumber,semesterNumber) VALUES ('1170','1170','16','5','1');
INSERT INTO disciplineDepartmentDependency (ID,disciplineID,departmentID,courseNumber,semesterNumber) VALUES ('1171','1171','16','6','2');
INSERT INTO disciplineDepartmentDependency (ID,disciplineID,departmentID,courseNumber,semesterNumber) VALUES ('1172','1172','16','1','1');
INSERT INTO disciplineDepartmentDependency (ID,disciplineID,departmentID,courseNumber,semesterNumber) VALUES ('1173','1173','16','2','2');
INSERT INTO disciplineDepartmentDependency (ID,disciplineID,departmentID,courseNumber,semesterNumber) VALUES ('1174','1174','16','3','1');
INSERT INTO disciplineDepartmentDependency (ID,disciplineID,departmentID,courseNumber,semesterNumber) VALUES ('1175','1175','16','4','2');
INSERT INTO disciplineDepartmentDependency (ID,disciplineID,departmentID,courseNumber,semesterNumber) VALUES ('1176','1176','16','5','1');
INSERT INTO disciplineDepartmentDependency (ID,disciplineID,departmentID,courseNumber,semesterNumber) VALUES ('1177','1177','16','6','2');
INSERT INTO disciplineDepartmentDependency (ID,disciplineID,departmentID,courseNumber,semesterNumber) VALUES ('1178','1178','16','1','1');
INSERT INTO disciplineDepartmentDependency (ID,disciplineID,departmentID,courseNumber,semesterNumber) VALUES ('1179','1179','16','2','2');
INSERT INTO disciplineDepartmentDependency (ID,disciplineID,departmentID,courseNumber,semesterNumber) VALUES ('1180','1180','16','3','1');
INSERT INTO disciplineDepartmentDependency (ID,disciplineID,departmentID,courseNumber,semesterNumber) VALUES ('1181','1181','16','4','2');
INSERT INTO loginpass (ID,login,password,access_type) VALUES ('39','VXTOMXRJUK@gmx.fr','ICfum844','employee');
INSERT INTO employee (name,lastName,fathersName,personalID,sex,email,phoneNumber,dateOfBorn,address,passport,login,office,ID,departmentID) VALUES ('Витомир','ЖУК','Лукич','6715805218','m','VXTOMXRJUK@gmx.fr','0665377261','1960-05-10','11213 Обухів Зої Космодем’янської 64, 116','EC213174 ГУМВС 7','VXTOMXRJUK@gmx.fr','HR','37','16');
INSERT INTO loginpass (ID,login,password,access_type) VALUES ('40','DWVENXSLAVAKOROLQ@live.co.uk','gl&GpuLw','employee');
INSERT INTO employee (name,lastName,fathersName,personalID,sex,email,phoneNumber,dateOfBorn,address,passport,login,office,ID,departmentID) VALUES ('Дзвенислава','КОРОЛЬ','Луківна','5844838371','f','DWVENXSLAVAKOROLQ@live.co.uk','0680658025','1983-04-17','56172 Павлоград Герцена 32, 105','JY181851 ГУМВС 46','DWVENXSLAVAKOROLQ@live.co.uk','HR','38','16');
INSERT INTO loginpass (ID,login,password,access_type) VALUES ('41','VERNXDUBQVECQ@hotmail.fr','EK#HHT42','employee');
INSERT INTO employee (name,lastName,fathersName,personalID,sex,email,phoneNumber,dateOfBorn,address,passport,login,office,ID,departmentID) VALUES ('Вернидуб','ШВЕЦЬ','Лукич','6526265234','m','VERNXDUBQVECQ@hotmail.fr','0918564647','1960-07-08','55155 Дніпропетровськ Ворошилова 92, 33','GJ748421 ГУМВС 49','VERNXDUBQVECQ@hotmail.fr','HR','39','16');
INSERT INTO gtgroup (id,fullGroupName,courseNumber,departmentID) VALUES ('168','ПСОН-10','1','16');
INSERT INTO gtgroup (id,fullGroupName,courseNumber,departmentID) VALUES ('169','ПСОН-11','1','16');
INSERT INTO gtgroup (id,fullGroupName,courseNumber,departmentID) VALUES ('170','ПСОН-12','1','16');
INSERT INTO gtgroup (id,fullGroupName,courseNumber,departmentID) VALUES ('171','ПСОН-20','2','16');
INSERT INTO gtgroup (id,fullGroupName,courseNumber,departmentID) VALUES ('172','ПСОН-21','2','16');
INSERT INTO gtgroup (id,fullGroupName,courseNumber,departmentID) VALUES ('173','ПСОН-22','2','16');
INSERT INTO gtgroup (id,fullGroupName,courseNumber,departmentID) VALUES ('174','ПСОН-30','3','16');
INSERT INTO gtgroup (id,fullGroupName,courseNumber,departmentID) VALUES ('175','ПСОН-31','3','16');
INSERT INTO gtgroup (id,fullGroupName,courseNumber,departmentID) VALUES ('176','ПСОН-32','3','16');
INSERT INTO gtgroup (id,fullGroupName,courseNumber,departmentID) VALUES ('177','ПСОН-40','4','16');
INSERT INTO gtgroup (id,fullGroupName,courseNumber,departmentID) VALUES ('178','ПСОН-41','4','16');
INSERT INTO gtgroup (id,fullGroupName,courseNumber,departmentID) VALUES ('179','ПСОН-42','4','16');
INSERT INTO gtgroup (id,fullGroupName,courseNumber,departmentID) VALUES ('180','ПСОН-50','5','16');
INSERT INTO gtgroup (id,fullGroupName,courseNumber,departmentID) VALUES ('181','ПСОН-51','5','16');
INSERT INTO gtgroup (id,fullGroupName,courseNumber,departmentID) VALUES ('182','ПСОН-52','5','16');
INSERT INTO gtgroup (id,fullGroupName,courseNumber,departmentID) VALUES ('183','ПСОН-60','6','16');
INSERT INTO gtgroup (id,fullGroupName,courseNumber,departmentID) VALUES ('184','ПСОН-61','6','16');
INSERT INTO gtgroup (id,fullGroupName,courseNumber,departmentID) VALUES ('185','ПСОН-62','6','16');
INSERT INTO dayRequirements (id,departmentID,countOfDaysInWeek,countOfLessonsInADay) VALUES ('16','17','6','5');
INSERT INTO discipline (id,nameOfDiscipline,countOfLessons,exam) VALUES ('1182','Discipline ВП-0','15','no');
INSERT INTO discipline (id,nameOfDiscipline,countOfLessons,exam) VALUES ('1183','Discipline ВП-1','15','no');
INSERT INTO discipline (id,nameOfDiscipline,countOfLessons,exam) VALUES ('1184','Discipline ВП-2','15','no');
INSERT INTO discipline (id,nameOfDiscipline,countOfLessons,exam) VALUES ('1185','Discipline ВП-3','15','no');
INSERT INTO discipline (id,nameOfDiscipline,countOfLessons,exam) VALUES ('1186','Discipline ВП-4','15','no');
INSERT INTO discipline (id,nameOfDiscipline,countOfLessons,exam) VALUES ('1187','Discipline ВП-5','15','no');
INSERT INTO discipline (id,nameOfDiscipline,countOfLessons,exam) VALUES ('1188','Discipline ВП-6','15','no');
INSERT INTO discipline (id,nameOfDiscipline,countOfLessons,exam) VALUES ('1189','Discipline ВП-7','15','no');
INSERT INTO discipline (id,nameOfDiscipline,countOfLessons,exam) VALUES ('1190','Discipline ВП-8','15','no');
INSERT INTO discipline (id,nameOfDiscipline,countOfLessons,exam) VALUES ('1191','Discipline ВП-9','15','no');
INSERT INTO discipline (id,nameOfDiscipline,countOfLessons,exam) VALUES ('1192','Discipline ВП-10','15','no');
INSERT INTO discipline (id,nameOfDiscipline,countOfLessons,exam) VALUES ('1193','Discipline ВП-11','15','no');
INSERT INTO discipline (id,nameOfDiscipline,countOfLessons,exam) VALUES ('1194','Discipline ВП-12','15','no');
INSERT INTO discipline (id,nameOfDiscipline,countOfLessons,exam) VALUES ('1195','Discipline ВП-13','15','no');
INSERT INTO discipline (id,nameOfDiscipline,countOfLessons,exam) VALUES ('1196','Discipline ВП-14','15','no');
INSERT INTO discipline (id,nameOfDiscipline,countOfLessons,exam) VALUES ('1197','Discipline ВП-15','15','no');
INSERT INTO discipline (id,nameOfDiscipline,countOfLessons,exam) VALUES ('1198','Discipline ВП-16','15','no');
INSERT INTO discipline (id,nameOfDiscipline,countOfLessons,exam) VALUES ('1199','Discipline ВП-17','15','no');
INSERT INTO discipline (id,nameOfDiscipline,countOfLessons,exam) VALUES ('1200','Discipline ВП-18','15','no');
INSERT INTO discipline (id,nameOfDiscipline,countOfLessons,exam) VALUES ('1201','Discipline ВП-19','15','no');
INSERT INTO discipline (id,nameOfDiscipline,countOfLessons,exam) VALUES ('1202','Discipline ВП-20','15','no');
INSERT INTO discipline (id,nameOfDiscipline,countOfLessons,exam) VALUES ('1203','Discipline ВП-21','15','no');
INSERT INTO discipline (id,nameOfDiscipline,countOfLessons,exam) VALUES ('1204','Discipline ВП-22','15','no');
INSERT INTO discipline (id,nameOfDiscipline,countOfLessons,exam) VALUES ('1205','Discipline ВП-23','15','no');
INSERT INTO discipline (id,nameOfDiscipline,countOfLessons,exam) VALUES ('1206','Discipline ВП-24','15','no');
INSERT INTO discipline (id,nameOfDiscipline,countOfLessons,exam) VALUES ('1207','Discipline ВП-25','15','no');
INSERT INTO discipline (id,nameOfDiscipline,countOfLessons,exam) VALUES ('1208','Discipline ВП-26','15','no');
INSERT INTO discipline (id,nameOfDiscipline,countOfLessons,exam) VALUES ('1209','Discipline ВП-27','15','no');
INSERT INTO discipline (id,nameOfDiscipline,countOfLessons,exam) VALUES ('1210','Discipline ВП-28','15','no');
INSERT INTO discipline (id,nameOfDiscipline,countOfLessons,exam) VALUES ('1211','Discipline ВП-29','15','no');
INSERT INTO discipline (id,nameOfDiscipline,countOfLessons,exam) VALUES ('1212','Discipline ВП-30','15','no');
INSERT INTO discipline (id,nameOfDiscipline,countOfLessons,exam) VALUES ('1213','Discipline ВП-31','15','no');
INSERT INTO discipline (id,nameOfDiscipline,countOfLessons,exam) VALUES ('1214','Discipline ВП-32','15','no');
INSERT INTO discipline (id,nameOfDiscipline,countOfLessons,exam) VALUES ('1215','Discipline ВП-33','15','no');
INSERT INTO discipline (id,nameOfDiscipline,countOfLessons,exam) VALUES ('1216','Discipline ВП-34','15','no');
INSERT INTO discipline (id,nameOfDiscipline,countOfLessons,exam) VALUES ('1217','Discipline ВП-35','15','no');
INSERT INTO discipline (id,nameOfDiscipline,countOfLessons,exam) VALUES ('1218','Discipline ВП-36','15','no');
INSERT INTO discipline (id,nameOfDiscipline,countOfLessons,exam) VALUES ('1219','Discipline ВП-37','15','no');
INSERT INTO discipline (id,nameOfDiscipline,countOfLessons,exam) VALUES ('1220','Discipline ВП-38','15','no');
INSERT INTO discipline (id,nameOfDiscipline,countOfLessons,exam) VALUES ('1221','Discipline ВП-39','15','no');
INSERT INTO discipline (id,nameOfDiscipline,countOfLessons,exam) VALUES ('1222','Discipline ВП-40','15','no');
INSERT INTO discipline (id,nameOfDiscipline,countOfLessons,exam) VALUES ('1223','Discipline ВП-41','15','no');
INSERT INTO discipline (id,nameOfDiscipline,countOfLessons,exam) VALUES ('1224','Discipline ВП-42','15','no');
INSERT INTO discipline (id,nameOfDiscipline,countOfLessons,exam) VALUES ('1225','Discipline ВП-43','15','no');
INSERT INTO discipline (id,nameOfDiscipline,countOfLessons,exam) VALUES ('1226','Discipline ВП-44','15','no');
INSERT INTO discipline (id,nameOfDiscipline,countOfLessons,exam) VALUES ('1227','Discipline ВП-45','15','no');
INSERT INTO discipline (id,nameOfDiscipline,countOfLessons,exam) VALUES ('1228','Discipline ВП-46','15','no');
INSERT INTO discipline (id,nameOfDiscipline,countOfLessons,exam) VALUES ('1229','Discipline ВП-47','15','no');
INSERT INTO discipline (id,nameOfDiscipline,countOfLessons,exam) VALUES ('1230','Discipline ВП-48','15','no');
INSERT INTO discipline (id,nameOfDiscipline,countOfLessons,exam) VALUES ('1231','Discipline ВП-49','15','no');
INSERT INTO discipline (id,nameOfDiscipline,countOfLessons,exam) VALUES ('1232','Discipline ВП-50','15','no');
INSERT INTO discipline (id,nameOfDiscipline,countOfLessons,exam) VALUES ('1233','Discipline ВП-51','15','no');
INSERT INTO discipline (id,nameOfDiscipline,countOfLessons,exam) VALUES ('1234','Discipline ВП-52','15','no');
INSERT INTO discipline (id,nameOfDiscipline,countOfLessons,exam) VALUES ('1235','Discipline ВП-53','15','no');
INSERT INTO discipline (id,nameOfDiscipline,countOfLessons,exam) VALUES ('1236','Discipline ВП-54','15','no');
INSERT INTO discipline (id,nameOfDiscipline,countOfLessons,exam) VALUES ('1237','Discipline ВП-55','15','no');
INSERT INTO discipline (id,nameOfDiscipline,countOfLessons,exam) VALUES ('1238','Discipline ВП-56','15','no');
INSERT INTO discipline (id,nameOfDiscipline,countOfLessons,exam) VALUES ('1239','Discipline ВП-57','15','no');
INSERT INTO discipline (id,nameOfDiscipline,countOfLessons,exam) VALUES ('1240','Discipline ВП-58','15','no');
INSERT INTO discipline (id,nameOfDiscipline,countOfLessons,exam) VALUES ('1241','Discipline ВП-59','15','no');
INSERT INTO discipline (id,nameOfDiscipline,countOfLessons,exam) VALUES ('1242','Discipline ВП-60','15','no');
INSERT INTO discipline (id,nameOfDiscipline,countOfLessons,exam) VALUES ('1243','Discipline ВП-61','15','no');
INSERT INTO discipline (id,nameOfDiscipline,countOfLessons,exam) VALUES ('1244','Discipline ВП-62','15','no');
INSERT INTO disciplineDepartmentDependency (ID,disciplineID,departmentID,courseNumber,semesterNumber) VALUES ('1182','1182','17','1','1');
INSERT INTO disciplineDepartmentDependency (ID,disciplineID,departmentID,courseNumber,semesterNumber) VALUES ('1183','1183','17','2','2');
INSERT INTO disciplineDepartmentDependency (ID,disciplineID,departmentID,courseNumber,semesterNumber) VALUES ('1184','1184','17','3','1');
INSERT INTO disciplineDepartmentDependency (ID,disciplineID,departmentID,courseNumber,semesterNumber) VALUES ('1185','1185','17','4','2');
INSERT INTO disciplineDepartmentDependency (ID,disciplineID,departmentID,courseNumber,semesterNumber) VALUES ('1186','1186','17','5','1');
INSERT INTO disciplineDepartmentDependency (ID,disciplineID,departmentID,courseNumber,semesterNumber) VALUES ('1187','1187','17','6','2');
INSERT INTO disciplineDepartmentDependency (ID,disciplineID,departmentID,courseNumber,semesterNumber) VALUES ('1188','1188','17','1','1');
INSERT INTO disciplineDepartmentDependency (ID,disciplineID,departmentID,courseNumber,semesterNumber) VALUES ('1189','1189','17','2','2');
INSERT INTO disciplineDepartmentDependency (ID,disciplineID,departmentID,courseNumber,semesterNumber) VALUES ('1190','1190','17','3','1');
INSERT INTO disciplineDepartmentDependency (ID,disciplineID,departmentID,courseNumber,semesterNumber) VALUES ('1191','1191','17','4','2');
INSERT INTO disciplineDepartmentDependency (ID,disciplineID,departmentID,courseNumber,semesterNumber) VALUES ('1192','1192','17','5','1');
INSERT INTO disciplineDepartmentDependency (ID,disciplineID,departmentID,courseNumber,semesterNumber) VALUES ('1193','1193','17','6','2');
INSERT INTO disciplineDepartmentDependency (ID,disciplineID,departmentID,courseNumber,semesterNumber) VALUES ('1194','1194','17','1','1');
INSERT INTO disciplineDepartmentDependency (ID,disciplineID,departmentID,courseNumber,semesterNumber) VALUES ('1195','1195','17','2','2');
INSERT INTO disciplineDepartmentDependency (ID,disciplineID,departmentID,courseNumber,semesterNumber) VALUES ('1196','1196','17','3','1');
INSERT INTO disciplineDepartmentDependency (ID,disciplineID,departmentID,courseNumber,semesterNumber) VALUES ('1197','1197','17','4','2');
INSERT INTO disciplineDepartmentDependency (ID,disciplineID,departmentID,courseNumber,semesterNumber) VALUES ('1198','1198','17','5','1');
INSERT INTO disciplineDepartmentDependency (ID,disciplineID,departmentID,courseNumber,semesterNumber) VALUES ('1199','1199','17','6','2');
INSERT INTO disciplineDepartmentDependency (ID,disciplineID,departmentID,courseNumber,semesterNumber) VALUES ('1200','1200','17','1','1');
INSERT INTO disciplineDepartmentDependency (ID,disciplineID,departmentID,courseNumber,semesterNumber) VALUES ('1201','1201','17','2','2');
INSERT INTO disciplineDepartmentDependency (ID,disciplineID,departmentID,courseNumber,semesterNumber) VALUES ('1202','1202','17','3','1');
INSERT INTO disciplineDepartmentDependency (ID,disciplineID,departmentID,courseNumber,semesterNumber) VALUES ('1203','1203','17','4','2');
INSERT INTO disciplineDepartmentDependency (ID,disciplineID,departmentID,courseNumber,semesterNumber) VALUES ('1204','1204','17','5','1');
INSERT INTO disciplineDepartmentDependency (ID,disciplineID,departmentID,courseNumber,semesterNumber) VALUES ('1205','1205','17','6','2');
INSERT INTO disciplineDepartmentDependency (ID,disciplineID,departmentID,courseNumber,semesterNumber) VALUES ('1206','1206','17','1','1');
INSERT INTO disciplineDepartmentDependency (ID,disciplineID,departmentID,courseNumber,semesterNumber) VALUES ('1207','1207','17','2','2');
INSERT INTO disciplineDepartmentDependency (ID,disciplineID,departmentID,courseNumber,semesterNumber) VALUES ('1208','1208','17','3','1');
INSERT INTO disciplineDepartmentDependency (ID,disciplineID,departmentID,courseNumber,semesterNumber) VALUES ('1209','1209','17','4','2');
INSERT INTO disciplineDepartmentDependency (ID,disciplineID,departmentID,courseNumber,semesterNumber) VALUES ('1210','1210','17','5','1');
INSERT INTO disciplineDepartmentDependency (ID,disciplineID,departmentID,courseNumber,semesterNumber) VALUES ('1211','1211','17','6','2');
INSERT INTO disciplineDepartmentDependency (ID,disciplineID,departmentID,courseNumber,semesterNumber) VALUES ('1212','1212','17','1','1');
INSERT INTO disciplineDepartmentDependency (ID,disciplineID,departmentID,courseNumber,semesterNumber) VALUES ('1213','1213','17','2','2');
INSERT INTO disciplineDepartmentDependency (ID,disciplineID,departmentID,courseNumber,semesterNumber) VALUES ('1214','1214','17','3','1');
INSERT INTO disciplineDepartmentDependency (ID,disciplineID,departmentID,courseNumber,semesterNumber) VALUES ('1215','1215','17','4','2');
INSERT INTO disciplineDepartmentDependency (ID,disciplineID,departmentID,courseNumber,semesterNumber) VALUES ('1216','1216','17','5','1');
INSERT INTO disciplineDepartmentDependency (ID,disciplineID,departmentID,courseNumber,semesterNumber) VALUES ('1217','1217','17','6','2');
INSERT INTO disciplineDepartmentDependency (ID,disciplineID,departmentID,courseNumber,semesterNumber) VALUES ('1218','1218','17','1','1');
INSERT INTO disciplineDepartmentDependency (ID,disciplineID,departmentID,courseNumber,semesterNumber) VALUES ('1219','1219','17','2','2');
INSERT INTO disciplineDepartmentDependency (ID,disciplineID,departmentID,courseNumber,semesterNumber) VALUES ('1220','1220','17','3','1');
INSERT INTO disciplineDepartmentDependency (ID,disciplineID,departmentID,courseNumber,semesterNumber) VALUES ('1221','1221','17','4','2');
INSERT INTO disciplineDepartmentDependency (ID,disciplineID,departmentID,courseNumber,semesterNumber) VALUES ('1222','1222','17','5','1');
INSERT INTO disciplineDepartmentDependency (ID,disciplineID,departmentID,courseNumber,semesterNumber) VALUES ('1223','1223','17','6','2');
INSERT INTO disciplineDepartmentDependency (ID,disciplineID,departmentID,courseNumber,semesterNumber) VALUES ('1224','1224','17','1','1');
INSERT INTO disciplineDepartmentDependency (ID,disciplineID,departmentID,courseNumber,semesterNumber) VALUES ('1225','1225','17','2','2');
INSERT INTO disciplineDepartmentDependency (ID,disciplineID,departmentID,courseNumber,semesterNumber) VALUES ('1226','1226','17','3','1');
INSERT INTO disciplineDepartmentDependency (ID,disciplineID,departmentID,courseNumber,semesterNumber) VALUES ('1227','1227','17','4','2');
INSERT INTO disciplineDepartmentDependency (ID,disciplineID,departmentID,courseNumber,semesterNumber) VALUES ('1228','1228','17','5','1');
INSERT INTO disciplineDepartmentDependency (ID,disciplineID,departmentID,courseNumber,semesterNumber) VALUES ('1229','1229','17','6','2');
INSERT INTO disciplineDepartmentDependency (ID,disciplineID,departmentID,courseNumber,semesterNumber) VALUES ('1230','1230','17','1','1');
INSERT INTO disciplineDepartmentDependency (ID,disciplineID,departmentID,courseNumber,semesterNumber) VALUES ('1231','1231','17','2','2');
INSERT INTO disciplineDepartmentDependency (ID,disciplineID,departmentID,courseNumber,semesterNumber) VALUES ('1232','1232','17','3','1');
INSERT INTO disciplineDepartmentDependency (ID,disciplineID,departmentID,courseNumber,semesterNumber) VALUES ('1233','1233','17','4','2');
INSERT INTO disciplineDepartmentDependency (ID,disciplineID,departmentID,courseNumber,semesterNumber) VALUES ('1234','1234','17','5','1');
INSERT INTO disciplineDepartmentDependency (ID,disciplineID,departmentID,courseNumber,semesterNumber) VALUES ('1235','1235','17','6','2');
INSERT INTO disciplineDepartmentDependency (ID,disciplineID,departmentID,courseNumber,semesterNumber) VALUES ('1236','1236','17','1','1');
INSERT INTO disciplineDepartmentDependency (ID,disciplineID,departmentID,courseNumber,semesterNumber) VALUES ('1237','1237','17','2','2');
INSERT INTO disciplineDepartmentDependency (ID,disciplineID,departmentID,courseNumber,semesterNumber) VALUES ('1238','1238','17','3','1');
INSERT INTO disciplineDepartmentDependency (ID,disciplineID,departmentID,courseNumber,semesterNumber) VALUES ('1239','1239','17','4','2');
INSERT INTO disciplineDepartmentDependency (ID,disciplineID,departmentID,courseNumber,semesterNumber) VALUES ('1240','1240','17','5','1');
INSERT INTO disciplineDepartmentDependency (ID,disciplineID,departmentID,courseNumber,semesterNumber) VALUES ('1241','1241','17','6','2');
INSERT INTO disciplineDepartmentDependency (ID,disciplineID,departmentID,courseNumber,semesterNumber) VALUES ('1242','1242','17','1','1');
INSERT INTO disciplineDepartmentDependency (ID,disciplineID,departmentID,courseNumber,semesterNumber) VALUES ('1243','1243','17','2','2');
INSERT INTO disciplineDepartmentDependency (ID,disciplineID,departmentID,courseNumber,semesterNumber) VALUES ('1244','1244','17','3','1');
INSERT INTO loginpass (ID,login,password,access_type) VALUES ('42','VOLODXMXRARADZENKO@yahoo.fr','PvsyGy96','employee');
INSERT INTO employee (name,lastName,fathersName,personalID,sex,email,phoneNumber,dateOfBorn,address,passport,login,office,ID,departmentID) VALUES ('Володимира','РАДЧЕНКО','Кузьмівна','1256776182','f','VOLODXMXRARADZENKO@yahoo.fr','0391141155','1985-10-16','26441 Алушта Енгельса 98, 50','HH817273 ГУМВС 40','VOLODXMXRARADZENKO@yahoo.fr','HR','40','17');
INSERT INTO loginpass (ID,login,password,access_type) VALUES ('43','DOMAHAKRAVZUK@freeserve.co.uk','xzZrV8KN','employee');
INSERT INTO employee (name,lastName,fathersName,personalID,sex,email,phoneNumber,dateOfBorn,address,passport,login,office,ID,departmentID) VALUES ('Домаха','КРАВЧУК','Миколаївна','3770458460','f','DOMAHAKRAVZUK@freeserve.co.uk','0635084006','1973-01-19','01023 Мелітополь Ворошилова 89, 109','LL268557 ГУМВС 32','DOMAHAKRAVZUK@freeserve.co.uk','HR','41','17');
INSERT INTO loginpass (ID,login,password,access_type) VALUES ('44','DOBROGNIVAKRAVZUK@online.de','s6kfYQvh','employee');
INSERT INTO employee (name,lastName,fathersName,personalID,sex,email,phoneNumber,dateOfBorn,address,passport,login,office,ID,departmentID) VALUES ('Доброгніва','КРАВЧУК','Луківна','8855136733','f','DOBROGNIVAKRAVZUK@online.de','0391746701','1979-04-09','30855 Івано-Франківськ Громова 56, 154','HP855362 ГУМВС 37','DOBROGNIVAKRAVZUK@online.de','HR','42','17');
INSERT INTO gtgroup (id,fullGroupName,courseNumber,departmentID) VALUES ('186','ВП-10','1','17');
INSERT INTO gtgroup (id,fullGroupName,courseNumber,departmentID) VALUES ('187','ВП-11','1','17');
INSERT INTO gtgroup (id,fullGroupName,courseNumber,departmentID) VALUES ('188','ВП-20','2','17');
INSERT INTO gtgroup (id,fullGroupName,courseNumber,departmentID) VALUES ('189','ВП-21','2','17');
INSERT INTO gtgroup (id,fullGroupName,courseNumber,departmentID) VALUES ('190','ВП-30','3','17');
INSERT INTO gtgroup (id,fullGroupName,courseNumber,departmentID) VALUES ('191','ВП-31','3','17');
INSERT INTO gtgroup (id,fullGroupName,courseNumber,departmentID) VALUES ('192','ВП-40','4','17');
INSERT INTO gtgroup (id,fullGroupName,courseNumber,departmentID) VALUES ('193','ВП-41','4','17');
INSERT INTO gtgroup (id,fullGroupName,courseNumber,departmentID) VALUES ('194','ВП-50','5','17');
INSERT INTO gtgroup (id,fullGroupName,courseNumber,departmentID) VALUES ('195','ВП-51','5','17');
INSERT INTO gtgroup (id,fullGroupName,courseNumber,departmentID) VALUES ('196','ВП-60','6','17');
INSERT INTO gtgroup (id,fullGroupName,courseNumber,departmentID) VALUES ('197','ВП-61','6','17');
INSERT INTO dayRequirements (id,departmentID,countOfDaysInWeek,countOfLessonsInADay) VALUES ('17','18','6','5');
INSERT INTO discipline (id,nameOfDiscipline,countOfLessons,exam) VALUES ('1245','Discipline НАЕПС-0','15','no');
INSERT INTO discipline (id,nameOfDiscipline,countOfLessons,exam) VALUES ('1246','Discipline НАЕПС-1','15','no');
INSERT INTO discipline (id,nameOfDiscipline,countOfLessons,exam) VALUES ('1247','Discipline НАЕПС-2','15','no');
INSERT INTO discipline (id,nameOfDiscipline,countOfLessons,exam) VALUES ('1248','Discipline НАЕПС-3','15','no');
INSERT INTO discipline (id,nameOfDiscipline,countOfLessons,exam) VALUES ('1249','Discipline НАЕПС-4','15','no');
INSERT INTO discipline (id,nameOfDiscipline,countOfLessons,exam) VALUES ('1250','Discipline НАЕПС-5','15','no');
INSERT INTO discipline (id,nameOfDiscipline,countOfLessons,exam) VALUES ('1251','Discipline НАЕПС-6','15','no');
INSERT INTO discipline (id,nameOfDiscipline,countOfLessons,exam) VALUES ('1252','Discipline НАЕПС-7','15','no');
INSERT INTO discipline (id,nameOfDiscipline,countOfLessons,exam) VALUES ('1253','Discipline НАЕПС-8','15','no');
INSERT INTO discipline (id,nameOfDiscipline,countOfLessons,exam) VALUES ('1254','Discipline НАЕПС-9','15','no');
INSERT INTO discipline (id,nameOfDiscipline,countOfLessons,exam) VALUES ('1255','Discipline НАЕПС-10','15','no');
INSERT INTO discipline (id,nameOfDiscipline,countOfLessons,exam) VALUES ('1256','Discipline НАЕПС-11','15','no');
INSERT INTO discipline (id,nameOfDiscipline,countOfLessons,exam) VALUES ('1257','Discipline НАЕПС-12','15','no');
INSERT INTO discipline (id,nameOfDiscipline,countOfLessons,exam) VALUES ('1258','Discipline НАЕПС-13','15','no');
INSERT INTO discipline (id,nameOfDiscipline,countOfLessons,exam) VALUES ('1259','Discipline НАЕПС-14','15','no');
INSERT INTO discipline (id,nameOfDiscipline,countOfLessons,exam) VALUES ('1260','Discipline НАЕПС-15','15','no');
INSERT INTO discipline (id,nameOfDiscipline,countOfLessons,exam) VALUES ('1261','Discipline НАЕПС-16','15','no');
INSERT INTO discipline (id,nameOfDiscipline,countOfLessons,exam) VALUES ('1262','Discipline НАЕПС-17','15','no');
INSERT INTO discipline (id,nameOfDiscipline,countOfLessons,exam) VALUES ('1263','Discipline НАЕПС-18','15','no');
INSERT INTO discipline (id,nameOfDiscipline,countOfLessons,exam) VALUES ('1264','Discipline НАЕПС-19','15','no');
INSERT INTO discipline (id,nameOfDiscipline,countOfLessons,exam) VALUES ('1265','Discipline НАЕПС-20','15','no');
INSERT INTO discipline (id,nameOfDiscipline,countOfLessons,exam) VALUES ('1266','Discipline НАЕПС-21','15','no');
INSERT INTO discipline (id,nameOfDiscipline,countOfLessons,exam) VALUES ('1267','Discipline НАЕПС-22','15','no');
INSERT INTO discipline (id,nameOfDiscipline,countOfLessons,exam) VALUES ('1268','Discipline НАЕПС-23','15','no');
INSERT INTO discipline (id,nameOfDiscipline,countOfLessons,exam) VALUES ('1269','Discipline НАЕПС-24','15','no');
INSERT INTO discipline (id,nameOfDiscipline,countOfLessons,exam) VALUES ('1270','Discipline НАЕПС-25','15','no');
INSERT INTO discipline (id,nameOfDiscipline,countOfLessons,exam) VALUES ('1271','Discipline НАЕПС-26','15','no');
INSERT INTO discipline (id,nameOfDiscipline,countOfLessons,exam) VALUES ('1272','Discipline НАЕПС-27','15','no');
INSERT INTO discipline (id,nameOfDiscipline,countOfLessons,exam) VALUES ('1273','Discipline НАЕПС-28','15','no');
INSERT INTO discipline (id,nameOfDiscipline,countOfLessons,exam) VALUES ('1274','Discipline НАЕПС-29','15','no');
INSERT INTO discipline (id,nameOfDiscipline,countOfLessons,exam) VALUES ('1275','Discipline НАЕПС-30','15','no');
INSERT INTO discipline (id,nameOfDiscipline,countOfLessons,exam) VALUES ('1276','Discipline НАЕПС-31','15','no');
INSERT INTO discipline (id,nameOfDiscipline,countOfLessons,exam) VALUES ('1277','Discipline НАЕПС-32','15','no');
INSERT INTO discipline (id,nameOfDiscipline,countOfLessons,exam) VALUES ('1278','Discipline НАЕПС-33','15','no');
INSERT INTO discipline (id,nameOfDiscipline,countOfLessons,exam) VALUES ('1279','Discipline НАЕПС-34','15','no');
INSERT INTO discipline (id,nameOfDiscipline,countOfLessons,exam) VALUES ('1280','Discipline НАЕПС-35','15','no');
INSERT INTO discipline (id,nameOfDiscipline,countOfLessons,exam) VALUES ('1281','Discipline НАЕПС-36','15','no');
INSERT INTO discipline (id,nameOfDiscipline,countOfLessons,exam) VALUES ('1282','Discipline НАЕПС-37','15','no');
INSERT INTO discipline (id,nameOfDiscipline,countOfLessons,exam) VALUES ('1283','Discipline НАЕПС-38','15','no');
INSERT INTO discipline (id,nameOfDiscipline,countOfLessons,exam) VALUES ('1284','Discipline НАЕПС-39','15','no');
INSERT INTO discipline (id,nameOfDiscipline,countOfLessons,exam) VALUES ('1285','Discipline НАЕПС-40','15','no');
INSERT INTO discipline (id,nameOfDiscipline,countOfLessons,exam) VALUES ('1286','Discipline НАЕПС-41','15','no');
INSERT INTO discipline (id,nameOfDiscipline,countOfLessons,exam) VALUES ('1287','Discipline НАЕПС-42','15','no');
INSERT INTO discipline (id,nameOfDiscipline,countOfLessons,exam) VALUES ('1288','Discipline НАЕПС-43','15','no');
INSERT INTO discipline (id,nameOfDiscipline,countOfLessons,exam) VALUES ('1289','Discipline НАЕПС-44','15','no');
INSERT INTO discipline (id,nameOfDiscipline,countOfLessons,exam) VALUES ('1290','Discipline НАЕПС-45','15','no');
INSERT INTO discipline (id,nameOfDiscipline,countOfLessons,exam) VALUES ('1291','Discipline НАЕПС-46','15','no');
INSERT INTO discipline (id,nameOfDiscipline,countOfLessons,exam) VALUES ('1292','Discipline НАЕПС-47','15','no');
INSERT INTO discipline (id,nameOfDiscipline,countOfLessons,exam) VALUES ('1293','Discipline НАЕПС-48','15','no');
INSERT INTO discipline (id,nameOfDiscipline,countOfLessons,exam) VALUES ('1294','Discipline НАЕПС-49','15','no');
INSERT INTO discipline (id,nameOfDiscipline,countOfLessons,exam) VALUES ('1295','Discipline НАЕПС-50','15','no');
INSERT INTO discipline (id,nameOfDiscipline,countOfLessons,exam) VALUES ('1296','Discipline НАЕПС-51','15','no');
INSERT INTO discipline (id,nameOfDiscipline,countOfLessons,exam) VALUES ('1297','Discipline НАЕПС-52','15','no');
INSERT INTO discipline (id,nameOfDiscipline,countOfLessons,exam) VALUES ('1298','Discipline НАЕПС-53','15','no');
INSERT INTO discipline (id,nameOfDiscipline,countOfLessons,exam) VALUES ('1299','Discipline НАЕПС-54','15','no');
INSERT INTO discipline (id,nameOfDiscipline,countOfLessons,exam) VALUES ('1300','Discipline НАЕПС-55','15','no');
INSERT INTO discipline (id,nameOfDiscipline,countOfLessons,exam) VALUES ('1301','Discipline НАЕПС-56','15','no');
INSERT INTO discipline (id,nameOfDiscipline,countOfLessons,exam) VALUES ('1302','Discipline НАЕПС-57','15','no');
INSERT INTO discipline (id,nameOfDiscipline,countOfLessons,exam) VALUES ('1303','Discipline НАЕПС-58','15','no');
INSERT INTO discipline (id,nameOfDiscipline,countOfLessons,exam) VALUES ('1304','Discipline НАЕПС-59','15','no');
INSERT INTO discipline (id,nameOfDiscipline,countOfLessons,exam) VALUES ('1305','Discipline НАЕПС-60','15','no');
INSERT INTO discipline (id,nameOfDiscipline,countOfLessons,exam) VALUES ('1306','Discipline НАЕПС-61','15','no');
INSERT INTO discipline (id,nameOfDiscipline,countOfLessons,exam) VALUES ('1307','Discipline НАЕПС-62','15','no');
INSERT INTO discipline (id,nameOfDiscipline,countOfLessons,exam) VALUES ('1308','Discipline НАЕПС-63','15','no');
INSERT INTO discipline (id,nameOfDiscipline,countOfLessons,exam) VALUES ('1309','Discipline НАЕПС-64','15','no');
INSERT INTO discipline (id,nameOfDiscipline,countOfLessons,exam) VALUES ('1310','Discipline НАЕПС-65','15','no');
INSERT INTO discipline (id,nameOfDiscipline,countOfLessons,exam) VALUES ('1311','Discipline НАЕПС-66','15','no');
INSERT INTO discipline (id,nameOfDiscipline,countOfLessons,exam) VALUES ('1312','Discipline НАЕПС-67','15','no');
INSERT INTO discipline (id,nameOfDiscipline,countOfLessons,exam) VALUES ('1313','Discipline НАЕПС-68','15','no');
INSERT INTO discipline (id,nameOfDiscipline,countOfLessons,exam) VALUES ('1314','Discipline НАЕПС-69','15','no');
INSERT INTO disciplineDepartmentDependency (ID,disciplineID,departmentID,courseNumber,semesterNumber) VALUES ('1245','1245','18','1','1');
INSERT INTO disciplineDepartmentDependency (ID,disciplineID,departmentID,courseNumber,semesterNumber) VALUES ('1246','1246','18','2','2');
INSERT INTO disciplineDepartmentDependency (ID,disciplineID,departmentID,courseNumber,semesterNumber) VALUES ('1247','1247','18','3','1');
INSERT INTO disciplineDepartmentDependency (ID,disciplineID,departmentID,courseNumber,semesterNumber) VALUES ('1248','1248','18','4','2');
INSERT INTO disciplineDepartmentDependency (ID,disciplineID,departmentID,courseNumber,semesterNumber) VALUES ('1249','1249','18','5','1');
INSERT INTO disciplineDepartmentDependency (ID,disciplineID,departmentID,courseNumber,semesterNumber) VALUES ('1250','1250','18','6','2');
INSERT INTO disciplineDepartmentDependency (ID,disciplineID,departmentID,courseNumber,semesterNumber) VALUES ('1251','1251','18','1','1');
INSERT INTO disciplineDepartmentDependency (ID,disciplineID,departmentID,courseNumber,semesterNumber) VALUES ('1252','1252','18','2','2');
INSERT INTO disciplineDepartmentDependency (ID,disciplineID,departmentID,courseNumber,semesterNumber) VALUES ('1253','1253','18','3','1');
INSERT INTO disciplineDepartmentDependency (ID,disciplineID,departmentID,courseNumber,semesterNumber) VALUES ('1254','1254','18','4','2');
INSERT INTO disciplineDepartmentDependency (ID,disciplineID,departmentID,courseNumber,semesterNumber) VALUES ('1255','1255','18','5','1');
INSERT INTO disciplineDepartmentDependency (ID,disciplineID,departmentID,courseNumber,semesterNumber) VALUES ('1256','1256','18','6','2');
INSERT INTO disciplineDepartmentDependency (ID,disciplineID,departmentID,courseNumber,semesterNumber) VALUES ('1257','1257','18','1','1');
INSERT INTO disciplineDepartmentDependency (ID,disciplineID,departmentID,courseNumber,semesterNumber) VALUES ('1258','1258','18','2','2');
INSERT INTO disciplineDepartmentDependency (ID,disciplineID,departmentID,courseNumber,semesterNumber) VALUES ('1259','1259','18','3','1');
INSERT INTO disciplineDepartmentDependency (ID,disciplineID,departmentID,courseNumber,semesterNumber) VALUES ('1260','1260','18','4','2');
INSERT INTO disciplineDepartmentDependency (ID,disciplineID,departmentID,courseNumber,semesterNumber) VALUES ('1261','1261','18','5','1');
INSERT INTO disciplineDepartmentDependency (ID,disciplineID,departmentID,courseNumber,semesterNumber) VALUES ('1262','1262','18','6','2');
INSERT INTO disciplineDepartmentDependency (ID,disciplineID,departmentID,courseNumber,semesterNumber) VALUES ('1263','1263','18','1','1');
INSERT INTO disciplineDepartmentDependency (ID,disciplineID,departmentID,courseNumber,semesterNumber) VALUES ('1264','1264','18','2','2');
INSERT INTO disciplineDepartmentDependency (ID,disciplineID,departmentID,courseNumber,semesterNumber) VALUES ('1265','1265','18','3','1');
INSERT INTO disciplineDepartmentDependency (ID,disciplineID,departmentID,courseNumber,semesterNumber) VALUES ('1266','1266','18','4','2');
INSERT INTO disciplineDepartmentDependency (ID,disciplineID,departmentID,courseNumber,semesterNumber) VALUES ('1267','1267','18','5','1');
INSERT INTO disciplineDepartmentDependency (ID,disciplineID,departmentID,courseNumber,semesterNumber) VALUES ('1268','1268','18','6','2');
INSERT INTO disciplineDepartmentDependency (ID,disciplineID,departmentID,courseNumber,semesterNumber) VALUES ('1269','1269','18','1','1');
INSERT INTO disciplineDepartmentDependency (ID,disciplineID,departmentID,courseNumber,semesterNumber) VALUES ('1270','1270','18','2','2');
INSERT INTO disciplineDepartmentDependency (ID,disciplineID,departmentID,courseNumber,semesterNumber) VALUES ('1271','1271','18','3','1');
INSERT INTO disciplineDepartmentDependency (ID,disciplineID,departmentID,courseNumber,semesterNumber) VALUES ('1272','1272','18','4','2');
INSERT INTO disciplineDepartmentDependency (ID,disciplineID,departmentID,courseNumber,semesterNumber) VALUES ('1273','1273','18','5','1');
INSERT INTO disciplineDepartmentDependency (ID,disciplineID,departmentID,courseNumber,semesterNumber) VALUES ('1274','1274','18','6','2');
INSERT INTO disciplineDepartmentDependency (ID,disciplineID,departmentID,courseNumber,semesterNumber) VALUES ('1275','1275','18','1','1');
INSERT INTO disciplineDepartmentDependency (ID,disciplineID,departmentID,courseNumber,semesterNumber) VALUES ('1276','1276','18','2','2');
INSERT INTO disciplineDepartmentDependency (ID,disciplineID,departmentID,courseNumber,semesterNumber) VALUES ('1277','1277','18','3','1');
INSERT INTO disciplineDepartmentDependency (ID,disciplineID,departmentID,courseNumber,semesterNumber) VALUES ('1278','1278','18','4','2');
INSERT INTO disciplineDepartmentDependency (ID,disciplineID,departmentID,courseNumber,semesterNumber) VALUES ('1279','1279','18','5','1');
INSERT INTO disciplineDepartmentDependency (ID,disciplineID,departmentID,courseNumber,semesterNumber) VALUES ('1280','1280','18','6','2');
INSERT INTO disciplineDepartmentDependency (ID,disciplineID,departmentID,courseNumber,semesterNumber) VALUES ('1281','1281','18','1','1');
INSERT INTO disciplineDepartmentDependency (ID,disciplineID,departmentID,courseNumber,semesterNumber) VALUES ('1282','1282','18','2','2');
INSERT INTO disciplineDepartmentDependency (ID,disciplineID,departmentID,courseNumber,semesterNumber) VALUES ('1283','1283','18','3','1');
INSERT INTO disciplineDepartmentDependency (ID,disciplineID,departmentID,courseNumber,semesterNumber) VALUES ('1284','1284','18','4','2');
INSERT INTO disciplineDepartmentDependency (ID,disciplineID,departmentID,courseNumber,semesterNumber) VALUES ('1285','1285','18','5','1');
INSERT INTO disciplineDepartmentDependency (ID,disciplineID,departmentID,courseNumber,semesterNumber) VALUES ('1286','1286','18','6','2');
INSERT INTO disciplineDepartmentDependency (ID,disciplineID,departmentID,courseNumber,semesterNumber) VALUES ('1287','1287','18','1','1');
INSERT INTO disciplineDepartmentDependency (ID,disciplineID,departmentID,courseNumber,semesterNumber) VALUES ('1288','1288','18','2','2');
INSERT INTO disciplineDepartmentDependency (ID,disciplineID,departmentID,courseNumber,semesterNumber) VALUES ('1289','1289','18','3','1');
INSERT INTO disciplineDepartmentDependency (ID,disciplineID,departmentID,courseNumber,semesterNumber) VALUES ('1290','1290','18','4','2');
INSERT INTO disciplineDepartmentDependency (ID,disciplineID,departmentID,courseNumber,semesterNumber) VALUES ('1291','1291','18','5','1');
INSERT INTO disciplineDepartmentDependency (ID,disciplineID,departmentID,courseNumber,semesterNumber) VALUES ('1292','1292','18','6','2');
INSERT INTO disciplineDepartmentDependency (ID,disciplineID,departmentID,courseNumber,semesterNumber) VALUES ('1293','1293','18','1','1');
INSERT INTO disciplineDepartmentDependency (ID,disciplineID,departmentID,courseNumber,semesterNumber) VALUES ('1294','1294','18','2','2');
INSERT INTO disciplineDepartmentDependency (ID,disciplineID,departmentID,courseNumber,semesterNumber) VALUES ('1295','1295','18','3','1');
INSERT INTO disciplineDepartmentDependency (ID,disciplineID,departmentID,courseNumber,semesterNumber) VALUES ('1296','1296','18','4','2');
INSERT INTO disciplineDepartmentDependency (ID,disciplineID,departmentID,courseNumber,semesterNumber) VALUES ('1297','1297','18','5','1');
INSERT INTO disciplineDepartmentDependency (ID,disciplineID,departmentID,courseNumber,semesterNumber) VALUES ('1298','1298','18','6','2');
INSERT INTO disciplineDepartmentDependency (ID,disciplineID,departmentID,courseNumber,semesterNumber) VALUES ('1299','1299','18','1','1');
INSERT INTO disciplineDepartmentDependency (ID,disciplineID,departmentID,courseNumber,semesterNumber) VALUES ('1300','1300','18','2','2');
INSERT INTO disciplineDepartmentDependency (ID,disciplineID,departmentID,courseNumber,semesterNumber) VALUES ('1301','1301','18','3','1');
INSERT INTO disciplineDepartmentDependency (ID,disciplineID,departmentID,courseNumber,semesterNumber) VALUES ('1302','1302','18','4','2');
INSERT INTO disciplineDepartmentDependency (ID,disciplineID,departmentID,courseNumber,semesterNumber) VALUES ('1303','1303','18','5','1');
INSERT INTO disciplineDepartmentDependency (ID,disciplineID,departmentID,courseNumber,semesterNumber) VALUES ('1304','1304','18','6','2');
INSERT INTO disciplineDepartmentDependency (ID,disciplineID,departmentID,courseNumber,semesterNumber) VALUES ('1305','1305','18','1','1');
INSERT INTO disciplineDepartmentDependency (ID,disciplineID,departmentID,courseNumber,semesterNumber) VALUES ('1306','1306','18','2','2');
INSERT INTO disciplineDepartmentDependency (ID,disciplineID,departmentID,courseNumber,semesterNumber) VALUES ('1307','1307','18','3','1');
INSERT INTO disciplineDepartmentDependency (ID,disciplineID,departmentID,courseNumber,semesterNumber) VALUES ('1308','1308','18','4','2');
INSERT INTO disciplineDepartmentDependency (ID,disciplineID,departmentID,courseNumber,semesterNumber) VALUES ('1309','1309','18','5','1');
INSERT INTO disciplineDepartmentDependency (ID,disciplineID,departmentID,courseNumber,semesterNumber) VALUES ('1310','1310','18','6','2');
INSERT INTO disciplineDepartmentDependency (ID,disciplineID,departmentID,courseNumber,semesterNumber) VALUES ('1311','1311','18','1','1');
INSERT INTO disciplineDepartmentDependency (ID,disciplineID,departmentID,courseNumber,semesterNumber) VALUES ('1312','1312','18','2','2');
INSERT INTO disciplineDepartmentDependency (ID,disciplineID,departmentID,courseNumber,semesterNumber) VALUES ('1313','1313','18','3','1');
INSERT INTO disciplineDepartmentDependency (ID,disciplineID,departmentID,courseNumber,semesterNumber) VALUES ('1314','1314','18','4','2');
INSERT INTO loginpass (ID,login,password,access_type) VALUES ('45','BUDXSLAVPOPOVXZ@orange.net','!keMw3Zt','employee');
INSERT INTO employee (name,lastName,fathersName,personalID,sex,email,phoneNumber,dateOfBorn,address,passport,login,office,ID,departmentID) VALUES ('Будислав','ПОПОВИЧ','Лукич','6242230133','m','BUDXSLAVPOPOVXZ@orange.net','0956062221','1956-07-22','32271 Котовськ Геронимівська 15, 235','BD575888 ГУМВС 48','BUDXSLAVPOPOVXZ@orange.net','HR','43','18');
INSERT INTO loginpass (ID,login,password,access_type) VALUES ('46','BOJEMXRGONZAR@online.de','Rg0E2enP','employee');
INSERT INTO employee (name,lastName,fathersName,personalID,sex,email,phoneNumber,dateOfBorn,address,passport,login,office,ID,departmentID) VALUES ('Божемир','ГОНЧАР','Лукич','2645850620','m','BOJEMXRGONZAR@online.de','0963583464','1970-01-03','08217 Сімферополь Ільїна 72, 87','BP442641 ГУМВС 22','BOJEMXRGONZAR@online.de','HR','44','18');
INSERT INTO gtgroup (id,fullGroupName,courseNumber,departmentID) VALUES ('198','НАЕПС-10','1','18');
INSERT INTO gtgroup (id,fullGroupName,courseNumber,departmentID) VALUES ('199','НАЕПС-11','1','18');
INSERT INTO gtgroup (id,fullGroupName,courseNumber,departmentID) VALUES ('200','НАЕПС-12','1','18');
INSERT INTO gtgroup (id,fullGroupName,courseNumber,departmentID) VALUES ('201','НАЕПС-20','2','18');
INSERT INTO gtgroup (id,fullGroupName,courseNumber,departmentID) VALUES ('202','НАЕПС-21','2','18');
INSERT INTO gtgroup (id,fullGroupName,courseNumber,departmentID) VALUES ('203','НАЕПС-22','2','18');
INSERT INTO gtgroup (id,fullGroupName,courseNumber,departmentID) VALUES ('204','НАЕПС-30','3','18');
INSERT INTO gtgroup (id,fullGroupName,courseNumber,departmentID) VALUES ('205','НАЕПС-31','3','18');
INSERT INTO gtgroup (id,fullGroupName,courseNumber,departmentID) VALUES ('206','НАЕПС-32','3','18');
INSERT INTO gtgroup (id,fullGroupName,courseNumber,departmentID) VALUES ('207','НАЕПС-40','4','18');
INSERT INTO gtgroup (id,fullGroupName,courseNumber,departmentID) VALUES ('208','НАЕПС-41','4','18');
INSERT INTO gtgroup (id,fullGroupName,courseNumber,departmentID) VALUES ('209','НАЕПС-42','4','18');
INSERT INTO gtgroup (id,fullGroupName,courseNumber,departmentID) VALUES ('210','НАЕПС-50','5','18');
INSERT INTO gtgroup (id,fullGroupName,courseNumber,departmentID) VALUES ('211','НАЕПС-51','5','18');
INSERT INTO gtgroup (id,fullGroupName,courseNumber,departmentID) VALUES ('212','НАЕПС-52','5','18');
INSERT INTO gtgroup (id,fullGroupName,courseNumber,departmentID) VALUES ('213','НАЕПС-60','6','18');
INSERT INTO gtgroup (id,fullGroupName,courseNumber,departmentID) VALUES ('214','НАЕПС-61','6','18');
INSERT INTO gtgroup (id,fullGroupName,courseNumber,departmentID) VALUES ('215','НАЕПС-62','6','18');
INSERT INTO dayRequirements (id,departmentID,countOfDaysInWeek,countOfLessonsInADay) VALUES ('18','19','6','5');
INSERT INTO discipline (id,nameOfDiscipline,countOfLessons,exam) VALUES ('1315','Discipline ПСНК-0','15','no');
INSERT INTO discipline (id,nameOfDiscipline,countOfLessons,exam) VALUES ('1316','Discipline ПСНК-1','15','no');
INSERT INTO discipline (id,nameOfDiscipline,countOfLessons,exam) VALUES ('1317','Discipline ПСНК-2','15','no');
INSERT INTO discipline (id,nameOfDiscipline,countOfLessons,exam) VALUES ('1318','Discipline ПСНК-3','15','no');
INSERT INTO discipline (id,nameOfDiscipline,countOfLessons,exam) VALUES ('1319','Discipline ПСНК-4','15','no');
INSERT INTO discipline (id,nameOfDiscipline,countOfLessons,exam) VALUES ('1320','Discipline ПСНК-5','15','no');
INSERT INTO discipline (id,nameOfDiscipline,countOfLessons,exam) VALUES ('1321','Discipline ПСНК-6','15','no');
INSERT INTO discipline (id,nameOfDiscipline,countOfLessons,exam) VALUES ('1322','Discipline ПСНК-7','15','no');
INSERT INTO discipline (id,nameOfDiscipline,countOfLessons,exam) VALUES ('1323','Discipline ПСНК-8','15','no');
INSERT INTO discipline (id,nameOfDiscipline,countOfLessons,exam) VALUES ('1324','Discipline ПСНК-9','15','no');
INSERT INTO discipline (id,nameOfDiscipline,countOfLessons,exam) VALUES ('1325','Discipline ПСНК-10','15','no');
INSERT INTO discipline (id,nameOfDiscipline,countOfLessons,exam) VALUES ('1326','Discipline ПСНК-11','15','no');
INSERT INTO discipline (id,nameOfDiscipline,countOfLessons,exam) VALUES ('1327','Discipline ПСНК-12','15','no');
INSERT INTO discipline (id,nameOfDiscipline,countOfLessons,exam) VALUES ('1328','Discipline ПСНК-13','15','no');
INSERT INTO discipline (id,nameOfDiscipline,countOfLessons,exam) VALUES ('1329','Discipline ПСНК-14','15','no');
INSERT INTO discipline (id,nameOfDiscipline,countOfLessons,exam) VALUES ('1330','Discipline ПСНК-15','15','no');
INSERT INTO discipline (id,nameOfDiscipline,countOfLessons,exam) VALUES ('1331','Discipline ПСНК-16','15','no');
INSERT INTO discipline (id,nameOfDiscipline,countOfLessons,exam) VALUES ('1332','Discipline ПСНК-17','15','no');
INSERT INTO discipline (id,nameOfDiscipline,countOfLessons,exam) VALUES ('1333','Discipline ПСНК-18','15','no');
INSERT INTO discipline (id,nameOfDiscipline,countOfLessons,exam) VALUES ('1334','Discipline ПСНК-19','15','no');
INSERT INTO discipline (id,nameOfDiscipline,countOfLessons,exam) VALUES ('1335','Discipline ПСНК-20','15','no');
INSERT INTO discipline (id,nameOfDiscipline,countOfLessons,exam) VALUES ('1336','Discipline ПСНК-21','15','no');
INSERT INTO discipline (id,nameOfDiscipline,countOfLessons,exam) VALUES ('1337','Discipline ПСНК-22','15','no');
INSERT INTO discipline (id,nameOfDiscipline,countOfLessons,exam) VALUES ('1338','Discipline ПСНК-23','15','no');
INSERT INTO discipline (id,nameOfDiscipline,countOfLessons,exam) VALUES ('1339','Discipline ПСНК-24','15','no');
INSERT INTO discipline (id,nameOfDiscipline,countOfLessons,exam) VALUES ('1340','Discipline ПСНК-25','15','no');
INSERT INTO discipline (id,nameOfDiscipline,countOfLessons,exam) VALUES ('1341','Discipline ПСНК-26','15','no');
INSERT INTO discipline (id,nameOfDiscipline,countOfLessons,exam) VALUES ('1342','Discipline ПСНК-27','15','no');
INSERT INTO discipline (id,nameOfDiscipline,countOfLessons,exam) VALUES ('1343','Discipline ПСНК-28','15','no');
INSERT INTO discipline (id,nameOfDiscipline,countOfLessons,exam) VALUES ('1344','Discipline ПСНК-29','15','no');
INSERT INTO discipline (id,nameOfDiscipline,countOfLessons,exam) VALUES ('1345','Discipline ПСНК-30','15','no');
INSERT INTO discipline (id,nameOfDiscipline,countOfLessons,exam) VALUES ('1346','Discipline ПСНК-31','15','no');
INSERT INTO discipline (id,nameOfDiscipline,countOfLessons,exam) VALUES ('1347','Discipline ПСНК-32','15','no');
INSERT INTO discipline (id,nameOfDiscipline,countOfLessons,exam) VALUES ('1348','Discipline ПСНК-33','15','no');
INSERT INTO discipline (id,nameOfDiscipline,countOfLessons,exam) VALUES ('1349','Discipline ПСНК-34','15','no');
INSERT INTO discipline (id,nameOfDiscipline,countOfLessons,exam) VALUES ('1350','Discipline ПСНК-35','15','no');
INSERT INTO discipline (id,nameOfDiscipline,countOfLessons,exam) VALUES ('1351','Discipline ПСНК-36','15','no');
INSERT INTO discipline (id,nameOfDiscipline,countOfLessons,exam) VALUES ('1352','Discipline ПСНК-37','15','no');
INSERT INTO discipline (id,nameOfDiscipline,countOfLessons,exam) VALUES ('1353','Discipline ПСНК-38','15','no');
INSERT INTO discipline (id,nameOfDiscipline,countOfLessons,exam) VALUES ('1354','Discipline ПСНК-39','15','no');
INSERT INTO discipline (id,nameOfDiscipline,countOfLessons,exam) VALUES ('1355','Discipline ПСНК-40','15','no');
INSERT INTO discipline (id,nameOfDiscipline,countOfLessons,exam) VALUES ('1356','Discipline ПСНК-41','15','no');
INSERT INTO discipline (id,nameOfDiscipline,countOfLessons,exam) VALUES ('1357','Discipline ПСНК-42','15','no');
INSERT INTO discipline (id,nameOfDiscipline,countOfLessons,exam) VALUES ('1358','Discipline ПСНК-43','15','no');
INSERT INTO discipline (id,nameOfDiscipline,countOfLessons,exam) VALUES ('1359','Discipline ПСНК-44','15','no');
INSERT INTO discipline (id,nameOfDiscipline,countOfLessons,exam) VALUES ('1360','Discipline ПСНК-45','15','no');
INSERT INTO discipline (id,nameOfDiscipline,countOfLessons,exam) VALUES ('1361','Discipline ПСНК-46','15','no');
INSERT INTO discipline (id,nameOfDiscipline,countOfLessons,exam) VALUES ('1362','Discipline ПСНК-47','15','no');
INSERT INTO discipline (id,nameOfDiscipline,countOfLessons,exam) VALUES ('1363','Discipline ПСНК-48','15','no');
INSERT INTO discipline (id,nameOfDiscipline,countOfLessons,exam) VALUES ('1364','Discipline ПСНК-49','15','no');
INSERT INTO discipline (id,nameOfDiscipline,countOfLessons,exam) VALUES ('1365','Discipline ПСНК-50','15','no');
INSERT INTO discipline (id,nameOfDiscipline,countOfLessons,exam) VALUES ('1366','Discipline ПСНК-51','15','no');
INSERT INTO discipline (id,nameOfDiscipline,countOfLessons,exam) VALUES ('1367','Discipline ПСНК-52','15','no');
INSERT INTO discipline (id,nameOfDiscipline,countOfLessons,exam) VALUES ('1368','Discipline ПСНК-53','15','no');
INSERT INTO discipline (id,nameOfDiscipline,countOfLessons,exam) VALUES ('1369','Discipline ПСНК-54','15','no');
INSERT INTO discipline (id,nameOfDiscipline,countOfLessons,exam) VALUES ('1370','Discipline ПСНК-55','15','no');
INSERT INTO discipline (id,nameOfDiscipline,countOfLessons,exam) VALUES ('1371','Discipline ПСНК-56','15','no');
INSERT INTO discipline (id,nameOfDiscipline,countOfLessons,exam) VALUES ('1372','Discipline ПСНК-57','15','no');
INSERT INTO discipline (id,nameOfDiscipline,countOfLessons,exam) VALUES ('1373','Discipline ПСНК-58','15','no');
INSERT INTO discipline (id,nameOfDiscipline,countOfLessons,exam) VALUES ('1374','Discipline ПСНК-59','15','no');
INSERT INTO discipline (id,nameOfDiscipline,countOfLessons,exam) VALUES ('1375','Discipline ПСНК-60','15','no');
INSERT INTO discipline (id,nameOfDiscipline,countOfLessons,exam) VALUES ('1376','Discipline ПСНК-61','15','no');
INSERT INTO discipline (id,nameOfDiscipline,countOfLessons,exam) VALUES ('1377','Discipline ПСНК-62','15','no');
INSERT INTO discipline (id,nameOfDiscipline,countOfLessons,exam) VALUES ('1378','Discipline ПСНК-63','15','no');
INSERT INTO discipline (id,nameOfDiscipline,countOfLessons,exam) VALUES ('1379','Discipline ПСНК-64','15','no');
INSERT INTO discipline (id,nameOfDiscipline,countOfLessons,exam) VALUES ('1380','Discipline ПСНК-65','15','no');
INSERT INTO discipline (id,nameOfDiscipline,countOfLessons,exam) VALUES ('1381','Discipline ПСНК-66','15','no');
INSERT INTO discipline (id,nameOfDiscipline,countOfLessons,exam) VALUES ('1382','Discipline ПСНК-67','15','no');
INSERT INTO discipline (id,nameOfDiscipline,countOfLessons,exam) VALUES ('1383','Discipline ПСНК-68','15','no');
INSERT INTO discipline (id,nameOfDiscipline,countOfLessons,exam) VALUES ('1384','Discipline ПСНК-69','15','no');
INSERT INTO discipline (id,nameOfDiscipline,countOfLessons,exam) VALUES ('1385','Discipline ПСНК-70','15','no');
INSERT INTO discipline (id,nameOfDiscipline,countOfLessons,exam) VALUES ('1386','Discipline ПСНК-71','15','no');
INSERT INTO discipline (id,nameOfDiscipline,countOfLessons,exam) VALUES ('1387','Discipline ПСНК-72','15','no');
INSERT INTO discipline (id,nameOfDiscipline,countOfLessons,exam) VALUES ('1388','Discipline ПСНК-73','15','no');
INSERT INTO discipline (id,nameOfDiscipline,countOfLessons,exam) VALUES ('1389','Discipline ПСНК-74','15','no');
INSERT INTO discipline (id,nameOfDiscipline,countOfLessons,exam) VALUES ('1390','Discipline ПСНК-75','15','no');
INSERT INTO discipline (id,nameOfDiscipline,countOfLessons,exam) VALUES ('1391','Discipline ПСНК-76','15','no');
INSERT INTO discipline (id,nameOfDiscipline,countOfLessons,exam) VALUES ('1392','Discipline ПСНК-77','15','no');
INSERT INTO discipline (id,nameOfDiscipline,countOfLessons,exam) VALUES ('1393','Discipline ПСНК-78','15','no');
INSERT INTO discipline (id,nameOfDiscipline,countOfLessons,exam) VALUES ('1394','Discipline ПСНК-79','15','no');
INSERT INTO discipline (id,nameOfDiscipline,countOfLessons,exam) VALUES ('1395','Discipline ПСНК-80','15','no');
INSERT INTO disciplineDepartmentDependency (ID,disciplineID,departmentID,courseNumber,semesterNumber) VALUES ('1315','1315','19','1','1');
INSERT INTO disciplineDepartmentDependency (ID,disciplineID,departmentID,courseNumber,semesterNumber) VALUES ('1316','1316','19','2','2');
INSERT INTO disciplineDepartmentDependency (ID,disciplineID,departmentID,courseNumber,semesterNumber) VALUES ('1317','1317','19','3','1');
INSERT INTO disciplineDepartmentDependency (ID,disciplineID,departmentID,courseNumber,semesterNumber) VALUES ('1318','1318','19','4','2');
INSERT INTO disciplineDepartmentDependency (ID,disciplineID,departmentID,courseNumber,semesterNumber) VALUES ('1319','1319','19','5','1');
INSERT INTO disciplineDepartmentDependency (ID,disciplineID,departmentID,courseNumber,semesterNumber) VALUES ('1320','1320','19','6','2');
INSERT INTO disciplineDepartmentDependency (ID,disciplineID,departmentID,courseNumber,semesterNumber) VALUES ('1321','1321','19','1','1');
INSERT INTO disciplineDepartmentDependency (ID,disciplineID,departmentID,courseNumber,semesterNumber) VALUES ('1322','1322','19','2','2');
INSERT INTO disciplineDepartmentDependency (ID,disciplineID,departmentID,courseNumber,semesterNumber) VALUES ('1323','1323','19','3','1');
INSERT INTO disciplineDepartmentDependency (ID,disciplineID,departmentID,courseNumber,semesterNumber) VALUES ('1324','1324','19','4','2');
INSERT INTO disciplineDepartmentDependency (ID,disciplineID,departmentID,courseNumber,semesterNumber) VALUES ('1325','1325','19','5','1');
INSERT INTO disciplineDepartmentDependency (ID,disciplineID,departmentID,courseNumber,semesterNumber) VALUES ('1326','1326','19','6','2');
INSERT INTO disciplineDepartmentDependency (ID,disciplineID,departmentID,courseNumber,semesterNumber) VALUES ('1327','1327','19','1','1');
INSERT INTO disciplineDepartmentDependency (ID,disciplineID,departmentID,courseNumber,semesterNumber) VALUES ('1328','1328','19','2','2');
INSERT INTO disciplineDepartmentDependency (ID,disciplineID,departmentID,courseNumber,semesterNumber) VALUES ('1329','1329','19','3','1');
INSERT INTO disciplineDepartmentDependency (ID,disciplineID,departmentID,courseNumber,semesterNumber) VALUES ('1330','1330','19','4','2');
INSERT INTO disciplineDepartmentDependency (ID,disciplineID,departmentID,courseNumber,semesterNumber) VALUES ('1331','1331','19','5','1');
INSERT INTO disciplineDepartmentDependency (ID,disciplineID,departmentID,courseNumber,semesterNumber) VALUES ('1332','1332','19','6','2');
INSERT INTO disciplineDepartmentDependency (ID,disciplineID,departmentID,courseNumber,semesterNumber) VALUES ('1333','1333','19','1','1');
INSERT INTO disciplineDepartmentDependency (ID,disciplineID,departmentID,courseNumber,semesterNumber) VALUES ('1334','1334','19','2','2');
INSERT INTO disciplineDepartmentDependency (ID,disciplineID,departmentID,courseNumber,semesterNumber) VALUES ('1335','1335','19','3','1');
INSERT INTO disciplineDepartmentDependency (ID,disciplineID,departmentID,courseNumber,semesterNumber) VALUES ('1336','1336','19','4','2');
INSERT INTO disciplineDepartmentDependency (ID,disciplineID,departmentID,courseNumber,semesterNumber) VALUES ('1337','1337','19','5','1');
INSERT INTO disciplineDepartmentDependency (ID,disciplineID,departmentID,courseNumber,semesterNumber) VALUES ('1338','1338','19','6','2');
INSERT INTO disciplineDepartmentDependency (ID,disciplineID,departmentID,courseNumber,semesterNumber) VALUES ('1339','1339','19','1','1');
INSERT INTO disciplineDepartmentDependency (ID,disciplineID,departmentID,courseNumber,semesterNumber) VALUES ('1340','1340','19','2','2');
INSERT INTO disciplineDepartmentDependency (ID,disciplineID,departmentID,courseNumber,semesterNumber) VALUES ('1341','1341','19','3','1');
INSERT INTO disciplineDepartmentDependency (ID,disciplineID,departmentID,courseNumber,semesterNumber) VALUES ('1342','1342','19','4','2');
INSERT INTO disciplineDepartmentDependency (ID,disciplineID,departmentID,courseNumber,semesterNumber) VALUES ('1343','1343','19','5','1');
INSERT INTO disciplineDepartmentDependency (ID,disciplineID,departmentID,courseNumber,semesterNumber) VALUES ('1344','1344','19','6','2');
INSERT INTO disciplineDepartmentDependency (ID,disciplineID,departmentID,courseNumber,semesterNumber) VALUES ('1345','1345','19','1','1');
INSERT INTO disciplineDepartmentDependency (ID,disciplineID,departmentID,courseNumber,semesterNumber) VALUES ('1346','1346','19','2','2');
INSERT INTO disciplineDepartmentDependency (ID,disciplineID,departmentID,courseNumber,semesterNumber) VALUES ('1347','1347','19','3','1');
INSERT INTO disciplineDepartmentDependency (ID,disciplineID,departmentID,courseNumber,semesterNumber) VALUES ('1348','1348','19','4','2');
INSERT INTO disciplineDepartmentDependency (ID,disciplineID,departmentID,courseNumber,semesterNumber) VALUES ('1349','1349','19','5','1');
INSERT INTO disciplineDepartmentDependency (ID,disciplineID,departmentID,courseNumber,semesterNumber) VALUES ('1350','1350','19','6','2');
INSERT INTO disciplineDepartmentDependency (ID,disciplineID,departmentID,courseNumber,semesterNumber) VALUES ('1351','1351','19','1','1');
INSERT INTO disciplineDepartmentDependency (ID,disciplineID,departmentID,courseNumber,semesterNumber) VALUES ('1352','1352','19','2','2');
INSERT INTO disciplineDepartmentDependency (ID,disciplineID,departmentID,courseNumber,semesterNumber) VALUES ('1353','1353','19','3','1');
INSERT INTO disciplineDepartmentDependency (ID,disciplineID,departmentID,courseNumber,semesterNumber) VALUES ('1354','1354','19','4','2');
INSERT INTO disciplineDepartmentDependency (ID,disciplineID,departmentID,courseNumber,semesterNumber) VALUES ('1355','1355','19','5','1');
INSERT INTO disciplineDepartmentDependency (ID,disciplineID,departmentID,courseNumber,semesterNumber) VALUES ('1356','1356','19','6','2');
INSERT INTO disciplineDepartmentDependency (ID,disciplineID,departmentID,courseNumber,semesterNumber) VALUES ('1357','1357','19','1','1');
INSERT INTO disciplineDepartmentDependency (ID,disciplineID,departmentID,courseNumber,semesterNumber) VALUES ('1358','1358','19','2','2');
INSERT INTO disciplineDepartmentDependency (ID,disciplineID,departmentID,courseNumber,semesterNumber) VALUES ('1359','1359','19','3','1');
INSERT INTO disciplineDepartmentDependency (ID,disciplineID,departmentID,courseNumber,semesterNumber) VALUES ('1360','1360','19','4','2');
INSERT INTO disciplineDepartmentDependency (ID,disciplineID,departmentID,courseNumber,semesterNumber) VALUES ('1361','1361','19','5','1');
INSERT INTO disciplineDepartmentDependency (ID,disciplineID,departmentID,courseNumber,semesterNumber) VALUES ('1362','1362','19','6','2');
INSERT INTO disciplineDepartmentDependency (ID,disciplineID,departmentID,courseNumber,semesterNumber) VALUES ('1363','1363','19','1','1');
INSERT INTO disciplineDepartmentDependency (ID,disciplineID,departmentID,courseNumber,semesterNumber) VALUES ('1364','1364','19','2','2');
INSERT INTO disciplineDepartmentDependency (ID,disciplineID,departmentID,courseNumber,semesterNumber) VALUES ('1365','1365','19','3','1');
INSERT INTO disciplineDepartmentDependency (ID,disciplineID,departmentID,courseNumber,semesterNumber) VALUES ('1366','1366','19','4','2');
INSERT INTO disciplineDepartmentDependency (ID,disciplineID,departmentID,courseNumber,semesterNumber) VALUES ('1367','1367','19','5','1');
INSERT INTO disciplineDepartmentDependency (ID,disciplineID,departmentID,courseNumber,semesterNumber) VALUES ('1368','1368','19','6','2');
INSERT INTO disciplineDepartmentDependency (ID,disciplineID,departmentID,courseNumber,semesterNumber) VALUES ('1369','1369','19','1','1');
INSERT INTO disciplineDepartmentDependency (ID,disciplineID,departmentID,courseNumber,semesterNumber) VALUES ('1370','1370','19','2','2');
INSERT INTO disciplineDepartmentDependency (ID,disciplineID,departmentID,courseNumber,semesterNumber) VALUES ('1371','1371','19','3','1');
INSERT INTO disciplineDepartmentDependency (ID,disciplineID,departmentID,courseNumber,semesterNumber) VALUES ('1372','1372','19','4','2');
INSERT INTO disciplineDepartmentDependency (ID,disciplineID,departmentID,courseNumber,semesterNumber) VALUES ('1373','1373','19','5','1');
INSERT INTO disciplineDepartmentDependency (ID,disciplineID,departmentID,courseNumber,semesterNumber) VALUES ('1374','1374','19','6','2');
INSERT INTO disciplineDepartmentDependency (ID,disciplineID,departmentID,courseNumber,semesterNumber) VALUES ('1375','1375','19','1','1');
INSERT INTO disciplineDepartmentDependency (ID,disciplineID,departmentID,courseNumber,semesterNumber) VALUES ('1376','1376','19','2','2');
INSERT INTO disciplineDepartmentDependency (ID,disciplineID,departmentID,courseNumber,semesterNumber) VALUES ('1377','1377','19','3','1');
INSERT INTO disciplineDepartmentDependency (ID,disciplineID,departmentID,courseNumber,semesterNumber) VALUES ('1378','1378','19','4','2');
INSERT INTO disciplineDepartmentDependency (ID,disciplineID,departmentID,courseNumber,semesterNumber) VALUES ('1379','1379','19','5','1');
INSERT INTO disciplineDepartmentDependency (ID,disciplineID,departmentID,courseNumber,semesterNumber) VALUES ('1380','1380','19','6','2');
INSERT INTO disciplineDepartmentDependency (ID,disciplineID,departmentID,courseNumber,semesterNumber) VALUES ('1381','1381','19','1','1');
INSERT INTO disciplineDepartmentDependency (ID,disciplineID,departmentID,courseNumber,semesterNumber) VALUES ('1382','1382','19','2','2');
INSERT INTO disciplineDepartmentDependency (ID,disciplineID,departmentID,courseNumber,semesterNumber) VALUES ('1383','1383','19','3','1');
INSERT INTO disciplineDepartmentDependency (ID,disciplineID,departmentID,courseNumber,semesterNumber) VALUES ('1384','1384','19','4','2');
INSERT INTO disciplineDepartmentDependency (ID,disciplineID,departmentID,courseNumber,semesterNumber) VALUES ('1385','1385','19','5','1');
INSERT INTO disciplineDepartmentDependency (ID,disciplineID,departmentID,courseNumber,semesterNumber) VALUES ('1386','1386','19','6','2');
INSERT INTO disciplineDepartmentDependency (ID,disciplineID,departmentID,courseNumber,semesterNumber) VALUES ('1387','1387','19','1','1');
INSERT INTO disciplineDepartmentDependency (ID,disciplineID,departmentID,courseNumber,semesterNumber) VALUES ('1388','1388','19','2','2');
INSERT INTO disciplineDepartmentDependency (ID,disciplineID,departmentID,courseNumber,semesterNumber) VALUES ('1389','1389','19','3','1');
INSERT INTO disciplineDepartmentDependency (ID,disciplineID,departmentID,courseNumber,semesterNumber) VALUES ('1390','1390','19','4','2');
INSERT INTO disciplineDepartmentDependency (ID,disciplineID,departmentID,courseNumber,semesterNumber) VALUES ('1391','1391','19','5','1');
INSERT INTO disciplineDepartmentDependency (ID,disciplineID,departmentID,courseNumber,semesterNumber) VALUES ('1392','1392','19','6','2');
INSERT INTO disciplineDepartmentDependency (ID,disciplineID,departmentID,courseNumber,semesterNumber) VALUES ('1393','1393','19','1','1');
INSERT INTO disciplineDepartmentDependency (ID,disciplineID,departmentID,courseNumber,semesterNumber) VALUES ('1394','1394','19','2','2');
INSERT INTO disciplineDepartmentDependency (ID,disciplineID,departmentID,courseNumber,semesterNumber) VALUES ('1395','1395','19','3','1');
INSERT INTO loginpass (ID,login,password,access_type) VALUES ('47','BLAGOSLAVAFOP@t-online.de','psj0Ud1B','employee');
INSERT INTO employee (name,lastName,fathersName,personalID,sex,email,phoneNumber,dateOfBorn,address,passport,login,office,ID,departmentID) VALUES ('Благослава','ФОП','Миколаївна','3100441780','f','BLAGOSLAVAFOP@t-online.de','0934155876','1984-10-22','14432 Рівне 30-річчя Перемоги 9, 216','QM352114 ГУМВС 6','BLAGOSLAVAFOP@t-online.de','HR','45','19');
INSERT INTO gtgroup (id,fullGroupName,courseNumber,departmentID) VALUES ('216','ПСНК-10','1','19');
INSERT INTO gtgroup (id,fullGroupName,courseNumber,departmentID) VALUES ('217','ПСНК-11','1','19');
INSERT INTO gtgroup (id,fullGroupName,courseNumber,departmentID) VALUES ('218','ПСНК-20','2','19');
INSERT INTO gtgroup (id,fullGroupName,courseNumber,departmentID) VALUES ('219','ПСНК-21','2','19');
INSERT INTO gtgroup (id,fullGroupName,courseNumber,departmentID) VALUES ('220','ПСНК-30','3','19');
INSERT INTO gtgroup (id,fullGroupName,courseNumber,departmentID) VALUES ('221','ПСНК-31','3','19');
INSERT INTO gtgroup (id,fullGroupName,courseNumber,departmentID) VALUES ('222','ПСНК-40','4','19');
INSERT INTO gtgroup (id,fullGroupName,courseNumber,departmentID) VALUES ('223','ПСНК-41','4','19');
INSERT INTO gtgroup (id,fullGroupName,courseNumber,departmentID) VALUES ('224','ПСНК-50','5','19');
INSERT INTO gtgroup (id,fullGroupName,courseNumber,departmentID) VALUES ('225','ПСНК-51','5','19');
INSERT INTO gtgroup (id,fullGroupName,courseNumber,departmentID) VALUES ('226','ПСНК-60','6','19');
INSERT INTO gtgroup (id,fullGroupName,courseNumber,departmentID) VALUES ('227','ПСНК-61','6','19');
INSERT INTO dayRequirements (id,departmentID,countOfDaysInWeek,countOfLessonsInADay) VALUES ('19','20','6','5');
INSERT INTO discipline (id,nameOfDiscipline,countOfLessons,exam) VALUES ('1396','Discipline ПТМ-0','15','no');
INSERT INTO discipline (id,nameOfDiscipline,countOfLessons,exam) VALUES ('1397','Discipline ПТМ-1','15','no');
INSERT INTO discipline (id,nameOfDiscipline,countOfLessons,exam) VALUES ('1398','Discipline ПТМ-2','15','no');
INSERT INTO discipline (id,nameOfDiscipline,countOfLessons,exam) VALUES ('1399','Discipline ПТМ-3','15','no');
INSERT INTO discipline (id,nameOfDiscipline,countOfLessons,exam) VALUES ('1400','Discipline ПТМ-4','15','no');
INSERT INTO discipline (id,nameOfDiscipline,countOfLessons,exam) VALUES ('1401','Discipline ПТМ-5','15','no');
INSERT INTO discipline (id,nameOfDiscipline,countOfLessons,exam) VALUES ('1402','Discipline ПТМ-6','15','no');
INSERT INTO discipline (id,nameOfDiscipline,countOfLessons,exam) VALUES ('1403','Discipline ПТМ-7','15','no');
INSERT INTO discipline (id,nameOfDiscipline,countOfLessons,exam) VALUES ('1404','Discipline ПТМ-8','15','no');
INSERT INTO discipline (id,nameOfDiscipline,countOfLessons,exam) VALUES ('1405','Discipline ПТМ-9','15','no');
INSERT INTO discipline (id,nameOfDiscipline,countOfLessons,exam) VALUES ('1406','Discipline ПТМ-10','15','no');
INSERT INTO discipline (id,nameOfDiscipline,countOfLessons,exam) VALUES ('1407','Discipline ПТМ-11','15','no');
INSERT INTO discipline (id,nameOfDiscipline,countOfLessons,exam) VALUES ('1408','Discipline ПТМ-12','15','no');
INSERT INTO discipline (id,nameOfDiscipline,countOfLessons,exam) VALUES ('1409','Discipline ПТМ-13','15','no');
INSERT INTO discipline (id,nameOfDiscipline,countOfLessons,exam) VALUES ('1410','Discipline ПТМ-14','15','no');
INSERT INTO discipline (id,nameOfDiscipline,countOfLessons,exam) VALUES ('1411','Discipline ПТМ-15','15','no');
INSERT INTO discipline (id,nameOfDiscipline,countOfLessons,exam) VALUES ('1412','Discipline ПТМ-16','15','no');
INSERT INTO discipline (id,nameOfDiscipline,countOfLessons,exam) VALUES ('1413','Discipline ПТМ-17','15','no');
INSERT INTO discipline (id,nameOfDiscipline,countOfLessons,exam) VALUES ('1414','Discipline ПТМ-18','15','no');
INSERT INTO discipline (id,nameOfDiscipline,countOfLessons,exam) VALUES ('1415','Discipline ПТМ-19','15','no');
INSERT INTO discipline (id,nameOfDiscipline,countOfLessons,exam) VALUES ('1416','Discipline ПТМ-20','15','no');
INSERT INTO discipline (id,nameOfDiscipline,countOfLessons,exam) VALUES ('1417','Discipline ПТМ-21','15','no');
INSERT INTO discipline (id,nameOfDiscipline,countOfLessons,exam) VALUES ('1418','Discipline ПТМ-22','15','no');
INSERT INTO discipline (id,nameOfDiscipline,countOfLessons,exam) VALUES ('1419','Discipline ПТМ-23','15','no');
INSERT INTO discipline (id,nameOfDiscipline,countOfLessons,exam) VALUES ('1420','Discipline ПТМ-24','15','no');
INSERT INTO discipline (id,nameOfDiscipline,countOfLessons,exam) VALUES ('1421','Discipline ПТМ-25','15','no');
INSERT INTO discipline (id,nameOfDiscipline,countOfLessons,exam) VALUES ('1422','Discipline ПТМ-26','15','no');
INSERT INTO discipline (id,nameOfDiscipline,countOfLessons,exam) VALUES ('1423','Discipline ПТМ-27','15','no');
INSERT INTO discipline (id,nameOfDiscipline,countOfLessons,exam) VALUES ('1424','Discipline ПТМ-28','15','no');
INSERT INTO discipline (id,nameOfDiscipline,countOfLessons,exam) VALUES ('1425','Discipline ПТМ-29','15','no');
INSERT INTO discipline (id,nameOfDiscipline,countOfLessons,exam) VALUES ('1426','Discipline ПТМ-30','15','no');
INSERT INTO discipline (id,nameOfDiscipline,countOfLessons,exam) VALUES ('1427','Discipline ПТМ-31','15','no');
INSERT INTO discipline (id,nameOfDiscipline,countOfLessons,exam) VALUES ('1428','Discipline ПТМ-32','15','no');
INSERT INTO discipline (id,nameOfDiscipline,countOfLessons,exam) VALUES ('1429','Discipline ПТМ-33','15','no');
INSERT INTO discipline (id,nameOfDiscipline,countOfLessons,exam) VALUES ('1430','Discipline ПТМ-34','15','no');
INSERT INTO discipline (id,nameOfDiscipline,countOfLessons,exam) VALUES ('1431','Discipline ПТМ-35','15','no');
INSERT INTO discipline (id,nameOfDiscipline,countOfLessons,exam) VALUES ('1432','Discipline ПТМ-36','15','no');
INSERT INTO discipline (id,nameOfDiscipline,countOfLessons,exam) VALUES ('1433','Discipline ПТМ-37','15','no');
INSERT INTO discipline (id,nameOfDiscipline,countOfLessons,exam) VALUES ('1434','Discipline ПТМ-38','15','no');
INSERT INTO discipline (id,nameOfDiscipline,countOfLessons,exam) VALUES ('1435','Discipline ПТМ-39','15','no');
INSERT INTO discipline (id,nameOfDiscipline,countOfLessons,exam) VALUES ('1436','Discipline ПТМ-40','15','no');
INSERT INTO discipline (id,nameOfDiscipline,countOfLessons,exam) VALUES ('1437','Discipline ПТМ-41','15','no');
INSERT INTO discipline (id,nameOfDiscipline,countOfLessons,exam) VALUES ('1438','Discipline ПТМ-42','15','no');
INSERT INTO discipline (id,nameOfDiscipline,countOfLessons,exam) VALUES ('1439','Discipline ПТМ-43','15','no');
INSERT INTO discipline (id,nameOfDiscipline,countOfLessons,exam) VALUES ('1440','Discipline ПТМ-44','15','no');
INSERT INTO discipline (id,nameOfDiscipline,countOfLessons,exam) VALUES ('1441','Discipline ПТМ-45','15','no');
INSERT INTO discipline (id,nameOfDiscipline,countOfLessons,exam) VALUES ('1442','Discipline ПТМ-46','15','no');
INSERT INTO discipline (id,nameOfDiscipline,countOfLessons,exam) VALUES ('1443','Discipline ПТМ-47','15','no');
INSERT INTO discipline (id,nameOfDiscipline,countOfLessons,exam) VALUES ('1444','Discipline ПТМ-48','15','no');
INSERT INTO discipline (id,nameOfDiscipline,countOfLessons,exam) VALUES ('1445','Discipline ПТМ-49','15','no');
INSERT INTO discipline (id,nameOfDiscipline,countOfLessons,exam) VALUES ('1446','Discipline ПТМ-50','15','no');
INSERT INTO discipline (id,nameOfDiscipline,countOfLessons,exam) VALUES ('1447','Discipline ПТМ-51','15','no');
INSERT INTO discipline (id,nameOfDiscipline,countOfLessons,exam) VALUES ('1448','Discipline ПТМ-52','15','no');
INSERT INTO discipline (id,nameOfDiscipline,countOfLessons,exam) VALUES ('1449','Discipline ПТМ-53','15','no');
INSERT INTO discipline (id,nameOfDiscipline,countOfLessons,exam) VALUES ('1450','Discipline ПТМ-54','15','no');
INSERT INTO discipline (id,nameOfDiscipline,countOfLessons,exam) VALUES ('1451','Discipline ПТМ-55','15','no');
INSERT INTO discipline (id,nameOfDiscipline,countOfLessons,exam) VALUES ('1452','Discipline ПТМ-56','15','no');
INSERT INTO discipline (id,nameOfDiscipline,countOfLessons,exam) VALUES ('1453','Discipline ПТМ-57','15','no');
INSERT INTO discipline (id,nameOfDiscipline,countOfLessons,exam) VALUES ('1454','Discipline ПТМ-58','15','no');
INSERT INTO discipline (id,nameOfDiscipline,countOfLessons,exam) VALUES ('1455','Discipline ПТМ-59','15','no');
INSERT INTO discipline (id,nameOfDiscipline,countOfLessons,exam) VALUES ('1456','Discipline ПТМ-60','15','no');
INSERT INTO discipline (id,nameOfDiscipline,countOfLessons,exam) VALUES ('1457','Discipline ПТМ-61','15','no');
INSERT INTO discipline (id,nameOfDiscipline,countOfLessons,exam) VALUES ('1458','Discipline ПТМ-62','15','no');
INSERT INTO discipline (id,nameOfDiscipline,countOfLessons,exam) VALUES ('1459','Discipline ПТМ-63','15','no');
INSERT INTO discipline (id,nameOfDiscipline,countOfLessons,exam) VALUES ('1460','Discipline ПТМ-64','15','no');
INSERT INTO discipline (id,nameOfDiscipline,countOfLessons,exam) VALUES ('1461','Discipline ПТМ-65','15','no');
INSERT INTO discipline (id,nameOfDiscipline,countOfLessons,exam) VALUES ('1462','Discipline ПТМ-66','15','no');
INSERT INTO discipline (id,nameOfDiscipline,countOfLessons,exam) VALUES ('1463','Discipline ПТМ-67','15','no');
INSERT INTO discipline (id,nameOfDiscipline,countOfLessons,exam) VALUES ('1464','Discipline ПТМ-68','15','no');
INSERT INTO discipline (id,nameOfDiscipline,countOfLessons,exam) VALUES ('1465','Discipline ПТМ-69','15','no');
INSERT INTO discipline (id,nameOfDiscipline,countOfLessons,exam) VALUES ('1466','Discipline ПТМ-70','15','no');
INSERT INTO discipline (id,nameOfDiscipline,countOfLessons,exam) VALUES ('1467','Discipline ПТМ-71','15','no');
INSERT INTO discipline (id,nameOfDiscipline,countOfLessons,exam) VALUES ('1468','Discipline ПТМ-72','15','no');
INSERT INTO disciplineDepartmentDependency (ID,disciplineID,departmentID,courseNumber,semesterNumber) VALUES ('1396','1396','20','1','1');
INSERT INTO disciplineDepartmentDependency (ID,disciplineID,departmentID,courseNumber,semesterNumber) VALUES ('1397','1397','20','2','2');
INSERT INTO disciplineDepartmentDependency (ID,disciplineID,departmentID,courseNumber,semesterNumber) VALUES ('1398','1398','20','3','1');
INSERT INTO disciplineDepartmentDependency (ID,disciplineID,departmentID,courseNumber,semesterNumber) VALUES ('1399','1399','20','4','2');
INSERT INTO disciplineDepartmentDependency (ID,disciplineID,departmentID,courseNumber,semesterNumber) VALUES ('1400','1400','20','5','1');
INSERT INTO disciplineDepartmentDependency (ID,disciplineID,departmentID,courseNumber,semesterNumber) VALUES ('1401','1401','20','6','2');
INSERT INTO disciplineDepartmentDependency (ID,disciplineID,departmentID,courseNumber,semesterNumber) VALUES ('1402','1402','20','1','1');
INSERT INTO disciplineDepartmentDependency (ID,disciplineID,departmentID,courseNumber,semesterNumber) VALUES ('1403','1403','20','2','2');
INSERT INTO disciplineDepartmentDependency (ID,disciplineID,departmentID,courseNumber,semesterNumber) VALUES ('1404','1404','20','3','1');
INSERT INTO disciplineDepartmentDependency (ID,disciplineID,departmentID,courseNumber,semesterNumber) VALUES ('1405','1405','20','4','2');
INSERT INTO disciplineDepartmentDependency (ID,disciplineID,departmentID,courseNumber,semesterNumber) VALUES ('1406','1406','20','5','1');
INSERT INTO disciplineDepartmentDependency (ID,disciplineID,departmentID,courseNumber,semesterNumber) VALUES ('1407','1407','20','6','2');
INSERT INTO disciplineDepartmentDependency (ID,disciplineID,departmentID,courseNumber,semesterNumber) VALUES ('1408','1408','20','1','1');
INSERT INTO disciplineDepartmentDependency (ID,disciplineID,departmentID,courseNumber,semesterNumber) VALUES ('1409','1409','20','2','2');
INSERT INTO disciplineDepartmentDependency (ID,disciplineID,departmentID,courseNumber,semesterNumber) VALUES ('1410','1410','20','3','1');
INSERT INTO disciplineDepartmentDependency (ID,disciplineID,departmentID,courseNumber,semesterNumber) VALUES ('1411','1411','20','4','2');
INSERT INTO disciplineDepartmentDependency (ID,disciplineID,departmentID,courseNumber,semesterNumber) VALUES ('1412','1412','20','5','1');
INSERT INTO disciplineDepartmentDependency (ID,disciplineID,departmentID,courseNumber,semesterNumber) VALUES ('1413','1413','20','6','2');
INSERT INTO disciplineDepartmentDependency (ID,disciplineID,departmentID,courseNumber,semesterNumber) VALUES ('1414','1414','20','1','1');
INSERT INTO disciplineDepartmentDependency (ID,disciplineID,departmentID,courseNumber,semesterNumber) VALUES ('1415','1415','20','2','2');
INSERT INTO disciplineDepartmentDependency (ID,disciplineID,departmentID,courseNumber,semesterNumber) VALUES ('1416','1416','20','3','1');
INSERT INTO disciplineDepartmentDependency (ID,disciplineID,departmentID,courseNumber,semesterNumber) VALUES ('1417','1417','20','4','2');
INSERT INTO disciplineDepartmentDependency (ID,disciplineID,departmentID,courseNumber,semesterNumber) VALUES ('1418','1418','20','5','1');
INSERT INTO disciplineDepartmentDependency (ID,disciplineID,departmentID,courseNumber,semesterNumber) VALUES ('1419','1419','20','6','2');
INSERT INTO disciplineDepartmentDependency (ID,disciplineID,departmentID,courseNumber,semesterNumber) VALUES ('1420','1420','20','1','1');
INSERT INTO disciplineDepartmentDependency (ID,disciplineID,departmentID,courseNumber,semesterNumber) VALUES ('1421','1421','20','2','2');
INSERT INTO disciplineDepartmentDependency (ID,disciplineID,departmentID,courseNumber,semesterNumber) VALUES ('1422','1422','20','3','1');
INSERT INTO disciplineDepartmentDependency (ID,disciplineID,departmentID,courseNumber,semesterNumber) VALUES ('1423','1423','20','4','2');
INSERT INTO disciplineDepartmentDependency (ID,disciplineID,departmentID,courseNumber,semesterNumber) VALUES ('1424','1424','20','5','1');
INSERT INTO disciplineDepartmentDependency (ID,disciplineID,departmentID,courseNumber,semesterNumber) VALUES ('1425','1425','20','6','2');
INSERT INTO disciplineDepartmentDependency (ID,disciplineID,departmentID,courseNumber,semesterNumber) VALUES ('1426','1426','20','1','1');
INSERT INTO disciplineDepartmentDependency (ID,disciplineID,departmentID,courseNumber,semesterNumber) VALUES ('1427','1427','20','2','2');
INSERT INTO disciplineDepartmentDependency (ID,disciplineID,departmentID,courseNumber,semesterNumber) VALUES ('1428','1428','20','3','1');
INSERT INTO disciplineDepartmentDependency (ID,disciplineID,departmentID,courseNumber,semesterNumber) VALUES ('1429','1429','20','4','2');
INSERT INTO disciplineDepartmentDependency (ID,disciplineID,departmentID,courseNumber,semesterNumber) VALUES ('1430','1430','20','5','1');
INSERT INTO disciplineDepartmentDependency (ID,disciplineID,departmentID,courseNumber,semesterNumber) VALUES ('1431','1431','20','6','2');
INSERT INTO disciplineDepartmentDependency (ID,disciplineID,departmentID,courseNumber,semesterNumber) VALUES ('1432','1432','20','1','1');
INSERT INTO disciplineDepartmentDependency (ID,disciplineID,departmentID,courseNumber,semesterNumber) VALUES ('1433','1433','20','2','2');
INSERT INTO disciplineDepartmentDependency (ID,disciplineID,departmentID,courseNumber,semesterNumber) VALUES ('1434','1434','20','3','1');
INSERT INTO disciplineDepartmentDependency (ID,disciplineID,departmentID,courseNumber,semesterNumber) VALUES ('1435','1435','20','4','2');
INSERT INTO disciplineDepartmentDependency (ID,disciplineID,departmentID,courseNumber,semesterNumber) VALUES ('1436','1436','20','5','1');
INSERT INTO disciplineDepartmentDependency (ID,disciplineID,departmentID,courseNumber,semesterNumber) VALUES ('1437','1437','20','6','2');
INSERT INTO disciplineDepartmentDependency (ID,disciplineID,departmentID,courseNumber,semesterNumber) VALUES ('1438','1438','20','1','1');
INSERT INTO disciplineDepartmentDependency (ID,disciplineID,departmentID,courseNumber,semesterNumber) VALUES ('1439','1439','20','2','2');
INSERT INTO disciplineDepartmentDependency (ID,disciplineID,departmentID,courseNumber,semesterNumber) VALUES ('1440','1440','20','3','1');
INSERT INTO disciplineDepartmentDependency (ID,disciplineID,departmentID,courseNumber,semesterNumber) VALUES ('1441','1441','20','4','2');
INSERT INTO disciplineDepartmentDependency (ID,disciplineID,departmentID,courseNumber,semesterNumber) VALUES ('1442','1442','20','5','1');
INSERT INTO disciplineDepartmentDependency (ID,disciplineID,departmentID,courseNumber,semesterNumber) VALUES ('1443','1443','20','6','2');
INSERT INTO disciplineDepartmentDependency (ID,disciplineID,departmentID,courseNumber,semesterNumber) VALUES ('1444','1444','20','1','1');
INSERT INTO disciplineDepartmentDependency (ID,disciplineID,departmentID,courseNumber,semesterNumber) VALUES ('1445','1445','20','2','2');
INSERT INTO disciplineDepartmentDependency (ID,disciplineID,departmentID,courseNumber,semesterNumber) VALUES ('1446','1446','20','3','1');
INSERT INTO disciplineDepartmentDependency (ID,disciplineID,departmentID,courseNumber,semesterNumber) VALUES ('1447','1447','20','4','2');
INSERT INTO disciplineDepartmentDependency (ID,disciplineID,departmentID,courseNumber,semesterNumber) VALUES ('1448','1448','20','5','1');
INSERT INTO disciplineDepartmentDependency (ID,disciplineID,departmentID,courseNumber,semesterNumber) VALUES ('1449','1449','20','6','2');
INSERT INTO disciplineDepartmentDependency (ID,disciplineID,departmentID,courseNumber,semesterNumber) VALUES ('1450','1450','20','1','1');
INSERT INTO disciplineDepartmentDependency (ID,disciplineID,departmentID,courseNumber,semesterNumber) VALUES ('1451','1451','20','2','2');
INSERT INTO disciplineDepartmentDependency (ID,disciplineID,departmentID,courseNumber,semesterNumber) VALUES ('1452','1452','20','3','1');
INSERT INTO disciplineDepartmentDependency (ID,disciplineID,departmentID,courseNumber,semesterNumber) VALUES ('1453','1453','20','4','2');
INSERT INTO disciplineDepartmentDependency (ID,disciplineID,departmentID,courseNumber,semesterNumber) VALUES ('1454','1454','20','5','1');
INSERT INTO disciplineDepartmentDependency (ID,disciplineID,departmentID,courseNumber,semesterNumber) VALUES ('1455','1455','20','6','2');
INSERT INTO disciplineDepartmentDependency (ID,disciplineID,departmentID,courseNumber,semesterNumber) VALUES ('1456','1456','20','1','1');
INSERT INTO disciplineDepartmentDependency (ID,disciplineID,departmentID,courseNumber,semesterNumber) VALUES ('1457','1457','20','2','2');
INSERT INTO disciplineDepartmentDependency (ID,disciplineID,departmentID,courseNumber,semesterNumber) VALUES ('1458','1458','20','3','1');
INSERT INTO disciplineDepartmentDependency (ID,disciplineID,departmentID,courseNumber,semesterNumber) VALUES ('1459','1459','20','4','2');
INSERT INTO disciplineDepartmentDependency (ID,disciplineID,departmentID,courseNumber,semesterNumber) VALUES ('1460','1460','20','5','1');
INSERT INTO disciplineDepartmentDependency (ID,disciplineID,departmentID,courseNumber,semesterNumber) VALUES ('1461','1461','20','6','2');
INSERT INTO disciplineDepartmentDependency (ID,disciplineID,departmentID,courseNumber,semesterNumber) VALUES ('1462','1462','20','1','1');
INSERT INTO disciplineDepartmentDependency (ID,disciplineID,departmentID,courseNumber,semesterNumber) VALUES ('1463','1463','20','2','2');
INSERT INTO disciplineDepartmentDependency (ID,disciplineID,departmentID,courseNumber,semesterNumber) VALUES ('1464','1464','20','3','1');
INSERT INTO disciplineDepartmentDependency (ID,disciplineID,departmentID,courseNumber,semesterNumber) VALUES ('1465','1465','20','4','2');
INSERT INTO disciplineDepartmentDependency (ID,disciplineID,departmentID,courseNumber,semesterNumber) VALUES ('1466','1466','20','5','1');
INSERT INTO disciplineDepartmentDependency (ID,disciplineID,departmentID,courseNumber,semesterNumber) VALUES ('1467','1467','20','6','2');
INSERT INTO disciplineDepartmentDependency (ID,disciplineID,departmentID,courseNumber,semesterNumber) VALUES ('1468','1468','20','1','1');
INSERT INTO loginpass (ID,login,password,access_type) VALUES ('48','VRATANMAKSXMENKO@wanadoo.fr','p#Deq9ly','employee');
INSERT INTO employee (name,lastName,fathersName,personalID,sex,email,phoneNumber,dateOfBorn,address,passport,login,office,ID,departmentID) VALUES ('Вратан','МАКСИМЕНКО','Лукич','2605305526','m','VRATANMAKSXMENKO@wanadoo.fr','0924653211','1965-10-21','85062 Білгород-Дністровський Комунальний 8, 116','FI122117 ГУМВС 40','VRATANMAKSXMENKO@wanadoo.fr','HR','46','20');
INSERT INTO gtgroup (id,fullGroupName,courseNumber,departmentID) VALUES ('228','ПТМ-10','1','20');
INSERT INTO gtgroup (id,fullGroupName,courseNumber,departmentID) VALUES ('229','ПТМ-11','1','20');
INSERT INTO gtgroup (id,fullGroupName,courseNumber,departmentID) VALUES ('230','ПТМ-20','2','20');
INSERT INTO gtgroup (id,fullGroupName,courseNumber,departmentID) VALUES ('231','ПТМ-21','2','20');
INSERT INTO gtgroup (id,fullGroupName,courseNumber,departmentID) VALUES ('232','ПТМ-30','3','20');
INSERT INTO gtgroup (id,fullGroupName,courseNumber,departmentID) VALUES ('233','ПТМ-31','3','20');
INSERT INTO gtgroup (id,fullGroupName,courseNumber,departmentID) VALUES ('234','ПТМ-40','4','20');
INSERT INTO gtgroup (id,fullGroupName,courseNumber,departmentID) VALUES ('235','ПТМ-41','4','20');
INSERT INTO gtgroup (id,fullGroupName,courseNumber,departmentID) VALUES ('236','ПТМ-50','5','20');
INSERT INTO gtgroup (id,fullGroupName,courseNumber,departmentID) VALUES ('237','ПТМ-51','5','20');
INSERT INTO gtgroup (id,fullGroupName,courseNumber,departmentID) VALUES ('238','ПТМ-60','6','20');
INSERT INTO gtgroup (id,fullGroupName,courseNumber,departmentID) VALUES ('239','ПТМ-61','6','20');
INSERT INTO dayRequirements (id,departmentID,countOfDaysInWeek,countOfLessonsInADay) VALUES ('20','21','6','5');
INSERT INTO discipline (id,nameOfDiscipline,countOfLessons,exam) VALUES ('1469','Discipline ООЕП-0','15','no');
INSERT INTO discipline (id,nameOfDiscipline,countOfLessons,exam) VALUES ('1470','Discipline ООЕП-1','15','no');
INSERT INTO discipline (id,nameOfDiscipline,countOfLessons,exam) VALUES ('1471','Discipline ООЕП-2','15','no');
INSERT INTO discipline (id,nameOfDiscipline,countOfLessons,exam) VALUES ('1472','Discipline ООЕП-3','15','no');
INSERT INTO discipline (id,nameOfDiscipline,countOfLessons,exam) VALUES ('1473','Discipline ООЕП-4','15','no');
INSERT INTO discipline (id,nameOfDiscipline,countOfLessons,exam) VALUES ('1474','Discipline ООЕП-5','15','no');
INSERT INTO discipline (id,nameOfDiscipline,countOfLessons,exam) VALUES ('1475','Discipline ООЕП-6','15','no');
INSERT INTO discipline (id,nameOfDiscipline,countOfLessons,exam) VALUES ('1476','Discipline ООЕП-7','15','no');
INSERT INTO discipline (id,nameOfDiscipline,countOfLessons,exam) VALUES ('1477','Discipline ООЕП-8','15','no');
INSERT INTO discipline (id,nameOfDiscipline,countOfLessons,exam) VALUES ('1478','Discipline ООЕП-9','15','no');
INSERT INTO discipline (id,nameOfDiscipline,countOfLessons,exam) VALUES ('1479','Discipline ООЕП-10','15','no');
INSERT INTO discipline (id,nameOfDiscipline,countOfLessons,exam) VALUES ('1480','Discipline ООЕП-11','15','no');
INSERT INTO discipline (id,nameOfDiscipline,countOfLessons,exam) VALUES ('1481','Discipline ООЕП-12','15','no');
INSERT INTO discipline (id,nameOfDiscipline,countOfLessons,exam) VALUES ('1482','Discipline ООЕП-13','15','no');
INSERT INTO discipline (id,nameOfDiscipline,countOfLessons,exam) VALUES ('1483','Discipline ООЕП-14','15','no');
INSERT INTO discipline (id,nameOfDiscipline,countOfLessons,exam) VALUES ('1484','Discipline ООЕП-15','15','no');
INSERT INTO discipline (id,nameOfDiscipline,countOfLessons,exam) VALUES ('1485','Discipline ООЕП-16','15','no');
INSERT INTO discipline (id,nameOfDiscipline,countOfLessons,exam) VALUES ('1486','Discipline ООЕП-17','15','no');
INSERT INTO discipline (id,nameOfDiscipline,countOfLessons,exam) VALUES ('1487','Discipline ООЕП-18','15','no');
INSERT INTO discipline (id,nameOfDiscipline,countOfLessons,exam) VALUES ('1488','Discipline ООЕП-19','15','no');
INSERT INTO discipline (id,nameOfDiscipline,countOfLessons,exam) VALUES ('1489','Discipline ООЕП-20','15','no');
INSERT INTO discipline (id,nameOfDiscipline,countOfLessons,exam) VALUES ('1490','Discipline ООЕП-21','15','no');
INSERT INTO discipline (id,nameOfDiscipline,countOfLessons,exam) VALUES ('1491','Discipline ООЕП-22','15','no');
INSERT INTO discipline (id,nameOfDiscipline,countOfLessons,exam) VALUES ('1492','Discipline ООЕП-23','15','no');
INSERT INTO discipline (id,nameOfDiscipline,countOfLessons,exam) VALUES ('1493','Discipline ООЕП-24','15','no');
INSERT INTO discipline (id,nameOfDiscipline,countOfLessons,exam) VALUES ('1494','Discipline ООЕП-25','15','no');
INSERT INTO discipline (id,nameOfDiscipline,countOfLessons,exam) VALUES ('1495','Discipline ООЕП-26','15','no');
INSERT INTO discipline (id,nameOfDiscipline,countOfLessons,exam) VALUES ('1496','Discipline ООЕП-27','15','no');
INSERT INTO discipline (id,nameOfDiscipline,countOfLessons,exam) VALUES ('1497','Discipline ООЕП-28','15','no');
INSERT INTO discipline (id,nameOfDiscipline,countOfLessons,exam) VALUES ('1498','Discipline ООЕП-29','15','no');
INSERT INTO discipline (id,nameOfDiscipline,countOfLessons,exam) VALUES ('1499','Discipline ООЕП-30','15','no');
INSERT INTO discipline (id,nameOfDiscipline,countOfLessons,exam) VALUES ('1500','Discipline ООЕП-31','15','no');
INSERT INTO discipline (id,nameOfDiscipline,countOfLessons,exam) VALUES ('1501','Discipline ООЕП-32','15','no');
INSERT INTO discipline (id,nameOfDiscipline,countOfLessons,exam) VALUES ('1502','Discipline ООЕП-33','15','no');
INSERT INTO discipline (id,nameOfDiscipline,countOfLessons,exam) VALUES ('1503','Discipline ООЕП-34','15','no');
INSERT INTO discipline (id,nameOfDiscipline,countOfLessons,exam) VALUES ('1504','Discipline ООЕП-35','15','no');
INSERT INTO discipline (id,nameOfDiscipline,countOfLessons,exam) VALUES ('1505','Discipline ООЕП-36','15','no');
INSERT INTO discipline (id,nameOfDiscipline,countOfLessons,exam) VALUES ('1506','Discipline ООЕП-37','15','no');
INSERT INTO discipline (id,nameOfDiscipline,countOfLessons,exam) VALUES ('1507','Discipline ООЕП-38','15','no');
INSERT INTO discipline (id,nameOfDiscipline,countOfLessons,exam) VALUES ('1508','Discipline ООЕП-39','15','no');
INSERT INTO discipline (id,nameOfDiscipline,countOfLessons,exam) VALUES ('1509','Discipline ООЕП-40','15','no');
INSERT INTO discipline (id,nameOfDiscipline,countOfLessons,exam) VALUES ('1510','Discipline ООЕП-41','15','no');
INSERT INTO discipline (id,nameOfDiscipline,countOfLessons,exam) VALUES ('1511','Discipline ООЕП-42','15','no');
INSERT INTO discipline (id,nameOfDiscipline,countOfLessons,exam) VALUES ('1512','Discipline ООЕП-43','15','no');
INSERT INTO discipline (id,nameOfDiscipline,countOfLessons,exam) VALUES ('1513','Discipline ООЕП-44','15','no');
INSERT INTO discipline (id,nameOfDiscipline,countOfLessons,exam) VALUES ('1514','Discipline ООЕП-45','15','no');
INSERT INTO discipline (id,nameOfDiscipline,countOfLessons,exam) VALUES ('1515','Discipline ООЕП-46','15','no');
INSERT INTO discipline (id,nameOfDiscipline,countOfLessons,exam) VALUES ('1516','Discipline ООЕП-47','15','no');
INSERT INTO discipline (id,nameOfDiscipline,countOfLessons,exam) VALUES ('1517','Discipline ООЕП-48','15','no');
INSERT INTO discipline (id,nameOfDiscipline,countOfLessons,exam) VALUES ('1518','Discipline ООЕП-49','15','no');
INSERT INTO discipline (id,nameOfDiscipline,countOfLessons,exam) VALUES ('1519','Discipline ООЕП-50','15','no');
INSERT INTO discipline (id,nameOfDiscipline,countOfLessons,exam) VALUES ('1520','Discipline ООЕП-51','15','no');
INSERT INTO discipline (id,nameOfDiscipline,countOfLessons,exam) VALUES ('1521','Discipline ООЕП-52','15','no');
INSERT INTO discipline (id,nameOfDiscipline,countOfLessons,exam) VALUES ('1522','Discipline ООЕП-53','15','no');
INSERT INTO discipline (id,nameOfDiscipline,countOfLessons,exam) VALUES ('1523','Discipline ООЕП-54','15','no');
INSERT INTO discipline (id,nameOfDiscipline,countOfLessons,exam) VALUES ('1524','Discipline ООЕП-55','15','no');
INSERT INTO discipline (id,nameOfDiscipline,countOfLessons,exam) VALUES ('1525','Discipline ООЕП-56','15','no');
INSERT INTO discipline (id,nameOfDiscipline,countOfLessons,exam) VALUES ('1526','Discipline ООЕП-57','15','no');
INSERT INTO discipline (id,nameOfDiscipline,countOfLessons,exam) VALUES ('1527','Discipline ООЕП-58','15','no');
INSERT INTO discipline (id,nameOfDiscipline,countOfLessons,exam) VALUES ('1528','Discipline ООЕП-59','15','no');
INSERT INTO discipline (id,nameOfDiscipline,countOfLessons,exam) VALUES ('1529','Discipline ООЕП-60','15','no');
INSERT INTO discipline (id,nameOfDiscipline,countOfLessons,exam) VALUES ('1530','Discipline ООЕП-61','15','no');
INSERT INTO discipline (id,nameOfDiscipline,countOfLessons,exam) VALUES ('1531','Discipline ООЕП-62','15','no');
INSERT INTO discipline (id,nameOfDiscipline,countOfLessons,exam) VALUES ('1532','Discipline ООЕП-63','15','no');
INSERT INTO discipline (id,nameOfDiscipline,countOfLessons,exam) VALUES ('1533','Discipline ООЕП-64','15','no');
INSERT INTO discipline (id,nameOfDiscipline,countOfLessons,exam) VALUES ('1534','Discipline ООЕП-65','15','no');
INSERT INTO discipline (id,nameOfDiscipline,countOfLessons,exam) VALUES ('1535','Discipline ООЕП-66','15','no');
INSERT INTO discipline (id,nameOfDiscipline,countOfLessons,exam) VALUES ('1536','Discipline ООЕП-67','15','no');
INSERT INTO discipline (id,nameOfDiscipline,countOfLessons,exam) VALUES ('1537','Discipline ООЕП-68','15','no');
INSERT INTO discipline (id,nameOfDiscipline,countOfLessons,exam) VALUES ('1538','Discipline ООЕП-69','15','no');
INSERT INTO discipline (id,nameOfDiscipline,countOfLessons,exam) VALUES ('1539','Discipline ООЕП-70','15','no');
INSERT INTO discipline (id,nameOfDiscipline,countOfLessons,exam) VALUES ('1540','Discipline ООЕП-71','15','no');
INSERT INTO disciplineDepartmentDependency (ID,disciplineID,departmentID,courseNumber,semesterNumber) VALUES ('1469','1469','21','1','1');
INSERT INTO disciplineDepartmentDependency (ID,disciplineID,departmentID,courseNumber,semesterNumber) VALUES ('1470','1470','21','2','2');
INSERT INTO disciplineDepartmentDependency (ID,disciplineID,departmentID,courseNumber,semesterNumber) VALUES ('1471','1471','21','3','1');
INSERT INTO disciplineDepartmentDependency (ID,disciplineID,departmentID,courseNumber,semesterNumber) VALUES ('1472','1472','21','4','2');
INSERT INTO disciplineDepartmentDependency (ID,disciplineID,departmentID,courseNumber,semesterNumber) VALUES ('1473','1473','21','5','1');
INSERT INTO disciplineDepartmentDependency (ID,disciplineID,departmentID,courseNumber,semesterNumber) VALUES ('1474','1474','21','6','2');
INSERT INTO disciplineDepartmentDependency (ID,disciplineID,departmentID,courseNumber,semesterNumber) VALUES ('1475','1475','21','1','1');
INSERT INTO disciplineDepartmentDependency (ID,disciplineID,departmentID,courseNumber,semesterNumber) VALUES ('1476','1476','21','2','2');
INSERT INTO disciplineDepartmentDependency (ID,disciplineID,departmentID,courseNumber,semesterNumber) VALUES ('1477','1477','21','3','1');
INSERT INTO disciplineDepartmentDependency (ID,disciplineID,departmentID,courseNumber,semesterNumber) VALUES ('1478','1478','21','4','2');
INSERT INTO disciplineDepartmentDependency (ID,disciplineID,departmentID,courseNumber,semesterNumber) VALUES ('1479','1479','21','5','1');
INSERT INTO disciplineDepartmentDependency (ID,disciplineID,departmentID,courseNumber,semesterNumber) VALUES ('1480','1480','21','6','2');
INSERT INTO disciplineDepartmentDependency (ID,disciplineID,departmentID,courseNumber,semesterNumber) VALUES ('1481','1481','21','1','1');
INSERT INTO disciplineDepartmentDependency (ID,disciplineID,departmentID,courseNumber,semesterNumber) VALUES ('1482','1482','21','2','2');
INSERT INTO disciplineDepartmentDependency (ID,disciplineID,departmentID,courseNumber,semesterNumber) VALUES ('1483','1483','21','3','1');
INSERT INTO disciplineDepartmentDependency (ID,disciplineID,departmentID,courseNumber,semesterNumber) VALUES ('1484','1484','21','4','2');
INSERT INTO disciplineDepartmentDependency (ID,disciplineID,departmentID,courseNumber,semesterNumber) VALUES ('1485','1485','21','5','1');
INSERT INTO disciplineDepartmentDependency (ID,disciplineID,departmentID,courseNumber,semesterNumber) VALUES ('1486','1486','21','6','2');
INSERT INTO disciplineDepartmentDependency (ID,disciplineID,departmentID,courseNumber,semesterNumber) VALUES ('1487','1487','21','1','1');
INSERT INTO disciplineDepartmentDependency (ID,disciplineID,departmentID,courseNumber,semesterNumber) VALUES ('1488','1488','21','2','2');
INSERT INTO disciplineDepartmentDependency (ID,disciplineID,departmentID,courseNumber,semesterNumber) VALUES ('1489','1489','21','3','1');
INSERT INTO disciplineDepartmentDependency (ID,disciplineID,departmentID,courseNumber,semesterNumber) VALUES ('1490','1490','21','4','2');
INSERT INTO disciplineDepartmentDependency (ID,disciplineID,departmentID,courseNumber,semesterNumber) VALUES ('1491','1491','21','5','1');
INSERT INTO disciplineDepartmentDependency (ID,disciplineID,departmentID,courseNumber,semesterNumber) VALUES ('1492','1492','21','6','2');
INSERT INTO disciplineDepartmentDependency (ID,disciplineID,departmentID,courseNumber,semesterNumber) VALUES ('1493','1493','21','1','1');
INSERT INTO disciplineDepartmentDependency (ID,disciplineID,departmentID,courseNumber,semesterNumber) VALUES ('1494','1494','21','2','2');
INSERT INTO disciplineDepartmentDependency (ID,disciplineID,departmentID,courseNumber,semesterNumber) VALUES ('1495','1495','21','3','1');
INSERT INTO disciplineDepartmentDependency (ID,disciplineID,departmentID,courseNumber,semesterNumber) VALUES ('1496','1496','21','4','2');
INSERT INTO disciplineDepartmentDependency (ID,disciplineID,departmentID,courseNumber,semesterNumber) VALUES ('1497','1497','21','5','1');
INSERT INTO disciplineDepartmentDependency (ID,disciplineID,departmentID,courseNumber,semesterNumber) VALUES ('1498','1498','21','6','2');
INSERT INTO disciplineDepartmentDependency (ID,disciplineID,departmentID,courseNumber,semesterNumber) VALUES ('1499','1499','21','1','1');
INSERT INTO disciplineDepartmentDependency (ID,disciplineID,departmentID,courseNumber,semesterNumber) VALUES ('1500','1500','21','2','2');
INSERT INTO disciplineDepartmentDependency (ID,disciplineID,departmentID,courseNumber,semesterNumber) VALUES ('1501','1501','21','3','1');
INSERT INTO disciplineDepartmentDependency (ID,disciplineID,departmentID,courseNumber,semesterNumber) VALUES ('1502','1502','21','4','2');
INSERT INTO disciplineDepartmentDependency (ID,disciplineID,departmentID,courseNumber,semesterNumber) VALUES ('1503','1503','21','5','1');
INSERT INTO disciplineDepartmentDependency (ID,disciplineID,departmentID,courseNumber,semesterNumber) VALUES ('1504','1504','21','6','2');
INSERT INTO disciplineDepartmentDependency (ID,disciplineID,departmentID,courseNumber,semesterNumber) VALUES ('1505','1505','21','1','1');
INSERT INTO disciplineDepartmentDependency (ID,disciplineID,departmentID,courseNumber,semesterNumber) VALUES ('1506','1506','21','2','2');
INSERT INTO disciplineDepartmentDependency (ID,disciplineID,departmentID,courseNumber,semesterNumber) VALUES ('1507','1507','21','3','1');
INSERT INTO disciplineDepartmentDependency (ID,disciplineID,departmentID,courseNumber,semesterNumber) VALUES ('1508','1508','21','4','2');
INSERT INTO disciplineDepartmentDependency (ID,disciplineID,departmentID,courseNumber,semesterNumber) VALUES ('1509','1509','21','5','1');
INSERT INTO disciplineDepartmentDependency (ID,disciplineID,departmentID,courseNumber,semesterNumber) VALUES ('1510','1510','21','6','2');
INSERT INTO disciplineDepartmentDependency (ID,disciplineID,departmentID,courseNumber,semesterNumber) VALUES ('1511','1511','21','1','1');
INSERT INTO disciplineDepartmentDependency (ID,disciplineID,departmentID,courseNumber,semesterNumber) VALUES ('1512','1512','21','2','2');
INSERT INTO disciplineDepartmentDependency (ID,disciplineID,departmentID,courseNumber,semesterNumber) VALUES ('1513','1513','21','3','1');
INSERT INTO disciplineDepartmentDependency (ID,disciplineID,departmentID,courseNumber,semesterNumber) VALUES ('1514','1514','21','4','2');
INSERT INTO disciplineDepartmentDependency (ID,disciplineID,departmentID,courseNumber,semesterNumber) VALUES ('1515','1515','21','5','1');
INSERT INTO disciplineDepartmentDependency (ID,disciplineID,departmentID,courseNumber,semesterNumber) VALUES ('1516','1516','21','6','2');
INSERT INTO disciplineDepartmentDependency (ID,disciplineID,departmentID,courseNumber,semesterNumber) VALUES ('1517','1517','21','1','1');
INSERT INTO disciplineDepartmentDependency (ID,disciplineID,departmentID,courseNumber,semesterNumber) VALUES ('1518','1518','21','2','2');
INSERT INTO disciplineDepartmentDependency (ID,disciplineID,departmentID,courseNumber,semesterNumber) VALUES ('1519','1519','21','3','1');
INSERT INTO disciplineDepartmentDependency (ID,disciplineID,departmentID,courseNumber,semesterNumber) VALUES ('1520','1520','21','4','2');
INSERT INTO disciplineDepartmentDependency (ID,disciplineID,departmentID,courseNumber,semesterNumber) VALUES ('1521','1521','21','5','1');
INSERT INTO disciplineDepartmentDependency (ID,disciplineID,departmentID,courseNumber,semesterNumber) VALUES ('1522','1522','21','6','2');
INSERT INTO disciplineDepartmentDependency (ID,disciplineID,departmentID,courseNumber,semesterNumber) VALUES ('1523','1523','21','1','1');
INSERT INTO disciplineDepartmentDependency (ID,disciplineID,departmentID,courseNumber,semesterNumber) VALUES ('1524','1524','21','2','2');
INSERT INTO disciplineDepartmentDependency (ID,disciplineID,departmentID,courseNumber,semesterNumber) VALUES ('1525','1525','21','3','1');
INSERT INTO disciplineDepartmentDependency (ID,disciplineID,departmentID,courseNumber,semesterNumber) VALUES ('1526','1526','21','4','2');
INSERT INTO disciplineDepartmentDependency (ID,disciplineID,departmentID,courseNumber,semesterNumber) VALUES ('1527','1527','21','5','1');
INSERT INTO disciplineDepartmentDependency (ID,disciplineID,departmentID,courseNumber,semesterNumber) VALUES ('1528','1528','21','6','2');
INSERT INTO disciplineDepartmentDependency (ID,disciplineID,departmentID,courseNumber,semesterNumber) VALUES ('1529','1529','21','1','1');
INSERT INTO disciplineDepartmentDependency (ID,disciplineID,departmentID,courseNumber,semesterNumber) VALUES ('1530','1530','21','2','2');
INSERT INTO disciplineDepartmentDependency (ID,disciplineID,departmentID,courseNumber,semesterNumber) VALUES ('1531','1531','21','3','1');
INSERT INTO disciplineDepartmentDependency (ID,disciplineID,departmentID,courseNumber,semesterNumber) VALUES ('1532','1532','21','4','2');
INSERT INTO disciplineDepartmentDependency (ID,disciplineID,departmentID,courseNumber,semesterNumber) VALUES ('1533','1533','21','5','1');
INSERT INTO disciplineDepartmentDependency (ID,disciplineID,departmentID,courseNumber,semesterNumber) VALUES ('1534','1534','21','6','2');
INSERT INTO disciplineDepartmentDependency (ID,disciplineID,departmentID,courseNumber,semesterNumber) VALUES ('1535','1535','21','1','1');
INSERT INTO disciplineDepartmentDependency (ID,disciplineID,departmentID,courseNumber,semesterNumber) VALUES ('1536','1536','21','2','2');
INSERT INTO disciplineDepartmentDependency (ID,disciplineID,departmentID,courseNumber,semesterNumber) VALUES ('1537','1537','21','3','1');
INSERT INTO disciplineDepartmentDependency (ID,disciplineID,departmentID,courseNumber,semesterNumber) VALUES ('1538','1538','21','4','2');
INSERT INTO disciplineDepartmentDependency (ID,disciplineID,departmentID,courseNumber,semesterNumber) VALUES ('1539','1539','21','5','1');
INSERT INTO disciplineDepartmentDependency (ID,disciplineID,departmentID,courseNumber,semesterNumber) VALUES ('1540','1540','21','6','2');
INSERT INTO loginpass (ID,login,password,access_type) VALUES ('49','GORDOMXSLSTEPANENKO@live.co.uk','iuyLiXSp','employee');
INSERT INTO employee (name,lastName,fathersName,personalID,sex,email,phoneNumber,dateOfBorn,address,passport,login,office,ID,departmentID) VALUES ('Гордомисл','СТЕПАНЕНКО','Ілліч','6413142363','m','GORDOMXSLSTEPANENKO@live.co.uk','0638017147','1983-07-06','44703 Севастополь Зої Космодем’янської 34, 58','SQ636631 ГУМВС 30','GORDOMXSLSTEPANENKO@live.co.uk','HR','47','21');
INSERT INTO gtgroup (id,fullGroupName,courseNumber,departmentID) VALUES ('240','ООЕП-10','1','21');
INSERT INTO gtgroup (id,fullGroupName,courseNumber,departmentID) VALUES ('241','ООЕП-20','2','21');
INSERT INTO gtgroup (id,fullGroupName,courseNumber,departmentID) VALUES ('242','ООЕП-30','3','21');
INSERT INTO gtgroup (id,fullGroupName,courseNumber,departmentID) VALUES ('243','ООЕП-40','4','21');
INSERT INTO gtgroup (id,fullGroupName,courseNumber,departmentID) VALUES ('244','ООЕП-50','5','21');
INSERT INTO gtgroup (id,fullGroupName,courseNumber,departmentID) VALUES ('245','ООЕП-60','6','21');
INSERT INTO dayRequirements (id,departmentID,countOfDaysInWeek,countOfLessonsInADay) VALUES ('21','22','6','5');
INSERT INTO discipline (id,nameOfDiscipline,countOfLessons,exam) VALUES ('1541','Discipline ТОР-0','15','no');
INSERT INTO discipline (id,nameOfDiscipline,countOfLessons,exam) VALUES ('1542','Discipline ТОР-1','15','no');
INSERT INTO discipline (id,nameOfDiscipline,countOfLessons,exam) VALUES ('1543','Discipline ТОР-2','15','no');
INSERT INTO discipline (id,nameOfDiscipline,countOfLessons,exam) VALUES ('1544','Discipline ТОР-3','15','no');
INSERT INTO discipline (id,nameOfDiscipline,countOfLessons,exam) VALUES ('1545','Discipline ТОР-4','15','no');
INSERT INTO discipline (id,nameOfDiscipline,countOfLessons,exam) VALUES ('1546','Discipline ТОР-5','15','no');
INSERT INTO discipline (id,nameOfDiscipline,countOfLessons,exam) VALUES ('1547','Discipline ТОР-6','15','no');
INSERT INTO discipline (id,nameOfDiscipline,countOfLessons,exam) VALUES ('1548','Discipline ТОР-7','15','no');
INSERT INTO discipline (id,nameOfDiscipline,countOfLessons,exam) VALUES ('1549','Discipline ТОР-8','15','no');
INSERT INTO discipline (id,nameOfDiscipline,countOfLessons,exam) VALUES ('1550','Discipline ТОР-9','15','no');
INSERT INTO discipline (id,nameOfDiscipline,countOfLessons,exam) VALUES ('1551','Discipline ТОР-10','15','no');
INSERT INTO discipline (id,nameOfDiscipline,countOfLessons,exam) VALUES ('1552','Discipline ТОР-11','15','no');
INSERT INTO discipline (id,nameOfDiscipline,countOfLessons,exam) VALUES ('1553','Discipline ТОР-12','15','no');
INSERT INTO discipline (id,nameOfDiscipline,countOfLessons,exam) VALUES ('1554','Discipline ТОР-13','15','no');
INSERT INTO discipline (id,nameOfDiscipline,countOfLessons,exam) VALUES ('1555','Discipline ТОР-14','15','no');
INSERT INTO discipline (id,nameOfDiscipline,countOfLessons,exam) VALUES ('1556','Discipline ТОР-15','15','no');
INSERT INTO discipline (id,nameOfDiscipline,countOfLessons,exam) VALUES ('1557','Discipline ТОР-16','15','no');
INSERT INTO discipline (id,nameOfDiscipline,countOfLessons,exam) VALUES ('1558','Discipline ТОР-17','15','no');
INSERT INTO discipline (id,nameOfDiscipline,countOfLessons,exam) VALUES ('1559','Discipline ТОР-18','15','no');
INSERT INTO discipline (id,nameOfDiscipline,countOfLessons,exam) VALUES ('1560','Discipline ТОР-19','15','no');
INSERT INTO discipline (id,nameOfDiscipline,countOfLessons,exam) VALUES ('1561','Discipline ТОР-20','15','no');
INSERT INTO discipline (id,nameOfDiscipline,countOfLessons,exam) VALUES ('1562','Discipline ТОР-21','15','no');
INSERT INTO discipline (id,nameOfDiscipline,countOfLessons,exam) VALUES ('1563','Discipline ТОР-22','15','no');
INSERT INTO discipline (id,nameOfDiscipline,countOfLessons,exam) VALUES ('1564','Discipline ТОР-23','15','no');
INSERT INTO discipline (id,nameOfDiscipline,countOfLessons,exam) VALUES ('1565','Discipline ТОР-24','15','no');
INSERT INTO discipline (id,nameOfDiscipline,countOfLessons,exam) VALUES ('1566','Discipline ТОР-25','15','no');
INSERT INTO discipline (id,nameOfDiscipline,countOfLessons,exam) VALUES ('1567','Discipline ТОР-26','15','no');
INSERT INTO discipline (id,nameOfDiscipline,countOfLessons,exam) VALUES ('1568','Discipline ТОР-27','15','no');
INSERT INTO discipline (id,nameOfDiscipline,countOfLessons,exam) VALUES ('1569','Discipline ТОР-28','15','no');
INSERT INTO discipline (id,nameOfDiscipline,countOfLessons,exam) VALUES ('1570','Discipline ТОР-29','15','no');
INSERT INTO discipline (id,nameOfDiscipline,countOfLessons,exam) VALUES ('1571','Discipline ТОР-30','15','no');
INSERT INTO discipline (id,nameOfDiscipline,countOfLessons,exam) VALUES ('1572','Discipline ТОР-31','15','no');
INSERT INTO discipline (id,nameOfDiscipline,countOfLessons,exam) VALUES ('1573','Discipline ТОР-32','15','no');
INSERT INTO discipline (id,nameOfDiscipline,countOfLessons,exam) VALUES ('1574','Discipline ТОР-33','15','no');
INSERT INTO discipline (id,nameOfDiscipline,countOfLessons,exam) VALUES ('1575','Discipline ТОР-34','15','no');
INSERT INTO discipline (id,nameOfDiscipline,countOfLessons,exam) VALUES ('1576','Discipline ТОР-35','15','no');
INSERT INTO discipline (id,nameOfDiscipline,countOfLessons,exam) VALUES ('1577','Discipline ТОР-36','15','no');
INSERT INTO discipline (id,nameOfDiscipline,countOfLessons,exam) VALUES ('1578','Discipline ТОР-37','15','no');
INSERT INTO discipline (id,nameOfDiscipline,countOfLessons,exam) VALUES ('1579','Discipline ТОР-38','15','no');
INSERT INTO discipline (id,nameOfDiscipline,countOfLessons,exam) VALUES ('1580','Discipline ТОР-39','15','no');
INSERT INTO discipline (id,nameOfDiscipline,countOfLessons,exam) VALUES ('1581','Discipline ТОР-40','15','no');
INSERT INTO discipline (id,nameOfDiscipline,countOfLessons,exam) VALUES ('1582','Discipline ТОР-41','15','no');
INSERT INTO discipline (id,nameOfDiscipline,countOfLessons,exam) VALUES ('1583','Discipline ТОР-42','15','no');
INSERT INTO discipline (id,nameOfDiscipline,countOfLessons,exam) VALUES ('1584','Discipline ТОР-43','15','no');
INSERT INTO discipline (id,nameOfDiscipline,countOfLessons,exam) VALUES ('1585','Discipline ТОР-44','15','no');
INSERT INTO discipline (id,nameOfDiscipline,countOfLessons,exam) VALUES ('1586','Discipline ТОР-45','15','no');
INSERT INTO discipline (id,nameOfDiscipline,countOfLessons,exam) VALUES ('1587','Discipline ТОР-46','15','no');
INSERT INTO discipline (id,nameOfDiscipline,countOfLessons,exam) VALUES ('1588','Discipline ТОР-47','15','no');
INSERT INTO discipline (id,nameOfDiscipline,countOfLessons,exam) VALUES ('1589','Discipline ТОР-48','15','no');
INSERT INTO discipline (id,nameOfDiscipline,countOfLessons,exam) VALUES ('1590','Discipline ТОР-49','15','no');
INSERT INTO discipline (id,nameOfDiscipline,countOfLessons,exam) VALUES ('1591','Discipline ТОР-50','15','no');
INSERT INTO discipline (id,nameOfDiscipline,countOfLessons,exam) VALUES ('1592','Discipline ТОР-51','15','no');
INSERT INTO discipline (id,nameOfDiscipline,countOfLessons,exam) VALUES ('1593','Discipline ТОР-52','15','no');
INSERT INTO discipline (id,nameOfDiscipline,countOfLessons,exam) VALUES ('1594','Discipline ТОР-53','15','no');
INSERT INTO discipline (id,nameOfDiscipline,countOfLessons,exam) VALUES ('1595','Discipline ТОР-54','15','no');
INSERT INTO discipline (id,nameOfDiscipline,countOfLessons,exam) VALUES ('1596','Discipline ТОР-55','15','no');
INSERT INTO discipline (id,nameOfDiscipline,countOfLessons,exam) VALUES ('1597','Discipline ТОР-56','15','no');
INSERT INTO discipline (id,nameOfDiscipline,countOfLessons,exam) VALUES ('1598','Discipline ТОР-57','15','no');
INSERT INTO discipline (id,nameOfDiscipline,countOfLessons,exam) VALUES ('1599','Discipline ТОР-58','15','no');
INSERT INTO discipline (id,nameOfDiscipline,countOfLessons,exam) VALUES ('1600','Discipline ТОР-59','15','no');
INSERT INTO discipline (id,nameOfDiscipline,countOfLessons,exam) VALUES ('1601','Discipline ТОР-60','15','no');
INSERT INTO discipline (id,nameOfDiscipline,countOfLessons,exam) VALUES ('1602','Discipline ТОР-61','15','no');
INSERT INTO discipline (id,nameOfDiscipline,countOfLessons,exam) VALUES ('1603','Discipline ТОР-62','15','no');
INSERT INTO discipline (id,nameOfDiscipline,countOfLessons,exam) VALUES ('1604','Discipline ТОР-63','15','no');
INSERT INTO discipline (id,nameOfDiscipline,countOfLessons,exam) VALUES ('1605','Discipline ТОР-64','15','no');
INSERT INTO discipline (id,nameOfDiscipline,countOfLessons,exam) VALUES ('1606','Discipline ТОР-65','15','no');
INSERT INTO discipline (id,nameOfDiscipline,countOfLessons,exam) VALUES ('1607','Discipline ТОР-66','15','no');
INSERT INTO discipline (id,nameOfDiscipline,countOfLessons,exam) VALUES ('1608','Discipline ТОР-67','15','no');
INSERT INTO discipline (id,nameOfDiscipline,countOfLessons,exam) VALUES ('1609','Discipline ТОР-68','15','no');
INSERT INTO discipline (id,nameOfDiscipline,countOfLessons,exam) VALUES ('1610','Discipline ТОР-69','15','no');
INSERT INTO discipline (id,nameOfDiscipline,countOfLessons,exam) VALUES ('1611','Discipline ТОР-70','15','no');
INSERT INTO discipline (id,nameOfDiscipline,countOfLessons,exam) VALUES ('1612','Discipline ТОР-71','15','no');
INSERT INTO discipline (id,nameOfDiscipline,countOfLessons,exam) VALUES ('1613','Discipline ТОР-72','15','no');
INSERT INTO discipline (id,nameOfDiscipline,countOfLessons,exam) VALUES ('1614','Discipline ТОР-73','15','no');
INSERT INTO disciplineDepartmentDependency (ID,disciplineID,departmentID,courseNumber,semesterNumber) VALUES ('1541','1541','22','1','1');
INSERT INTO disciplineDepartmentDependency (ID,disciplineID,departmentID,courseNumber,semesterNumber) VALUES ('1542','1542','22','2','2');
INSERT INTO disciplineDepartmentDependency (ID,disciplineID,departmentID,courseNumber,semesterNumber) VALUES ('1543','1543','22','3','1');
INSERT INTO disciplineDepartmentDependency (ID,disciplineID,departmentID,courseNumber,semesterNumber) VALUES ('1544','1544','22','4','2');
INSERT INTO disciplineDepartmentDependency (ID,disciplineID,departmentID,courseNumber,semesterNumber) VALUES ('1545','1545','22','5','1');
INSERT INTO disciplineDepartmentDependency (ID,disciplineID,departmentID,courseNumber,semesterNumber) VALUES ('1546','1546','22','6','2');
INSERT INTO disciplineDepartmentDependency (ID,disciplineID,departmentID,courseNumber,semesterNumber) VALUES ('1547','1547','22','1','1');
INSERT INTO disciplineDepartmentDependency (ID,disciplineID,departmentID,courseNumber,semesterNumber) VALUES ('1548','1548','22','2','2');
INSERT INTO disciplineDepartmentDependency (ID,disciplineID,departmentID,courseNumber,semesterNumber) VALUES ('1549','1549','22','3','1');
INSERT INTO disciplineDepartmentDependency (ID,disciplineID,departmentID,courseNumber,semesterNumber) VALUES ('1550','1550','22','4','2');
INSERT INTO disciplineDepartmentDependency (ID,disciplineID,departmentID,courseNumber,semesterNumber) VALUES ('1551','1551','22','5','1');
INSERT INTO disciplineDepartmentDependency (ID,disciplineID,departmentID,courseNumber,semesterNumber) VALUES ('1552','1552','22','6','2');
INSERT INTO disciplineDepartmentDependency (ID,disciplineID,departmentID,courseNumber,semesterNumber) VALUES ('1553','1553','22','1','1');
INSERT INTO disciplineDepartmentDependency (ID,disciplineID,departmentID,courseNumber,semesterNumber) VALUES ('1554','1554','22','2','2');
INSERT INTO disciplineDepartmentDependency (ID,disciplineID,departmentID,courseNumber,semesterNumber) VALUES ('1555','1555','22','3','1');
INSERT INTO disciplineDepartmentDependency (ID,disciplineID,departmentID,courseNumber,semesterNumber) VALUES ('1556','1556','22','4','2');
INSERT INTO disciplineDepartmentDependency (ID,disciplineID,departmentID,courseNumber,semesterNumber) VALUES ('1557','1557','22','5','1');
INSERT INTO disciplineDepartmentDependency (ID,disciplineID,departmentID,courseNumber,semesterNumber) VALUES ('1558','1558','22','6','2');
INSERT INTO disciplineDepartmentDependency (ID,disciplineID,departmentID,courseNumber,semesterNumber) VALUES ('1559','1559','22','1','1');
INSERT INTO disciplineDepartmentDependency (ID,disciplineID,departmentID,courseNumber,semesterNumber) VALUES ('1560','1560','22','2','2');
INSERT INTO disciplineDepartmentDependency (ID,disciplineID,departmentID,courseNumber,semesterNumber) VALUES ('1561','1561','22','3','1');
INSERT INTO disciplineDepartmentDependency (ID,disciplineID,departmentID,courseNumber,semesterNumber) VALUES ('1562','1562','22','4','2');
INSERT INTO disciplineDepartmentDependency (ID,disciplineID,departmentID,courseNumber,semesterNumber) VALUES ('1563','1563','22','5','1');
INSERT INTO disciplineDepartmentDependency (ID,disciplineID,departmentID,courseNumber,semesterNumber) VALUES ('1564','1564','22','6','2');
INSERT INTO disciplineDepartmentDependency (ID,disciplineID,departmentID,courseNumber,semesterNumber) VALUES ('1565','1565','22','1','1');
INSERT INTO disciplineDepartmentDependency (ID,disciplineID,departmentID,courseNumber,semesterNumber) VALUES ('1566','1566','22','2','2');
INSERT INTO disciplineDepartmentDependency (ID,disciplineID,departmentID,courseNumber,semesterNumber) VALUES ('1567','1567','22','3','1');
INSERT INTO disciplineDepartmentDependency (ID,disciplineID,departmentID,courseNumber,semesterNumber) VALUES ('1568','1568','22','4','2');
INSERT INTO disciplineDepartmentDependency (ID,disciplineID,departmentID,courseNumber,semesterNumber) VALUES ('1569','1569','22','5','1');
INSERT INTO disciplineDepartmentDependency (ID,disciplineID,departmentID,courseNumber,semesterNumber) VALUES ('1570','1570','22','6','2');
INSERT INTO disciplineDepartmentDependency (ID,disciplineID,departmentID,courseNumber,semesterNumber) VALUES ('1571','1571','22','1','1');
INSERT INTO disciplineDepartmentDependency (ID,disciplineID,departmentID,courseNumber,semesterNumber) VALUES ('1572','1572','22','2','2');
INSERT INTO disciplineDepartmentDependency (ID,disciplineID,departmentID,courseNumber,semesterNumber) VALUES ('1573','1573','22','3','1');
INSERT INTO disciplineDepartmentDependency (ID,disciplineID,departmentID,courseNumber,semesterNumber) VALUES ('1574','1574','22','4','2');
INSERT INTO disciplineDepartmentDependency (ID,disciplineID,departmentID,courseNumber,semesterNumber) VALUES ('1575','1575','22','5','1');
INSERT INTO disciplineDepartmentDependency (ID,disciplineID,departmentID,courseNumber,semesterNumber) VALUES ('1576','1576','22','6','2');
INSERT INTO disciplineDepartmentDependency (ID,disciplineID,departmentID,courseNumber,semesterNumber) VALUES ('1577','1577','22','1','1');
INSERT INTO disciplineDepartmentDependency (ID,disciplineID,departmentID,courseNumber,semesterNumber) VALUES ('1578','1578','22','2','2');
INSERT INTO disciplineDepartmentDependency (ID,disciplineID,departmentID,courseNumber,semesterNumber) VALUES ('1579','1579','22','3','1');
INSERT INTO disciplineDepartmentDependency (ID,disciplineID,departmentID,courseNumber,semesterNumber) VALUES ('1580','1580','22','4','2');
INSERT INTO disciplineDepartmentDependency (ID,disciplineID,departmentID,courseNumber,semesterNumber) VALUES ('1581','1581','22','5','1');
INSERT INTO disciplineDepartmentDependency (ID,disciplineID,departmentID,courseNumber,semesterNumber) VALUES ('1582','1582','22','6','2');
INSERT INTO disciplineDepartmentDependency (ID,disciplineID,departmentID,courseNumber,semesterNumber) VALUES ('1583','1583','22','1','1');
INSERT INTO disciplineDepartmentDependency (ID,disciplineID,departmentID,courseNumber,semesterNumber) VALUES ('1584','1584','22','2','2');
INSERT INTO disciplineDepartmentDependency (ID,disciplineID,departmentID,courseNumber,semesterNumber) VALUES ('1585','1585','22','3','1');
INSERT INTO disciplineDepartmentDependency (ID,disciplineID,departmentID,courseNumber,semesterNumber) VALUES ('1586','1586','22','4','2');
INSERT INTO disciplineDepartmentDependency (ID,disciplineID,departmentID,courseNumber,semesterNumber) VALUES ('1587','1587','22','5','1');
INSERT INTO disciplineDepartmentDependency (ID,disciplineID,departmentID,courseNumber,semesterNumber) VALUES ('1588','1588','22','6','2');
INSERT INTO disciplineDepartmentDependency (ID,disciplineID,departmentID,courseNumber,semesterNumber) VALUES ('1589','1589','22','1','1');
INSERT INTO disciplineDepartmentDependency (ID,disciplineID,departmentID,courseNumber,semesterNumber) VALUES ('1590','1590','22','2','2');
INSERT INTO disciplineDepartmentDependency (ID,disciplineID,departmentID,courseNumber,semesterNumber) VALUES ('1591','1591','22','3','1');
INSERT INTO disciplineDepartmentDependency (ID,disciplineID,departmentID,courseNumber,semesterNumber) VALUES ('1592','1592','22','4','2');
INSERT INTO disciplineDepartmentDependency (ID,disciplineID,departmentID,courseNumber,semesterNumber) VALUES ('1593','1593','22','5','1');
INSERT INTO disciplineDepartmentDependency (ID,disciplineID,departmentID,courseNumber,semesterNumber) VALUES ('1594','1594','22','6','2');
INSERT INTO disciplineDepartmentDependency (ID,disciplineID,departmentID,courseNumber,semesterNumber) VALUES ('1595','1595','22','1','1');
INSERT INTO disciplineDepartmentDependency (ID,disciplineID,departmentID,courseNumber,semesterNumber) VALUES ('1596','1596','22','2','2');
INSERT INTO disciplineDepartmentDependency (ID,disciplineID,departmentID,courseNumber,semesterNumber) VALUES ('1597','1597','22','3','1');
INSERT INTO disciplineDepartmentDependency (ID,disciplineID,departmentID,courseNumber,semesterNumber) VALUES ('1598','1598','22','4','2');
INSERT INTO disciplineDepartmentDependency (ID,disciplineID,departmentID,courseNumber,semesterNumber) VALUES ('1599','1599','22','5','1');
INSERT INTO disciplineDepartmentDependency (ID,disciplineID,departmentID,courseNumber,semesterNumber) VALUES ('1600','1600','22','6','2');
INSERT INTO disciplineDepartmentDependency (ID,disciplineID,departmentID,courseNumber,semesterNumber) VALUES ('1601','1601','22','1','1');
INSERT INTO disciplineDepartmentDependency (ID,disciplineID,departmentID,courseNumber,semesterNumber) VALUES ('1602','1602','22','2','2');
INSERT INTO disciplineDepartmentDependency (ID,disciplineID,departmentID,courseNumber,semesterNumber) VALUES ('1603','1603','22','3','1');
INSERT INTO disciplineDepartmentDependency (ID,disciplineID,departmentID,courseNumber,semesterNumber) VALUES ('1604','1604','22','4','2');
INSERT INTO disciplineDepartmentDependency (ID,disciplineID,departmentID,courseNumber,semesterNumber) VALUES ('1605','1605','22','5','1');
INSERT INTO disciplineDepartmentDependency (ID,disciplineID,departmentID,courseNumber,semesterNumber) VALUES ('1606','1606','22','6','2');
INSERT INTO disciplineDepartmentDependency (ID,disciplineID,departmentID,courseNumber,semesterNumber) VALUES ('1607','1607','22','1','1');
INSERT INTO disciplineDepartmentDependency (ID,disciplineID,departmentID,courseNumber,semesterNumber) VALUES ('1608','1608','22','2','2');
INSERT INTO disciplineDepartmentDependency (ID,disciplineID,departmentID,courseNumber,semesterNumber) VALUES ('1609','1609','22','3','1');
INSERT INTO disciplineDepartmentDependency (ID,disciplineID,departmentID,courseNumber,semesterNumber) VALUES ('1610','1610','22','4','2');
INSERT INTO disciplineDepartmentDependency (ID,disciplineID,departmentID,courseNumber,semesterNumber) VALUES ('1611','1611','22','5','1');
INSERT INTO disciplineDepartmentDependency (ID,disciplineID,departmentID,courseNumber,semesterNumber) VALUES ('1612','1612','22','6','2');
INSERT INTO disciplineDepartmentDependency (ID,disciplineID,departmentID,courseNumber,semesterNumber) VALUES ('1613','1613','22','1','1');
INSERT INTO disciplineDepartmentDependency (ID,disciplineID,departmentID,courseNumber,semesterNumber) VALUES ('1614','1614','22','2','2');
INSERT INTO loginpass (ID,login,password,access_type) VALUES ('50','VSEVOLODAGERASXMENKO@gmx.de','xRb!hQVs','employee');
INSERT INTO employee (name,lastName,fathersName,personalID,sex,email,phoneNumber,dateOfBorn,address,passport,login,office,ID,departmentID) VALUES ('Всеволода','ГЕРАСИМЕНКО','Григорівна','6077651031','f','VSEVOLODAGERASXMENKO@gmx.de','0946102577','1973-04-17','07803 Нова Каховка Гастелло 40, 187','KK341241 ГУМВС 6','VSEVOLODAGERASXMENKO@gmx.de','HR','48','22');
INSERT INTO loginpass (ID,login,password,access_type) VALUES ('51','VIROSLAVASOROKA@web.de','WPzfVSc0','employee');
INSERT INTO employee (name,lastName,fathersName,personalID,sex,email,phoneNumber,dateOfBorn,address,passport,login,office,ID,departmentID) VALUES ('Вірослава','СОРОКА','Луківна','1012138531','f','VIROSLAVASOROKA@web.de','0954203486','1959-08-08','68872 Котовськ Василини 21, 147','EJ658663 ГУМВС 42','VIROSLAVASOROKA@web.de','HR','49','22');
INSERT INTO loginpass (ID,login,password,access_type) VALUES ('52','DOMORADASAVZENKO@live.co.uk','QjkRpU4m','employee');
INSERT INTO employee (name,lastName,fathersName,personalID,sex,email,phoneNumber,dateOfBorn,address,passport,login,office,ID,departmentID) VALUES ('Доморада','САВЧЕНКО','Луківна','5345148760','f','DOMORADASAVZENKO@live.co.uk','0955856656','1993-05-26','84687 Дніпродзержинськ 14-го Грудня 61, 164','DH635645 ГУМВС 6','DOMORADASAVZENKO@live.co.uk','HR','50','22');
INSERT INTO gtgroup (id,fullGroupName,courseNumber,departmentID) VALUES ('246','ТОР-10','1','22');
INSERT INTO gtgroup (id,fullGroupName,courseNumber,departmentID) VALUES ('247','ТОР-20','2','22');
INSERT INTO gtgroup (id,fullGroupName,courseNumber,departmentID) VALUES ('248','ТОР-30','3','22');
INSERT INTO gtgroup (id,fullGroupName,courseNumber,departmentID) VALUES ('249','ТОР-40','4','22');
INSERT INTO gtgroup (id,fullGroupName,courseNumber,departmentID) VALUES ('250','ТОР-50','5','22');
INSERT INTO gtgroup (id,fullGroupName,courseNumber,departmentID) VALUES ('251','ТОР-60','6','22');
INSERT INTO dayRequirements (id,departmentID,countOfDaysInWeek,countOfLessonsInADay) VALUES ('22','23','6','5');
INSERT INTO discipline (id,nameOfDiscipline,countOfLessons,exam) VALUES ('1615','Discipline РОС-0','15','no');
INSERT INTO discipline (id,nameOfDiscipline,countOfLessons,exam) VALUES ('1616','Discipline РОС-1','15','no');
INSERT INTO discipline (id,nameOfDiscipline,countOfLessons,exam) VALUES ('1617','Discipline РОС-2','15','no');
INSERT INTO discipline (id,nameOfDiscipline,countOfLessons,exam) VALUES ('1618','Discipline РОС-3','15','no');
INSERT INTO discipline (id,nameOfDiscipline,countOfLessons,exam) VALUES ('1619','Discipline РОС-4','15','no');
INSERT INTO discipline (id,nameOfDiscipline,countOfLessons,exam) VALUES ('1620','Discipline РОС-5','15','no');
INSERT INTO discipline (id,nameOfDiscipline,countOfLessons,exam) VALUES ('1621','Discipline РОС-6','15','no');
INSERT INTO discipline (id,nameOfDiscipline,countOfLessons,exam) VALUES ('1622','Discipline РОС-7','15','no');
INSERT INTO discipline (id,nameOfDiscipline,countOfLessons,exam) VALUES ('1623','Discipline РОС-8','15','no');
INSERT INTO discipline (id,nameOfDiscipline,countOfLessons,exam) VALUES ('1624','Discipline РОС-9','15','no');
INSERT INTO discipline (id,nameOfDiscipline,countOfLessons,exam) VALUES ('1625','Discipline РОС-10','15','no');
INSERT INTO discipline (id,nameOfDiscipline,countOfLessons,exam) VALUES ('1626','Discipline РОС-11','15','no');
INSERT INTO discipline (id,nameOfDiscipline,countOfLessons,exam) VALUES ('1627','Discipline РОС-12','15','no');
INSERT INTO discipline (id,nameOfDiscipline,countOfLessons,exam) VALUES ('1628','Discipline РОС-13','15','no');
INSERT INTO discipline (id,nameOfDiscipline,countOfLessons,exam) VALUES ('1629','Discipline РОС-14','15','no');
INSERT INTO discipline (id,nameOfDiscipline,countOfLessons,exam) VALUES ('1630','Discipline РОС-15','15','no');
INSERT INTO discipline (id,nameOfDiscipline,countOfLessons,exam) VALUES ('1631','Discipline РОС-16','15','no');
INSERT INTO discipline (id,nameOfDiscipline,countOfLessons,exam) VALUES ('1632','Discipline РОС-17','15','no');
INSERT INTO discipline (id,nameOfDiscipline,countOfLessons,exam) VALUES ('1633','Discipline РОС-18','15','no');
INSERT INTO discipline (id,nameOfDiscipline,countOfLessons,exam) VALUES ('1634','Discipline РОС-19','15','no');
INSERT INTO discipline (id,nameOfDiscipline,countOfLessons,exam) VALUES ('1635','Discipline РОС-20','15','no');
INSERT INTO discipline (id,nameOfDiscipline,countOfLessons,exam) VALUES ('1636','Discipline РОС-21','15','no');
INSERT INTO discipline (id,nameOfDiscipline,countOfLessons,exam) VALUES ('1637','Discipline РОС-22','15','no');
INSERT INTO discipline (id,nameOfDiscipline,countOfLessons,exam) VALUES ('1638','Discipline РОС-23','15','no');
INSERT INTO discipline (id,nameOfDiscipline,countOfLessons,exam) VALUES ('1639','Discipline РОС-24','15','no');
INSERT INTO discipline (id,nameOfDiscipline,countOfLessons,exam) VALUES ('1640','Discipline РОС-25','15','no');
INSERT INTO discipline (id,nameOfDiscipline,countOfLessons,exam) VALUES ('1641','Discipline РОС-26','15','no');
INSERT INTO discipline (id,nameOfDiscipline,countOfLessons,exam) VALUES ('1642','Discipline РОС-27','15','no');
INSERT INTO discipline (id,nameOfDiscipline,countOfLessons,exam) VALUES ('1643','Discipline РОС-28','15','no');
INSERT INTO discipline (id,nameOfDiscipline,countOfLessons,exam) VALUES ('1644','Discipline РОС-29','15','no');
INSERT INTO discipline (id,nameOfDiscipline,countOfLessons,exam) VALUES ('1645','Discipline РОС-30','15','no');
INSERT INTO discipline (id,nameOfDiscipline,countOfLessons,exam) VALUES ('1646','Discipline РОС-31','15','no');
INSERT INTO discipline (id,nameOfDiscipline,countOfLessons,exam) VALUES ('1647','Discipline РОС-32','15','no');
INSERT INTO discipline (id,nameOfDiscipline,countOfLessons,exam) VALUES ('1648','Discipline РОС-33','15','no');
INSERT INTO discipline (id,nameOfDiscipline,countOfLessons,exam) VALUES ('1649','Discipline РОС-34','15','no');
INSERT INTO discipline (id,nameOfDiscipline,countOfLessons,exam) VALUES ('1650','Discipline РОС-35','15','no');
INSERT INTO discipline (id,nameOfDiscipline,countOfLessons,exam) VALUES ('1651','Discipline РОС-36','15','no');
INSERT INTO discipline (id,nameOfDiscipline,countOfLessons,exam) VALUES ('1652','Discipline РОС-37','15','no');
INSERT INTO discipline (id,nameOfDiscipline,countOfLessons,exam) VALUES ('1653','Discipline РОС-38','15','no');
INSERT INTO discipline (id,nameOfDiscipline,countOfLessons,exam) VALUES ('1654','Discipline РОС-39','15','no');
INSERT INTO discipline (id,nameOfDiscipline,countOfLessons,exam) VALUES ('1655','Discipline РОС-40','15','no');
INSERT INTO discipline (id,nameOfDiscipline,countOfLessons,exam) VALUES ('1656','Discipline РОС-41','15','no');
INSERT INTO discipline (id,nameOfDiscipline,countOfLessons,exam) VALUES ('1657','Discipline РОС-42','15','no');
INSERT INTO discipline (id,nameOfDiscipline,countOfLessons,exam) VALUES ('1658','Discipline РОС-43','15','no');
INSERT INTO discipline (id,nameOfDiscipline,countOfLessons,exam) VALUES ('1659','Discipline РОС-44','15','no');
INSERT INTO discipline (id,nameOfDiscipline,countOfLessons,exam) VALUES ('1660','Discipline РОС-45','15','no');
INSERT INTO discipline (id,nameOfDiscipline,countOfLessons,exam) VALUES ('1661','Discipline РОС-46','15','no');
INSERT INTO discipline (id,nameOfDiscipline,countOfLessons,exam) VALUES ('1662','Discipline РОС-47','15','no');
INSERT INTO discipline (id,nameOfDiscipline,countOfLessons,exam) VALUES ('1663','Discipline РОС-48','15','no');
INSERT INTO discipline (id,nameOfDiscipline,countOfLessons,exam) VALUES ('1664','Discipline РОС-49','15','no');
INSERT INTO discipline (id,nameOfDiscipline,countOfLessons,exam) VALUES ('1665','Discipline РОС-50','15','no');
INSERT INTO discipline (id,nameOfDiscipline,countOfLessons,exam) VALUES ('1666','Discipline РОС-51','15','no');
INSERT INTO discipline (id,nameOfDiscipline,countOfLessons,exam) VALUES ('1667','Discipline РОС-52','15','no');
INSERT INTO discipline (id,nameOfDiscipline,countOfLessons,exam) VALUES ('1668','Discipline РОС-53','15','no');
INSERT INTO discipline (id,nameOfDiscipline,countOfLessons,exam) VALUES ('1669','Discipline РОС-54','15','no');
INSERT INTO discipline (id,nameOfDiscipline,countOfLessons,exam) VALUES ('1670','Discipline РОС-55','15','no');
INSERT INTO discipline (id,nameOfDiscipline,countOfLessons,exam) VALUES ('1671','Discipline РОС-56','15','no');
INSERT INTO discipline (id,nameOfDiscipline,countOfLessons,exam) VALUES ('1672','Discipline РОС-57','15','no');
INSERT INTO discipline (id,nameOfDiscipline,countOfLessons,exam) VALUES ('1673','Discipline РОС-58','15','no');
INSERT INTO discipline (id,nameOfDiscipline,countOfLessons,exam) VALUES ('1674','Discipline РОС-59','15','no');
INSERT INTO discipline (id,nameOfDiscipline,countOfLessons,exam) VALUES ('1675','Discipline РОС-60','15','no');
INSERT INTO discipline (id,nameOfDiscipline,countOfLessons,exam) VALUES ('1676','Discipline РОС-61','15','no');
INSERT INTO discipline (id,nameOfDiscipline,countOfLessons,exam) VALUES ('1677','Discipline РОС-62','15','no');
INSERT INTO discipline (id,nameOfDiscipline,countOfLessons,exam) VALUES ('1678','Discipline РОС-63','15','no');
INSERT INTO discipline (id,nameOfDiscipline,countOfLessons,exam) VALUES ('1679','Discipline РОС-64','15','no');
INSERT INTO discipline (id,nameOfDiscipline,countOfLessons,exam) VALUES ('1680','Discipline РОС-65','15','no');
INSERT INTO discipline (id,nameOfDiscipline,countOfLessons,exam) VALUES ('1681','Discipline РОС-66','15','no');
INSERT INTO discipline (id,nameOfDiscipline,countOfLessons,exam) VALUES ('1682','Discipline РОС-67','15','no');
INSERT INTO discipline (id,nameOfDiscipline,countOfLessons,exam) VALUES ('1683','Discipline РОС-68','15','no');
INSERT INTO discipline (id,nameOfDiscipline,countOfLessons,exam) VALUES ('1684','Discipline РОС-69','15','no');
INSERT INTO discipline (id,nameOfDiscipline,countOfLessons,exam) VALUES ('1685','Discipline РОС-70','15','no');
INSERT INTO discipline (id,nameOfDiscipline,countOfLessons,exam) VALUES ('1686','Discipline РОС-71','15','no');
INSERT INTO discipline (id,nameOfDiscipline,countOfLessons,exam) VALUES ('1687','Discipline РОС-72','15','no');
INSERT INTO discipline (id,nameOfDiscipline,countOfLessons,exam) VALUES ('1688','Discipline РОС-73','15','no');
INSERT INTO discipline (id,nameOfDiscipline,countOfLessons,exam) VALUES ('1689','Discipline РОС-74','15','no');
INSERT INTO disciplineDepartmentDependency (ID,disciplineID,departmentID,courseNumber,semesterNumber) VALUES ('1615','1615','23','1','1');
INSERT INTO disciplineDepartmentDependency (ID,disciplineID,departmentID,courseNumber,semesterNumber) VALUES ('1616','1616','23','2','2');
INSERT INTO disciplineDepartmentDependency (ID,disciplineID,departmentID,courseNumber,semesterNumber) VALUES ('1617','1617','23','3','1');
INSERT INTO disciplineDepartmentDependency (ID,disciplineID,departmentID,courseNumber,semesterNumber) VALUES ('1618','1618','23','4','2');
INSERT INTO disciplineDepartmentDependency (ID,disciplineID,departmentID,courseNumber,semesterNumber) VALUES ('1619','1619','23','5','1');
INSERT INTO disciplineDepartmentDependency (ID,disciplineID,departmentID,courseNumber,semesterNumber) VALUES ('1620','1620','23','6','2');
INSERT INTO disciplineDepartmentDependency (ID,disciplineID,departmentID,courseNumber,semesterNumber) VALUES ('1621','1621','23','1','1');
INSERT INTO disciplineDepartmentDependency (ID,disciplineID,departmentID,courseNumber,semesterNumber) VALUES ('1622','1622','23','2','2');
INSERT INTO disciplineDepartmentDependency (ID,disciplineID,departmentID,courseNumber,semesterNumber) VALUES ('1623','1623','23','3','1');
INSERT INTO disciplineDepartmentDependency (ID,disciplineID,departmentID,courseNumber,semesterNumber) VALUES ('1624','1624','23','4','2');
INSERT INTO disciplineDepartmentDependency (ID,disciplineID,departmentID,courseNumber,semesterNumber) VALUES ('1625','1625','23','5','1');
INSERT INTO disciplineDepartmentDependency (ID,disciplineID,departmentID,courseNumber,semesterNumber) VALUES ('1626','1626','23','6','2');
INSERT INTO disciplineDepartmentDependency (ID,disciplineID,departmentID,courseNumber,semesterNumber) VALUES ('1627','1627','23','1','1');
INSERT INTO disciplineDepartmentDependency (ID,disciplineID,departmentID,courseNumber,semesterNumber) VALUES ('1628','1628','23','2','2');
INSERT INTO disciplineDepartmentDependency (ID,disciplineID,departmentID,courseNumber,semesterNumber) VALUES ('1629','1629','23','3','1');
INSERT INTO disciplineDepartmentDependency (ID,disciplineID,departmentID,courseNumber,semesterNumber) VALUES ('1630','1630','23','4','2');
INSERT INTO disciplineDepartmentDependency (ID,disciplineID,departmentID,courseNumber,semesterNumber) VALUES ('1631','1631','23','5','1');
INSERT INTO disciplineDepartmentDependency (ID,disciplineID,departmentID,courseNumber,semesterNumber) VALUES ('1632','1632','23','6','2');
INSERT INTO disciplineDepartmentDependency (ID,disciplineID,departmentID,courseNumber,semesterNumber) VALUES ('1633','1633','23','1','1');
INSERT INTO disciplineDepartmentDependency (ID,disciplineID,departmentID,courseNumber,semesterNumber) VALUES ('1634','1634','23','2','2');
INSERT INTO disciplineDepartmentDependency (ID,disciplineID,departmentID,courseNumber,semesterNumber) VALUES ('1635','1635','23','3','1');
INSERT INTO disciplineDepartmentDependency (ID,disciplineID,departmentID,courseNumber,semesterNumber) VALUES ('1636','1636','23','4','2');
INSERT INTO disciplineDepartmentDependency (ID,disciplineID,departmentID,courseNumber,semesterNumber) VALUES ('1637','1637','23','5','1');
INSERT INTO disciplineDepartmentDependency (ID,disciplineID,departmentID,courseNumber,semesterNumber) VALUES ('1638','1638','23','6','2');
INSERT INTO disciplineDepartmentDependency (ID,disciplineID,departmentID,courseNumber,semesterNumber) VALUES ('1639','1639','23','1','1');
INSERT INTO disciplineDepartmentDependency (ID,disciplineID,departmentID,courseNumber,semesterNumber) VALUES ('1640','1640','23','2','2');
INSERT INTO disciplineDepartmentDependency (ID,disciplineID,departmentID,courseNumber,semesterNumber) VALUES ('1641','1641','23','3','1');
INSERT INTO disciplineDepartmentDependency (ID,disciplineID,departmentID,courseNumber,semesterNumber) VALUES ('1642','1642','23','4','2');
INSERT INTO disciplineDepartmentDependency (ID,disciplineID,departmentID,courseNumber,semesterNumber) VALUES ('1643','1643','23','5','1');
INSERT INTO disciplineDepartmentDependency (ID,disciplineID,departmentID,courseNumber,semesterNumber) VALUES ('1644','1644','23','6','2');
INSERT INTO disciplineDepartmentDependency (ID,disciplineID,departmentID,courseNumber,semesterNumber) VALUES ('1645','1645','23','1','1');
INSERT INTO disciplineDepartmentDependency (ID,disciplineID,departmentID,courseNumber,semesterNumber) VALUES ('1646','1646','23','2','2');
INSERT INTO disciplineDepartmentDependency (ID,disciplineID,departmentID,courseNumber,semesterNumber) VALUES ('1647','1647','23','3','1');
INSERT INTO disciplineDepartmentDependency (ID,disciplineID,departmentID,courseNumber,semesterNumber) VALUES ('1648','1648','23','4','2');
INSERT INTO disciplineDepartmentDependency (ID,disciplineID,departmentID,courseNumber,semesterNumber) VALUES ('1649','1649','23','5','1');
INSERT INTO disciplineDepartmentDependency (ID,disciplineID,departmentID,courseNumber,semesterNumber) VALUES ('1650','1650','23','6','2');
INSERT INTO disciplineDepartmentDependency (ID,disciplineID,departmentID,courseNumber,semesterNumber) VALUES ('1651','1651','23','1','1');
INSERT INTO disciplineDepartmentDependency (ID,disciplineID,departmentID,courseNumber,semesterNumber) VALUES ('1652','1652','23','2','2');
INSERT INTO disciplineDepartmentDependency (ID,disciplineID,departmentID,courseNumber,semesterNumber) VALUES ('1653','1653','23','3','1');
INSERT INTO disciplineDepartmentDependency (ID,disciplineID,departmentID,courseNumber,semesterNumber) VALUES ('1654','1654','23','4','2');
INSERT INTO disciplineDepartmentDependency (ID,disciplineID,departmentID,courseNumber,semesterNumber) VALUES ('1655','1655','23','5','1');
INSERT INTO disciplineDepartmentDependency (ID,disciplineID,departmentID,courseNumber,semesterNumber) VALUES ('1656','1656','23','6','2');
INSERT INTO disciplineDepartmentDependency (ID,disciplineID,departmentID,courseNumber,semesterNumber) VALUES ('1657','1657','23','1','1');
INSERT INTO disciplineDepartmentDependency (ID,disciplineID,departmentID,courseNumber,semesterNumber) VALUES ('1658','1658','23','2','2');
INSERT INTO disciplineDepartmentDependency (ID,disciplineID,departmentID,courseNumber,semesterNumber) VALUES ('1659','1659','23','3','1');
INSERT INTO disciplineDepartmentDependency (ID,disciplineID,departmentID,courseNumber,semesterNumber) VALUES ('1660','1660','23','4','2');
INSERT INTO disciplineDepartmentDependency (ID,disciplineID,departmentID,courseNumber,semesterNumber) VALUES ('1661','1661','23','5','1');
INSERT INTO disciplineDepartmentDependency (ID,disciplineID,departmentID,courseNumber,semesterNumber) VALUES ('1662','1662','23','6','2');
INSERT INTO disciplineDepartmentDependency (ID,disciplineID,departmentID,courseNumber,semesterNumber) VALUES ('1663','1663','23','1','1');
INSERT INTO disciplineDepartmentDependency (ID,disciplineID,departmentID,courseNumber,semesterNumber) VALUES ('1664','1664','23','2','2');
INSERT INTO disciplineDepartmentDependency (ID,disciplineID,departmentID,courseNumber,semesterNumber) VALUES ('1665','1665','23','3','1');
INSERT INTO disciplineDepartmentDependency (ID,disciplineID,departmentID,courseNumber,semesterNumber) VALUES ('1666','1666','23','4','2');
INSERT INTO disciplineDepartmentDependency (ID,disciplineID,departmentID,courseNumber,semesterNumber) VALUES ('1667','1667','23','5','1');
INSERT INTO disciplineDepartmentDependency (ID,disciplineID,departmentID,courseNumber,semesterNumber) VALUES ('1668','1668','23','6','2');
INSERT INTO disciplineDepartmentDependency (ID,disciplineID,departmentID,courseNumber,semesterNumber) VALUES ('1669','1669','23','1','1');
INSERT INTO disciplineDepartmentDependency (ID,disciplineID,departmentID,courseNumber,semesterNumber) VALUES ('1670','1670','23','2','2');
INSERT INTO disciplineDepartmentDependency (ID,disciplineID,departmentID,courseNumber,semesterNumber) VALUES ('1671','1671','23','3','1');
INSERT INTO disciplineDepartmentDependency (ID,disciplineID,departmentID,courseNumber,semesterNumber) VALUES ('1672','1672','23','4','2');
INSERT INTO disciplineDepartmentDependency (ID,disciplineID,departmentID,courseNumber,semesterNumber) VALUES ('1673','1673','23','5','1');
INSERT INTO disciplineDepartmentDependency (ID,disciplineID,departmentID,courseNumber,semesterNumber) VALUES ('1674','1674','23','6','2');
INSERT INTO disciplineDepartmentDependency (ID,disciplineID,departmentID,courseNumber,semesterNumber) VALUES ('1675','1675','23','1','1');
INSERT INTO disciplineDepartmentDependency (ID,disciplineID,departmentID,courseNumber,semesterNumber) VALUES ('1676','1676','23','2','2');
INSERT INTO disciplineDepartmentDependency (ID,disciplineID,departmentID,courseNumber,semesterNumber) VALUES ('1677','1677','23','3','1');
INSERT INTO disciplineDepartmentDependency (ID,disciplineID,departmentID,courseNumber,semesterNumber) VALUES ('1678','1678','23','4','2');
INSERT INTO disciplineDepartmentDependency (ID,disciplineID,departmentID,courseNumber,semesterNumber) VALUES ('1679','1679','23','5','1');
INSERT INTO disciplineDepartmentDependency (ID,disciplineID,departmentID,courseNumber,semesterNumber) VALUES ('1680','1680','23','6','2');
INSERT INTO disciplineDepartmentDependency (ID,disciplineID,departmentID,courseNumber,semesterNumber) VALUES ('1681','1681','23','1','1');
INSERT INTO disciplineDepartmentDependency (ID,disciplineID,departmentID,courseNumber,semesterNumber) VALUES ('1682','1682','23','2','2');
INSERT INTO disciplineDepartmentDependency (ID,disciplineID,departmentID,courseNumber,semesterNumber) VALUES ('1683','1683','23','3','1');
INSERT INTO disciplineDepartmentDependency (ID,disciplineID,departmentID,courseNumber,semesterNumber) VALUES ('1684','1684','23','4','2');
INSERT INTO disciplineDepartmentDependency (ID,disciplineID,departmentID,courseNumber,semesterNumber) VALUES ('1685','1685','23','5','1');
INSERT INTO disciplineDepartmentDependency (ID,disciplineID,departmentID,courseNumber,semesterNumber) VALUES ('1686','1686','23','6','2');
INSERT INTO disciplineDepartmentDependency (ID,disciplineID,departmentID,courseNumber,semesterNumber) VALUES ('1687','1687','23','1','1');
INSERT INTO disciplineDepartmentDependency (ID,disciplineID,departmentID,courseNumber,semesterNumber) VALUES ('1688','1688','23','2','2');
INSERT INTO disciplineDepartmentDependency (ID,disciplineID,departmentID,courseNumber,semesterNumber) VALUES ('1689','1689','23','3','1');
INSERT INTO loginpass (ID,login,password,access_type) VALUES ('53','DOBROSLAVAGOLUB@sky.com','gksuUZIx','employee');
INSERT INTO employee (name,lastName,fathersName,personalID,sex,email,phoneNumber,dateOfBorn,address,passport,login,office,ID,departmentID) VALUES ('Доброслава','ГОЛУБ','Іллівна','4876282725','f','DOBROSLAVAGOLUB@sky.com','0952087766','1982-08-30','68071 Севастополь Комунальний 84, 80','KR667588 ГУМВС 23','DOBROSLAVAGOLUB@sky.com','HR','51','23');
INSERT INTO loginpass (ID,login,password,access_type) VALUES ('54','DOBROMXRAVOLOQXN@ntlworld.com','gjX0PMzZ','employee');
INSERT INTO employee (name,lastName,fathersName,personalID,sex,email,phoneNumber,dateOfBorn,address,passport,login,office,ID,departmentID) VALUES ('Добромира','ВОЛОШИН','Миколаївна','1871302775','f','DOBROMXRAVOLOQXN@ntlworld.com','0391846308','1993-10-21','63465 Сєверодонецьк Василя Симоненка 57, 210','ON351717 ГУМВС 36','DOBROMXRAVOLOQXN@ntlworld.com','HR','52','23');
INSERT INTO loginpass (ID,login,password,access_type) VALUES ('55','BUDXSLAVAQRZENKO@live.de','Ul7DaPx7','employee');
INSERT INTO employee (name,lastName,fathersName,personalID,sex,email,phoneNumber,dateOfBorn,address,passport,login,office,ID,departmentID) VALUES ('Будислава','ЮРЧЕНКО','Миколаївна','5500028747','f','BUDXSLAVAQRZENKO@live.de','0956806488','1979-02-06','12350 Дніпропетровськ Джаліля 81, 163','CM254134 ГУМВС 5','BUDXSLAVAQRZENKO@live.de','HR','53','23');
INSERT INTO loginpass (ID,login,password,access_type) VALUES ('56','VITANAPXLXPENKO@orange.net','X!mjProS','employee');
INSERT INTO employee (name,lastName,fathersName,personalID,sex,email,phoneNumber,dateOfBorn,address,passport,login,office,ID,departmentID) VALUES ('Вітана','ПИЛИПЕНКО','Луківна','7156811115','f','VITANAPXLXPENKO@orange.net','0965438054','1975-07-09','41052 Севастополь Грибна 7, 99','EI336818 ГУМВС 32','VITANAPXLXPENKO@orange.net','HR','54','23');
INSERT INTO gtgroup (id,fullGroupName,courseNumber,departmentID) VALUES ('252','РОС-10','1','23');
INSERT INTO gtgroup (id,fullGroupName,courseNumber,departmentID) VALUES ('253','РОС-11','1','23');
INSERT INTO gtgroup (id,fullGroupName,courseNumber,departmentID) VALUES ('254','РОС-12','1','23');
INSERT INTO gtgroup (id,fullGroupName,courseNumber,departmentID) VALUES ('255','РОС-20','2','23');
INSERT INTO gtgroup (id,fullGroupName,courseNumber,departmentID) VALUES ('256','РОС-21','2','23');
INSERT INTO gtgroup (id,fullGroupName,courseNumber,departmentID) VALUES ('257','РОС-22','2','23');
INSERT INTO gtgroup (id,fullGroupName,courseNumber,departmentID) VALUES ('258','РОС-30','3','23');
INSERT INTO gtgroup (id,fullGroupName,courseNumber,departmentID) VALUES ('259','РОС-31','3','23');
INSERT INTO gtgroup (id,fullGroupName,courseNumber,departmentID) VALUES ('260','РОС-32','3','23');
INSERT INTO gtgroup (id,fullGroupName,courseNumber,departmentID) VALUES ('261','РОС-40','4','23');
INSERT INTO gtgroup (id,fullGroupName,courseNumber,departmentID) VALUES ('262','РОС-41','4','23');
INSERT INTO gtgroup (id,fullGroupName,courseNumber,departmentID) VALUES ('263','РОС-42','4','23');
INSERT INTO gtgroup (id,fullGroupName,courseNumber,departmentID) VALUES ('264','РОС-50','5','23');
INSERT INTO gtgroup (id,fullGroupName,courseNumber,departmentID) VALUES ('265','РОС-51','5','23');
INSERT INTO gtgroup (id,fullGroupName,courseNumber,departmentID) VALUES ('266','РОС-52','5','23');
INSERT INTO gtgroup (id,fullGroupName,courseNumber,departmentID) VALUES ('267','РОС-60','6','23');
INSERT INTO gtgroup (id,fullGroupName,courseNumber,departmentID) VALUES ('268','РОС-61','6','23');
INSERT INTO gtgroup (id,fullGroupName,courseNumber,departmentID) VALUES ('269','РОС-62','6','23');
INSERT INTO dayRequirements (id,departmentID,countOfDaysInWeek,countOfLessonsInADay) VALUES ('23','24','6','5');
INSERT INTO discipline (id,nameOfDiscipline,countOfLessons,exam) VALUES ('1690','Discipline РТПС-0','15','no');
INSERT INTO discipline (id,nameOfDiscipline,countOfLessons,exam) VALUES ('1691','Discipline РТПС-1','15','no');
INSERT INTO discipline (id,nameOfDiscipline,countOfLessons,exam) VALUES ('1692','Discipline РТПС-2','15','no');
INSERT INTO discipline (id,nameOfDiscipline,countOfLessons,exam) VALUES ('1693','Discipline РТПС-3','15','no');
INSERT INTO discipline (id,nameOfDiscipline,countOfLessons,exam) VALUES ('1694','Discipline РТПС-4','15','no');
INSERT INTO discipline (id,nameOfDiscipline,countOfLessons,exam) VALUES ('1695','Discipline РТПС-5','15','no');
INSERT INTO discipline (id,nameOfDiscipline,countOfLessons,exam) VALUES ('1696','Discipline РТПС-6','15','no');
INSERT INTO discipline (id,nameOfDiscipline,countOfLessons,exam) VALUES ('1697','Discipline РТПС-7','15','no');
INSERT INTO discipline (id,nameOfDiscipline,countOfLessons,exam) VALUES ('1698','Discipline РТПС-8','15','no');
INSERT INTO discipline (id,nameOfDiscipline,countOfLessons,exam) VALUES ('1699','Discipline РТПС-9','15','no');
INSERT INTO discipline (id,nameOfDiscipline,countOfLessons,exam) VALUES ('1700','Discipline РТПС-10','15','no');
INSERT INTO discipline (id,nameOfDiscipline,countOfLessons,exam) VALUES ('1701','Discipline РТПС-11','15','no');
INSERT INTO discipline (id,nameOfDiscipline,countOfLessons,exam) VALUES ('1702','Discipline РТПС-12','15','no');
INSERT INTO discipline (id,nameOfDiscipline,countOfLessons,exam) VALUES ('1703','Discipline РТПС-13','15','no');
INSERT INTO discipline (id,nameOfDiscipline,countOfLessons,exam) VALUES ('1704','Discipline РТПС-14','15','no');
INSERT INTO discipline (id,nameOfDiscipline,countOfLessons,exam) VALUES ('1705','Discipline РТПС-15','15','no');
INSERT INTO discipline (id,nameOfDiscipline,countOfLessons,exam) VALUES ('1706','Discipline РТПС-16','15','no');
INSERT INTO discipline (id,nameOfDiscipline,countOfLessons,exam) VALUES ('1707','Discipline РТПС-17','15','no');
INSERT INTO discipline (id,nameOfDiscipline,countOfLessons,exam) VALUES ('1708','Discipline РТПС-18','15','no');
INSERT INTO discipline (id,nameOfDiscipline,countOfLessons,exam) VALUES ('1709','Discipline РТПС-19','15','no');
INSERT INTO discipline (id,nameOfDiscipline,countOfLessons,exam) VALUES ('1710','Discipline РТПС-20','15','no');
INSERT INTO discipline (id,nameOfDiscipline,countOfLessons,exam) VALUES ('1711','Discipline РТПС-21','15','no');
INSERT INTO discipline (id,nameOfDiscipline,countOfLessons,exam) VALUES ('1712','Discipline РТПС-22','15','no');
INSERT INTO discipline (id,nameOfDiscipline,countOfLessons,exam) VALUES ('1713','Discipline РТПС-23','15','no');
INSERT INTO discipline (id,nameOfDiscipline,countOfLessons,exam) VALUES ('1714','Discipline РТПС-24','15','no');
INSERT INTO discipline (id,nameOfDiscipline,countOfLessons,exam) VALUES ('1715','Discipline РТПС-25','15','no');
INSERT INTO discipline (id,nameOfDiscipline,countOfLessons,exam) VALUES ('1716','Discipline РТПС-26','15','no');
INSERT INTO discipline (id,nameOfDiscipline,countOfLessons,exam) VALUES ('1717','Discipline РТПС-27','15','no');
INSERT INTO discipline (id,nameOfDiscipline,countOfLessons,exam) VALUES ('1718','Discipline РТПС-28','15','no');
INSERT INTO discipline (id,nameOfDiscipline,countOfLessons,exam) VALUES ('1719','Discipline РТПС-29','15','no');
INSERT INTO discipline (id,nameOfDiscipline,countOfLessons,exam) VALUES ('1720','Discipline РТПС-30','15','no');
INSERT INTO discipline (id,nameOfDiscipline,countOfLessons,exam) VALUES ('1721','Discipline РТПС-31','15','no');
INSERT INTO discipline (id,nameOfDiscipline,countOfLessons,exam) VALUES ('1722','Discipline РТПС-32','15','no');
INSERT INTO discipline (id,nameOfDiscipline,countOfLessons,exam) VALUES ('1723','Discipline РТПС-33','15','no');
INSERT INTO discipline (id,nameOfDiscipline,countOfLessons,exam) VALUES ('1724','Discipline РТПС-34','15','no');
INSERT INTO discipline (id,nameOfDiscipline,countOfLessons,exam) VALUES ('1725','Discipline РТПС-35','15','no');
INSERT INTO discipline (id,nameOfDiscipline,countOfLessons,exam) VALUES ('1726','Discipline РТПС-36','15','no');
INSERT INTO discipline (id,nameOfDiscipline,countOfLessons,exam) VALUES ('1727','Discipline РТПС-37','15','no');
INSERT INTO discipline (id,nameOfDiscipline,countOfLessons,exam) VALUES ('1728','Discipline РТПС-38','15','no');
INSERT INTO discipline (id,nameOfDiscipline,countOfLessons,exam) VALUES ('1729','Discipline РТПС-39','15','no');
INSERT INTO discipline (id,nameOfDiscipline,countOfLessons,exam) VALUES ('1730','Discipline РТПС-40','15','no');
INSERT INTO discipline (id,nameOfDiscipline,countOfLessons,exam) VALUES ('1731','Discipline РТПС-41','15','no');
INSERT INTO discipline (id,nameOfDiscipline,countOfLessons,exam) VALUES ('1732','Discipline РТПС-42','15','no');
INSERT INTO discipline (id,nameOfDiscipline,countOfLessons,exam) VALUES ('1733','Discipline РТПС-43','15','no');
INSERT INTO discipline (id,nameOfDiscipline,countOfLessons,exam) VALUES ('1734','Discipline РТПС-44','15','no');
INSERT INTO discipline (id,nameOfDiscipline,countOfLessons,exam) VALUES ('1735','Discipline РТПС-45','15','no');
INSERT INTO discipline (id,nameOfDiscipline,countOfLessons,exam) VALUES ('1736','Discipline РТПС-46','15','no');
INSERT INTO discipline (id,nameOfDiscipline,countOfLessons,exam) VALUES ('1737','Discipline РТПС-47','15','no');
INSERT INTO discipline (id,nameOfDiscipline,countOfLessons,exam) VALUES ('1738','Discipline РТПС-48','15','no');
INSERT INTO discipline (id,nameOfDiscipline,countOfLessons,exam) VALUES ('1739','Discipline РТПС-49','15','no');
INSERT INTO discipline (id,nameOfDiscipline,countOfLessons,exam) VALUES ('1740','Discipline РТПС-50','15','no');
INSERT INTO discipline (id,nameOfDiscipline,countOfLessons,exam) VALUES ('1741','Discipline РТПС-51','15','no');
INSERT INTO discipline (id,nameOfDiscipline,countOfLessons,exam) VALUES ('1742','Discipline РТПС-52','15','no');
INSERT INTO discipline (id,nameOfDiscipline,countOfLessons,exam) VALUES ('1743','Discipline РТПС-53','15','no');
INSERT INTO discipline (id,nameOfDiscipline,countOfLessons,exam) VALUES ('1744','Discipline РТПС-54','15','no');
INSERT INTO discipline (id,nameOfDiscipline,countOfLessons,exam) VALUES ('1745','Discipline РТПС-55','15','no');
INSERT INTO discipline (id,nameOfDiscipline,countOfLessons,exam) VALUES ('1746','Discipline РТПС-56','15','no');
INSERT INTO discipline (id,nameOfDiscipline,countOfLessons,exam) VALUES ('1747','Discipline РТПС-57','15','no');
INSERT INTO discipline (id,nameOfDiscipline,countOfLessons,exam) VALUES ('1748','Discipline РТПС-58','15','no');
INSERT INTO discipline (id,nameOfDiscipline,countOfLessons,exam) VALUES ('1749','Discipline РТПС-59','15','no');
INSERT INTO discipline (id,nameOfDiscipline,countOfLessons,exam) VALUES ('1750','Discipline РТПС-60','15','no');
INSERT INTO discipline (id,nameOfDiscipline,countOfLessons,exam) VALUES ('1751','Discipline РТПС-61','15','no');
INSERT INTO discipline (id,nameOfDiscipline,countOfLessons,exam) VALUES ('1752','Discipline РТПС-62','15','no');
INSERT INTO discipline (id,nameOfDiscipline,countOfLessons,exam) VALUES ('1753','Discipline РТПС-63','15','no');
INSERT INTO discipline (id,nameOfDiscipline,countOfLessons,exam) VALUES ('1754','Discipline РТПС-64','15','no');
INSERT INTO discipline (id,nameOfDiscipline,countOfLessons,exam) VALUES ('1755','Discipline РТПС-65','15','no');
INSERT INTO discipline (id,nameOfDiscipline,countOfLessons,exam) VALUES ('1756','Discipline РТПС-66','15','no');
INSERT INTO discipline (id,nameOfDiscipline,countOfLessons,exam) VALUES ('1757','Discipline РТПС-67','15','no');
INSERT INTO discipline (id,nameOfDiscipline,countOfLessons,exam) VALUES ('1758','Discipline РТПС-68','15','no');
INSERT INTO discipline (id,nameOfDiscipline,countOfLessons,exam) VALUES ('1759','Discipline РТПС-69','15','no');
INSERT INTO discipline (id,nameOfDiscipline,countOfLessons,exam) VALUES ('1760','Discipline РТПС-70','15','no');
INSERT INTO discipline (id,nameOfDiscipline,countOfLessons,exam) VALUES ('1761','Discipline РТПС-71','15','no');
INSERT INTO discipline (id,nameOfDiscipline,countOfLessons,exam) VALUES ('1762','Discipline РТПС-72','15','no');
INSERT INTO disciplineDepartmentDependency (ID,disciplineID,departmentID,courseNumber,semesterNumber) VALUES ('1690','1690','24','1','1');
INSERT INTO disciplineDepartmentDependency (ID,disciplineID,departmentID,courseNumber,semesterNumber) VALUES ('1691','1691','24','2','2');
INSERT INTO disciplineDepartmentDependency (ID,disciplineID,departmentID,courseNumber,semesterNumber) VALUES ('1692','1692','24','3','1');
INSERT INTO disciplineDepartmentDependency (ID,disciplineID,departmentID,courseNumber,semesterNumber) VALUES ('1693','1693','24','4','2');
INSERT INTO disciplineDepartmentDependency (ID,disciplineID,departmentID,courseNumber,semesterNumber) VALUES ('1694','1694','24','5','1');
INSERT INTO disciplineDepartmentDependency (ID,disciplineID,departmentID,courseNumber,semesterNumber) VALUES ('1695','1695','24','6','2');
INSERT INTO disciplineDepartmentDependency (ID,disciplineID,departmentID,courseNumber,semesterNumber) VALUES ('1696','1696','24','1','1');
INSERT INTO disciplineDepartmentDependency (ID,disciplineID,departmentID,courseNumber,semesterNumber) VALUES ('1697','1697','24','2','2');
INSERT INTO disciplineDepartmentDependency (ID,disciplineID,departmentID,courseNumber,semesterNumber) VALUES ('1698','1698','24','3','1');
INSERT INTO disciplineDepartmentDependency (ID,disciplineID,departmentID,courseNumber,semesterNumber) VALUES ('1699','1699','24','4','2');
INSERT INTO disciplineDepartmentDependency (ID,disciplineID,departmentID,courseNumber,semesterNumber) VALUES ('1700','1700','24','5','1');
INSERT INTO disciplineDepartmentDependency (ID,disciplineID,departmentID,courseNumber,semesterNumber) VALUES ('1701','1701','24','6','2');
INSERT INTO disciplineDepartmentDependency (ID,disciplineID,departmentID,courseNumber,semesterNumber) VALUES ('1702','1702','24','1','1');
INSERT INTO disciplineDepartmentDependency (ID,disciplineID,departmentID,courseNumber,semesterNumber) VALUES ('1703','1703','24','2','2');
INSERT INTO disciplineDepartmentDependency (ID,disciplineID,departmentID,courseNumber,semesterNumber) VALUES ('1704','1704','24','3','1');
INSERT INTO disciplineDepartmentDependency (ID,disciplineID,departmentID,courseNumber,semesterNumber) VALUES ('1705','1705','24','4','2');
INSERT INTO disciplineDepartmentDependency (ID,disciplineID,departmentID,courseNumber,semesterNumber) VALUES ('1706','1706','24','5','1');
INSERT INTO disciplineDepartmentDependency (ID,disciplineID,departmentID,courseNumber,semesterNumber) VALUES ('1707','1707','24','6','2');
INSERT INTO disciplineDepartmentDependency (ID,disciplineID,departmentID,courseNumber,semesterNumber) VALUES ('1708','1708','24','1','1');
INSERT INTO disciplineDepartmentDependency (ID,disciplineID,departmentID,courseNumber,semesterNumber) VALUES ('1709','1709','24','2','2');
INSERT INTO disciplineDepartmentDependency (ID,disciplineID,departmentID,courseNumber,semesterNumber) VALUES ('1710','1710','24','3','1');
INSERT INTO disciplineDepartmentDependency (ID,disciplineID,departmentID,courseNumber,semesterNumber) VALUES ('1711','1711','24','4','2');
INSERT INTO disciplineDepartmentDependency (ID,disciplineID,departmentID,courseNumber,semesterNumber) VALUES ('1712','1712','24','5','1');
INSERT INTO disciplineDepartmentDependency (ID,disciplineID,departmentID,courseNumber,semesterNumber) VALUES ('1713','1713','24','6','2');
INSERT INTO disciplineDepartmentDependency (ID,disciplineID,departmentID,courseNumber,semesterNumber) VALUES ('1714','1714','24','1','1');
INSERT INTO disciplineDepartmentDependency (ID,disciplineID,departmentID,courseNumber,semesterNumber) VALUES ('1715','1715','24','2','2');
INSERT INTO disciplineDepartmentDependency (ID,disciplineID,departmentID,courseNumber,semesterNumber) VALUES ('1716','1716','24','3','1');
INSERT INTO disciplineDepartmentDependency (ID,disciplineID,departmentID,courseNumber,semesterNumber) VALUES ('1717','1717','24','4','2');
INSERT INTO disciplineDepartmentDependency (ID,disciplineID,departmentID,courseNumber,semesterNumber) VALUES ('1718','1718','24','5','1');
INSERT INTO disciplineDepartmentDependency (ID,disciplineID,departmentID,courseNumber,semesterNumber) VALUES ('1719','1719','24','6','2');
INSERT INTO disciplineDepartmentDependency (ID,disciplineID,departmentID,courseNumber,semesterNumber) VALUES ('1720','1720','24','1','1');
INSERT INTO disciplineDepartmentDependency (ID,disciplineID,departmentID,courseNumber,semesterNumber) VALUES ('1721','1721','24','2','2');
INSERT INTO disciplineDepartmentDependency (ID,disciplineID,departmentID,courseNumber,semesterNumber) VALUES ('1722','1722','24','3','1');
INSERT INTO disciplineDepartmentDependency (ID,disciplineID,departmentID,courseNumber,semesterNumber) VALUES ('1723','1723','24','4','2');
INSERT INTO disciplineDepartmentDependency (ID,disciplineID,departmentID,courseNumber,semesterNumber) VALUES ('1724','1724','24','5','1');
INSERT INTO disciplineDepartmentDependency (ID,disciplineID,departmentID,courseNumber,semesterNumber) VALUES ('1725','1725','24','6','2');
INSERT INTO disciplineDepartmentDependency (ID,disciplineID,departmentID,courseNumber,semesterNumber) VALUES ('1726','1726','24','1','1');
INSERT INTO disciplineDepartmentDependency (ID,disciplineID,departmentID,courseNumber,semesterNumber) VALUES ('1727','1727','24','2','2');
INSERT INTO disciplineDepartmentDependency (ID,disciplineID,departmentID,courseNumber,semesterNumber) VALUES ('1728','1728','24','3','1');
INSERT INTO disciplineDepartmentDependency (ID,disciplineID,departmentID,courseNumber,semesterNumber) VALUES ('1729','1729','24','4','2');
INSERT INTO disciplineDepartmentDependency (ID,disciplineID,departmentID,courseNumber,semesterNumber) VALUES ('1730','1730','24','5','1');
INSERT INTO disciplineDepartmentDependency (ID,disciplineID,departmentID,courseNumber,semesterNumber) VALUES ('1731','1731','24','6','2');
INSERT INTO disciplineDepartmentDependency (ID,disciplineID,departmentID,courseNumber,semesterNumber) VALUES ('1732','1732','24','1','1');
INSERT INTO disciplineDepartmentDependency (ID,disciplineID,departmentID,courseNumber,semesterNumber) VALUES ('1733','1733','24','2','2');
INSERT INTO disciplineDepartmentDependency (ID,disciplineID,departmentID,courseNumber,semesterNumber) VALUES ('1734','1734','24','3','1');
INSERT INTO disciplineDepartmentDependency (ID,disciplineID,departmentID,courseNumber,semesterNumber) VALUES ('1735','1735','24','4','2');
INSERT INTO disciplineDepartmentDependency (ID,disciplineID,departmentID,courseNumber,semesterNumber) VALUES ('1736','1736','24','5','1');
INSERT INTO disciplineDepartmentDependency (ID,disciplineID,departmentID,courseNumber,semesterNumber) VALUES ('1737','1737','24','6','2');
INSERT INTO disciplineDepartmentDependency (ID,disciplineID,departmentID,courseNumber,semesterNumber) VALUES ('1738','1738','24','1','1');
INSERT INTO disciplineDepartmentDependency (ID,disciplineID,departmentID,courseNumber,semesterNumber) VALUES ('1739','1739','24','2','2');
INSERT INTO disciplineDepartmentDependency (ID,disciplineID,departmentID,courseNumber,semesterNumber) VALUES ('1740','1740','24','3','1');
INSERT INTO disciplineDepartmentDependency (ID,disciplineID,departmentID,courseNumber,semesterNumber) VALUES ('1741','1741','24','4','2');
INSERT INTO disciplineDepartmentDependency (ID,disciplineID,departmentID,courseNumber,semesterNumber) VALUES ('1742','1742','24','5','1');
INSERT INTO disciplineDepartmentDependency (ID,disciplineID,departmentID,courseNumber,semesterNumber) VALUES ('1743','1743','24','6','2');
INSERT INTO disciplineDepartmentDependency (ID,disciplineID,departmentID,courseNumber,semesterNumber) VALUES ('1744','1744','24','1','1');
INSERT INTO disciplineDepartmentDependency (ID,disciplineID,departmentID,courseNumber,semesterNumber) VALUES ('1745','1745','24','2','2');
INSERT INTO disciplineDepartmentDependency (ID,disciplineID,departmentID,courseNumber,semesterNumber) VALUES ('1746','1746','24','3','1');
INSERT INTO disciplineDepartmentDependency (ID,disciplineID,departmentID,courseNumber,semesterNumber) VALUES ('1747','1747','24','4','2');
INSERT INTO disciplineDepartmentDependency (ID,disciplineID,departmentID,courseNumber,semesterNumber) VALUES ('1748','1748','24','5','1');
INSERT INTO disciplineDepartmentDependency (ID,disciplineID,departmentID,courseNumber,semesterNumber) VALUES ('1749','1749','24','6','2');
INSERT INTO disciplineDepartmentDependency (ID,disciplineID,departmentID,courseNumber,semesterNumber) VALUES ('1750','1750','24','1','1');
INSERT INTO disciplineDepartmentDependency (ID,disciplineID,departmentID,courseNumber,semesterNumber) VALUES ('1751','1751','24','2','2');
INSERT INTO disciplineDepartmentDependency (ID,disciplineID,departmentID,courseNumber,semesterNumber) VALUES ('1752','1752','24','3','1');
INSERT INTO disciplineDepartmentDependency (ID,disciplineID,departmentID,courseNumber,semesterNumber) VALUES ('1753','1753','24','4','2');
INSERT INTO disciplineDepartmentDependency (ID,disciplineID,departmentID,courseNumber,semesterNumber) VALUES ('1754','1754','24','5','1');
INSERT INTO disciplineDepartmentDependency (ID,disciplineID,departmentID,courseNumber,semesterNumber) VALUES ('1755','1755','24','6','2');
INSERT INTO disciplineDepartmentDependency (ID,disciplineID,departmentID,courseNumber,semesterNumber) VALUES ('1756','1756','24','1','1');
INSERT INTO disciplineDepartmentDependency (ID,disciplineID,departmentID,courseNumber,semesterNumber) VALUES ('1757','1757','24','2','2');
INSERT INTO disciplineDepartmentDependency (ID,disciplineID,departmentID,courseNumber,semesterNumber) VALUES ('1758','1758','24','3','1');
INSERT INTO disciplineDepartmentDependency (ID,disciplineID,departmentID,courseNumber,semesterNumber) VALUES ('1759','1759','24','4','2');
INSERT INTO disciplineDepartmentDependency (ID,disciplineID,departmentID,courseNumber,semesterNumber) VALUES ('1760','1760','24','5','1');
INSERT INTO disciplineDepartmentDependency (ID,disciplineID,departmentID,courseNumber,semesterNumber) VALUES ('1761','1761','24','6','2');
INSERT INTO disciplineDepartmentDependency (ID,disciplineID,departmentID,courseNumber,semesterNumber) VALUES ('1762','1762','24','1','1');
INSERT INTO loginpass (ID,login,password,access_type) VALUES ('57','BUDXVOYTARASENKO@yahoo.fr','KKjF#XFu','employee');
INSERT INTO employee (name,lastName,fathersName,personalID,sex,email,phoneNumber,dateOfBorn,address,passport,login,office,ID,departmentID) VALUES ('Будивой','ТАРАСЕНКО','Хомич','1342554177','m','BUDXVOYTARASENKO@yahoo.fr','0963831853','1966-11-07','33827 Луцьк Івана Котляревського 80, 222','OO631247 ГУМВС 28','BUDXVOYTARASENKO@yahoo.fr','HR','55','24');
INSERT INTO loginpass (ID,login,password,access_type) VALUES ('58','VSESLAVMELQNXK@sky.com','1oFcFQ&j','employee');
INSERT INTO employee (name,lastName,fathersName,personalID,sex,email,phoneNumber,dateOfBorn,address,passport,login,office,ID,departmentID) VALUES ('Всеслав','МЕЛЬНИК','Ілліч','5816274688','m','VSESLAVMELQNXK@sky.com','0955125308','1974-01-26','62142 Тернопіль Будіндустрії 48, 55','HO181214 ГУМВС 36','VSESLAVMELQNXK@sky.com','HR','56','24');
INSERT INTO gtgroup (id,fullGroupName,courseNumber,departmentID) VALUES ('270','РТПС-10','1','24');
INSERT INTO gtgroup (id,fullGroupName,courseNumber,departmentID) VALUES ('271','РТПС-20','2','24');
INSERT INTO gtgroup (id,fullGroupName,courseNumber,departmentID) VALUES ('272','РТПС-30','3','24');
INSERT INTO gtgroup (id,fullGroupName,courseNumber,departmentID) VALUES ('273','РТПС-40','4','24');
INSERT INTO gtgroup (id,fullGroupName,courseNumber,departmentID) VALUES ('274','РТПС-50','5','24');
INSERT INTO gtgroup (id,fullGroupName,courseNumber,departmentID) VALUES ('275','РТПС-60','6','24');
INSERT INTO dayRequirements (id,departmentID,countOfDaysInWeek,countOfLessonsInADay) VALUES ('24','25','6','5');
INSERT INTO discipline (id,nameOfDiscipline,countOfLessons,exam) VALUES ('1763','Discipline КіВРА-0','15','no');
INSERT INTO discipline (id,nameOfDiscipline,countOfLessons,exam) VALUES ('1764','Discipline КіВРА-1','15','no');
INSERT INTO discipline (id,nameOfDiscipline,countOfLessons,exam) VALUES ('1765','Discipline КіВРА-2','15','no');
INSERT INTO discipline (id,nameOfDiscipline,countOfLessons,exam) VALUES ('1766','Discipline КіВРА-3','15','no');
INSERT INTO discipline (id,nameOfDiscipline,countOfLessons,exam) VALUES ('1767','Discipline КіВРА-4','15','no');
INSERT INTO discipline (id,nameOfDiscipline,countOfLessons,exam) VALUES ('1768','Discipline КіВРА-5','15','no');
INSERT INTO discipline (id,nameOfDiscipline,countOfLessons,exam) VALUES ('1769','Discipline КіВРА-6','15','no');
INSERT INTO discipline (id,nameOfDiscipline,countOfLessons,exam) VALUES ('1770','Discipline КіВРА-7','15','no');
INSERT INTO discipline (id,nameOfDiscipline,countOfLessons,exam) VALUES ('1771','Discipline КіВРА-8','15','no');
INSERT INTO discipline (id,nameOfDiscipline,countOfLessons,exam) VALUES ('1772','Discipline КіВРА-9','15','no');
INSERT INTO discipline (id,nameOfDiscipline,countOfLessons,exam) VALUES ('1773','Discipline КіВРА-10','15','no');
INSERT INTO discipline (id,nameOfDiscipline,countOfLessons,exam) VALUES ('1774','Discipline КіВРА-11','15','no');
INSERT INTO discipline (id,nameOfDiscipline,countOfLessons,exam) VALUES ('1775','Discipline КіВРА-12','15','no');
INSERT INTO discipline (id,nameOfDiscipline,countOfLessons,exam) VALUES ('1776','Discipline КіВРА-13','15','no');
INSERT INTO discipline (id,nameOfDiscipline,countOfLessons,exam) VALUES ('1777','Discipline КіВРА-14','15','no');
INSERT INTO discipline (id,nameOfDiscipline,countOfLessons,exam) VALUES ('1778','Discipline КіВРА-15','15','no');
INSERT INTO discipline (id,nameOfDiscipline,countOfLessons,exam) VALUES ('1779','Discipline КіВРА-16','15','no');
INSERT INTO discipline (id,nameOfDiscipline,countOfLessons,exam) VALUES ('1780','Discipline КіВРА-17','15','no');
INSERT INTO discipline (id,nameOfDiscipline,countOfLessons,exam) VALUES ('1781','Discipline КіВРА-18','15','no');
INSERT INTO discipline (id,nameOfDiscipline,countOfLessons,exam) VALUES ('1782','Discipline КіВРА-19','15','no');
INSERT INTO discipline (id,nameOfDiscipline,countOfLessons,exam) VALUES ('1783','Discipline КіВРА-20','15','no');
INSERT INTO discipline (id,nameOfDiscipline,countOfLessons,exam) VALUES ('1784','Discipline КіВРА-21','15','no');
INSERT INTO discipline (id,nameOfDiscipline,countOfLessons,exam) VALUES ('1785','Discipline КіВРА-22','15','no');
INSERT INTO discipline (id,nameOfDiscipline,countOfLessons,exam) VALUES ('1786','Discipline КіВРА-23','15','no');
INSERT INTO discipline (id,nameOfDiscipline,countOfLessons,exam) VALUES ('1787','Discipline КіВРА-24','15','no');
INSERT INTO discipline (id,nameOfDiscipline,countOfLessons,exam) VALUES ('1788','Discipline КіВРА-25','15','no');
INSERT INTO discipline (id,nameOfDiscipline,countOfLessons,exam) VALUES ('1789','Discipline КіВРА-26','15','no');
INSERT INTO discipline (id,nameOfDiscipline,countOfLessons,exam) VALUES ('1790','Discipline КіВРА-27','15','no');
INSERT INTO discipline (id,nameOfDiscipline,countOfLessons,exam) VALUES ('1791','Discipline КіВРА-28','15','no');
INSERT INTO discipline (id,nameOfDiscipline,countOfLessons,exam) VALUES ('1792','Discipline КіВРА-29','15','no');
INSERT INTO discipline (id,nameOfDiscipline,countOfLessons,exam) VALUES ('1793','Discipline КіВРА-30','15','no');
INSERT INTO discipline (id,nameOfDiscipline,countOfLessons,exam) VALUES ('1794','Discipline КіВРА-31','15','no');
INSERT INTO discipline (id,nameOfDiscipline,countOfLessons,exam) VALUES ('1795','Discipline КіВРА-32','15','no');
INSERT INTO discipline (id,nameOfDiscipline,countOfLessons,exam) VALUES ('1796','Discipline КіВРА-33','15','no');
INSERT INTO discipline (id,nameOfDiscipline,countOfLessons,exam) VALUES ('1797','Discipline КіВРА-34','15','no');
INSERT INTO discipline (id,nameOfDiscipline,countOfLessons,exam) VALUES ('1798','Discipline КіВРА-35','15','no');
INSERT INTO discipline (id,nameOfDiscipline,countOfLessons,exam) VALUES ('1799','Discipline КіВРА-36','15','no');
INSERT INTO discipline (id,nameOfDiscipline,countOfLessons,exam) VALUES ('1800','Discipline КіВРА-37','15','no');
INSERT INTO discipline (id,nameOfDiscipline,countOfLessons,exam) VALUES ('1801','Discipline КіВРА-38','15','no');
INSERT INTO discipline (id,nameOfDiscipline,countOfLessons,exam) VALUES ('1802','Discipline КіВРА-39','15','no');
INSERT INTO discipline (id,nameOfDiscipline,countOfLessons,exam) VALUES ('1803','Discipline КіВРА-40','15','no');
INSERT INTO discipline (id,nameOfDiscipline,countOfLessons,exam) VALUES ('1804','Discipline КіВРА-41','15','no');
INSERT INTO discipline (id,nameOfDiscipline,countOfLessons,exam) VALUES ('1805','Discipline КіВРА-42','15','no');
INSERT INTO discipline (id,nameOfDiscipline,countOfLessons,exam) VALUES ('1806','Discipline КіВРА-43','15','no');
INSERT INTO discipline (id,nameOfDiscipline,countOfLessons,exam) VALUES ('1807','Discipline КіВРА-44','15','no');
INSERT INTO discipline (id,nameOfDiscipline,countOfLessons,exam) VALUES ('1808','Discipline КіВРА-45','15','no');
INSERT INTO discipline (id,nameOfDiscipline,countOfLessons,exam) VALUES ('1809','Discipline КіВРА-46','15','no');
INSERT INTO discipline (id,nameOfDiscipline,countOfLessons,exam) VALUES ('1810','Discipline КіВРА-47','15','no');
INSERT INTO discipline (id,nameOfDiscipline,countOfLessons,exam) VALUES ('1811','Discipline КіВРА-48','15','no');
INSERT INTO discipline (id,nameOfDiscipline,countOfLessons,exam) VALUES ('1812','Discipline КіВРА-49','15','no');
INSERT INTO discipline (id,nameOfDiscipline,countOfLessons,exam) VALUES ('1813','Discipline КіВРА-50','15','no');
INSERT INTO discipline (id,nameOfDiscipline,countOfLessons,exam) VALUES ('1814','Discipline КіВРА-51','15','no');
INSERT INTO discipline (id,nameOfDiscipline,countOfLessons,exam) VALUES ('1815','Discipline КіВРА-52','15','no');
INSERT INTO discipline (id,nameOfDiscipline,countOfLessons,exam) VALUES ('1816','Discipline КіВРА-53','15','no');
INSERT INTO discipline (id,nameOfDiscipline,countOfLessons,exam) VALUES ('1817','Discipline КіВРА-54','15','no');
INSERT INTO discipline (id,nameOfDiscipline,countOfLessons,exam) VALUES ('1818','Discipline КіВРА-55','15','no');
INSERT INTO discipline (id,nameOfDiscipline,countOfLessons,exam) VALUES ('1819','Discipline КіВРА-56','15','no');
INSERT INTO discipline (id,nameOfDiscipline,countOfLessons,exam) VALUES ('1820','Discipline КіВРА-57','15','no');
INSERT INTO discipline (id,nameOfDiscipline,countOfLessons,exam) VALUES ('1821','Discipline КіВРА-58','15','no');
INSERT INTO discipline (id,nameOfDiscipline,countOfLessons,exam) VALUES ('1822','Discipline КіВРА-59','15','no');
INSERT INTO discipline (id,nameOfDiscipline,countOfLessons,exam) VALUES ('1823','Discipline КіВРА-60','15','no');
INSERT INTO discipline (id,nameOfDiscipline,countOfLessons,exam) VALUES ('1824','Discipline КіВРА-61','15','no');
INSERT INTO discipline (id,nameOfDiscipline,countOfLessons,exam) VALUES ('1825','Discipline КіВРА-62','15','no');
INSERT INTO discipline (id,nameOfDiscipline,countOfLessons,exam) VALUES ('1826','Discipline КіВРА-63','15','no');
INSERT INTO discipline (id,nameOfDiscipline,countOfLessons,exam) VALUES ('1827','Discipline КіВРА-64','15','no');
INSERT INTO discipline (id,nameOfDiscipline,countOfLessons,exam) VALUES ('1828','Discipline КіВРА-65','15','no');
INSERT INTO discipline (id,nameOfDiscipline,countOfLessons,exam) VALUES ('1829','Discipline КіВРА-66','15','no');
INSERT INTO discipline (id,nameOfDiscipline,countOfLessons,exam) VALUES ('1830','Discipline КіВРА-67','15','no');
INSERT INTO discipline (id,nameOfDiscipline,countOfLessons,exam) VALUES ('1831','Discipline КіВРА-68','15','no');
INSERT INTO discipline (id,nameOfDiscipline,countOfLessons,exam) VALUES ('1832','Discipline КіВРА-69','15','no');
INSERT INTO discipline (id,nameOfDiscipline,countOfLessons,exam) VALUES ('1833','Discipline КіВРА-70','15','no');
INSERT INTO disciplineDepartmentDependency (ID,disciplineID,departmentID,courseNumber,semesterNumber) VALUES ('1763','1763','25','1','1');
INSERT INTO disciplineDepartmentDependency (ID,disciplineID,departmentID,courseNumber,semesterNumber) VALUES ('1764','1764','25','2','2');
INSERT INTO disciplineDepartmentDependency (ID,disciplineID,departmentID,courseNumber,semesterNumber) VALUES ('1765','1765','25','3','1');
INSERT INTO disciplineDepartmentDependency (ID,disciplineID,departmentID,courseNumber,semesterNumber) VALUES ('1766','1766','25','4','2');
INSERT INTO disciplineDepartmentDependency (ID,disciplineID,departmentID,courseNumber,semesterNumber) VALUES ('1767','1767','25','5','1');
INSERT INTO disciplineDepartmentDependency (ID,disciplineID,departmentID,courseNumber,semesterNumber) VALUES ('1768','1768','25','6','2');
INSERT INTO disciplineDepartmentDependency (ID,disciplineID,departmentID,courseNumber,semesterNumber) VALUES ('1769','1769','25','1','1');
INSERT INTO disciplineDepartmentDependency (ID,disciplineID,departmentID,courseNumber,semesterNumber) VALUES ('1770','1770','25','2','2');
INSERT INTO disciplineDepartmentDependency (ID,disciplineID,departmentID,courseNumber,semesterNumber) VALUES ('1771','1771','25','3','1');
INSERT INTO disciplineDepartmentDependency (ID,disciplineID,departmentID,courseNumber,semesterNumber) VALUES ('1772','1772','25','4','2');
INSERT INTO disciplineDepartmentDependency (ID,disciplineID,departmentID,courseNumber,semesterNumber) VALUES ('1773','1773','25','5','1');
INSERT INTO disciplineDepartmentDependency (ID,disciplineID,departmentID,courseNumber,semesterNumber) VALUES ('1774','1774','25','6','2');
INSERT INTO disciplineDepartmentDependency (ID,disciplineID,departmentID,courseNumber,semesterNumber) VALUES ('1775','1775','25','1','1');
INSERT INTO disciplineDepartmentDependency (ID,disciplineID,departmentID,courseNumber,semesterNumber) VALUES ('1776','1776','25','2','2');
INSERT INTO disciplineDepartmentDependency (ID,disciplineID,departmentID,courseNumber,semesterNumber) VALUES ('1777','1777','25','3','1');
INSERT INTO disciplineDepartmentDependency (ID,disciplineID,departmentID,courseNumber,semesterNumber) VALUES ('1778','1778','25','4','2');
INSERT INTO disciplineDepartmentDependency (ID,disciplineID,departmentID,courseNumber,semesterNumber) VALUES ('1779','1779','25','5','1');
INSERT INTO disciplineDepartmentDependency (ID,disciplineID,departmentID,courseNumber,semesterNumber) VALUES ('1780','1780','25','6','2');
INSERT INTO disciplineDepartmentDependency (ID,disciplineID,departmentID,courseNumber,semesterNumber) VALUES ('1781','1781','25','1','1');
INSERT INTO disciplineDepartmentDependency (ID,disciplineID,departmentID,courseNumber,semesterNumber) VALUES ('1782','1782','25','2','2');
INSERT INTO disciplineDepartmentDependency (ID,disciplineID,departmentID,courseNumber,semesterNumber) VALUES ('1783','1783','25','3','1');
INSERT INTO disciplineDepartmentDependency (ID,disciplineID,departmentID,courseNumber,semesterNumber) VALUES ('1784','1784','25','4','2');
INSERT INTO disciplineDepartmentDependency (ID,disciplineID,departmentID,courseNumber,semesterNumber) VALUES ('1785','1785','25','5','1');
INSERT INTO disciplineDepartmentDependency (ID,disciplineID,departmentID,courseNumber,semesterNumber) VALUES ('1786','1786','25','6','2');
INSERT INTO disciplineDepartmentDependency (ID,disciplineID,departmentID,courseNumber,semesterNumber) VALUES ('1787','1787','25','1','1');
INSERT INTO disciplineDepartmentDependency (ID,disciplineID,departmentID,courseNumber,semesterNumber) VALUES ('1788','1788','25','2','2');
INSERT INTO disciplineDepartmentDependency (ID,disciplineID,departmentID,courseNumber,semesterNumber) VALUES ('1789','1789','25','3','1');
INSERT INTO disciplineDepartmentDependency (ID,disciplineID,departmentID,courseNumber,semesterNumber) VALUES ('1790','1790','25','4','2');
INSERT INTO disciplineDepartmentDependency (ID,disciplineID,departmentID,courseNumber,semesterNumber) VALUES ('1791','1791','25','5','1');
INSERT INTO disciplineDepartmentDependency (ID,disciplineID,departmentID,courseNumber,semesterNumber) VALUES ('1792','1792','25','6','2');
INSERT INTO disciplineDepartmentDependency (ID,disciplineID,departmentID,courseNumber,semesterNumber) VALUES ('1793','1793','25','1','1');
INSERT INTO disciplineDepartmentDependency (ID,disciplineID,departmentID,courseNumber,semesterNumber) VALUES ('1794','1794','25','2','2');
INSERT INTO disciplineDepartmentDependency (ID,disciplineID,departmentID,courseNumber,semesterNumber) VALUES ('1795','1795','25','3','1');
INSERT INTO disciplineDepartmentDependency (ID,disciplineID,departmentID,courseNumber,semesterNumber) VALUES ('1796','1796','25','4','2');
INSERT INTO disciplineDepartmentDependency (ID,disciplineID,departmentID,courseNumber,semesterNumber) VALUES ('1797','1797','25','5','1');
INSERT INTO disciplineDepartmentDependency (ID,disciplineID,departmentID,courseNumber,semesterNumber) VALUES ('1798','1798','25','6','2');
INSERT INTO disciplineDepartmentDependency (ID,disciplineID,departmentID,courseNumber,semesterNumber) VALUES ('1799','1799','25','1','1');
INSERT INTO disciplineDepartmentDependency (ID,disciplineID,departmentID,courseNumber,semesterNumber) VALUES ('1800','1800','25','2','2');
INSERT INTO disciplineDepartmentDependency (ID,disciplineID,departmentID,courseNumber,semesterNumber) VALUES ('1801','1801','25','3','1');
INSERT INTO disciplineDepartmentDependency (ID,disciplineID,departmentID,courseNumber,semesterNumber) VALUES ('1802','1802','25','4','2');
INSERT INTO disciplineDepartmentDependency (ID,disciplineID,departmentID,courseNumber,semesterNumber) VALUES ('1803','1803','25','5','1');
INSERT INTO disciplineDepartmentDependency (ID,disciplineID,departmentID,courseNumber,semesterNumber) VALUES ('1804','1804','25','6','2');
INSERT INTO disciplineDepartmentDependency (ID,disciplineID,departmentID,courseNumber,semesterNumber) VALUES ('1805','1805','25','1','1');
INSERT INTO disciplineDepartmentDependency (ID,disciplineID,departmentID,courseNumber,semesterNumber) VALUES ('1806','1806','25','2','2');
INSERT INTO disciplineDepartmentDependency (ID,disciplineID,departmentID,courseNumber,semesterNumber) VALUES ('1807','1807','25','3','1');
INSERT INTO disciplineDepartmentDependency (ID,disciplineID,departmentID,courseNumber,semesterNumber) VALUES ('1808','1808','25','4','2');
INSERT INTO disciplineDepartmentDependency (ID,disciplineID,departmentID,courseNumber,semesterNumber) VALUES ('1809','1809','25','5','1');
INSERT INTO disciplineDepartmentDependency (ID,disciplineID,departmentID,courseNumber,semesterNumber) VALUES ('1810','1810','25','6','2');
INSERT INTO disciplineDepartmentDependency (ID,disciplineID,departmentID,courseNumber,semesterNumber) VALUES ('1811','1811','25','1','1');
INSERT INTO disciplineDepartmentDependency (ID,disciplineID,departmentID,courseNumber,semesterNumber) VALUES ('1812','1812','25','2','2');
INSERT INTO disciplineDepartmentDependency (ID,disciplineID,departmentID,courseNumber,semesterNumber) VALUES ('1813','1813','25','3','1');
INSERT INTO disciplineDepartmentDependency (ID,disciplineID,departmentID,courseNumber,semesterNumber) VALUES ('1814','1814','25','4','2');
INSERT INTO disciplineDepartmentDependency (ID,disciplineID,departmentID,courseNumber,semesterNumber) VALUES ('1815','1815','25','5','1');
INSERT INTO disciplineDepartmentDependency (ID,disciplineID,departmentID,courseNumber,semesterNumber) VALUES ('1816','1816','25','6','2');
INSERT INTO disciplineDepartmentDependency (ID,disciplineID,departmentID,courseNumber,semesterNumber) VALUES ('1817','1817','25','1','1');
INSERT INTO disciplineDepartmentDependency (ID,disciplineID,departmentID,courseNumber,semesterNumber) VALUES ('1818','1818','25','2','2');
INSERT INTO disciplineDepartmentDependency (ID,disciplineID,departmentID,courseNumber,semesterNumber) VALUES ('1819','1819','25','3','1');
INSERT INTO disciplineDepartmentDependency (ID,disciplineID,departmentID,courseNumber,semesterNumber) VALUES ('1820','1820','25','4','2');
INSERT INTO disciplineDepartmentDependency (ID,disciplineID,departmentID,courseNumber,semesterNumber) VALUES ('1821','1821','25','5','1');
INSERT INTO disciplineDepartmentDependency (ID,disciplineID,departmentID,courseNumber,semesterNumber) VALUES ('1822','1822','25','6','2');
INSERT INTO disciplineDepartmentDependency (ID,disciplineID,departmentID,courseNumber,semesterNumber) VALUES ('1823','1823','25','1','1');
INSERT INTO disciplineDepartmentDependency (ID,disciplineID,departmentID,courseNumber,semesterNumber) VALUES ('1824','1824','25','2','2');
INSERT INTO disciplineDepartmentDependency (ID,disciplineID,departmentID,courseNumber,semesterNumber) VALUES ('1825','1825','25','3','1');
INSERT INTO disciplineDepartmentDependency (ID,disciplineID,departmentID,courseNumber,semesterNumber) VALUES ('1826','1826','25','4','2');
INSERT INTO disciplineDepartmentDependency (ID,disciplineID,departmentID,courseNumber,semesterNumber) VALUES ('1827','1827','25','5','1');
INSERT INTO disciplineDepartmentDependency (ID,disciplineID,departmentID,courseNumber,semesterNumber) VALUES ('1828','1828','25','6','2');
INSERT INTO disciplineDepartmentDependency (ID,disciplineID,departmentID,courseNumber,semesterNumber) VALUES ('1829','1829','25','1','1');
INSERT INTO disciplineDepartmentDependency (ID,disciplineID,departmentID,courseNumber,semesterNumber) VALUES ('1830','1830','25','2','2');
INSERT INTO disciplineDepartmentDependency (ID,disciplineID,departmentID,courseNumber,semesterNumber) VALUES ('1831','1831','25','3','1');
INSERT INTO disciplineDepartmentDependency (ID,disciplineID,departmentID,courseNumber,semesterNumber) VALUES ('1832','1832','25','4','2');
INSERT INTO disciplineDepartmentDependency (ID,disciplineID,departmentID,courseNumber,semesterNumber) VALUES ('1833','1833','25','5','1');
INSERT INTO loginpass (ID,login,password,access_type) VALUES ('59','GATUSXLAROMANQK@gmx.de','jkB8HtGE','employee');
INSERT INTO employee (name,lastName,fathersName,personalID,sex,email,phoneNumber,dateOfBorn,address,passport,login,office,ID,departmentID) VALUES ('Гатусила','РОМАНЮК','Хомівна','8676357287','f','GATUSXLAROMANQK@gmx.de','0674173022','1979-11-20','32140 Котовськ Квіткова 28, 192','SR183643 ГУМВС 6','GATUSXLAROMANQK@gmx.de','HR','57','25');
INSERT INTO loginpass (ID,login,password,access_type) VALUES ('60','GARNOSLAVGORDIQNKO@ntlworld.com','6J9jE3!k','employee');
INSERT INTO employee (name,lastName,fathersName,personalID,sex,email,phoneNumber,dateOfBorn,address,passport,login,office,ID,departmentID) VALUES ('Гарнослав','ГОРДІЄНКО','Лукич','1708517245','m','GARNOSLAVGORDIQNKO@ntlworld.com','0924047422','1964-06-25','70674 Нова Каховка Балакірева 93, 100','OI885114 ГУМВС 36','GARNOSLAVGORDIQNKO@ntlworld.com','HR','58','25');
INSERT INTO loginpass (ID,login,password,access_type) VALUES ('61','VOLELQBROMANQK@btinternet.com','ca6h&x#x','employee');
INSERT INTO employee (name,lastName,fathersName,personalID,sex,email,phoneNumber,dateOfBorn,address,passport,login,office,ID,departmentID) VALUES ('Волелюб','РОМАНЮК','Ілліч','2011458117','m','VOLELQBROMANQK@btinternet.com','0394185106','1990-04-21','67247 Кам'янець-Подільський Комсомольський ІІ-й 53, 179','PX746848 ГУМВС 37','VOLELQBROMANQK@btinternet.com','HR','59','25');
INSERT INTO gtgroup (id,fullGroupName,courseNumber,departmentID) VALUES ('276','КіВРА-10','1','25');
INSERT INTO gtgroup (id,fullGroupName,courseNumber,departmentID) VALUES ('277','КіВРА-11','1','25');
INSERT INTO gtgroup (id,fullGroupName,courseNumber,departmentID) VALUES ('278','КіВРА-12','1','25');
INSERT INTO gtgroup (id,fullGroupName,courseNumber,departmentID) VALUES ('279','КіВРА-20','2','25');
INSERT INTO gtgroup (id,fullGroupName,courseNumber,departmentID) VALUES ('280','КіВРА-21','2','25');
INSERT INTO gtgroup (id,fullGroupName,courseNumber,departmentID) VALUES ('281','КіВРА-22','2','25');
INSERT INTO gtgroup (id,fullGroupName,courseNumber,departmentID) VALUES ('282','КіВРА-30','3','25');
INSERT INTO gtgroup (id,fullGroupName,courseNumber,departmentID) VALUES ('283','КіВРА-31','3','25');
INSERT INTO gtgroup (id,fullGroupName,courseNumber,departmentID) VALUES ('284','КіВРА-32','3','25');
INSERT INTO gtgroup (id,fullGroupName,courseNumber,departmentID) VALUES ('285','КіВРА-40','4','25');
INSERT INTO gtgroup (id,fullGroupName,courseNumber,departmentID) VALUES ('286','КіВРА-41','4','25');
INSERT INTO gtgroup (id,fullGroupName,courseNumber,departmentID) VALUES ('287','КіВРА-42','4','25');
INSERT INTO gtgroup (id,fullGroupName,courseNumber,departmentID) VALUES ('288','КіВРА-50','5','25');
INSERT INTO gtgroup (id,fullGroupName,courseNumber,departmentID) VALUES ('289','КіВРА-51','5','25');
INSERT INTO gtgroup (id,fullGroupName,courseNumber,departmentID) VALUES ('290','КіВРА-52','5','25');
INSERT INTO gtgroup (id,fullGroupName,courseNumber,departmentID) VALUES ('291','КіВРА-60','6','25');
INSERT INTO gtgroup (id,fullGroupName,courseNumber,departmentID) VALUES ('292','КіВРА-61','6','25');
INSERT INTO gtgroup (id,fullGroupName,courseNumber,departmentID) VALUES ('293','КіВРА-62','6','25');
INSERT INTO dayRequirements (id,departmentID,countOfDaysInWeek,countOfLessonsInADay) VALUES ('25','26','6','5');
INSERT INTO discipline (id,nameOfDiscipline,countOfLessons,exam) VALUES ('1834','Discipline АПЕПС-0','15','no');
INSERT INTO discipline (id,nameOfDiscipline,countOfLessons,exam) VALUES ('1835','Discipline АПЕПС-1','15','no');
INSERT INTO discipline (id,nameOfDiscipline,countOfLessons,exam) VALUES ('1836','Discipline АПЕПС-2','15','no');
INSERT INTO discipline (id,nameOfDiscipline,countOfLessons,exam) VALUES ('1837','Discipline АПЕПС-3','15','no');
INSERT INTO discipline (id,nameOfDiscipline,countOfLessons,exam) VALUES ('1838','Discipline АПЕПС-4','15','no');
INSERT INTO discipline (id,nameOfDiscipline,countOfLessons,exam) VALUES ('1839','Discipline АПЕПС-5','15','no');
INSERT INTO discipline (id,nameOfDiscipline,countOfLessons,exam) VALUES ('1840','Discipline АПЕПС-6','15','no');
INSERT INTO discipline (id,nameOfDiscipline,countOfLessons,exam) VALUES ('1841','Discipline АПЕПС-7','15','no');
INSERT INTO discipline (id,nameOfDiscipline,countOfLessons,exam) VALUES ('1842','Discipline АПЕПС-8','15','no');
INSERT INTO discipline (id,nameOfDiscipline,countOfLessons,exam) VALUES ('1843','Discipline АПЕПС-9','15','no');
INSERT INTO discipline (id,nameOfDiscipline,countOfLessons,exam) VALUES ('1844','Discipline АПЕПС-10','15','no');
INSERT INTO discipline (id,nameOfDiscipline,countOfLessons,exam) VALUES ('1845','Discipline АПЕПС-11','15','no');
INSERT INTO discipline (id,nameOfDiscipline,countOfLessons,exam) VALUES ('1846','Discipline АПЕПС-12','15','no');
INSERT INTO discipline (id,nameOfDiscipline,countOfLessons,exam) VALUES ('1847','Discipline АПЕПС-13','15','no');
INSERT INTO discipline (id,nameOfDiscipline,countOfLessons,exam) VALUES ('1848','Discipline АПЕПС-14','15','no');
INSERT INTO discipline (id,nameOfDiscipline,countOfLessons,exam) VALUES ('1849','Discipline АПЕПС-15','15','no');
INSERT INTO discipline (id,nameOfDiscipline,countOfLessons,exam) VALUES ('1850','Discipline АПЕПС-16','15','no');
INSERT INTO discipline (id,nameOfDiscipline,countOfLessons,exam) VALUES ('1851','Discipline АПЕПС-17','15','no');
INSERT INTO discipline (id,nameOfDiscipline,countOfLessons,exam) VALUES ('1852','Discipline АПЕПС-18','15','no');
INSERT INTO discipline (id,nameOfDiscipline,countOfLessons,exam) VALUES ('1853','Discipline АПЕПС-19','15','no');
INSERT INTO discipline (id,nameOfDiscipline,countOfLessons,exam) VALUES ('1854','Discipline АПЕПС-20','15','no');
INSERT INTO discipline (id,nameOfDiscipline,countOfLessons,exam) VALUES ('1855','Discipline АПЕПС-21','15','no');
INSERT INTO discipline (id,nameOfDiscipline,countOfLessons,exam) VALUES ('1856','Discipline АПЕПС-22','15','no');
INSERT INTO discipline (id,nameOfDiscipline,countOfLessons,exam) VALUES ('1857','Discipline АПЕПС-23','15','no');
INSERT INTO discipline (id,nameOfDiscipline,countOfLessons,exam) VALUES ('1858','Discipline АПЕПС-24','15','no');
INSERT INTO discipline (id,nameOfDiscipline,countOfLessons,exam) VALUES ('1859','Discipline АПЕПС-25','15','no');
INSERT INTO discipline (id,nameOfDiscipline,countOfLessons,exam) VALUES ('1860','Discipline АПЕПС-26','15','no');
INSERT INTO discipline (id,nameOfDiscipline,countOfLessons,exam) VALUES ('1861','Discipline АПЕПС-27','15','no');
INSERT INTO discipline (id,nameOfDiscipline,countOfLessons,exam) VALUES ('1862','Discipline АПЕПС-28','15','no');
INSERT INTO discipline (id,nameOfDiscipline,countOfLessons,exam) VALUES ('1863','Discipline АПЕПС-29','15','no');
INSERT INTO discipline (id,nameOfDiscipline,countOfLessons,exam) VALUES ('1864','Discipline АПЕПС-30','15','no');
INSERT INTO discipline (id,nameOfDiscipline,countOfLessons,exam) VALUES ('1865','Discipline АПЕПС-31','15','no');
INSERT INTO discipline (id,nameOfDiscipline,countOfLessons,exam) VALUES ('1866','Discipline АПЕПС-32','15','no');
INSERT INTO discipline (id,nameOfDiscipline,countOfLessons,exam) VALUES ('1867','Discipline АПЕПС-33','15','no');
INSERT INTO discipline (id,nameOfDiscipline,countOfLessons,exam) VALUES ('1868','Discipline АПЕПС-34','15','no');
INSERT INTO discipline (id,nameOfDiscipline,countOfLessons,exam) VALUES ('1869','Discipline АПЕПС-35','15','no');
INSERT INTO discipline (id,nameOfDiscipline,countOfLessons,exam) VALUES ('1870','Discipline АПЕПС-36','15','no');
INSERT INTO discipline (id,nameOfDiscipline,countOfLessons,exam) VALUES ('1871','Discipline АПЕПС-37','15','no');
INSERT INTO discipline (id,nameOfDiscipline,countOfLessons,exam) VALUES ('1872','Discipline АПЕПС-38','15','no');
INSERT INTO discipline (id,nameOfDiscipline,countOfLessons,exam) VALUES ('1873','Discipline АПЕПС-39','15','no');
INSERT INTO discipline (id,nameOfDiscipline,countOfLessons,exam) VALUES ('1874','Discipline АПЕПС-40','15','no');
INSERT INTO discipline (id,nameOfDiscipline,countOfLessons,exam) VALUES ('1875','Discipline АПЕПС-41','15','no');
INSERT INTO discipline (id,nameOfDiscipline,countOfLessons,exam) VALUES ('1876','Discipline АПЕПС-42','15','no');
INSERT INTO discipline (id,nameOfDiscipline,countOfLessons,exam) VALUES ('1877','Discipline АПЕПС-43','15','no');
INSERT INTO discipline (id,nameOfDiscipline,countOfLessons,exam) VALUES ('1878','Discipline АПЕПС-44','15','no');
INSERT INTO discipline (id,nameOfDiscipline,countOfLessons,exam) VALUES ('1879','Discipline АПЕПС-45','15','no');
INSERT INTO discipline (id,nameOfDiscipline,countOfLessons,exam) VALUES ('1880','Discipline АПЕПС-46','15','no');
INSERT INTO discipline (id,nameOfDiscipline,countOfLessons,exam) VALUES ('1881','Discipline АПЕПС-47','15','no');
INSERT INTO discipline (id,nameOfDiscipline,countOfLessons,exam) VALUES ('1882','Discipline АПЕПС-48','15','no');
INSERT INTO discipline (id,nameOfDiscipline,countOfLessons,exam) VALUES ('1883','Discipline АПЕПС-49','15','no');
INSERT INTO discipline (id,nameOfDiscipline,countOfLessons,exam) VALUES ('1884','Discipline АПЕПС-50','15','no');
INSERT INTO discipline (id,nameOfDiscipline,countOfLessons,exam) VALUES ('1885','Discipline АПЕПС-51','15','no');
INSERT INTO discipline (id,nameOfDiscipline,countOfLessons,exam) VALUES ('1886','Discipline АПЕПС-52','15','no');
INSERT INTO discipline (id,nameOfDiscipline,countOfLessons,exam) VALUES ('1887','Discipline АПЕПС-53','15','no');
INSERT INTO discipline (id,nameOfDiscipline,countOfLessons,exam) VALUES ('1888','Discipline АПЕПС-54','15','no');
INSERT INTO discipline (id,nameOfDiscipline,countOfLessons,exam) VALUES ('1889','Discipline АПЕПС-55','15','no');
INSERT INTO discipline (id,nameOfDiscipline,countOfLessons,exam) VALUES ('1890','Discipline АПЕПС-56','15','no');
INSERT INTO discipline (id,nameOfDiscipline,countOfLessons,exam) VALUES ('1891','Discipline АПЕПС-57','15','no');
INSERT INTO discipline (id,nameOfDiscipline,countOfLessons,exam) VALUES ('1892','Discipline АПЕПС-58','15','no');
INSERT INTO discipline (id,nameOfDiscipline,countOfLessons,exam) VALUES ('1893','Discipline АПЕПС-59','15','no');
INSERT INTO discipline (id,nameOfDiscipline,countOfLessons,exam) VALUES ('1894','Discipline АПЕПС-60','15','no');
INSERT INTO discipline (id,nameOfDiscipline,countOfLessons,exam) VALUES ('1895','Discipline АПЕПС-61','15','no');
INSERT INTO discipline (id,nameOfDiscipline,countOfLessons,exam) VALUES ('1896','Discipline АПЕПС-62','15','no');
INSERT INTO discipline (id,nameOfDiscipline,countOfLessons,exam) VALUES ('1897','Discipline АПЕПС-63','15','no');
INSERT INTO discipline (id,nameOfDiscipline,countOfLessons,exam) VALUES ('1898','Discipline АПЕПС-64','15','no');
INSERT INTO discipline (id,nameOfDiscipline,countOfLessons,exam) VALUES ('1899','Discipline АПЕПС-65','15','no');
INSERT INTO discipline (id,nameOfDiscipline,countOfLessons,exam) VALUES ('1900','Discipline АПЕПС-66','15','no');
INSERT INTO discipline (id,nameOfDiscipline,countOfLessons,exam) VALUES ('1901','Discipline АПЕПС-67','15','no');
INSERT INTO discipline (id,nameOfDiscipline,countOfLessons,exam) VALUES ('1902','Discipline АПЕПС-68','15','no');
INSERT INTO discipline (id,nameOfDiscipline,countOfLessons,exam) VALUES ('1903','Discipline АПЕПС-69','15','no');
INSERT INTO discipline (id,nameOfDiscipline,countOfLessons,exam) VALUES ('1904','Discipline АПЕПС-70','15','no');
INSERT INTO disciplineDepartmentDependency (ID,disciplineID,departmentID,courseNumber,semesterNumber) VALUES ('1834','1834','26','1','1');
INSERT INTO disciplineDepartmentDependency (ID,disciplineID,departmentID,courseNumber,semesterNumber) VALUES ('1835','1835','26','2','2');
INSERT INTO disciplineDepartmentDependency (ID,disciplineID,departmentID,courseNumber,semesterNumber) VALUES ('1836','1836','26','3','1');
INSERT INTO disciplineDepartmentDependency (ID,disciplineID,departmentID,courseNumber,semesterNumber) VALUES ('1837','1837','26','4','2');
INSERT INTO disciplineDepartmentDependency (ID,disciplineID,departmentID,courseNumber,semesterNumber) VALUES ('1838','1838','26','5','1');
INSERT INTO disciplineDepartmentDependency (ID,disciplineID,departmentID,courseNumber,semesterNumber) VALUES ('1839','1839','26','6','2');
INSERT INTO disciplineDepartmentDependency (ID,disciplineID,departmentID,courseNumber,semesterNumber) VALUES ('1840','1840','26','1','1');
INSERT INTO disciplineDepartmentDependency (ID,disciplineID,departmentID,courseNumber,semesterNumber) VALUES ('1841','1841','26','2','2');
INSERT INTO disciplineDepartmentDependency (ID,disciplineID,departmentID,courseNumber,semesterNumber) VALUES ('1842','1842','26','3','1');
INSERT INTO disciplineDepartmentDependency (ID,disciplineID,departmentID,courseNumber,semesterNumber) VALUES ('1843','1843','26','4','2');
INSERT INTO disciplineDepartmentDependency (ID,disciplineID,departmentID,courseNumber,semesterNumber) VALUES ('1844','1844','26','5','1');
INSERT INTO disciplineDepartmentDependency (ID,disciplineID,departmentID,courseNumber,semesterNumber) VALUES ('1845','1845','26','6','2');
INSERT INTO disciplineDepartmentDependency (ID,disciplineID,departmentID,courseNumber,semesterNumber) VALUES ('1846','1846','26','1','1');
INSERT INTO disciplineDepartmentDependency (ID,disciplineID,departmentID,courseNumber,semesterNumber) VALUES ('1847','1847','26','2','2');
INSERT INTO disciplineDepartmentDependency (ID,disciplineID,departmentID,courseNumber,semesterNumber) VALUES ('1848','1848','26','3','1');
INSERT INTO disciplineDepartmentDependency (ID,disciplineID,departmentID,courseNumber,semesterNumber) VALUES ('1849','1849','26','4','2');
INSERT INTO disciplineDepartmentDependency (ID,disciplineID,departmentID,courseNumber,semesterNumber) VALUES ('1850','1850','26','5','1');
INSERT INTO disciplineDepartmentDependency (ID,disciplineID,departmentID,courseNumber,semesterNumber) VALUES ('1851','1851','26','6','2');
INSERT INTO disciplineDepartmentDependency (ID,disciplineID,departmentID,courseNumber,semesterNumber) VALUES ('1852','1852','26','1','1');
INSERT INTO disciplineDepartmentDependency (ID,disciplineID,departmentID,courseNumber,semesterNumber) VALUES ('1853','1853','26','2','2');
INSERT INTO disciplineDepartmentDependency (ID,disciplineID,departmentID,courseNumber,semesterNumber) VALUES ('1854','1854','26','3','1');
INSERT INTO disciplineDepartmentDependency (ID,disciplineID,departmentID,courseNumber,semesterNumber) VALUES ('1855','1855','26','4','2');
INSERT INTO disciplineDepartmentDependency (ID,disciplineID,departmentID,courseNumber,semesterNumber) VALUES ('1856','1856','26','5','1');
INSERT INTO disciplineDepartmentDependency (ID,disciplineID,departmentID,courseNumber,semesterNumber) VALUES ('1857','1857','26','6','2');
INSERT INTO disciplineDepartmentDependency (ID,disciplineID,departmentID,courseNumber,semesterNumber) VALUES ('1858','1858','26','1','1');
INSERT INTO disciplineDepartmentDependency (ID,disciplineID,departmentID,courseNumber,semesterNumber) VALUES ('1859','1859','26','2','2');
INSERT INTO disciplineDepartmentDependency (ID,disciplineID,departmentID,courseNumber,semesterNumber) VALUES ('1860','1860','26','3','1');
INSERT INTO disciplineDepartmentDependency (ID,disciplineID,departmentID,courseNumber,semesterNumber) VALUES ('1861','1861','26','4','2');
INSERT INTO disciplineDepartmentDependency (ID,disciplineID,departmentID,courseNumber,semesterNumber) VALUES ('1862','1862','26','5','1');
INSERT INTO disciplineDepartmentDependency (ID,disciplineID,departmentID,courseNumber,semesterNumber) VALUES ('1863','1863','26','6','2');
INSERT INTO disciplineDepartmentDependency (ID,disciplineID,departmentID,courseNumber,semesterNumber) VALUES ('1864','1864','26','1','1');
INSERT INTO disciplineDepartmentDependency (ID,disciplineID,departmentID,courseNumber,semesterNumber) VALUES ('1865','1865','26','2','2');
INSERT INTO disciplineDepartmentDependency (ID,disciplineID,departmentID,courseNumber,semesterNumber) VALUES ('1866','1866','26','3','1');
INSERT INTO disciplineDepartmentDependency (ID,disciplineID,departmentID,courseNumber,semesterNumber) VALUES ('1867','1867','26','4','2');
INSERT INTO disciplineDepartmentDependency (ID,disciplineID,departmentID,courseNumber,semesterNumber) VALUES ('1868','1868','26','5','1');
INSERT INTO disciplineDepartmentDependency (ID,disciplineID,departmentID,courseNumber,semesterNumber) VALUES ('1869','1869','26','6','2');
INSERT INTO disciplineDepartmentDependency (ID,disciplineID,departmentID,courseNumber,semesterNumber) VALUES ('1870','1870','26','1','1');
INSERT INTO disciplineDepartmentDependency (ID,disciplineID,departmentID,courseNumber,semesterNumber) VALUES ('1871','1871','26','2','2');
INSERT INTO disciplineDepartmentDependency (ID,disciplineID,departmentID,courseNumber,semesterNumber) VALUES ('1872','1872','26','3','1');
INSERT INTO disciplineDepartmentDependency (ID,disciplineID,departmentID,courseNumber,semesterNumber) VALUES ('1873','1873','26','4','2');
INSERT INTO disciplineDepartmentDependency (ID,disciplineID,departmentID,courseNumber,semesterNumber) VALUES ('1874','1874','26','5','1');
INSERT INTO disciplineDepartmentDependency (ID,disciplineID,departmentID,courseNumber,semesterNumber) VALUES ('1875','1875','26','6','2');
INSERT INTO disciplineDepartmentDependency (ID,disciplineID,departmentID,courseNumber,semesterNumber) VALUES ('1876','1876','26','1','1');
INSERT INTO disciplineDepartmentDependency (ID,disciplineID,departmentID,courseNumber,semesterNumber) VALUES ('1877','1877','26','2','2');
INSERT INTO disciplineDepartmentDependency (ID,disciplineID,departmentID,courseNumber,semesterNumber) VALUES ('1878','1878','26','3','1');
INSERT INTO disciplineDepartmentDependency (ID,disciplineID,departmentID,courseNumber,semesterNumber) VALUES ('1879','1879','26','4','2');
INSERT INTO disciplineDepartmentDependency (ID,disciplineID,departmentID,courseNumber,semesterNumber) VALUES ('1880','1880','26','5','1');
INSERT INTO disciplineDepartmentDependency (ID,disciplineID,departmentID,courseNumber,semesterNumber) VALUES ('1881','1881','26','6','2');
INSERT INTO disciplineDepartmentDependency (ID,disciplineID,departmentID,courseNumber,semesterNumber) VALUES ('1882','1882','26','1','1');
INSERT INTO disciplineDepartmentDependency (ID,disciplineID,departmentID,courseNumber,semesterNumber) VALUES ('1883','1883','26','2','2');
INSERT INTO disciplineDepartmentDependency (ID,disciplineID,departmentID,courseNumber,semesterNumber) VALUES ('1884','1884','26','3','1');
INSERT INTO disciplineDepartmentDependency (ID,disciplineID,departmentID,courseNumber,semesterNumber) VALUES ('1885','1885','26','4','2');
INSERT INTO disciplineDepartmentDependency (ID,disciplineID,departmentID,courseNumber,semesterNumber) VALUES ('1886','1886','26','5','1');
INSERT INTO disciplineDepartmentDependency (ID,disciplineID,departmentID,courseNumber,semesterNumber) VALUES ('1887','1887','26','6','2');
INSERT INTO disciplineDepartmentDependency (ID,disciplineID,departmentID,courseNumber,semesterNumber) VALUES ('1888','1888','26','1','1');
INSERT INTO disciplineDepartmentDependency (ID,disciplineID,departmentID,courseNumber,semesterNumber) VALUES ('1889','1889','26','2','2');
INSERT INTO disciplineDepartmentDependency (ID,disciplineID,departmentID,courseNumber,semesterNumber) VALUES ('1890','1890','26','3','1');
INSERT INTO disciplineDepartmentDependency (ID,disciplineID,departmentID,courseNumber,semesterNumber) VALUES ('1891','1891','26','4','2');
INSERT INTO disciplineDepartmentDependency (ID,disciplineID,departmentID,courseNumber,semesterNumber) VALUES ('1892','1892','26','5','1');
INSERT INTO disciplineDepartmentDependency (ID,disciplineID,departmentID,courseNumber,semesterNumber) VALUES ('1893','1893','26','6','2');
INSERT INTO disciplineDepartmentDependency (ID,disciplineID,departmentID,courseNumber,semesterNumber) VALUES ('1894','1894','26','1','1');
INSERT INTO disciplineDepartmentDependency (ID,disciplineID,departmentID,courseNumber,semesterNumber) VALUES ('1895','1895','26','2','2');
INSERT INTO disciplineDepartmentDependency (ID,disciplineID,departmentID,courseNumber,semesterNumber) VALUES ('1896','1896','26','3','1');
INSERT INTO disciplineDepartmentDependency (ID,disciplineID,departmentID,courseNumber,semesterNumber) VALUES ('1897','1897','26','4','2');
INSERT INTO disciplineDepartmentDependency (ID,disciplineID,departmentID,courseNumber,semesterNumber) VALUES ('1898','1898','26','5','1');
INSERT INTO disciplineDepartmentDependency (ID,disciplineID,departmentID,courseNumber,semesterNumber) VALUES ('1899','1899','26','6','2');
INSERT INTO disciplineDepartmentDependency (ID,disciplineID,departmentID,courseNumber,semesterNumber) VALUES ('1900','1900','26','1','1');
INSERT INTO disciplineDepartmentDependency (ID,disciplineID,departmentID,courseNumber,semesterNumber) VALUES ('1901','1901','26','2','2');
INSERT INTO disciplineDepartmentDependency (ID,disciplineID,departmentID,courseNumber,semesterNumber) VALUES ('1902','1902','26','3','1');
INSERT INTO disciplineDepartmentDependency (ID,disciplineID,departmentID,courseNumber,semesterNumber) VALUES ('1903','1903','26','4','2');
INSERT INTO disciplineDepartmentDependency (ID,disciplineID,departmentID,courseNumber,semesterNumber) VALUES ('1904','1904','26','5','1');
INSERT INTO loginpass (ID,login,password,access_type) VALUES ('62','DOROGOMXRQRZENKO@live.co.uk','9O$12CQS','employee');
INSERT INTO employee (name,lastName,fathersName,personalID,sex,email,phoneNumber,dateOfBorn,address,passport,login,office,ID,departmentID) VALUES ('Дорогомир','ЮРЧЕНКО','Григорович','6462706845','m','DOROGOMXRQRZENKO@live.co.uk','0946652112','1979-06-12','61706 Ізмаїл Бородіна 30, 268','UK543157 ГУМВС 21','DOROGOMXRQRZENKO@live.co.uk','HR','59','26');
INSERT INTO loginpass (ID,login,password,access_type) VALUES ('63','GAQNAKOLISNXK@virginmedia.com','DwcoGz7h','employee');
INSERT INTO employee (name,lastName,fathersName,personalID,sex,email,phoneNumber,dateOfBorn,address,passport,login,office,ID,departmentID) VALUES ('Гаїна','КОЛІСНИК','Хомівна','2062765585','f','GAQNAKOLISNXK@virginmedia.com','0630785087','1962-01-08','02221 Новоград-Волинський ІV-й Комсомольський 8, 248','GB147875 ГУМВС 42','GAQNAKOLISNXK@virginmedia.com','HR','60','26');
INSERT INTO loginpass (ID,login,password,access_type) VALUES ('64','GORXSLAVARADZENKO@hotmail.de','mO0K6C9B','employee');
INSERT INTO employee (name,lastName,fathersName,personalID,sex,email,phoneNumber,dateOfBorn,address,passport,login,office,ID,departmentID) VALUES ('Горислава','РАДЧЕНКО','Миколаївна','4615873601','f','GORXSLAVARADZENKO@hotmail.de','0926017182','1978-07-08','71085 Євпаторія Зарічна 78, 75','PD773531 ГУМВС 2','GORXSLAVARADZENKO@hotmail.de','HR','61','26');
INSERT INTO gtgroup (id,fullGroupName,courseNumber,departmentID) VALUES ('294','АПЕПС-10','1','26');
INSERT INTO gtgroup (id,fullGroupName,courseNumber,departmentID) VALUES ('295','АПЕПС-11','1','26');
INSERT INTO gtgroup (id,fullGroupName,courseNumber,departmentID) VALUES ('296','АПЕПС-12','1','26');
INSERT INTO gtgroup (id,fullGroupName,courseNumber,departmentID) VALUES ('297','АПЕПС-20','2','26');
INSERT INTO gtgroup (id,fullGroupName,courseNumber,departmentID) VALUES ('298','АПЕПС-21','2','26');
INSERT INTO gtgroup (id,fullGroupName,courseNumber,departmentID) VALUES ('299','АПЕПС-22','2','26');
INSERT INTO gtgroup (id,fullGroupName,courseNumber,departmentID) VALUES ('300','АПЕПС-30','3','26');
INSERT INTO gtgroup (id,fullGroupName,courseNumber,departmentID) VALUES ('301','АПЕПС-31','3','26');
INSERT INTO gtgroup (id,fullGroupName,courseNumber,departmentID) VALUES ('302','АПЕПС-32','3','26');
INSERT INTO gtgroup (id,fullGroupName,courseNumber,departmentID) VALUES ('303','АПЕПС-40','4','26');
INSERT INTO gtgroup (id,fullGroupName,courseNumber,departmentID) VALUES ('304','АПЕПС-41','4','26');
INSERT INTO gtgroup (id,fullGroupName,courseNumber,departmentID) VALUES ('305','АПЕПС-42','4','26');
INSERT INTO gtgroup (id,fullGroupName,courseNumber,departmentID) VALUES ('306','АПЕПС-50','5','26');
INSERT INTO gtgroup (id,fullGroupName,courseNumber,departmentID) VALUES ('307','АПЕПС-51','5','26');
INSERT INTO gtgroup (id,fullGroupName,courseNumber,departmentID) VALUES ('308','АПЕПС-52','5','26');
INSERT INTO gtgroup (id,fullGroupName,courseNumber,departmentID) VALUES ('309','АПЕПС-60','6','26');
INSERT INTO gtgroup (id,fullGroupName,courseNumber,departmentID) VALUES ('310','АПЕПС-61','6','26');
INSERT INTO gtgroup (id,fullGroupName,courseNumber,departmentID) VALUES ('311','АПЕПС-62','6','26');
INSERT INTO dayRequirements (id,departmentID,countOfDaysInWeek,countOfLessonsInADay) VALUES ('26','27','6','5');
INSERT INTO discipline (id,nameOfDiscipline,countOfLessons,exam) VALUES ('1905','Discipline АЕСтаІТФ-0','15','no');
INSERT INTO discipline (id,nameOfDiscipline,countOfLessons,exam) VALUES ('1906','Discipline АЕСтаІТФ-1','15','no');
INSERT INTO discipline (id,nameOfDiscipline,countOfLessons,exam) VALUES ('1907','Discipline АЕСтаІТФ-2','15','no');
INSERT INTO discipline (id,nameOfDiscipline,countOfLessons,exam) VALUES ('1908','Discipline АЕСтаІТФ-3','15','no');
INSERT INTO discipline (id,nameOfDiscipline,countOfLessons,exam) VALUES ('1909','Discipline АЕСтаІТФ-4','15','no');
INSERT INTO discipline (id,nameOfDiscipline,countOfLessons,exam) VALUES ('1910','Discipline АЕСтаІТФ-5','15','no');
INSERT INTO discipline (id,nameOfDiscipline,countOfLessons,exam) VALUES ('1911','Discipline АЕСтаІТФ-6','15','no');
INSERT INTO discipline (id,nameOfDiscipline,countOfLessons,exam) VALUES ('1912','Discipline АЕСтаІТФ-7','15','no');
INSERT INTO discipline (id,nameOfDiscipline,countOfLessons,exam) VALUES ('1913','Discipline АЕСтаІТФ-8','15','no');
INSERT INTO discipline (id,nameOfDiscipline,countOfLessons,exam) VALUES ('1914','Discipline АЕСтаІТФ-9','15','no');
INSERT INTO discipline (id,nameOfDiscipline,countOfLessons,exam) VALUES ('1915','Discipline АЕСтаІТФ-10','15','no');
INSERT INTO discipline (id,nameOfDiscipline,countOfLessons,exam) VALUES ('1916','Discipline АЕСтаІТФ-11','15','no');
INSERT INTO discipline (id,nameOfDiscipline,countOfLessons,exam) VALUES ('1917','Discipline АЕСтаІТФ-12','15','no');
INSERT INTO discipline (id,nameOfDiscipline,countOfLessons,exam) VALUES ('1918','Discipline АЕСтаІТФ-13','15','no');
INSERT INTO discipline (id,nameOfDiscipline,countOfLessons,exam) VALUES ('1919','Discipline АЕСтаІТФ-14','15','no');
INSERT INTO discipline (id,nameOfDiscipline,countOfLessons,exam) VALUES ('1920','Discipline АЕСтаІТФ-15','15','no');
INSERT INTO discipline (id,nameOfDiscipline,countOfLessons,exam) VALUES ('1921','Discipline АЕСтаІТФ-16','15','no');
INSERT INTO discipline (id,nameOfDiscipline,countOfLessons,exam) VALUES ('1922','Discipline АЕСтаІТФ-17','15','no');
INSERT INTO discipline (id,nameOfDiscipline,countOfLessons,exam) VALUES ('1923','Discipline АЕСтаІТФ-18','15','no');
INSERT INTO discipline (id,nameOfDiscipline,countOfLessons,exam) VALUES ('1924','Discipline АЕСтаІТФ-19','15','no');
INSERT INTO discipline (id,nameOfDiscipline,countOfLessons,exam) VALUES ('1925','Discipline АЕСтаІТФ-20','15','no');
INSERT INTO discipline (id,nameOfDiscipline,countOfLessons,exam) VALUES ('1926','Discipline АЕСтаІТФ-21','15','no');
INSERT INTO discipline (id,nameOfDiscipline,countOfLessons,exam) VALUES ('1927','Discipline АЕСтаІТФ-22','15','no');
INSERT INTO discipline (id,nameOfDiscipline,countOfLessons,exam) VALUES ('1928','Discipline АЕСтаІТФ-23','15','no');
INSERT INTO discipline (id,nameOfDiscipline,countOfLessons,exam) VALUES ('1929','Discipline АЕСтаІТФ-24','15','no');
INSERT INTO discipline (id,nameOfDiscipline,countOfLessons,exam) VALUES ('1930','Discipline АЕСтаІТФ-25','15','no');
INSERT INTO discipline (id,nameOfDiscipline,countOfLessons,exam) VALUES ('1931','Discipline АЕСтаІТФ-26','15','no');
INSERT INTO discipline (id,nameOfDiscipline,countOfLessons,exam) VALUES ('1932','Discipline АЕСтаІТФ-27','15','no');
INSERT INTO discipline (id,nameOfDiscipline,countOfLessons,exam) VALUES ('1933','Discipline АЕСтаІТФ-28','15','no');
INSERT INTO discipline (id,nameOfDiscipline,countOfLessons,exam) VALUES ('1934','Discipline АЕСтаІТФ-29','15','no');
INSERT INTO discipline (id,nameOfDiscipline,countOfLessons,exam) VALUES ('1935','Discipline АЕСтаІТФ-30','15','no');
INSERT INTO discipline (id,nameOfDiscipline,countOfLessons,exam) VALUES ('1936','Discipline АЕСтаІТФ-31','15','no');
INSERT INTO discipline (id,nameOfDiscipline,countOfLessons,exam) VALUES ('1937','Discipline АЕСтаІТФ-32','15','no');
INSERT INTO discipline (id,nameOfDiscipline,countOfLessons,exam) VALUES ('1938','Discipline АЕСтаІТФ-33','15','no');
INSERT INTO discipline (id,nameOfDiscipline,countOfLessons,exam) VALUES ('1939','Discipline АЕСтаІТФ-34','15','no');
INSERT INTO discipline (id,nameOfDiscipline,countOfLessons,exam) VALUES ('1940','Discipline АЕСтаІТФ-35','15','no');
INSERT INTO discipline (id,nameOfDiscipline,countOfLessons,exam) VALUES ('1941','Discipline АЕСтаІТФ-36','15','no');
INSERT INTO discipline (id,nameOfDiscipline,countOfLessons,exam) VALUES ('1942','Discipline АЕСтаІТФ-37','15','no');
INSERT INTO discipline (id,nameOfDiscipline,countOfLessons,exam) VALUES ('1943','Discipline АЕСтаІТФ-38','15','no');
INSERT INTO discipline (id,nameOfDiscipline,countOfLessons,exam) VALUES ('1944','Discipline АЕСтаІТФ-39','15','no');
INSERT INTO discipline (id,nameOfDiscipline,countOfLessons,exam) VALUES ('1945','Discipline АЕСтаІТФ-40','15','no');
INSERT INTO discipline (id,nameOfDiscipline,countOfLessons,exam) VALUES ('1946','Discipline АЕСтаІТФ-41','15','no');
INSERT INTO discipline (id,nameOfDiscipline,countOfLessons,exam) VALUES ('1947','Discipline АЕСтаІТФ-42','15','no');
INSERT INTO discipline (id,nameOfDiscipline,countOfLessons,exam) VALUES ('1948','Discipline АЕСтаІТФ-43','15','no');
INSERT INTO discipline (id,nameOfDiscipline,countOfLessons,exam) VALUES ('1949','Discipline АЕСтаІТФ-44','15','no');
INSERT INTO discipline (id,nameOfDiscipline,countOfLessons,exam) VALUES ('1950','Discipline АЕСтаІТФ-45','15','no');
INSERT INTO discipline (id,nameOfDiscipline,countOfLessons,exam) VALUES ('1951','Discipline АЕСтаІТФ-46','15','no');
INSERT INTO discipline (id,nameOfDiscipline,countOfLessons,exam) VALUES ('1952','Discipline АЕСтаІТФ-47','15','no');
INSERT INTO discipline (id,nameOfDiscipline,countOfLessons,exam) VALUES ('1953','Discipline АЕСтаІТФ-48','15','no');
INSERT INTO discipline (id,nameOfDiscipline,countOfLessons,exam) VALUES ('1954','Discipline АЕСтаІТФ-49','15','no');
INSERT INTO discipline (id,nameOfDiscipline,countOfLessons,exam) VALUES ('1955','Discipline АЕСтаІТФ-50','15','no');
INSERT INTO discipline (id,nameOfDiscipline,countOfLessons,exam) VALUES ('1956','Discipline АЕСтаІТФ-51','15','no');
INSERT INTO discipline (id,nameOfDiscipline,countOfLessons,exam) VALUES ('1957','Discipline АЕСтаІТФ-52','15','no');
INSERT INTO discipline (id,nameOfDiscipline,countOfLessons,exam) VALUES ('1958','Discipline АЕСтаІТФ-53','15','no');
INSERT INTO discipline (id,nameOfDiscipline,countOfLessons,exam) VALUES ('1959','Discipline АЕСтаІТФ-54','15','no');
INSERT INTO discipline (id,nameOfDiscipline,countOfLessons,exam) VALUES ('1960','Discipline АЕСтаІТФ-55','15','no');
INSERT INTO discipline (id,nameOfDiscipline,countOfLessons,exam) VALUES ('1961','Discipline АЕСтаІТФ-56','15','no');
INSERT INTO discipline (id,nameOfDiscipline,countOfLessons,exam) VALUES ('1962','Discipline АЕСтаІТФ-57','15','no');
INSERT INTO discipline (id,nameOfDiscipline,countOfLessons,exam) VALUES ('1963','Discipline АЕСтаІТФ-58','15','no');
INSERT INTO discipline (id,nameOfDiscipline,countOfLessons,exam) VALUES ('1964','Discipline АЕСтаІТФ-59','15','no');
INSERT INTO discipline (id,nameOfDiscipline,countOfLessons,exam) VALUES ('1965','Discipline АЕСтаІТФ-60','15','no');
INSERT INTO discipline (id,nameOfDiscipline,countOfLessons,exam) VALUES ('1966','Discipline АЕСтаІТФ-61','15','no');
INSERT INTO disciplineDepartmentDependency (ID,disciplineID,departmentID,courseNumber,semesterNumber) VALUES ('1905','1905','27','1','1');
INSERT INTO disciplineDepartmentDependency (ID,disciplineID,departmentID,courseNumber,semesterNumber) VALUES ('1906','1906','27','2','2');
INSERT INTO disciplineDepartmentDependency (ID,disciplineID,departmentID,courseNumber,semesterNumber) VALUES ('1907','1907','27','3','1');
INSERT INTO disciplineDepartmentDependency (ID,disciplineID,departmentID,courseNumber,semesterNumber) VALUES ('1908','1908','27','4','2');
INSERT INTO disciplineDepartmentDependency (ID,disciplineID,departmentID,courseNumber,semesterNumber) VALUES ('1909','1909','27','5','1');
INSERT INTO disciplineDepartmentDependency (ID,disciplineID,departmentID,courseNumber,semesterNumber) VALUES ('1910','1910','27','6','2');
INSERT INTO disciplineDepartmentDependency (ID,disciplineID,departmentID,courseNumber,semesterNumber) VALUES ('1911','1911','27','1','1');
INSERT INTO disciplineDepartmentDependency (ID,disciplineID,departmentID,courseNumber,semesterNumber) VALUES ('1912','1912','27','2','2');
INSERT INTO disciplineDepartmentDependency (ID,disciplineID,departmentID,courseNumber,semesterNumber) VALUES ('1913','1913','27','3','1');
INSERT INTO disciplineDepartmentDependency (ID,disciplineID,departmentID,courseNumber,semesterNumber) VALUES ('1914','1914','27','4','2');
INSERT INTO disciplineDepartmentDependency (ID,disciplineID,departmentID,courseNumber,semesterNumber) VALUES ('1915','1915','27','5','1');
INSERT INTO disciplineDepartmentDependency (ID,disciplineID,departmentID,courseNumber,semesterNumber) VALUES ('1916','1916','27','6','2');
INSERT INTO disciplineDepartmentDependency (ID,disciplineID,departmentID,courseNumber,semesterNumber) VALUES ('1917','1917','27','1','1');
INSERT INTO disciplineDepartmentDependency (ID,disciplineID,departmentID,courseNumber,semesterNumber) VALUES ('1918','1918','27','2','2');
INSERT INTO disciplineDepartmentDependency (ID,disciplineID,departmentID,courseNumber,semesterNumber) VALUES ('1919','1919','27','3','1');
INSERT INTO disciplineDepartmentDependency (ID,disciplineID,departmentID,courseNumber,semesterNumber) VALUES ('1920','1920','27','4','2');
INSERT INTO disciplineDepartmentDependency (ID,disciplineID,departmentID,courseNumber,semesterNumber) VALUES ('1921','1921','27','5','1');
INSERT INTO disciplineDepartmentDependency (ID,disciplineID,departmentID,courseNumber,semesterNumber) VALUES ('1922','1922','27','6','2');
INSERT INTO disciplineDepartmentDependency (ID,disciplineID,departmentID,courseNumber,semesterNumber) VALUES ('1923','1923','27','1','1');
INSERT INTO disciplineDepartmentDependency (ID,disciplineID,departmentID,courseNumber,semesterNumber) VALUES ('1924','1924','27','2','2');
INSERT INTO disciplineDepartmentDependency (ID,disciplineID,departmentID,courseNumber,semesterNumber) VALUES ('1925','1925','27','3','1');
INSERT INTO disciplineDepartmentDependency (ID,disciplineID,departmentID,courseNumber,semesterNumber) VALUES ('1926','1926','27','4','2');
INSERT INTO disciplineDepartmentDependency (ID,disciplineID,departmentID,courseNumber,semesterNumber) VALUES ('1927','1927','27','5','1');
INSERT INTO disciplineDepartmentDependency (ID,disciplineID,departmentID,courseNumber,semesterNumber) VALUES ('1928','1928','27','6','2');
INSERT INTO disciplineDepartmentDependency (ID,disciplineID,departmentID,courseNumber,semesterNumber) VALUES ('1929','1929','27','1','1');
INSERT INTO disciplineDepartmentDependency (ID,disciplineID,departmentID,courseNumber,semesterNumber) VALUES ('1930','1930','27','2','2');
INSERT INTO disciplineDepartmentDependency (ID,disciplineID,departmentID,courseNumber,semesterNumber) VALUES ('1931','1931','27','3','1');
INSERT INTO disciplineDepartmentDependency (ID,disciplineID,departmentID,courseNumber,semesterNumber) VALUES ('1932','1932','27','4','2');
INSERT INTO disciplineDepartmentDependency (ID,disciplineID,departmentID,courseNumber,semesterNumber) VALUES ('1933','1933','27','5','1');
INSERT INTO disciplineDepartmentDependency (ID,disciplineID,departmentID,courseNumber,semesterNumber) VALUES ('1934','1934','27','6','2');
INSERT INTO disciplineDepartmentDependency (ID,disciplineID,departmentID,courseNumber,semesterNumber) VALUES ('1935','1935','27','1','1');
INSERT INTO disciplineDepartmentDependency (ID,disciplineID,departmentID,courseNumber,semesterNumber) VALUES ('1936','1936','27','2','2');
INSERT INTO disciplineDepartmentDependency (ID,disciplineID,departmentID,courseNumber,semesterNumber) VALUES ('1937','1937','27','3','1');
INSERT INTO disciplineDepartmentDependency (ID,disciplineID,departmentID,courseNumber,semesterNumber) VALUES ('1938','1938','27','4','2');
INSERT INTO disciplineDepartmentDependency (ID,disciplineID,departmentID,courseNumber,semesterNumber) VALUES ('1939','1939','27','5','1');
INSERT INTO disciplineDepartmentDependency (ID,disciplineID,departmentID,courseNumber,semesterNumber) VALUES ('1940','1940','27','6','2');
INSERT INTO disciplineDepartmentDependency (ID,disciplineID,departmentID,courseNumber,semesterNumber) VALUES ('1941','1941','27','1','1');
INSERT INTO disciplineDepartmentDependency (ID,disciplineID,departmentID,courseNumber,semesterNumber) VALUES ('1942','1942','27','2','2');
INSERT INTO disciplineDepartmentDependency (ID,disciplineID,departmentID,courseNumber,semesterNumber) VALUES ('1943','1943','27','3','1');
INSERT INTO disciplineDepartmentDependency (ID,disciplineID,departmentID,courseNumber,semesterNumber) VALUES ('1944','1944','27','4','2');
INSERT INTO disciplineDepartmentDependency (ID,disciplineID,departmentID,courseNumber,semesterNumber) VALUES ('1945','1945','27','5','1');
INSERT INTO disciplineDepartmentDependency (ID,disciplineID,departmentID,courseNumber,semesterNumber) VALUES ('1946','1946','27','6','2');
INSERT INTO disciplineDepartmentDependency (ID,disciplineID,departmentID,courseNumber,semesterNumber) VALUES ('1947','1947','27','1','1');
INSERT INTO disciplineDepartmentDependency (ID,disciplineID,departmentID,courseNumber,semesterNumber) VALUES ('1948','1948','27','2','2');
INSERT INTO disciplineDepartmentDependency (ID,disciplineID,departmentID,courseNumber,semesterNumber) VALUES ('1949','1949','27','3','1');
INSERT INTO disciplineDepartmentDependency (ID,disciplineID,departmentID,courseNumber,semesterNumber) VALUES ('1950','1950','27','4','2');
INSERT INTO disciplineDepartmentDependency (ID,disciplineID,departmentID,courseNumber,semesterNumber) VALUES ('1951','1951','27','5','1');
INSERT INTO disciplineDepartmentDependency (ID,disciplineID,departmentID,courseNumber,semesterNumber) VALUES ('1952','1952','27','6','2');
INSERT INTO disciplineDepartmentDependency (ID,disciplineID,departmentID,courseNumber,semesterNumber) VALUES ('1953','1953','27','1','1');
INSERT INTO disciplineDepartmentDependency (ID,disciplineID,departmentID,courseNumber,semesterNumber) VALUES ('1954','1954','27','2','2');
INSERT INTO disciplineDepartmentDependency (ID,disciplineID,departmentID,courseNumber,semesterNumber) VALUES ('1955','1955','27','3','1');
INSERT INTO disciplineDepartmentDependency (ID,disciplineID,departmentID,courseNumber,semesterNumber) VALUES ('1956','1956','27','4','2');
INSERT INTO disciplineDepartmentDependency (ID,disciplineID,departmentID,courseNumber,semesterNumber) VALUES ('1957','1957','27','5','1');
INSERT INTO disciplineDepartmentDependency (ID,disciplineID,departmentID,courseNumber,semesterNumber) VALUES ('1958','1958','27','6','2');
INSERT INTO disciplineDepartmentDependency (ID,disciplineID,departmentID,courseNumber,semesterNumber) VALUES ('1959','1959','27','1','1');
INSERT INTO disciplineDepartmentDependency (ID,disciplineID,departmentID,courseNumber,semesterNumber) VALUES ('1960','1960','27','2','2');
INSERT INTO disciplineDepartmentDependency (ID,disciplineID,departmentID,courseNumber,semesterNumber) VALUES ('1961','1961','27','3','1');
INSERT INTO disciplineDepartmentDependency (ID,disciplineID,departmentID,courseNumber,semesterNumber) VALUES ('1962','1962','27','4','2');
INSERT INTO disciplineDepartmentDependency (ID,disciplineID,departmentID,courseNumber,semesterNumber) VALUES ('1963','1963','27','5','1');
INSERT INTO disciplineDepartmentDependency (ID,disciplineID,departmentID,courseNumber,semesterNumber) VALUES ('1964','1964','27','6','2');
INSERT INTO disciplineDepartmentDependency (ID,disciplineID,departmentID,courseNumber,semesterNumber) VALUES ('1965','1965','27','1','1');
INSERT INTO disciplineDepartmentDependency (ID,disciplineID,departmentID,courseNumber,semesterNumber) VALUES ('1966','1966','27','2','2');
INSERT INTO loginpass (ID,login,password,access_type) VALUES ('65','GOSTROWORAVLASENKO@web.de','MN#E#Rsr','employee');
INSERT INTO employee (name,lastName,fathersName,personalID,sex,email,phoneNumber,dateOfBorn,address,passport,login,office,ID,departmentID) VALUES ('Гострозора','ВЛАСЕНКО','Кузьмівна','4236455021','f','GOSTROWORAVLASENKO@web.de','0398686334','1990-06-17','73331 Миргород Будіндустрії 33, 198','MX167784 ГУМВС 7','GOSTROWORAVLASENKO@web.de','HR','62','27');
INSERT INTO loginpass (ID,login,password,access_type) VALUES ('66','GAQNAPALAMARZUK@ntlworld.com','&47RZpld','employee');
INSERT INTO employee (name,lastName,fathersName,personalID,sex,email,phoneNumber,dateOfBorn,address,passport,login,office,ID,departmentID) VALUES ('Гаїна','ПАЛАМАРЧУК','Кузьмівна','5753217822','f','GAQNAPALAMARZUK@ntlworld.com','0676426577','1957-02-23','52706 Горлівка Грибоєдова 5, 270','SD488118 ГУМВС 22','GAQNAPALAMARZUK@ntlworld.com','HR','63','27');
INSERT INTO loginpass (ID,login,password,access_type) VALUES ('67','VOLODXMXRAHOMENKO@laposte.net','TPDh5m3p','employee');
INSERT INTO employee (name,lastName,fathersName,personalID,sex,email,phoneNumber,dateOfBorn,address,passport,login,office,ID,departmentID) VALUES ('Володимира','ХОМЕНКО','Хомівна','5723837562','f','VOLODXMXRAHOMENKO@laposte.net','0942011003','1956-08-02','10272 Миколаїв Дачний 86, 248','AI612814 ГУМВС 29','VOLODXMXRAHOMENKO@laposte.net','HR','64','27');
INSERT INTO loginpass (ID,login,password,access_type) VALUES ('68','DWVENXSLAVALEVZENKO@btinternet.com','dFJhX1De','employee');
INSERT INTO employee (name,lastName,fathersName,personalID,sex,email,phoneNumber,dateOfBorn,address,passport,login,office,ID,departmentID) VALUES ('Дзвенислава','ЛЕВЧЕНКО','Іллівна','8515404803','f','DWVENXSLAVALEVZENKO@btinternet.com','0392388866','1967-11-07','62152 Бердянськ Комунальний 99, 87','ED211152 ГУМВС 2','DWVENXSLAVALEVZENKO@btinternet.com','HR','65','27');
INSERT INTO gtgroup (id,fullGroupName,courseNumber,departmentID) VALUES ('312','АЕСтаІТФ-10','1','27');
INSERT INTO gtgroup (id,fullGroupName,courseNumber,departmentID) VALUES ('313','АЕСтаІТФ-11','1','27');
INSERT INTO gtgroup (id,fullGroupName,courseNumber,departmentID) VALUES ('314','АЕСтаІТФ-12','1','27');
INSERT INTO gtgroup (id,fullGroupName,courseNumber,departmentID) VALUES ('315','АЕСтаІТФ-20','2','27');
INSERT INTO gtgroup (id,fullGroupName,courseNumber,departmentID) VALUES ('316','АЕСтаІТФ-21','2','27');
INSERT INTO gtgroup (id,fullGroupName,courseNumber,departmentID) VALUES ('317','АЕСтаІТФ-22','2','27');
INSERT INTO gtgroup (id,fullGroupName,courseNumber,departmentID) VALUES ('318','АЕСтаІТФ-30','3','27');
INSERT INTO gtgroup (id,fullGroupName,courseNumber,departmentID) VALUES ('319','АЕСтаІТФ-31','3','27');
INSERT INTO gtgroup (id,fullGroupName,courseNumber,departmentID) VALUES ('320','АЕСтаІТФ-32','3','27');
INSERT INTO gtgroup (id,fullGroupName,courseNumber,departmentID) VALUES ('321','АЕСтаІТФ-40','4','27');
INSERT INTO gtgroup (id,fullGroupName,courseNumber,departmentID) VALUES ('322','АЕСтаІТФ-41','4','27');
INSERT INTO gtgroup (id,fullGroupName,courseNumber,departmentID) VALUES ('323','АЕСтаІТФ-42','4','27');
INSERT INTO gtgroup (id,fullGroupName,courseNumber,departmentID) VALUES ('324','АЕСтаІТФ-50','5','27');
INSERT INTO gtgroup (id,fullGroupName,courseNumber,departmentID) VALUES ('325','АЕСтаІТФ-51','5','27');
INSERT INTO gtgroup (id,fullGroupName,courseNumber,departmentID) VALUES ('326','АЕСтаІТФ-52','5','27');
INSERT INTO gtgroup (id,fullGroupName,courseNumber,departmentID) VALUES ('327','АЕСтаІТФ-60','6','27');
INSERT INTO gtgroup (id,fullGroupName,courseNumber,departmentID) VALUES ('328','АЕСтаІТФ-61','6','27');
INSERT INTO gtgroup (id,fullGroupName,courseNumber,departmentID) VALUES ('329','АЕСтаІТФ-62','6','27');
INSERT INTO dayRequirements (id,departmentID,countOfDaysInWeek,countOfLessonsInADay) VALUES ('27','28','6','5');
INSERT INTO discipline (id,nameOfDiscipline,countOfLessons,exam) VALUES ('1967','Discipline АТЕП-0','15','no');
INSERT INTO discipline (id,nameOfDiscipline,countOfLessons,exam) VALUES ('1968','Discipline АТЕП-1','15','no');
INSERT INTO discipline (id,nameOfDiscipline,countOfLessons,exam) VALUES ('1969','Discipline АТЕП-2','15','no');
INSERT INTO discipline (id,nameOfDiscipline,countOfLessons,exam) VALUES ('1970','Discipline АТЕП-3','15','no');
INSERT INTO discipline (id,nameOfDiscipline,countOfLessons,exam) VALUES ('1971','Discipline АТЕП-4','15','no');
INSERT INTO discipline (id,nameOfDiscipline,countOfLessons,exam) VALUES ('1972','Discipline АТЕП-5','15','no');
INSERT INTO discipline (id,nameOfDiscipline,countOfLessons,exam) VALUES ('1973','Discipline АТЕП-6','15','no');
INSERT INTO discipline (id,nameOfDiscipline,countOfLessons,exam) VALUES ('1974','Discipline АТЕП-7','15','no');
INSERT INTO discipline (id,nameOfDiscipline,countOfLessons,exam) VALUES ('1975','Discipline АТЕП-8','15','no');
INSERT INTO discipline (id,nameOfDiscipline,countOfLessons,exam) VALUES ('1976','Discipline АТЕП-9','15','no');
INSERT INTO discipline (id,nameOfDiscipline,countOfLessons,exam) VALUES ('1977','Discipline АТЕП-10','15','no');
INSERT INTO discipline (id,nameOfDiscipline,countOfLessons,exam) VALUES ('1978','Discipline АТЕП-11','15','no');
INSERT INTO discipline (id,nameOfDiscipline,countOfLessons,exam) VALUES ('1979','Discipline АТЕП-12','15','no');
INSERT INTO discipline (id,nameOfDiscipline,countOfLessons,exam) VALUES ('1980','Discipline АТЕП-13','15','no');
INSERT INTO discipline (id,nameOfDiscipline,countOfLessons,exam) VALUES ('1981','Discipline АТЕП-14','15','no');
INSERT INTO discipline (id,nameOfDiscipline,countOfLessons,exam) VALUES ('1982','Discipline АТЕП-15','15','no');
INSERT INTO discipline (id,nameOfDiscipline,countOfLessons,exam) VALUES ('1983','Discipline АТЕП-16','15','no');
INSERT INTO discipline (id,nameOfDiscipline,countOfLessons,exam) VALUES ('1984','Discipline АТЕП-17','15','no');
INSERT INTO discipline (id,nameOfDiscipline,countOfLessons,exam) VALUES ('1985','Discipline АТЕП-18','15','no');
INSERT INTO discipline (id,nameOfDiscipline,countOfLessons,exam) VALUES ('1986','Discipline АТЕП-19','15','no');
INSERT INTO discipline (id,nameOfDiscipline,countOfLessons,exam) VALUES ('1987','Discipline АТЕП-20','15','no');
INSERT INTO discipline (id,nameOfDiscipline,countOfLessons,exam) VALUES ('1988','Discipline АТЕП-21','15','no');
INSERT INTO discipline (id,nameOfDiscipline,countOfLessons,exam) VALUES ('1989','Discipline АТЕП-22','15','no');
INSERT INTO discipline (id,nameOfDiscipline,countOfLessons,exam) VALUES ('1990','Discipline АТЕП-23','15','no');
INSERT INTO discipline (id,nameOfDiscipline,countOfLessons,exam) VALUES ('1991','Discipline АТЕП-24','15','no');
INSERT INTO discipline (id,nameOfDiscipline,countOfLessons,exam) VALUES ('1992','Discipline АТЕП-25','15','no');
INSERT INTO discipline (id,nameOfDiscipline,countOfLessons,exam) VALUES ('1993','Discipline АТЕП-26','15','no');
INSERT INTO discipline (id,nameOfDiscipline,countOfLessons,exam) VALUES ('1994','Discipline АТЕП-27','15','no');
INSERT INTO discipline (id,nameOfDiscipline,countOfLessons,exam) VALUES ('1995','Discipline АТЕП-28','15','no');
INSERT INTO discipline (id,nameOfDiscipline,countOfLessons,exam) VALUES ('1996','Discipline АТЕП-29','15','no');
INSERT INTO discipline (id,nameOfDiscipline,countOfLessons,exam) VALUES ('1997','Discipline АТЕП-30','15','no');
INSERT INTO discipline (id,nameOfDiscipline,countOfLessons,exam) VALUES ('1998','Discipline АТЕП-31','15','no');
INSERT INTO discipline (id,nameOfDiscipline,countOfLessons,exam) VALUES ('1999','Discipline АТЕП-32','15','no');
INSERT INTO discipline (id,nameOfDiscipline,countOfLessons,exam) VALUES ('2000','Discipline АТЕП-33','15','no');
INSERT INTO discipline (id,nameOfDiscipline,countOfLessons,exam) VALUES ('2001','Discipline АТЕП-34','15','no');
INSERT INTO discipline (id,nameOfDiscipline,countOfLessons,exam) VALUES ('2002','Discipline АТЕП-35','15','no');
INSERT INTO discipline (id,nameOfDiscipline,countOfLessons,exam) VALUES ('2003','Discipline АТЕП-36','15','no');
INSERT INTO discipline (id,nameOfDiscipline,countOfLessons,exam) VALUES ('2004','Discipline АТЕП-37','15','no');
INSERT INTO discipline (id,nameOfDiscipline,countOfLessons,exam) VALUES ('2005','Discipline АТЕП-38','15','no');
INSERT INTO discipline (id,nameOfDiscipline,countOfLessons,exam) VALUES ('2006','Discipline АТЕП-39','15','no');
INSERT INTO discipline (id,nameOfDiscipline,countOfLessons,exam) VALUES ('2007','Discipline АТЕП-40','15','no');
INSERT INTO discipline (id,nameOfDiscipline,countOfLessons,exam) VALUES ('2008','Discipline АТЕП-41','15','no');
INSERT INTO discipline (id,nameOfDiscipline,countOfLessons,exam) VALUES ('2009','Discipline АТЕП-42','15','no');
INSERT INTO discipline (id,nameOfDiscipline,countOfLessons,exam) VALUES ('2010','Discipline АТЕП-43','15','no');
INSERT INTO discipline (id,nameOfDiscipline,countOfLessons,exam) VALUES ('2011','Discipline АТЕП-44','15','no');
INSERT INTO discipline (id,nameOfDiscipline,countOfLessons,exam) VALUES ('2012','Discipline АТЕП-45','15','no');
INSERT INTO discipline (id,nameOfDiscipline,countOfLessons,exam) VALUES ('2013','Discipline АТЕП-46','15','no');
INSERT INTO discipline (id,nameOfDiscipline,countOfLessons,exam) VALUES ('2014','Discipline АТЕП-47','15','no');
INSERT INTO discipline (id,nameOfDiscipline,countOfLessons,exam) VALUES ('2015','Discipline АТЕП-48','15','no');
INSERT INTO discipline (id,nameOfDiscipline,countOfLessons,exam) VALUES ('2016','Discipline АТЕП-49','15','no');
INSERT INTO discipline (id,nameOfDiscipline,countOfLessons,exam) VALUES ('2017','Discipline АТЕП-50','15','no');
INSERT INTO discipline (id,nameOfDiscipline,countOfLessons,exam) VALUES ('2018','Discipline АТЕП-51','15','no');
INSERT INTO discipline (id,nameOfDiscipline,countOfLessons,exam) VALUES ('2019','Discipline АТЕП-52','15','no');
INSERT INTO discipline (id,nameOfDiscipline,countOfLessons,exam) VALUES ('2020','Discipline АТЕП-53','15','no');
INSERT INTO discipline (id,nameOfDiscipline,countOfLessons,exam) VALUES ('2021','Discipline АТЕП-54','15','no');
INSERT INTO discipline (id,nameOfDiscipline,countOfLessons,exam) VALUES ('2022','Discipline АТЕП-55','15','no');
INSERT INTO discipline (id,nameOfDiscipline,countOfLessons,exam) VALUES ('2023','Discipline АТЕП-56','15','no');
INSERT INTO discipline (id,nameOfDiscipline,countOfLessons,exam) VALUES ('2024','Discipline АТЕП-57','15','no');
INSERT INTO discipline (id,nameOfDiscipline,countOfLessons,exam) VALUES ('2025','Discipline АТЕП-58','15','no');
INSERT INTO discipline (id,nameOfDiscipline,countOfLessons,exam) VALUES ('2026','Discipline АТЕП-59','15','no');
INSERT INTO discipline (id,nameOfDiscipline,countOfLessons,exam) VALUES ('2027','Discipline АТЕП-60','15','no');
INSERT INTO discipline (id,nameOfDiscipline,countOfLessons,exam) VALUES ('2028','Discipline АТЕП-61','15','no');
INSERT INTO discipline (id,nameOfDiscipline,countOfLessons,exam) VALUES ('2029','Discipline АТЕП-62','15','no');
INSERT INTO discipline (id,nameOfDiscipline,countOfLessons,exam) VALUES ('2030','Discipline АТЕП-63','15','no');
INSERT INTO discipline (id,nameOfDiscipline,countOfLessons,exam) VALUES ('2031','Discipline АТЕП-64','15','no');
INSERT INTO discipline (id,nameOfDiscipline,countOfLessons,exam) VALUES ('2032','Discipline АТЕП-65','15','no');
INSERT INTO disciplineDepartmentDependency (ID,disciplineID,departmentID,courseNumber,semesterNumber) VALUES ('1967','1967','28','1','1');
INSERT INTO disciplineDepartmentDependency (ID,disciplineID,departmentID,courseNumber,semesterNumber) VALUES ('1968','1968','28','2','2');
INSERT INTO disciplineDepartmentDependency (ID,disciplineID,departmentID,courseNumber,semesterNumber) VALUES ('1969','1969','28','3','1');
INSERT INTO disciplineDepartmentDependency (ID,disciplineID,departmentID,courseNumber,semesterNumber) VALUES ('1970','1970','28','4','2');
INSERT INTO disciplineDepartmentDependency (ID,disciplineID,departmentID,courseNumber,semesterNumber) VALUES ('1971','1971','28','5','1');
INSERT INTO disciplineDepartmentDependency (ID,disciplineID,departmentID,courseNumber,semesterNumber) VALUES ('1972','1972','28','6','2');
INSERT INTO disciplineDepartmentDependency (ID,disciplineID,departmentID,courseNumber,semesterNumber) VALUES ('1973','1973','28','1','1');
INSERT INTO disciplineDepartmentDependency (ID,disciplineID,departmentID,courseNumber,semesterNumber) VALUES ('1974','1974','28','2','2');
INSERT INTO disciplineDepartmentDependency (ID,disciplineID,departmentID,courseNumber,semesterNumber) VALUES ('1975','1975','28','3','1');
INSERT INTO disciplineDepartmentDependency (ID,disciplineID,departmentID,courseNumber,semesterNumber) VALUES ('1976','1976','28','4','2');
INSERT INTO disciplineDepartmentDependency (ID,disciplineID,departmentID,courseNumber,semesterNumber) VALUES ('1977','1977','28','5','1');
INSERT INTO disciplineDepartmentDependency (ID,disciplineID,departmentID,courseNumber,semesterNumber) VALUES ('1978','1978','28','6','2');
INSERT INTO disciplineDepartmentDependency (ID,disciplineID,departmentID,courseNumber,semesterNumber) VALUES ('1979','1979','28','1','1');
INSERT INTO disciplineDepartmentDependency (ID,disciplineID,departmentID,courseNumber,semesterNumber) VALUES ('1980','1980','28','2','2');
INSERT INTO disciplineDepartmentDependency (ID,disciplineID,departmentID,courseNumber,semesterNumber) VALUES ('1981','1981','28','3','1');
INSERT INTO disciplineDepartmentDependency (ID,disciplineID,departmentID,courseNumber,semesterNumber) VALUES ('1982','1982','28','4','2');
INSERT INTO disciplineDepartmentDependency (ID,disciplineID,departmentID,courseNumber,semesterNumber) VALUES ('1983','1983','28','5','1');
INSERT INTO disciplineDepartmentDependency (ID,disciplineID,departmentID,courseNumber,semesterNumber) VALUES ('1984','1984','28','6','2');
INSERT INTO disciplineDepartmentDependency (ID,disciplineID,departmentID,courseNumber,semesterNumber) VALUES ('1985','1985','28','1','1');
INSERT INTO disciplineDepartmentDependency (ID,disciplineID,departmentID,courseNumber,semesterNumber) VALUES ('1986','1986','28','2','2');
INSERT INTO disciplineDepartmentDependency (ID,disciplineID,departmentID,courseNumber,semesterNumber) VALUES ('1987','1987','28','3','1');
INSERT INTO disciplineDepartmentDependency (ID,disciplineID,departmentID,courseNumber,semesterNumber) VALUES ('1988','1988','28','4','2');
INSERT INTO disciplineDepartmentDependency (ID,disciplineID,departmentID,courseNumber,semesterNumber) VALUES ('1989','1989','28','5','1');
INSERT INTO disciplineDepartmentDependency (ID,disciplineID,departmentID,courseNumber,semesterNumber) VALUES ('1990','1990','28','6','2');
INSERT INTO disciplineDepartmentDependency (ID,disciplineID,departmentID,courseNumber,semesterNumber) VALUES ('1991','1991','28','1','1');
INSERT INTO disciplineDepartmentDependency (ID,disciplineID,departmentID,courseNumber,semesterNumber) VALUES ('1992','1992','28','2','2');
INSERT INTO disciplineDepartmentDependency (ID,disciplineID,departmentID,courseNumber,semesterNumber) VALUES ('1993','1993','28','3','1');
INSERT INTO disciplineDepartmentDependency (ID,disciplineID,departmentID,courseNumber,semesterNumber) VALUES ('1994','1994','28','4','2');
INSERT INTO disciplineDepartmentDependency (ID,disciplineID,departmentID,courseNumber,semesterNumber) VALUES ('1995','1995','28','5','1');
INSERT INTO disciplineDepartmentDependency (ID,disciplineID,departmentID,courseNumber,semesterNumber) VALUES ('1996','1996','28','6','2');
INSERT INTO disciplineDepartmentDependency (ID,disciplineID,departmentID,courseNumber,semesterNumber) VALUES ('1997','1997','28','1','1');
INSERT INTO disciplineDepartmentDependency (ID,disciplineID,departmentID,courseNumber,semesterNumber) VALUES ('1998','1998','28','2','2');
INSERT INTO disciplineDepartmentDependency (ID,disciplineID,departmentID,courseNumber,semesterNumber) VALUES ('1999','1999','28','3','1');
INSERT INTO disciplineDepartmentDependency (ID,disciplineID,departmentID,courseNumber,semesterNumber) VALUES ('2000','2000','28','4','2');
INSERT INTO disciplineDepartmentDependency (ID,disciplineID,departmentID,courseNumber,semesterNumber) VALUES ('2001','2001','28','5','1');
INSERT INTO disciplineDepartmentDependency (ID,disciplineID,departmentID,courseNumber,semesterNumber) VALUES ('2002','2002','28','6','2');
INSERT INTO disciplineDepartmentDependency (ID,disciplineID,departmentID,courseNumber,semesterNumber) VALUES ('2003','2003','28','1','1');
INSERT INTO disciplineDepartmentDependency (ID,disciplineID,departmentID,courseNumber,semesterNumber) VALUES ('2004','2004','28','2','2');
INSERT INTO disciplineDepartmentDependency (ID,disciplineID,departmentID,courseNumber,semesterNumber) VALUES ('2005','2005','28','3','1');
INSERT INTO disciplineDepartmentDependency (ID,disciplineID,departmentID,courseNumber,semesterNumber) VALUES ('2006','2006','28','4','2');
INSERT INTO disciplineDepartmentDependency (ID,disciplineID,departmentID,courseNumber,semesterNumber) VALUES ('2007','2007','28','5','1');
INSERT INTO disciplineDepartmentDependency (ID,disciplineID,departmentID,courseNumber,semesterNumber) VALUES ('2008','2008','28','6','2');
INSERT INTO disciplineDepartmentDependency (ID,disciplineID,departmentID,courseNumber,semesterNumber) VALUES ('2009','2009','28','1','1');
INSERT INTO disciplineDepartmentDependency (ID,disciplineID,departmentID,courseNumber,semesterNumber) VALUES ('2010','2010','28','2','2');
INSERT INTO disciplineDepartmentDependency (ID,disciplineID,departmentID,courseNumber,semesterNumber) VALUES ('2011','2011','28','3','1');
INSERT INTO disciplineDepartmentDependency (ID,disciplineID,departmentID,courseNumber,semesterNumber) VALUES ('2012','2012','28','4','2');
INSERT INTO disciplineDepartmentDependency (ID,disciplineID,departmentID,courseNumber,semesterNumber) VALUES ('2013','2013','28','5','1');
INSERT INTO disciplineDepartmentDependency (ID,disciplineID,departmentID,courseNumber,semesterNumber) VALUES ('2014','2014','28','6','2');
INSERT INTO disciplineDepartmentDependency (ID,disciplineID,departmentID,courseNumber,semesterNumber) VALUES ('2015','2015','28','1','1');
INSERT INTO disciplineDepartmentDependency (ID,disciplineID,departmentID,courseNumber,semesterNumber) VALUES ('2016','2016','28','2','2');
INSERT INTO disciplineDepartmentDependency (ID,disciplineID,departmentID,courseNumber,semesterNumber) VALUES ('2017','2017','28','3','1');
INSERT INTO disciplineDepartmentDependency (ID,disciplineID,departmentID,courseNumber,semesterNumber) VALUES ('2018','2018','28','4','2');
INSERT INTO disciplineDepartmentDependency (ID,disciplineID,departmentID,courseNumber,semesterNumber) VALUES ('2019','2019','28','5','1');
INSERT INTO disciplineDepartmentDependency (ID,disciplineID,departmentID,courseNumber,semesterNumber) VALUES ('2020','2020','28','6','2');
INSERT INTO disciplineDepartmentDependency (ID,disciplineID,departmentID,courseNumber,semesterNumber) VALUES ('2021','2021','28','1','1');
INSERT INTO disciplineDepartmentDependency (ID,disciplineID,departmentID,courseNumber,semesterNumber) VALUES ('2022','2022','28','2','2');
INSERT INTO disciplineDepartmentDependency (ID,disciplineID,departmentID,courseNumber,semesterNumber) VALUES ('2023','2023','28','3','1');
INSERT INTO disciplineDepartmentDependency (ID,disciplineID,departmentID,courseNumber,semesterNumber) VALUES ('2024','2024','28','4','2');
INSERT INTO disciplineDepartmentDependency (ID,disciplineID,departmentID,courseNumber,semesterNumber) VALUES ('2025','2025','28','5','1');
INSERT INTO disciplineDepartmentDependency (ID,disciplineID,departmentID,courseNumber,semesterNumber) VALUES ('2026','2026','28','6','2');
INSERT INTO disciplineDepartmentDependency (ID,disciplineID,departmentID,courseNumber,semesterNumber) VALUES ('2027','2027','28','1','1');
INSERT INTO disciplineDepartmentDependency (ID,disciplineID,departmentID,courseNumber,semesterNumber) VALUES ('2028','2028','28','2','2');
INSERT INTO disciplineDepartmentDependency (ID,disciplineID,departmentID,courseNumber,semesterNumber) VALUES ('2029','2029','28','3','1');
INSERT INTO disciplineDepartmentDependency (ID,disciplineID,departmentID,courseNumber,semesterNumber) VALUES ('2030','2030','28','4','2');
INSERT INTO disciplineDepartmentDependency (ID,disciplineID,departmentID,courseNumber,semesterNumber) VALUES ('2031','2031','28','5','1');
INSERT INTO disciplineDepartmentDependency (ID,disciplineID,departmentID,courseNumber,semesterNumber) VALUES ('2032','2032','28','6','2');
INSERT INTO loginpass (ID,login,password,access_type) VALUES ('69','GATUSXLAKOVALENKO@blueyonder.co.uk','oyyDfBZW','employee');
INSERT INTO employee (name,lastName,fathersName,personalID,sex,email,phoneNumber,dateOfBorn,address,passport,login,office,ID,departmentID) VALUES ('Гатусила','КОВАЛЕНКО','Луківна','8563243344','f','GATUSXLAKOVALENKO@blueyonder.co.uk','0925737777','1980-02-28','27875 Черкаси 38-ї Армії 49, 90','TD158713 ГУМВС 43','GATUSXLAKOVALENKO@blueyonder.co.uk','HR','66','28');
INSERT INTO loginpass (ID,login,password,access_type) VALUES ('70','BOGOVIRAFEDORENKO@gmx.de','wO$BklLM','employee');
INSERT INTO employee (name,lastName,fathersName,personalID,sex,email,phoneNumber,dateOfBorn,address,passport,login,office,ID,departmentID) VALUES ('Боговіра','ФЕДОРЕНКО','Савівна','6582384506','f','BOGOVIRAFEDORENKO@gmx.de','0667186265','1963-05-23','83135 Вишневе Гвардійська 68, 66','EH133582 ГУМВС 2','BOGOVIRAFEDORENKO@gmx.de','HR','67','28');
INSERT INTO gtgroup (id,fullGroupName,courseNumber,departmentID) VALUES ('330','АТЕП-10','1','28');
INSERT INTO gtgroup (id,fullGroupName,courseNumber,departmentID) VALUES ('331','АТЕП-11','1','28');
INSERT INTO gtgroup (id,fullGroupName,courseNumber,departmentID) VALUES ('332','АТЕП-20','2','28');
INSERT INTO gtgroup (id,fullGroupName,courseNumber,departmentID) VALUES ('333','АТЕП-21','2','28');
INSERT INTO gtgroup (id,fullGroupName,courseNumber,departmentID) VALUES ('334','АТЕП-30','3','28');
INSERT INTO gtgroup (id,fullGroupName,courseNumber,departmentID) VALUES ('335','АТЕП-31','3','28');
INSERT INTO gtgroup (id,fullGroupName,courseNumber,departmentID) VALUES ('336','АТЕП-40','4','28');
INSERT INTO gtgroup (id,fullGroupName,courseNumber,departmentID) VALUES ('337','АТЕП-41','4','28');
INSERT INTO gtgroup (id,fullGroupName,courseNumber,departmentID) VALUES ('338','АТЕП-50','5','28');
INSERT INTO gtgroup (id,fullGroupName,courseNumber,departmentID) VALUES ('339','АТЕП-51','5','28');
INSERT INTO gtgroup (id,fullGroupName,courseNumber,departmentID) VALUES ('340','АТЕП-60','6','28');
INSERT INTO gtgroup (id,fullGroupName,courseNumber,departmentID) VALUES ('341','АТЕП-61','6','28');
INSERT INTO dayRequirements (id,departmentID,countOfDaysInWeek,countOfLessonsInADay) VALUES ('28','29','6','5');
INSERT INTO discipline (id,nameOfDiscipline,countOfLessons,exam) VALUES ('2033','Discipline ТПТ-0','15','no');
INSERT INTO discipline (id,nameOfDiscipline,countOfLessons,exam) VALUES ('2034','Discipline ТПТ-1','15','no');
INSERT INTO discipline (id,nameOfDiscipline,countOfLessons,exam) VALUES ('2035','Discipline ТПТ-2','15','no');
INSERT INTO discipline (id,nameOfDiscipline,countOfLessons,exam) VALUES ('2036','Discipline ТПТ-3','15','no');
INSERT INTO discipline (id,nameOfDiscipline,countOfLessons,exam) VALUES ('2037','Discipline ТПТ-4','15','no');
INSERT INTO discipline (id,nameOfDiscipline,countOfLessons,exam) VALUES ('2038','Discipline ТПТ-5','15','no');
INSERT INTO discipline (id,nameOfDiscipline,countOfLessons,exam) VALUES ('2039','Discipline ТПТ-6','15','no');
INSERT INTO discipline (id,nameOfDiscipline,countOfLessons,exam) VALUES ('2040','Discipline ТПТ-7','15','no');
INSERT INTO discipline (id,nameOfDiscipline,countOfLessons,exam) VALUES ('2041','Discipline ТПТ-8','15','no');
INSERT INTO discipline (id,nameOfDiscipline,countOfLessons,exam) VALUES ('2042','Discipline ТПТ-9','15','no');
INSERT INTO discipline (id,nameOfDiscipline,countOfLessons,exam) VALUES ('2043','Discipline ТПТ-10','15','no');
INSERT INTO discipline (id,nameOfDiscipline,countOfLessons,exam) VALUES ('2044','Discipline ТПТ-11','15','no');
INSERT INTO discipline (id,nameOfDiscipline,countOfLessons,exam) VALUES ('2045','Discipline ТПТ-12','15','no');
INSERT INTO discipline (id,nameOfDiscipline,countOfLessons,exam) VALUES ('2046','Discipline ТПТ-13','15','no');
INSERT INTO discipline (id,nameOfDiscipline,countOfLessons,exam) VALUES ('2047','Discipline ТПТ-14','15','no');
INSERT INTO discipline (id,nameOfDiscipline,countOfLessons,exam) VALUES ('2048','Discipline ТПТ-15','15','no');
INSERT INTO discipline (id,nameOfDiscipline,countOfLessons,exam) VALUES ('2049','Discipline ТПТ-16','15','no');
INSERT INTO discipline (id,nameOfDiscipline,countOfLessons,exam) VALUES ('2050','Discipline ТПТ-17','15','no');
INSERT INTO discipline (id,nameOfDiscipline,countOfLessons,exam) VALUES ('2051','Discipline ТПТ-18','15','no');
INSERT INTO discipline (id,nameOfDiscipline,countOfLessons,exam) VALUES ('2052','Discipline ТПТ-19','15','no');
INSERT INTO discipline (id,nameOfDiscipline,countOfLessons,exam) VALUES ('2053','Discipline ТПТ-20','15','no');
INSERT INTO discipline (id,nameOfDiscipline,countOfLessons,exam) VALUES ('2054','Discipline ТПТ-21','15','no');
INSERT INTO discipline (id,nameOfDiscipline,countOfLessons,exam) VALUES ('2055','Discipline ТПТ-22','15','no');
INSERT INTO discipline (id,nameOfDiscipline,countOfLessons,exam) VALUES ('2056','Discipline ТПТ-23','15','no');
INSERT INTO discipline (id,nameOfDiscipline,countOfLessons,exam) VALUES ('2057','Discipline ТПТ-24','15','no');
INSERT INTO discipline (id,nameOfDiscipline,countOfLessons,exam) VALUES ('2058','Discipline ТПТ-25','15','no');
INSERT INTO discipline (id,nameOfDiscipline,countOfLessons,exam) VALUES ('2059','Discipline ТПТ-26','15','no');
INSERT INTO discipline (id,nameOfDiscipline,countOfLessons,exam) VALUES ('2060','Discipline ТПТ-27','15','no');
INSERT INTO discipline (id,nameOfDiscipline,countOfLessons,exam) VALUES ('2061','Discipline ТПТ-28','15','no');
INSERT INTO discipline (id,nameOfDiscipline,countOfLessons,exam) VALUES ('2062','Discipline ТПТ-29','15','no');
INSERT INTO discipline (id,nameOfDiscipline,countOfLessons,exam) VALUES ('2063','Discipline ТПТ-30','15','no');
INSERT INTO discipline (id,nameOfDiscipline,countOfLessons,exam) VALUES ('2064','Discipline ТПТ-31','15','no');
INSERT INTO discipline (id,nameOfDiscipline,countOfLessons,exam) VALUES ('2065','Discipline ТПТ-32','15','no');
INSERT INTO discipline (id,nameOfDiscipline,countOfLessons,exam) VALUES ('2066','Discipline ТПТ-33','15','no');
INSERT INTO discipline (id,nameOfDiscipline,countOfLessons,exam) VALUES ('2067','Discipline ТПТ-34','15','no');
INSERT INTO discipline (id,nameOfDiscipline,countOfLessons,exam) VALUES ('2068','Discipline ТПТ-35','15','no');
INSERT INTO discipline (id,nameOfDiscipline,countOfLessons,exam) VALUES ('2069','Discipline ТПТ-36','15','no');
INSERT INTO discipline (id,nameOfDiscipline,countOfLessons,exam) VALUES ('2070','Discipline ТПТ-37','15','no');
INSERT INTO discipline (id,nameOfDiscipline,countOfLessons,exam) VALUES ('2071','Discipline ТПТ-38','15','no');
INSERT INTO discipline (id,nameOfDiscipline,countOfLessons,exam) VALUES ('2072','Discipline ТПТ-39','15','no');
INSERT INTO discipline (id,nameOfDiscipline,countOfLessons,exam) VALUES ('2073','Discipline ТПТ-40','15','no');
INSERT INTO discipline (id,nameOfDiscipline,countOfLessons,exam) VALUES ('2074','Discipline ТПТ-41','15','no');
INSERT INTO discipline (id,nameOfDiscipline,countOfLessons,exam) VALUES ('2075','Discipline ТПТ-42','15','no');
INSERT INTO discipline (id,nameOfDiscipline,countOfLessons,exam) VALUES ('2076','Discipline ТПТ-43','15','no');
INSERT INTO discipline (id,nameOfDiscipline,countOfLessons,exam) VALUES ('2077','Discipline ТПТ-44','15','no');
INSERT INTO discipline (id,nameOfDiscipline,countOfLessons,exam) VALUES ('2078','Discipline ТПТ-45','15','no');
INSERT INTO discipline (id,nameOfDiscipline,countOfLessons,exam) VALUES ('2079','Discipline ТПТ-46','15','no');
INSERT INTO discipline (id,nameOfDiscipline,countOfLessons,exam) VALUES ('2080','Discipline ТПТ-47','15','no');
INSERT INTO discipline (id,nameOfDiscipline,countOfLessons,exam) VALUES ('2081','Discipline ТПТ-48','15','no');
INSERT INTO discipline (id,nameOfDiscipline,countOfLessons,exam) VALUES ('2082','Discipline ТПТ-49','15','no');
INSERT INTO discipline (id,nameOfDiscipline,countOfLessons,exam) VALUES ('2083','Discipline ТПТ-50','15','no');
INSERT INTO discipline (id,nameOfDiscipline,countOfLessons,exam) VALUES ('2084','Discipline ТПТ-51','15','no');
INSERT INTO discipline (id,nameOfDiscipline,countOfLessons,exam) VALUES ('2085','Discipline ТПТ-52','15','no');
INSERT INTO discipline (id,nameOfDiscipline,countOfLessons,exam) VALUES ('2086','Discipline ТПТ-53','15','no');
INSERT INTO discipline (id,nameOfDiscipline,countOfLessons,exam) VALUES ('2087','Discipline ТПТ-54','15','no');
INSERT INTO discipline (id,nameOfDiscipline,countOfLessons,exam) VALUES ('2088','Discipline ТПТ-55','15','no');
INSERT INTO discipline (id,nameOfDiscipline,countOfLessons,exam) VALUES ('2089','Discipline ТПТ-56','15','no');
INSERT INTO discipline (id,nameOfDiscipline,countOfLessons,exam) VALUES ('2090','Discipline ТПТ-57','15','no');
INSERT INTO discipline (id,nameOfDiscipline,countOfLessons,exam) VALUES ('2091','Discipline ТПТ-58','15','no');
INSERT INTO discipline (id,nameOfDiscipline,countOfLessons,exam) VALUES ('2092','Discipline ТПТ-59','15','no');
INSERT INTO discipline (id,nameOfDiscipline,countOfLessons,exam) VALUES ('2093','Discipline ТПТ-60','15','no');
INSERT INTO discipline (id,nameOfDiscipline,countOfLessons,exam) VALUES ('2094','Discipline ТПТ-61','15','no');
INSERT INTO discipline (id,nameOfDiscipline,countOfLessons,exam) VALUES ('2095','Discipline ТПТ-62','15','no');
INSERT INTO discipline (id,nameOfDiscipline,countOfLessons,exam) VALUES ('2096','Discipline ТПТ-63','15','no');
INSERT INTO discipline (id,nameOfDiscipline,countOfLessons,exam) VALUES ('2097','Discipline ТПТ-64','15','no');
INSERT INTO discipline (id,nameOfDiscipline,countOfLessons,exam) VALUES ('2098','Discipline ТПТ-65','15','no');
INSERT INTO disciplineDepartmentDependency (ID,disciplineID,departmentID,courseNumber,semesterNumber) VALUES ('2033','2033','29','1','1');
INSERT INTO disciplineDepartmentDependency (ID,disciplineID,departmentID,courseNumber,semesterNumber) VALUES ('2034','2034','29','2','2');
INSERT INTO disciplineDepartmentDependency (ID,disciplineID,departmentID,courseNumber,semesterNumber) VALUES ('2035','2035','29','3','1');
INSERT INTO disciplineDepartmentDependency (ID,disciplineID,departmentID,courseNumber,semesterNumber) VALUES ('2036','2036','29','4','2');
INSERT INTO disciplineDepartmentDependency (ID,disciplineID,departmentID,courseNumber,semesterNumber) VALUES ('2037','2037','29','5','1');
INSERT INTO disciplineDepartmentDependency (ID,disciplineID,departmentID,courseNumber,semesterNumber) VALUES ('2038','2038','29','6','2');
INSERT INTO disciplineDepartmentDependency (ID,disciplineID,departmentID,courseNumber,semesterNumber) VALUES ('2039','2039','29','1','1');
INSERT INTO disciplineDepartmentDependency (ID,disciplineID,departmentID,courseNumber,semesterNumber) VALUES ('2040','2040','29','2','2');
INSERT INTO disciplineDepartmentDependency (ID,disciplineID,departmentID,courseNumber,semesterNumber) VALUES ('2041','2041','29','3','1');
INSERT INTO disciplineDepartmentDependency (ID,disciplineID,departmentID,courseNumber,semesterNumber) VALUES ('2042','2042','29','4','2');
INSERT INTO disciplineDepartmentDependency (ID,disciplineID,departmentID,courseNumber,semesterNumber) VALUES ('2043','2043','29','5','1');
INSERT INTO disciplineDepartmentDependency (ID,disciplineID,departmentID,courseNumber,semesterNumber) VALUES ('2044','2044','29','6','2');
INSERT INTO disciplineDepartmentDependency (ID,disciplineID,departmentID,courseNumber,semesterNumber) VALUES ('2045','2045','29','1','1');
INSERT INTO disciplineDepartmentDependency (ID,disciplineID,departmentID,courseNumber,semesterNumber) VALUES ('2046','2046','29','2','2');
INSERT INTO disciplineDepartmentDependency (ID,disciplineID,departmentID,courseNumber,semesterNumber) VALUES ('2047','2047','29','3','1');
INSERT INTO disciplineDepartmentDependency (ID,disciplineID,departmentID,courseNumber,semesterNumber) VALUES ('2048','2048','29','4','2');
INSERT INTO disciplineDepartmentDependency (ID,disciplineID,departmentID,courseNumber,semesterNumber) VALUES ('2049','2049','29','5','1');
INSERT INTO disciplineDepartmentDependency (ID,disciplineID,departmentID,courseNumber,semesterNumber) VALUES ('2050','2050','29','6','2');
INSERT INTO disciplineDepartmentDependency (ID,disciplineID,departmentID,courseNumber,semesterNumber) VALUES ('2051','2051','29','1','1');
INSERT INTO disciplineDepartmentDependency (ID,disciplineID,departmentID,courseNumber,semesterNumber) VALUES ('2052','2052','29','2','2');
INSERT INTO disciplineDepartmentDependency (ID,disciplineID,departmentID,courseNumber,semesterNumber) VALUES ('2053','2053','29','3','1');
INSERT INTO disciplineDepartmentDependency (ID,disciplineID,departmentID,courseNumber,semesterNumber) VALUES ('2054','2054','29','4','2');
INSERT INTO disciplineDepartmentDependency (ID,disciplineID,departmentID,courseNumber,semesterNumber) VALUES ('2055','2055','29','5','1');
INSERT INTO disciplineDepartmentDependency (ID,disciplineID,departmentID,courseNumber,semesterNumber) VALUES ('2056','2056','29','6','2');
INSERT INTO disciplineDepartmentDependency (ID,disciplineID,departmentID,courseNumber,semesterNumber) VALUES ('2057','2057','29','1','1');
INSERT INTO disciplineDepartmentDependency (ID,disciplineID,departmentID,courseNumber,semesterNumber) VALUES ('2058','2058','29','2','2');
INSERT INTO disciplineDepartmentDependency (ID,disciplineID,departmentID,courseNumber,semesterNumber) VALUES ('2059','2059','29','3','1');
INSERT INTO disciplineDepartmentDependency (ID,disciplineID,departmentID,courseNumber,semesterNumber) VALUES ('2060','2060','29','4','2');
INSERT INTO disciplineDepartmentDependency (ID,disciplineID,departmentID,courseNumber,semesterNumber) VALUES ('2061','2061','29','5','1');
INSERT INTO disciplineDepartmentDependency (ID,disciplineID,departmentID,courseNumber,semesterNumber) VALUES ('2062','2062','29','6','2');
INSERT INTO disciplineDepartmentDependency (ID,disciplineID,departmentID,courseNumber,semesterNumber) VALUES ('2063','2063','29','1','1');
INSERT INTO disciplineDepartmentDependency (ID,disciplineID,departmentID,courseNumber,semesterNumber) VALUES ('2064','2064','29','2','2');
INSERT INTO disciplineDepartmentDependency (ID,disciplineID,departmentID,courseNumber,semesterNumber) VALUES ('2065','2065','29','3','1');
INSERT INTO disciplineDepartmentDependency (ID,disciplineID,departmentID,courseNumber,semesterNumber) VALUES ('2066','2066','29','4','2');
INSERT INTO disciplineDepartmentDependency (ID,disciplineID,departmentID,courseNumber,semesterNumber) VALUES ('2067','2067','29','5','1');
INSERT INTO disciplineDepartmentDependency (ID,disciplineID,departmentID,courseNumber,semesterNumber) VALUES ('2068','2068','29','6','2');
INSERT INTO disciplineDepartmentDependency (ID,disciplineID,departmentID,courseNumber,semesterNumber) VALUES ('2069','2069','29','1','1');
INSERT INTO disciplineDepartmentDependency (ID,disciplineID,departmentID,courseNumber,semesterNumber) VALUES ('2070','2070','29','2','2');
INSERT INTO disciplineDepartmentDependency (ID,disciplineID,departmentID,courseNumber,semesterNumber) VALUES ('2071','2071','29','3','1');
INSERT INTO disciplineDepartmentDependency (ID,disciplineID,departmentID,courseNumber,semesterNumber) VALUES ('2072','2072','29','4','2');
INSERT INTO disciplineDepartmentDependency (ID,disciplineID,departmentID,courseNumber,semesterNumber) VALUES ('2073','2073','29','5','1');
INSERT INTO disciplineDepartmentDependency (ID,disciplineID,departmentID,courseNumber,semesterNumber) VALUES ('2074','2074','29','6','2');
INSERT INTO disciplineDepartmentDependency (ID,disciplineID,departmentID,courseNumber,semesterNumber) VALUES ('2075','2075','29','1','1');
INSERT INTO disciplineDepartmentDependency (ID,disciplineID,departmentID,courseNumber,semesterNumber) VALUES ('2076','2076','29','2','2');
INSERT INTO disciplineDepartmentDependency (ID,disciplineID,departmentID,courseNumber,semesterNumber) VALUES ('2077','2077','29','3','1');
INSERT INTO disciplineDepartmentDependency (ID,disciplineID,departmentID,courseNumber,semesterNumber) VALUES ('2078','2078','29','4','2');
INSERT INTO disciplineDepartmentDependency (ID,disciplineID,departmentID,courseNumber,semesterNumber) VALUES ('2079','2079','29','5','1');
INSERT INTO disciplineDepartmentDependency (ID,disciplineID,departmentID,courseNumber,semesterNumber) VALUES ('2080','2080','29','6','2');
INSERT INTO disciplineDepartmentDependency (ID,disciplineID,departmentID,courseNumber,semesterNumber) VALUES ('2081','2081','29','1','1');
INSERT INTO disciplineDepartmentDependency (ID,disciplineID,departmentID,courseNumber,semesterNumber) VALUES ('2082','2082','29','2','2');
INSERT INTO disciplineDepartmentDependency (ID,disciplineID,departmentID,courseNumber,semesterNumber) VALUES ('2083','2083','29','3','1');
INSERT INTO disciplineDepartmentDependency (ID,disciplineID,departmentID,courseNumber,semesterNumber) VALUES ('2084','2084','29','4','2');
INSERT INTO disciplineDepartmentDependency (ID,disciplineID,departmentID,courseNumber,semesterNumber) VALUES ('2085','2085','29','5','1');
INSERT INTO disciplineDepartmentDependency (ID,disciplineID,departmentID,courseNumber,semesterNumber) VALUES ('2086','2086','29','6','2');
INSERT INTO disciplineDepartmentDependency (ID,disciplineID,departmentID,courseNumber,semesterNumber) VALUES ('2087','2087','29','1','1');
INSERT INTO disciplineDepartmentDependency (ID,disciplineID,departmentID,courseNumber,semesterNumber) VALUES ('2088','2088','29','2','2');
INSERT INTO disciplineDepartmentDependency (ID,disciplineID,departmentID,courseNumber,semesterNumber) VALUES ('2089','2089','29','3','1');
INSERT INTO disciplineDepartmentDependency (ID,disciplineID,departmentID,courseNumber,semesterNumber) VALUES ('2090','2090','29','4','2');
INSERT INTO disciplineDepartmentDependency (ID,disciplineID,departmentID,courseNumber,semesterNumber) VALUES ('2091','2091','29','5','1');
INSERT INTO disciplineDepartmentDependency (ID,disciplineID,departmentID,courseNumber,semesterNumber) VALUES ('2092','2092','29','6','2');
INSERT INTO disciplineDepartmentDependency (ID,disciplineID,departmentID,courseNumber,semesterNumber) VALUES ('2093','2093','29','1','1');
INSERT INTO disciplineDepartmentDependency (ID,disciplineID,departmentID,courseNumber,semesterNumber) VALUES ('2094','2094','29','2','2');
INSERT INTO disciplineDepartmentDependency (ID,disciplineID,departmentID,courseNumber,semesterNumber) VALUES ('2095','2095','29','3','1');
INSERT INTO disciplineDepartmentDependency (ID,disciplineID,departmentID,courseNumber,semesterNumber) VALUES ('2096','2096','29','4','2');
INSERT INTO disciplineDepartmentDependency (ID,disciplineID,departmentID,courseNumber,semesterNumber) VALUES ('2097','2097','29','5','1');
INSERT INTO disciplineDepartmentDependency (ID,disciplineID,departmentID,courseNumber,semesterNumber) VALUES ('2098','2098','29','6','2');
INSERT INTO loginpass (ID,login,password,access_type) VALUES ('71','VOLELQBPANASQK@talktalk.co.uk','1xmpoOgQ','employee');
INSERT INTO employee (name,lastName,fathersName,personalID,sex,email,phoneNumber,dateOfBorn,address,passport,login,office,ID,departmentID) VALUES ('Волелюб','ПАНАСЮК','Савич','2185636222','m','VOLELQBPANASQK@talktalk.co.uk','0660363615','1978-04-11','74633 Луганськ Вернигори 29, 18','SD126144 ГУМВС 21','VOLELQBPANASQK@talktalk.co.uk','HR','68','29');
INSERT INTO loginpass (ID,login,password,access_type) VALUES ('72','DOBRXKROMANQK@talktalk.co.uk','mFQ&kyt7','employee');
INSERT INTO employee (name,lastName,fathersName,personalID,sex,email,phoneNumber,dateOfBorn,address,passport,login,office,ID,departmentID) VALUES ('Добрик','РОМАНЮК','Ілліч','8251752816','m','DOBRXKROMANQK@talktalk.co.uk','0508121226','1985-06-12','68468 Южноукраїнськ Академіка Корольова 80, 156','NN673617 ГУМВС 3','DOBRXKROMANQK@talktalk.co.uk','HR','69','29');
INSERT INTO loginpass (ID,login,password,access_type) VALUES ('73','VIRODARAGORDIQNKO@wanadoo.fr','$&vnYmoT','employee');
INSERT INTO employee (name,lastName,fathersName,personalID,sex,email,phoneNumber,dateOfBorn,address,passport,login,office,ID,departmentID) VALUES ('Віродара','ГОРДІЄНКО','Григорівна','4544382028','f','VIRODARAGORDIQNKO@wanadoo.fr','0941762052','1963-04-28','77408 Ужгород Богдана Хмельницького 42, 177','LQ541115 ГУМВС 37','VIRODARAGORDIQNKO@wanadoo.fr','HR','70','29');
INSERT INTO gtgroup (id,fullGroupName,courseNumber,departmentID) VALUES ('342','ТПТ-10','1','29');
INSERT INTO gtgroup (id,fullGroupName,courseNumber,departmentID) VALUES ('343','ТПТ-20','2','29');
INSERT INTO gtgroup (id,fullGroupName,courseNumber,departmentID) VALUES ('344','ТПТ-30','3','29');
INSERT INTO gtgroup (id,fullGroupName,courseNumber,departmentID) VALUES ('345','ТПТ-40','4','29');
INSERT INTO gtgroup (id,fullGroupName,courseNumber,departmentID) VALUES ('346','ТПТ-50','5','29');
INSERT INTO gtgroup (id,fullGroupName,courseNumber,departmentID) VALUES ('347','ТПТ-60','6','29');
INSERT INTO dayRequirements (id,departmentID,countOfDaysInWeek,countOfLessonsInADay) VALUES ('29','30','6','5');
INSERT INTO discipline (id,nameOfDiscipline,countOfLessons,exam) VALUES ('2099','Discipline ТЕУТ-0','15','no');
INSERT INTO discipline (id,nameOfDiscipline,countOfLessons,exam) VALUES ('2100','Discipline ТЕУТ-1','15','no');
INSERT INTO discipline (id,nameOfDiscipline,countOfLessons,exam) VALUES ('2101','Discipline ТЕУТ-2','15','no');
INSERT INTO discipline (id,nameOfDiscipline,countOfLessons,exam) VALUES ('2102','Discipline ТЕУТ-3','15','no');
INSERT INTO discipline (id,nameOfDiscipline,countOfLessons,exam) VALUES ('2103','Discipline ТЕУТ-4','15','no');
INSERT INTO discipline (id,nameOfDiscipline,countOfLessons,exam) VALUES ('2104','Discipline ТЕУТ-5','15','no');
INSERT INTO discipline (id,nameOfDiscipline,countOfLessons,exam) VALUES ('2105','Discipline ТЕУТ-6','15','no');
INSERT INTO discipline (id,nameOfDiscipline,countOfLessons,exam) VALUES ('2106','Discipline ТЕУТ-7','15','no');
INSERT INTO discipline (id,nameOfDiscipline,countOfLessons,exam) VALUES ('2107','Discipline ТЕУТ-8','15','no');
INSERT INTO discipline (id,nameOfDiscipline,countOfLessons,exam) VALUES ('2108','Discipline ТЕУТ-9','15','no');
INSERT INTO discipline (id,nameOfDiscipline,countOfLessons,exam) VALUES ('2109','Discipline ТЕУТ-10','15','no');
INSERT INTO discipline (id,nameOfDiscipline,countOfLessons,exam) VALUES ('2110','Discipline ТЕУТ-11','15','no');
INSERT INTO discipline (id,nameOfDiscipline,countOfLessons,exam) VALUES ('2111','Discipline ТЕУТ-12','15','no');
INSERT INTO discipline (id,nameOfDiscipline,countOfLessons,exam) VALUES ('2112','Discipline ТЕУТ-13','15','no');
INSERT INTO discipline (id,nameOfDiscipline,countOfLessons,exam) VALUES ('2113','Discipline ТЕУТ-14','15','no');
INSERT INTO discipline (id,nameOfDiscipline,countOfLessons,exam) VALUES ('2114','Discipline ТЕУТ-15','15','no');
INSERT INTO discipline (id,nameOfDiscipline,countOfLessons,exam) VALUES ('2115','Discipline ТЕУТ-16','15','no');
INSERT INTO discipline (id,nameOfDiscipline,countOfLessons,exam) VALUES ('2116','Discipline ТЕУТ-17','15','no');
INSERT INTO discipline (id,nameOfDiscipline,countOfLessons,exam) VALUES ('2117','Discipline ТЕУТ-18','15','no');
INSERT INTO discipline (id,nameOfDiscipline,countOfLessons,exam) VALUES ('2118','Discipline ТЕУТ-19','15','no');
INSERT INTO discipline (id,nameOfDiscipline,countOfLessons,exam) VALUES ('2119','Discipline ТЕУТ-20','15','no');
INSERT INTO discipline (id,nameOfDiscipline,countOfLessons,exam) VALUES ('2120','Discipline ТЕУТ-21','15','no');
INSERT INTO discipline (id,nameOfDiscipline,countOfLessons,exam) VALUES ('2121','Discipline ТЕУТ-22','15','no');
INSERT INTO discipline (id,nameOfDiscipline,countOfLessons,exam) VALUES ('2122','Discipline ТЕУТ-23','15','no');
INSERT INTO discipline (id,nameOfDiscipline,countOfLessons,exam) VALUES ('2123','Discipline ТЕУТ-24','15','no');
INSERT INTO discipline (id,nameOfDiscipline,countOfLessons,exam) VALUES ('2124','Discipline ТЕУТ-25','15','no');
INSERT INTO discipline (id,nameOfDiscipline,countOfLessons,exam) VALUES ('2125','Discipline ТЕУТ-26','15','no');
INSERT INTO discipline (id,nameOfDiscipline,countOfLessons,exam) VALUES ('2126','Discipline ТЕУТ-27','15','no');
INSERT INTO discipline (id,nameOfDiscipline,countOfLessons,exam) VALUES ('2127','Discipline ТЕУТ-28','15','no');
INSERT INTO discipline (id,nameOfDiscipline,countOfLessons,exam) VALUES ('2128','Discipline ТЕУТ-29','15','no');
INSERT INTO discipline (id,nameOfDiscipline,countOfLessons,exam) VALUES ('2129','Discipline ТЕУТ-30','15','no');
INSERT INTO discipline (id,nameOfDiscipline,countOfLessons,exam) VALUES ('2130','Discipline ТЕУТ-31','15','no');
INSERT INTO discipline (id,nameOfDiscipline,countOfLessons,exam) VALUES ('2131','Discipline ТЕУТ-32','15','no');
INSERT INTO discipline (id,nameOfDiscipline,countOfLessons,exam) VALUES ('2132','Discipline ТЕУТ-33','15','no');
INSERT INTO discipline (id,nameOfDiscipline,countOfLessons,exam) VALUES ('2133','Discipline ТЕУТ-34','15','no');
INSERT INTO discipline (id,nameOfDiscipline,countOfLessons,exam) VALUES ('2134','Discipline ТЕУТ-35','15','no');
INSERT INTO discipline (id,nameOfDiscipline,countOfLessons,exam) VALUES ('2135','Discipline ТЕУТ-36','15','no');
INSERT INTO discipline (id,nameOfDiscipline,countOfLessons,exam) VALUES ('2136','Discipline ТЕУТ-37','15','no');
INSERT INTO discipline (id,nameOfDiscipline,countOfLessons,exam) VALUES ('2137','Discipline ТЕУТ-38','15','no');
INSERT INTO discipline (id,nameOfDiscipline,countOfLessons,exam) VALUES ('2138','Discipline ТЕУТ-39','15','no');
INSERT INTO discipline (id,nameOfDiscipline,countOfLessons,exam) VALUES ('2139','Discipline ТЕУТ-40','15','no');
INSERT INTO discipline (id,nameOfDiscipline,countOfLessons,exam) VALUES ('2140','Discipline ТЕУТ-41','15','no');
INSERT INTO discipline (id,nameOfDiscipline,countOfLessons,exam) VALUES ('2141','Discipline ТЕУТ-42','15','no');
INSERT INTO discipline (id,nameOfDiscipline,countOfLessons,exam) VALUES ('2142','Discipline ТЕУТ-43','15','no');
INSERT INTO discipline (id,nameOfDiscipline,countOfLessons,exam) VALUES ('2143','Discipline ТЕУТ-44','15','no');
INSERT INTO discipline (id,nameOfDiscipline,countOfLessons,exam) VALUES ('2144','Discipline ТЕУТ-45','15','no');
INSERT INTO discipline (id,nameOfDiscipline,countOfLessons,exam) VALUES ('2145','Discipline ТЕУТ-46','15','no');
INSERT INTO discipline (id,nameOfDiscipline,countOfLessons,exam) VALUES ('2146','Discipline ТЕУТ-47','15','no');
INSERT INTO discipline (id,nameOfDiscipline,countOfLessons,exam) VALUES ('2147','Discipline ТЕУТ-48','15','no');
INSERT INTO discipline (id,nameOfDiscipline,countOfLessons,exam) VALUES ('2148','Discipline ТЕУТ-49','15','no');
INSERT INTO discipline (id,nameOfDiscipline,countOfLessons,exam) VALUES ('2149','Discipline ТЕУТ-50','15','no');
INSERT INTO discipline (id,nameOfDiscipline,countOfLessons,exam) VALUES ('2150','Discipline ТЕУТ-51','15','no');
INSERT INTO discipline (id,nameOfDiscipline,countOfLessons,exam) VALUES ('2151','Discipline ТЕУТ-52','15','no');
INSERT INTO discipline (id,nameOfDiscipline,countOfLessons,exam) VALUES ('2152','Discipline ТЕУТ-53','15','no');
INSERT INTO discipline (id,nameOfDiscipline,countOfLessons,exam) VALUES ('2153','Discipline ТЕУТ-54','15','no');
INSERT INTO discipline (id,nameOfDiscipline,countOfLessons,exam) VALUES ('2154','Discipline ТЕУТ-55','15','no');
INSERT INTO discipline (id,nameOfDiscipline,countOfLessons,exam) VALUES ('2155','Discipline ТЕУТ-56','15','no');
INSERT INTO discipline (id,nameOfDiscipline,countOfLessons,exam) VALUES ('2156','Discipline ТЕУТ-57','15','no');
INSERT INTO discipline (id,nameOfDiscipline,countOfLessons,exam) VALUES ('2157','Discipline ТЕУТ-58','15','no');
INSERT INTO discipline (id,nameOfDiscipline,countOfLessons,exam) VALUES ('2158','Discipline ТЕУТ-59','15','no');
INSERT INTO discipline (id,nameOfDiscipline,countOfLessons,exam) VALUES ('2159','Discipline ТЕУТ-60','15','no');
INSERT INTO discipline (id,nameOfDiscipline,countOfLessons,exam) VALUES ('2160','Discipline ТЕУТ-61','15','no');
INSERT INTO discipline (id,nameOfDiscipline,countOfLessons,exam) VALUES ('2161','Discipline ТЕУТ-62','15','no');
INSERT INTO discipline (id,nameOfDiscipline,countOfLessons,exam) VALUES ('2162','Discipline ТЕУТ-63','15','no');
INSERT INTO discipline (id,nameOfDiscipline,countOfLessons,exam) VALUES ('2163','Discipline ТЕУТ-64','15','no');
INSERT INTO discipline (id,nameOfDiscipline,countOfLessons,exam) VALUES ('2164','Discipline ТЕУТ-65','15','no');
INSERT INTO discipline (id,nameOfDiscipline,countOfLessons,exam) VALUES ('2165','Discipline ТЕУТ-66','15','no');
INSERT INTO discipline (id,nameOfDiscipline,countOfLessons,exam) VALUES ('2166','Discipline ТЕУТ-67','15','no');
INSERT INTO discipline (id,nameOfDiscipline,countOfLessons,exam) VALUES ('2167','Discipline ТЕУТ-68','15','no');
INSERT INTO discipline (id,nameOfDiscipline,countOfLessons,exam) VALUES ('2168','Discipline ТЕУТ-69','15','no');
INSERT INTO discipline (id,nameOfDiscipline,countOfLessons,exam) VALUES ('2169','Discipline ТЕУТ-70','15','no');
INSERT INTO disciplineDepartmentDependency (ID,disciplineID,departmentID,courseNumber,semesterNumber) VALUES ('2099','2099','30','1','1');
INSERT INTO disciplineDepartmentDependency (ID,disciplineID,departmentID,courseNumber,semesterNumber) VALUES ('2100','2100','30','2','2');
INSERT INTO disciplineDepartmentDependency (ID,disciplineID,departmentID,courseNumber,semesterNumber) VALUES ('2101','2101','30','3','1');
INSERT INTO disciplineDepartmentDependency (ID,disciplineID,departmentID,courseNumber,semesterNumber) VALUES ('2102','2102','30','4','2');
INSERT INTO disciplineDepartmentDependency (ID,disciplineID,departmentID,courseNumber,semesterNumber) VALUES ('2103','2103','30','5','1');
INSERT INTO disciplineDepartmentDependency (ID,disciplineID,departmentID,courseNumber,semesterNumber) VALUES ('2104','2104','30','6','2');
INSERT INTO disciplineDepartmentDependency (ID,disciplineID,departmentID,courseNumber,semesterNumber) VALUES ('2105','2105','30','1','1');
INSERT INTO disciplineDepartmentDependency (ID,disciplineID,departmentID,courseNumber,semesterNumber) VALUES ('2106','2106','30','2','2');
INSERT INTO disciplineDepartmentDependency (ID,disciplineID,departmentID,courseNumber,semesterNumber) VALUES ('2107','2107','30','3','1');
INSERT INTO disciplineDepartmentDependency (ID,disciplineID,departmentID,courseNumber,semesterNumber) VALUES ('2108','2108','30','4','2');
INSERT INTO disciplineDepartmentDependency (ID,disciplineID,departmentID,courseNumber,semesterNumber) VALUES ('2109','2109','30','5','1');
INSERT INTO disciplineDepartmentDependency (ID,disciplineID,departmentID,courseNumber,semesterNumber) VALUES ('2110','2110','30','6','2');
INSERT INTO disciplineDepartmentDependency (ID,disciplineID,departmentID,courseNumber,semesterNumber) VALUES ('2111','2111','30','1','1');
INSERT INTO disciplineDepartmentDependency (ID,disciplineID,departmentID,courseNumber,semesterNumber) VALUES ('2112','2112','30','2','2');
INSERT INTO disciplineDepartmentDependency (ID,disciplineID,departmentID,courseNumber,semesterNumber) VALUES ('2113','2113','30','3','1');
INSERT INTO disciplineDepartmentDependency (ID,disciplineID,departmentID,courseNumber,semesterNumber) VALUES ('2114','2114','30','4','2');
INSERT INTO disciplineDepartmentDependency (ID,disciplineID,departmentID,courseNumber,semesterNumber) VALUES ('2115','2115','30','5','1');
INSERT INTO disciplineDepartmentDependency (ID,disciplineID,departmentID,courseNumber,semesterNumber) VALUES ('2116','2116','30','6','2');
INSERT INTO disciplineDepartmentDependency (ID,disciplineID,departmentID,courseNumber,semesterNumber) VALUES ('2117','2117','30','1','1');
INSERT INTO disciplineDepartmentDependency (ID,disciplineID,departmentID,courseNumber,semesterNumber) VALUES ('2118','2118','30','2','2');
INSERT INTO disciplineDepartmentDependency (ID,disciplineID,departmentID,courseNumber,semesterNumber) VALUES ('2119','2119','30','3','1');
INSERT INTO disciplineDepartmentDependency (ID,disciplineID,departmentID,courseNumber,semesterNumber) VALUES ('2120','2120','30','4','2');
INSERT INTO disciplineDepartmentDependency (ID,disciplineID,departmentID,courseNumber,semesterNumber) VALUES ('2121','2121','30','5','1');
INSERT INTO disciplineDepartmentDependency (ID,disciplineID,departmentID,courseNumber,semesterNumber) VALUES ('2122','2122','30','6','2');
INSERT INTO disciplineDepartmentDependency (ID,disciplineID,departmentID,courseNumber,semesterNumber) VALUES ('2123','2123','30','1','1');
INSERT INTO disciplineDepartmentDependency (ID,disciplineID,departmentID,courseNumber,semesterNumber) VALUES ('2124','2124','30','2','2');
INSERT INTO disciplineDepartmentDependency (ID,disciplineID,departmentID,courseNumber,semesterNumber) VALUES ('2125','2125','30','3','1');
INSERT INTO disciplineDepartmentDependency (ID,disciplineID,departmentID,courseNumber,semesterNumber) VALUES ('2126','2126','30','4','2');
INSERT INTO disciplineDepartmentDependency (ID,disciplineID,departmentID,courseNumber,semesterNumber) VALUES ('2127','2127','30','5','1');
INSERT INTO disciplineDepartmentDependency (ID,disciplineID,departmentID,courseNumber,semesterNumber) VALUES ('2128','2128','30','6','2');
INSERT INTO disciplineDepartmentDependency (ID,disciplineID,departmentID,courseNumber,semesterNumber) VALUES ('2129','2129','30','1','1');
INSERT INTO disciplineDepartmentDependency (ID,disciplineID,departmentID,courseNumber,semesterNumber) VALUES ('2130','2130','30','2','2');
INSERT INTO disciplineDepartmentDependency (ID,disciplineID,departmentID,courseNumber,semesterNumber) VALUES ('2131','2131','30','3','1');
INSERT INTO disciplineDepartmentDependency (ID,disciplineID,departmentID,courseNumber,semesterNumber) VALUES ('2132','2132','30','4','2');
INSERT INTO disciplineDepartmentDependency (ID,disciplineID,departmentID,courseNumber,semesterNumber) VALUES ('2133','2133','30','5','1');
INSERT INTO disciplineDepartmentDependency (ID,disciplineID,departmentID,courseNumber,semesterNumber) VALUES ('2134','2134','30','6','2');
INSERT INTO disciplineDepartmentDependency (ID,disciplineID,departmentID,courseNumber,semesterNumber) VALUES ('2135','2135','30','1','1');
INSERT INTO disciplineDepartmentDependency (ID,disciplineID,departmentID,courseNumber,semesterNumber) VALUES ('2136','2136','30','2','2');
INSERT INTO disciplineDepartmentDependency (ID,disciplineID,departmentID,courseNumber,semesterNumber) VALUES ('2137','2137','30','3','1');
INSERT INTO disciplineDepartmentDependency (ID,disciplineID,departmentID,courseNumber,semesterNumber) VALUES ('2138','2138','30','4','2');
INSERT INTO disciplineDepartmentDependency (ID,disciplineID,departmentID,courseNumber,semesterNumber) VALUES ('2139','2139','30','5','1');
INSERT INTO disciplineDepartmentDependency (ID,disciplineID,departmentID,courseNumber,semesterNumber) VALUES ('2140','2140','30','6','2');
INSERT INTO disciplineDepartmentDependency (ID,disciplineID,departmentID,courseNumber,semesterNumber) VALUES ('2141','2141','30','1','1');
INSERT INTO disciplineDepartmentDependency (ID,disciplineID,departmentID,courseNumber,semesterNumber) VALUES ('2142','2142','30','2','2');
INSERT INTO disciplineDepartmentDependency (ID,disciplineID,departmentID,courseNumber,semesterNumber) VALUES ('2143','2143','30','3','1');
INSERT INTO disciplineDepartmentDependency (ID,disciplineID,departmentID,courseNumber,semesterNumber) VALUES ('2144','2144','30','4','2');
INSERT INTO disciplineDepartmentDependency (ID,disciplineID,departmentID,courseNumber,semesterNumber) VALUES ('2145','2145','30','5','1');
INSERT INTO disciplineDepartmentDependency (ID,disciplineID,departmentID,courseNumber,semesterNumber) VALUES ('2146','2146','30','6','2');
INSERT INTO disciplineDepartmentDependency (ID,disciplineID,departmentID,courseNumber,semesterNumber) VALUES ('2147','2147','30','1','1');
INSERT INTO disciplineDepartmentDependency (ID,disciplineID,departmentID,courseNumber,semesterNumber) VALUES ('2148','2148','30','2','2');
INSERT INTO disciplineDepartmentDependency (ID,disciplineID,departmentID,courseNumber,semesterNumber) VALUES ('2149','2149','30','3','1');
INSERT INTO disciplineDepartmentDependency (ID,disciplineID,departmentID,courseNumber,semesterNumber) VALUES ('2150','2150','30','4','2');
INSERT INTO disciplineDepartmentDependency (ID,disciplineID,departmentID,courseNumber,semesterNumber) VALUES ('2151','2151','30','5','1');
INSERT INTO disciplineDepartmentDependency (ID,disciplineID,departmentID,courseNumber,semesterNumber) VALUES ('2152','2152','30','6','2');
INSERT INTO disciplineDepartmentDependency (ID,disciplineID,departmentID,courseNumber,semesterNumber) VALUES ('2153','2153','30','1','1');
INSERT INTO disciplineDepartmentDependency (ID,disciplineID,departmentID,courseNumber,semesterNumber) VALUES ('2154','2154','30','2','2');
INSERT INTO disciplineDepartmentDependency (ID,disciplineID,departmentID,courseNumber,semesterNumber) VALUES ('2155','2155','30','3','1');
INSERT INTO disciplineDepartmentDependency (ID,disciplineID,departmentID,courseNumber,semesterNumber) VALUES ('2156','2156','30','4','2');
INSERT INTO disciplineDepartmentDependency (ID,disciplineID,departmentID,courseNumber,semesterNumber) VALUES ('2157','2157','30','5','1');
INSERT INTO disciplineDepartmentDependency (ID,disciplineID,departmentID,courseNumber,semesterNumber) VALUES ('2158','2158','30','6','2');
INSERT INTO disciplineDepartmentDependency (ID,disciplineID,departmentID,courseNumber,semesterNumber) VALUES ('2159','2159','30','1','1');
INSERT INTO disciplineDepartmentDependency (ID,disciplineID,departmentID,courseNumber,semesterNumber) VALUES ('2160','2160','30','2','2');
INSERT INTO disciplineDepartmentDependency (ID,disciplineID,departmentID,courseNumber,semesterNumber) VALUES ('2161','2161','30','3','1');
INSERT INTO disciplineDepartmentDependency (ID,disciplineID,departmentID,courseNumber,semesterNumber) VALUES ('2162','2162','30','4','2');
INSERT INTO disciplineDepartmentDependency (ID,disciplineID,departmentID,courseNumber,semesterNumber) VALUES ('2163','2163','30','5','1');
INSERT INTO disciplineDepartmentDependency (ID,disciplineID,departmentID,courseNumber,semesterNumber) VALUES ('2164','2164','30','6','2');
INSERT INTO disciplineDepartmentDependency (ID,disciplineID,departmentID,courseNumber,semesterNumber) VALUES ('2165','2165','30','1','1');
INSERT INTO disciplineDepartmentDependency (ID,disciplineID,departmentID,courseNumber,semesterNumber) VALUES ('2166','2166','30','2','2');
INSERT INTO disciplineDepartmentDependency (ID,disciplineID,departmentID,courseNumber,semesterNumber) VALUES ('2167','2167','30','3','1');
INSERT INTO disciplineDepartmentDependency (ID,disciplineID,departmentID,courseNumber,semesterNumber) VALUES ('2168','2168','30','4','2');
INSERT INTO disciplineDepartmentDependency (ID,disciplineID,departmentID,courseNumber,semesterNumber) VALUES ('2169','2169','30','5','1');
INSERT INTO loginpass (ID,login,password,access_type) VALUES ('74','GOLUBKAQULQGA@blueyonder.co.uk','BM77knOJ','employee');
INSERT INTO employee (name,lastName,fathersName,personalID,sex,email,phoneNumber,dateOfBorn,address,passport,login,office,ID,departmentID) VALUES ('Голубка','ШУЛЬГА','Луківна','6101672875','f','GOLUBKAQULQGA@blueyonder.co.uk','0674864515','1968-08-28','53418 Бровари Віктора Бабанського 73, 104','TU762423 ГУМВС 46','GOLUBKAQULQGA@blueyonder.co.uk','HR','71','30');
INSERT INTO loginpass (ID,login,password,access_type) VALUES ('75','BOJANSXDORENKO@hotmail.de','5Cq2urIu','employee');
INSERT INTO employee (name,lastName,fathersName,personalID,sex,email,phoneNumber,dateOfBorn,address,passport,login,office,ID,departmentID) VALUES ('Божан','СИДОРЕНКО','Ілліч','3866471200','m','BOJANSXDORENKO@hotmail.de','0948582468','1989-11-11','86481 Жовті Води Звенигородський 29, 38','KQ535771 ГУМВС 40','BOJANSXDORENKO@hotmail.de','HR','72','30');
INSERT INTO gtgroup (id,fullGroupName,courseNumber,departmentID) VALUES ('348','ТЕУТ-10','1','30');
INSERT INTO gtgroup (id,fullGroupName,courseNumber,departmentID) VALUES ('349','ТЕУТ-20','2','30');
INSERT INTO gtgroup (id,fullGroupName,courseNumber,departmentID) VALUES ('350','ТЕУТ-30','3','30');
INSERT INTO gtgroup (id,fullGroupName,courseNumber,departmentID) VALUES ('351','ТЕУТ-40','4','30');
INSERT INTO gtgroup (id,fullGroupName,courseNumber,departmentID) VALUES ('352','ТЕУТ-50','5','30');
INSERT INTO gtgroup (id,fullGroupName,courseNumber,departmentID) VALUES ('353','ТЕУТ-60','6','30');
INSERT INTO dayRequirements (id,departmentID,countOfDaysInWeek,countOfLessonsInADay) VALUES ('30','31','6','5');
INSERT INTO discipline (id,nameOfDiscipline,countOfLessons,exam) VALUES ('2170','Discipline ПСКЛА-0','15','no');
INSERT INTO discipline (id,nameOfDiscipline,countOfLessons,exam) VALUES ('2171','Discipline ПСКЛА-1','15','no');
INSERT INTO discipline (id,nameOfDiscipline,countOfLessons,exam) VALUES ('2172','Discipline ПСКЛА-2','15','no');
INSERT INTO discipline (id,nameOfDiscipline,countOfLessons,exam) VALUES ('2173','Discipline ПСКЛА-3','15','no');
INSERT INTO discipline (id,nameOfDiscipline,countOfLessons,exam) VALUES ('2174','Discipline ПСКЛА-4','15','no');
INSERT INTO discipline (id,nameOfDiscipline,countOfLessons,exam) VALUES ('2175','Discipline ПСКЛА-5','15','no');
INSERT INTO discipline (id,nameOfDiscipline,countOfLessons,exam) VALUES ('2176','Discipline ПСКЛА-6','15','no');
INSERT INTO discipline (id,nameOfDiscipline,countOfLessons,exam) VALUES ('2177','Discipline ПСКЛА-7','15','no');
INSERT INTO discipline (id,nameOfDiscipline,countOfLessons,exam) VALUES ('2178','Discipline ПСКЛА-8','15','no');
INSERT INTO discipline (id,nameOfDiscipline,countOfLessons,exam) VALUES ('2179','Discipline ПСКЛА-9','15','no');
INSERT INTO discipline (id,nameOfDiscipline,countOfLessons,exam) VALUES ('2180','Discipline ПСКЛА-10','15','no');
INSERT INTO discipline (id,nameOfDiscipline,countOfLessons,exam) VALUES ('2181','Discipline ПСКЛА-11','15','no');
INSERT INTO discipline (id,nameOfDiscipline,countOfLessons,exam) VALUES ('2182','Discipline ПСКЛА-12','15','no');
INSERT INTO discipline (id,nameOfDiscipline,countOfLessons,exam) VALUES ('2183','Discipline ПСКЛА-13','15','no');
INSERT INTO discipline (id,nameOfDiscipline,countOfLessons,exam) VALUES ('2184','Discipline ПСКЛА-14','15','no');
INSERT INTO discipline (id,nameOfDiscipline,countOfLessons,exam) VALUES ('2185','Discipline ПСКЛА-15','15','no');
INSERT INTO discipline (id,nameOfDiscipline,countOfLessons,exam) VALUES ('2186','Discipline ПСКЛА-16','15','no');
INSERT INTO discipline (id,nameOfDiscipline,countOfLessons,exam) VALUES ('2187','Discipline ПСКЛА-17','15','no');
INSERT INTO discipline (id,nameOfDiscipline,countOfLessons,exam) VALUES ('2188','Discipline ПСКЛА-18','15','no');
INSERT INTO discipline (id,nameOfDiscipline,countOfLessons,exam) VALUES ('2189','Discipline ПСКЛА-19','15','no');
INSERT INTO discipline (id,nameOfDiscipline,countOfLessons,exam) VALUES ('2190','Discipline ПСКЛА-20','15','no');
INSERT INTO discipline (id,nameOfDiscipline,countOfLessons,exam) VALUES ('2191','Discipline ПСКЛА-21','15','no');
INSERT INTO discipline (id,nameOfDiscipline,countOfLessons,exam) VALUES ('2192','Discipline ПСКЛА-22','15','no');
INSERT INTO discipline (id,nameOfDiscipline,countOfLessons,exam) VALUES ('2193','Discipline ПСКЛА-23','15','no');
INSERT INTO discipline (id,nameOfDiscipline,countOfLessons,exam) VALUES ('2194','Discipline ПСКЛА-24','15','no');
INSERT INTO discipline (id,nameOfDiscipline,countOfLessons,exam) VALUES ('2195','Discipline ПСКЛА-25','15','no');
INSERT INTO discipline (id,nameOfDiscipline,countOfLessons,exam) VALUES ('2196','Discipline ПСКЛА-26','15','no');
INSERT INTO discipline (id,nameOfDiscipline,countOfLessons,exam) VALUES ('2197','Discipline ПСКЛА-27','15','no');
INSERT INTO discipline (id,nameOfDiscipline,countOfLessons,exam) VALUES ('2198','Discipline ПСКЛА-28','15','no');
INSERT INTO discipline (id,nameOfDiscipline,countOfLessons,exam) VALUES ('2199','Discipline ПСКЛА-29','15','no');
INSERT INTO discipline (id,nameOfDiscipline,countOfLessons,exam) VALUES ('2200','Discipline ПСКЛА-30','15','no');
INSERT INTO discipline (id,nameOfDiscipline,countOfLessons,exam) VALUES ('2201','Discipline ПСКЛА-31','15','no');
INSERT INTO discipline (id,nameOfDiscipline,countOfLessons,exam) VALUES ('2202','Discipline ПСКЛА-32','15','no');
INSERT INTO discipline (id,nameOfDiscipline,countOfLessons,exam) VALUES ('2203','Discipline ПСКЛА-33','15','no');
INSERT INTO discipline (id,nameOfDiscipline,countOfLessons,exam) VALUES ('2204','Discipline ПСКЛА-34','15','no');
INSERT INTO discipline (id,nameOfDiscipline,countOfLessons,exam) VALUES ('2205','Discipline ПСКЛА-35','15','no');
INSERT INTO discipline (id,nameOfDiscipline,countOfLessons,exam) VALUES ('2206','Discipline ПСКЛА-36','15','no');
INSERT INTO discipline (id,nameOfDiscipline,countOfLessons,exam) VALUES ('2207','Discipline ПСКЛА-37','15','no');
INSERT INTO discipline (id,nameOfDiscipline,countOfLessons,exam) VALUES ('2208','Discipline ПСКЛА-38','15','no');
INSERT INTO discipline (id,nameOfDiscipline,countOfLessons,exam) VALUES ('2209','Discipline ПСКЛА-39','15','no');
INSERT INTO discipline (id,nameOfDiscipline,countOfLessons,exam) VALUES ('2210','Discipline ПСКЛА-40','15','no');
INSERT INTO discipline (id,nameOfDiscipline,countOfLessons,exam) VALUES ('2211','Discipline ПСКЛА-41','15','no');
INSERT INTO discipline (id,nameOfDiscipline,countOfLessons,exam) VALUES ('2212','Discipline ПСКЛА-42','15','no');
INSERT INTO discipline (id,nameOfDiscipline,countOfLessons,exam) VALUES ('2213','Discipline ПСКЛА-43','15','no');
INSERT INTO discipline (id,nameOfDiscipline,countOfLessons,exam) VALUES ('2214','Discipline ПСКЛА-44','15','no');
INSERT INTO discipline (id,nameOfDiscipline,countOfLessons,exam) VALUES ('2215','Discipline ПСКЛА-45','15','no');
INSERT INTO discipline (id,nameOfDiscipline,countOfLessons,exam) VALUES ('2216','Discipline ПСКЛА-46','15','no');
INSERT INTO discipline (id,nameOfDiscipline,countOfLessons,exam) VALUES ('2217','Discipline ПСКЛА-47','15','no');
INSERT INTO discipline (id,nameOfDiscipline,countOfLessons,exam) VALUES ('2218','Discipline ПСКЛА-48','15','no');
INSERT INTO discipline (id,nameOfDiscipline,countOfLessons,exam) VALUES ('2219','Discipline ПСКЛА-49','15','no');
INSERT INTO discipline (id,nameOfDiscipline,countOfLessons,exam) VALUES ('2220','Discipline ПСКЛА-50','15','no');
INSERT INTO discipline (id,nameOfDiscipline,countOfLessons,exam) VALUES ('2221','Discipline ПСКЛА-51','15','no');
INSERT INTO discipline (id,nameOfDiscipline,countOfLessons,exam) VALUES ('2222','Discipline ПСКЛА-52','15','no');
INSERT INTO discipline (id,nameOfDiscipline,countOfLessons,exam) VALUES ('2223','Discipline ПСКЛА-53','15','no');
INSERT INTO discipline (id,nameOfDiscipline,countOfLessons,exam) VALUES ('2224','Discipline ПСКЛА-54','15','no');
INSERT INTO discipline (id,nameOfDiscipline,countOfLessons,exam) VALUES ('2225','Discipline ПСКЛА-55','15','no');
INSERT INTO discipline (id,nameOfDiscipline,countOfLessons,exam) VALUES ('2226','Discipline ПСКЛА-56','15','no');
INSERT INTO discipline (id,nameOfDiscipline,countOfLessons,exam) VALUES ('2227','Discipline ПСКЛА-57','15','no');
INSERT INTO discipline (id,nameOfDiscipline,countOfLessons,exam) VALUES ('2228','Discipline ПСКЛА-58','15','no');
INSERT INTO discipline (id,nameOfDiscipline,countOfLessons,exam) VALUES ('2229','Discipline ПСКЛА-59','15','no');
INSERT INTO discipline (id,nameOfDiscipline,countOfLessons,exam) VALUES ('2230','Discipline ПСКЛА-60','15','no');
INSERT INTO discipline (id,nameOfDiscipline,countOfLessons,exam) VALUES ('2231','Discipline ПСКЛА-61','15','no');
INSERT INTO discipline (id,nameOfDiscipline,countOfLessons,exam) VALUES ('2232','Discipline ПСКЛА-62','15','no');
INSERT INTO discipline (id,nameOfDiscipline,countOfLessons,exam) VALUES ('2233','Discipline ПСКЛА-63','15','no');
INSERT INTO discipline (id,nameOfDiscipline,countOfLessons,exam) VALUES ('2234','Discipline ПСКЛА-64','15','no');
INSERT INTO discipline (id,nameOfDiscipline,countOfLessons,exam) VALUES ('2235','Discipline ПСКЛА-65','15','no');
INSERT INTO discipline (id,nameOfDiscipline,countOfLessons,exam) VALUES ('2236','Discipline ПСКЛА-66','15','no');
INSERT INTO discipline (id,nameOfDiscipline,countOfLessons,exam) VALUES ('2237','Discipline ПСКЛА-67','15','no');
INSERT INTO discipline (id,nameOfDiscipline,countOfLessons,exam) VALUES ('2238','Discipline ПСКЛА-68','15','no');
INSERT INTO discipline (id,nameOfDiscipline,countOfLessons,exam) VALUES ('2239','Discipline ПСКЛА-69','15','no');
INSERT INTO discipline (id,nameOfDiscipline,countOfLessons,exam) VALUES ('2240','Discipline ПСКЛА-70','15','no');
INSERT INTO discipline (id,nameOfDiscipline,countOfLessons,exam) VALUES ('2241','Discipline ПСКЛА-71','15','no');
INSERT INTO discipline (id,nameOfDiscipline,countOfLessons,exam) VALUES ('2242','Discipline ПСКЛА-72','15','no');
INSERT INTO discipline (id,nameOfDiscipline,countOfLessons,exam) VALUES ('2243','Discipline ПСКЛА-73','15','no');
INSERT INTO discipline (id,nameOfDiscipline,countOfLessons,exam) VALUES ('2244','Discipline ПСКЛА-74','15','no');
INSERT INTO discipline (id,nameOfDiscipline,countOfLessons,exam) VALUES ('2245','Discipline ПСКЛА-75','15','no');
INSERT INTO disciplineDepartmentDependency (ID,disciplineID,departmentID,courseNumber,semesterNumber) VALUES ('2170','2170','31','1','1');
INSERT INTO disciplineDepartmentDependency (ID,disciplineID,departmentID,courseNumber,semesterNumber) VALUES ('2171','2171','31','2','2');
INSERT INTO disciplineDepartmentDependency (ID,disciplineID,departmentID,courseNumber,semesterNumber) VALUES ('2172','2172','31','3','1');
INSERT INTO disciplineDepartmentDependency (ID,disciplineID,departmentID,courseNumber,semesterNumber) VALUES ('2173','2173','31','4','2');
INSERT INTO disciplineDepartmentDependency (ID,disciplineID,departmentID,courseNumber,semesterNumber) VALUES ('2174','2174','31','5','1');
INSERT INTO disciplineDepartmentDependency (ID,disciplineID,departmentID,courseNumber,semesterNumber) VALUES ('2175','2175','31','6','2');
INSERT INTO disciplineDepartmentDependency (ID,disciplineID,departmentID,courseNumber,semesterNumber) VALUES ('2176','2176','31','1','1');
INSERT INTO disciplineDepartmentDependency (ID,disciplineID,departmentID,courseNumber,semesterNumber) VALUES ('2177','2177','31','2','2');
INSERT INTO disciplineDepartmentDependency (ID,disciplineID,departmentID,courseNumber,semesterNumber) VALUES ('2178','2178','31','3','1');
INSERT INTO disciplineDepartmentDependency (ID,disciplineID,departmentID,courseNumber,semesterNumber) VALUES ('2179','2179','31','4','2');
INSERT INTO disciplineDepartmentDependency (ID,disciplineID,departmentID,courseNumber,semesterNumber) VALUES ('2180','2180','31','5','1');
INSERT INTO disciplineDepartmentDependency (ID,disciplineID,departmentID,courseNumber,semesterNumber) VALUES ('2181','2181','31','6','2');
INSERT INTO disciplineDepartmentDependency (ID,disciplineID,departmentID,courseNumber,semesterNumber) VALUES ('2182','2182','31','1','1');
INSERT INTO disciplineDepartmentDependency (ID,disciplineID,departmentID,courseNumber,semesterNumber) VALUES ('2183','2183','31','2','2');
INSERT INTO disciplineDepartmentDependency (ID,disciplineID,departmentID,courseNumber,semesterNumber) VALUES ('2184','2184','31','3','1');
INSERT INTO disciplineDepartmentDependency (ID,disciplineID,departmentID,courseNumber,semesterNumber) VALUES ('2185','2185','31','4','2');
INSERT INTO disciplineDepartmentDependency (ID,disciplineID,departmentID,courseNumber,semesterNumber) VALUES ('2186','2186','31','5','1');
INSERT INTO disciplineDepartmentDependency (ID,disciplineID,departmentID,courseNumber,semesterNumber) VALUES ('2187','2187','31','6','2');
INSERT INTO disciplineDepartmentDependency (ID,disciplineID,departmentID,courseNumber,semesterNumber) VALUES ('2188','2188','31','1','1');
INSERT INTO disciplineDepartmentDependency (ID,disciplineID,departmentID,courseNumber,semesterNumber) VALUES ('2189','2189','31','2','2');
INSERT INTO disciplineDepartmentDependency (ID,disciplineID,departmentID,courseNumber,semesterNumber) VALUES ('2190','2190','31','3','1');
INSERT INTO disciplineDepartmentDependency (ID,disciplineID,departmentID,courseNumber,semesterNumber) VALUES ('2191','2191','31','4','2');
INSERT INTO disciplineDepartmentDependency (ID,disciplineID,departmentID,courseNumber,semesterNumber) VALUES ('2192','2192','31','5','1');
INSERT INTO disciplineDepartmentDependency (ID,disciplineID,departmentID,courseNumber,semesterNumber) VALUES ('2193','2193','31','6','2');
INSERT INTO disciplineDepartmentDependency (ID,disciplineID,departmentID,courseNumber,semesterNumber) VALUES ('2194','2194','31','1','1');
INSERT INTO disciplineDepartmentDependency (ID,disciplineID,departmentID,courseNumber,semesterNumber) VALUES ('2195','2195','31','2','2');
INSERT INTO disciplineDepartmentDependency (ID,disciplineID,departmentID,courseNumber,semesterNumber) VALUES ('2196','2196','31','3','1');
INSERT INTO disciplineDepartmentDependency (ID,disciplineID,departmentID,courseNumber,semesterNumber) VALUES ('2197','2197','31','4','2');
INSERT INTO disciplineDepartmentDependency (ID,disciplineID,departmentID,courseNumber,semesterNumber) VALUES ('2198','2198','31','5','1');
INSERT INTO disciplineDepartmentDependency (ID,disciplineID,departmentID,courseNumber,semesterNumber) VALUES ('2199','2199','31','6','2');
INSERT INTO disciplineDepartmentDependency (ID,disciplineID,departmentID,courseNumber,semesterNumber) VALUES ('2200','2200','31','1','1');
INSERT INTO disciplineDepartmentDependency (ID,disciplineID,departmentID,courseNumber,semesterNumber) VALUES ('2201','2201','31','2','2');
INSERT INTO disciplineDepartmentDependency (ID,disciplineID,departmentID,courseNumber,semesterNumber) VALUES ('2202','2202','31','3','1');
INSERT INTO disciplineDepartmentDependency (ID,disciplineID,departmentID,courseNumber,semesterNumber) VALUES ('2203','2203','31','4','2');
INSERT INTO disciplineDepartmentDependency (ID,disciplineID,departmentID,courseNumber,semesterNumber) VALUES ('2204','2204','31','5','1');
INSERT INTO disciplineDepartmentDependency (ID,disciplineID,departmentID,courseNumber,semesterNumber) VALUES ('2205','2205','31','6','2');
INSERT INTO disciplineDepartmentDependency (ID,disciplineID,departmentID,courseNumber,semesterNumber) VALUES ('2206','2206','31','1','1');
INSERT INTO disciplineDepartmentDependency (ID,disciplineID,departmentID,courseNumber,semesterNumber) VALUES ('2207','2207','31','2','2');
INSERT INTO disciplineDepartmentDependency (ID,disciplineID,departmentID,courseNumber,semesterNumber) VALUES ('2208','2208','31','3','1');
INSERT INTO disciplineDepartmentDependency (ID,disciplineID,departmentID,courseNumber,semesterNumber) VALUES ('2209','2209','31','4','2');
INSERT INTO disciplineDepartmentDependency (ID,disciplineID,departmentID,courseNumber,semesterNumber) VALUES ('2210','2210','31','5','1');
INSERT INTO disciplineDepartmentDependency (ID,disciplineID,departmentID,courseNumber,semesterNumber) VALUES ('2211','2211','31','6','2');
INSERT INTO disciplineDepartmentDependency (ID,disciplineID,departmentID,courseNumber,semesterNumber) VALUES ('2212','2212','31','1','1');
INSERT INTO disciplineDepartmentDependency (ID,disciplineID,departmentID,courseNumber,semesterNumber) VALUES ('2213','2213','31','2','2');
INSERT INTO disciplineDepartmentDependency (ID,disciplineID,departmentID,courseNumber,semesterNumber) VALUES ('2214','2214','31','3','1');
INSERT INTO disciplineDepartmentDependency (ID,disciplineID,departmentID,courseNumber,semesterNumber) VALUES ('2215','2215','31','4','2');
INSERT INTO disciplineDepartmentDependency (ID,disciplineID,departmentID,courseNumber,semesterNumber) VALUES ('2216','2216','31','5','1');
INSERT INTO disciplineDepartmentDependency (ID,disciplineID,departmentID,courseNumber,semesterNumber) VALUES ('2217','2217','31','6','2');
INSERT INTO disciplineDepartmentDependency (ID,disciplineID,departmentID,courseNumber,semesterNumber) VALUES ('2218','2218','31','1','1');
INSERT INTO disciplineDepartmentDependency (ID,disciplineID,departmentID,courseNumber,semesterNumber) VALUES ('2219','2219','31','2','2');
INSERT INTO disciplineDepartmentDependency (ID,disciplineID,departmentID,courseNumber,semesterNumber) VALUES ('2220','2220','31','3','1');
INSERT INTO disciplineDepartmentDependency (ID,disciplineID,departmentID,courseNumber,semesterNumber) VALUES ('2221','2221','31','4','2');
INSERT INTO disciplineDepartmentDependency (ID,disciplineID,departmentID,courseNumber,semesterNumber) VALUES ('2222','2222','31','5','1');
INSERT INTO disciplineDepartmentDependency (ID,disciplineID,departmentID,courseNumber,semesterNumber) VALUES ('2223','2223','31','6','2');
INSERT INTO disciplineDepartmentDependency (ID,disciplineID,departmentID,courseNumber,semesterNumber) VALUES ('2224','2224','31','1','1');
INSERT INTO disciplineDepartmentDependency (ID,disciplineID,departmentID,courseNumber,semesterNumber) VALUES ('2225','2225','31','2','2');
INSERT INTO disciplineDepartmentDependency (ID,disciplineID,departmentID,courseNumber,semesterNumber) VALUES ('2226','2226','31','3','1');
INSERT INTO disciplineDepartmentDependency (ID,disciplineID,departmentID,courseNumber,semesterNumber) VALUES ('2227','2227','31','4','2');
INSERT INTO disciplineDepartmentDependency (ID,disciplineID,departmentID,courseNumber,semesterNumber) VALUES ('2228','2228','31','5','1');
INSERT INTO disciplineDepartmentDependency (ID,disciplineID,departmentID,courseNumber,semesterNumber) VALUES ('2229','2229','31','6','2');
INSERT INTO disciplineDepartmentDependency (ID,disciplineID,departmentID,courseNumber,semesterNumber) VALUES ('2230','2230','31','1','1');
INSERT INTO disciplineDepartmentDependency (ID,disciplineID,departmentID,courseNumber,semesterNumber) VALUES ('2231','2231','31','2','2');
INSERT INTO disciplineDepartmentDependency (ID,disciplineID,departmentID,courseNumber,semesterNumber) VALUES ('2232','2232','31','3','1');
INSERT INTO disciplineDepartmentDependency (ID,disciplineID,departmentID,courseNumber,semesterNumber) VALUES ('2233','2233','31','4','2');
INSERT INTO disciplineDepartmentDependency (ID,disciplineID,departmentID,courseNumber,semesterNumber) VALUES ('2234','2234','31','5','1');
INSERT INTO disciplineDepartmentDependency (ID,disciplineID,departmentID,courseNumber,semesterNumber) VALUES ('2235','2235','31','6','2');
INSERT INTO disciplineDepartmentDependency (ID,disciplineID,departmentID,courseNumber,semesterNumber) VALUES ('2236','2236','31','1','1');
INSERT INTO disciplineDepartmentDependency (ID,disciplineID,departmentID,courseNumber,semesterNumber) VALUES ('2237','2237','31','2','2');
INSERT INTO disciplineDepartmentDependency (ID,disciplineID,departmentID,courseNumber,semesterNumber) VALUES ('2238','2238','31','3','1');
INSERT INTO disciplineDepartmentDependency (ID,disciplineID,departmentID,courseNumber,semesterNumber) VALUES ('2239','2239','31','4','2');
INSERT INTO disciplineDepartmentDependency (ID,disciplineID,departmentID,courseNumber,semesterNumber) VALUES ('2240','2240','31','5','1');
INSERT INTO disciplineDepartmentDependency (ID,disciplineID,departmentID,courseNumber,semesterNumber) VALUES ('2241','2241','31','6','2');
INSERT INTO disciplineDepartmentDependency (ID,disciplineID,departmentID,courseNumber,semesterNumber) VALUES ('2242','2242','31','1','1');
INSERT INTO disciplineDepartmentDependency (ID,disciplineID,departmentID,courseNumber,semesterNumber) VALUES ('2243','2243','31','2','2');
INSERT INTO disciplineDepartmentDependency (ID,disciplineID,departmentID,courseNumber,semesterNumber) VALUES ('2244','2244','31','3','1');
INSERT INTO disciplineDepartmentDependency (ID,disciplineID,departmentID,courseNumber,semesterNumber) VALUES ('2245','2245','31','4','2');
INSERT INTO loginpass (ID,login,password,access_type) VALUES ('76','VSELQBAMAKSXMENKO@tiscali.co.uk','RQWvT1t&','employee');
INSERT INTO employee (name,lastName,fathersName,personalID,sex,email,phoneNumber,dateOfBorn,address,passport,login,office,ID,departmentID) VALUES ('Вселюба','МАКСИМЕНКО','Іллівна','4582102106','f','VSELQBAMAKSXMENKO@tiscali.co.uk','0938513567','1994-11-23','70151 Кам'янець-Подільський Івана Кулика 37, 111','SB411761 ГУМВС 2','VSELQBAMAKSXMENKO@tiscali.co.uk','HR','73','31');
INSERT INTO loginpass (ID,login,password,access_type) VALUES ('77','DOMORADAKOVALQZUK@hotmail.de','OA6CWLkH','employee');
INSERT INTO employee (name,lastName,fathersName,personalID,sex,email,phoneNumber,dateOfBorn,address,passport,login,office,ID,departmentID) VALUES ('Доморада','КОВАЛЬЧУК','Іллівна','4328678574','f','DOMORADAKOVALQZUK@hotmail.de','0396641763','1966-07-11','67464 Алушта Комунарів 5, 101','EQ747884 ГУМВС 46','DOMORADAKOVALQZUK@hotmail.de','HR','73','31');
INSERT INTO loginpass (ID,login,password,access_type) VALUES ('78','BUYMXRNAWARENKO@t-online.de','4ACnitjN','employee');
INSERT INTO employee (name,lastName,fathersName,personalID,sex,email,phoneNumber,dateOfBorn,address,passport,login,office,ID,departmentID) VALUES ('Буймир','НАЗАРЕНКО','Кузьмич','1508426263','m','BUYMXRNAWARENKO@t-online.de','0952376403','1994-06-27','47087 Ізмаїл Дахнівська 54, 188','PD113176 ГУМВС 34','BUYMXRNAWARENKO@t-online.de','HR','74','31');
INSERT INTO loginpass (ID,login,password,access_type) VALUES ('79','VLADASTEPANENKO@orange.fr','XOyp&r!V','employee');
INSERT INTO employee (name,lastName,fathersName,personalID,sex,email,phoneNumber,dateOfBorn,address,passport,login,office,ID,departmentID) VALUES ('Влада','СТЕПАНЕНКО','Луківна','4581478712','f','VLADASTEPANENKO@orange.fr','0925111100','1962-03-08','26230 Запоріжжя Конєва 51, 132','XS153513 ГУМВС 27','VLADASTEPANENKO@orange.fr','HR','75','31');
INSERT INTO gtgroup (id,fullGroupName,courseNumber,departmentID) VALUES ('354','ПСКЛА-10','1','31');
INSERT INTO gtgroup (id,fullGroupName,courseNumber,departmentID) VALUES ('355','ПСКЛА-11','1','31');
INSERT INTO gtgroup (id,fullGroupName,courseNumber,departmentID) VALUES ('356','ПСКЛА-20','2','31');
INSERT INTO gtgroup (id,fullGroupName,courseNumber,departmentID) VALUES ('357','ПСКЛА-21','2','31');
INSERT INTO gtgroup (id,fullGroupName,courseNumber,departmentID) VALUES ('358','ПСКЛА-30','3','31');
INSERT INTO gtgroup (id,fullGroupName,courseNumber,departmentID) VALUES ('359','ПСКЛА-31','3','31');
INSERT INTO gtgroup (id,fullGroupName,courseNumber,departmentID) VALUES ('360','ПСКЛА-40','4','31');
INSERT INTO gtgroup (id,fullGroupName,courseNumber,departmentID) VALUES ('361','ПСКЛА-41','4','31');
INSERT INTO gtgroup (id,fullGroupName,courseNumber,departmentID) VALUES ('362','ПСКЛА-50','5','31');
INSERT INTO gtgroup (id,fullGroupName,courseNumber,departmentID) VALUES ('363','ПСКЛА-51','5','31');
INSERT INTO gtgroup (id,fullGroupName,courseNumber,departmentID) VALUES ('364','ПСКЛА-60','6','31');
INSERT INTO gtgroup (id,fullGroupName,courseNumber,departmentID) VALUES ('365','ПСКЛА-61','6','31');
INSERT INTO dayRequirements (id,departmentID,countOfDaysInWeek,countOfLessonsInADay) VALUES ('31','32','6','5');
INSERT INTO discipline (id,nameOfDiscipline,countOfLessons,exam) VALUES ('2246','Discipline АЕД-0','15','no');
INSERT INTO discipline (id,nameOfDiscipline,countOfLessons,exam) VALUES ('2247','Discipline АЕД-1','15','no');
INSERT INTO discipline (id,nameOfDiscipline,countOfLessons,exam) VALUES ('2248','Discipline АЕД-2','15','no');
INSERT INTO discipline (id,nameOfDiscipline,countOfLessons,exam) VALUES ('2249','Discipline АЕД-3','15','no');
INSERT INTO discipline (id,nameOfDiscipline,countOfLessons,exam) VALUES ('2250','Discipline АЕД-4','15','no');
INSERT INTO discipline (id,nameOfDiscipline,countOfLessons,exam) VALUES ('2251','Discipline АЕД-5','15','no');
INSERT INTO discipline (id,nameOfDiscipline,countOfLessons,exam) VALUES ('2252','Discipline АЕД-6','15','no');
INSERT INTO discipline (id,nameOfDiscipline,countOfLessons,exam) VALUES ('2253','Discipline АЕД-7','15','no');
INSERT INTO discipline (id,nameOfDiscipline,countOfLessons,exam) VALUES ('2254','Discipline АЕД-8','15','no');
INSERT INTO discipline (id,nameOfDiscipline,countOfLessons,exam) VALUES ('2255','Discipline АЕД-9','15','no');
INSERT INTO discipline (id,nameOfDiscipline,countOfLessons,exam) VALUES ('2256','Discipline АЕД-10','15','no');
INSERT INTO discipline (id,nameOfDiscipline,countOfLessons,exam) VALUES ('2257','Discipline АЕД-11','15','no');
INSERT INTO discipline (id,nameOfDiscipline,countOfLessons,exam) VALUES ('2258','Discipline АЕД-12','15','no');
INSERT INTO discipline (id,nameOfDiscipline,countOfLessons,exam) VALUES ('2259','Discipline АЕД-13','15','no');
INSERT INTO discipline (id,nameOfDiscipline,countOfLessons,exam) VALUES ('2260','Discipline АЕД-14','15','no');
INSERT INTO discipline (id,nameOfDiscipline,countOfLessons,exam) VALUES ('2261','Discipline АЕД-15','15','no');
INSERT INTO discipline (id,nameOfDiscipline,countOfLessons,exam) VALUES ('2262','Discipline АЕД-16','15','no');
INSERT INTO discipline (id,nameOfDiscipline,countOfLessons,exam) VALUES ('2263','Discipline АЕД-17','15','no');
INSERT INTO discipline (id,nameOfDiscipline,countOfLessons,exam) VALUES ('2264','Discipline АЕД-18','15','no');
INSERT INTO discipline (id,nameOfDiscipline,countOfLessons,exam) VALUES ('2265','Discipline АЕД-19','15','no');
INSERT INTO discipline (id,nameOfDiscipline,countOfLessons,exam) VALUES ('2266','Discipline АЕД-20','15','no');
INSERT INTO discipline (id,nameOfDiscipline,countOfLessons,exam) VALUES ('2267','Discipline АЕД-21','15','no');
INSERT INTO discipline (id,nameOfDiscipline,countOfLessons,exam) VALUES ('2268','Discipline АЕД-22','15','no');
INSERT INTO discipline (id,nameOfDiscipline,countOfLessons,exam) VALUES ('2269','Discipline АЕД-23','15','no');
INSERT INTO discipline (id,nameOfDiscipline,countOfLessons,exam) VALUES ('2270','Discipline АЕД-24','15','no');
INSERT INTO discipline (id,nameOfDiscipline,countOfLessons,exam) VALUES ('2271','Discipline АЕД-25','15','no');
INSERT INTO discipline (id,nameOfDiscipline,countOfLessons,exam) VALUES ('2272','Discipline АЕД-26','15','no');
INSERT INTO discipline (id,nameOfDiscipline,countOfLessons,exam) VALUES ('2273','Discipline АЕД-27','15','no');
INSERT INTO discipline (id,nameOfDiscipline,countOfLessons,exam) VALUES ('2274','Discipline АЕД-28','15','no');
INSERT INTO discipline (id,nameOfDiscipline,countOfLessons,exam) VALUES ('2275','Discipline АЕД-29','15','no');
INSERT INTO discipline (id,nameOfDiscipline,countOfLessons,exam) VALUES ('2276','Discipline АЕД-30','15','no');
INSERT INTO discipline (id,nameOfDiscipline,countOfLessons,exam) VALUES ('2277','Discipline АЕД-31','15','no');
INSERT INTO discipline (id,nameOfDiscipline,countOfLessons,exam) VALUES ('2278','Discipline АЕД-32','15','no');
INSERT INTO discipline (id,nameOfDiscipline,countOfLessons,exam) VALUES ('2279','Discipline АЕД-33','15','no');
INSERT INTO discipline (id,nameOfDiscipline,countOfLessons,exam) VALUES ('2280','Discipline АЕД-34','15','no');
INSERT INTO discipline (id,nameOfDiscipline,countOfLessons,exam) VALUES ('2281','Discipline АЕД-35','15','no');
INSERT INTO discipline (id,nameOfDiscipline,countOfLessons,exam) VALUES ('2282','Discipline АЕД-36','15','no');
INSERT INTO discipline (id,nameOfDiscipline,countOfLessons,exam) VALUES ('2283','Discipline АЕД-37','15','no');
INSERT INTO discipline (id,nameOfDiscipline,countOfLessons,exam) VALUES ('2284','Discipline АЕД-38','15','no');
INSERT INTO discipline (id,nameOfDiscipline,countOfLessons,exam) VALUES ('2285','Discipline АЕД-39','15','no');
INSERT INTO discipline (id,nameOfDiscipline,countOfLessons,exam) VALUES ('2286','Discipline АЕД-40','15','no');
INSERT INTO discipline (id,nameOfDiscipline,countOfLessons,exam) VALUES ('2287','Discipline АЕД-41','15','no');
INSERT INTO discipline (id,nameOfDiscipline,countOfLessons,exam) VALUES ('2288','Discipline АЕД-42','15','no');
INSERT INTO discipline (id,nameOfDiscipline,countOfLessons,exam) VALUES ('2289','Discipline АЕД-43','15','no');
INSERT INTO discipline (id,nameOfDiscipline,countOfLessons,exam) VALUES ('2290','Discipline АЕД-44','15','no');
INSERT INTO discipline (id,nameOfDiscipline,countOfLessons,exam) VALUES ('2291','Discipline АЕД-45','15','no');
INSERT INTO discipline (id,nameOfDiscipline,countOfLessons,exam) VALUES ('2292','Discipline АЕД-46','15','no');
INSERT INTO discipline (id,nameOfDiscipline,countOfLessons,exam) VALUES ('2293','Discipline АЕД-47','15','no');
INSERT INTO discipline (id,nameOfDiscipline,countOfLessons,exam) VALUES ('2294','Discipline АЕД-48','15','no');
INSERT INTO discipline (id,nameOfDiscipline,countOfLessons,exam) VALUES ('2295','Discipline АЕД-49','15','no');
INSERT INTO discipline (id,nameOfDiscipline,countOfLessons,exam) VALUES ('2296','Discipline АЕД-50','15','no');
INSERT INTO discipline (id,nameOfDiscipline,countOfLessons,exam) VALUES ('2297','Discipline АЕД-51','15','no');
INSERT INTO discipline (id,nameOfDiscipline,countOfLessons,exam) VALUES ('2298','Discipline АЕД-52','15','no');
INSERT INTO discipline (id,nameOfDiscipline,countOfLessons,exam) VALUES ('2299','Discipline АЕД-53','15','no');
INSERT INTO discipline (id,nameOfDiscipline,countOfLessons,exam) VALUES ('2300','Discipline АЕД-54','15','no');
INSERT INTO discipline (id,nameOfDiscipline,countOfLessons,exam) VALUES ('2301','Discipline АЕД-55','15','no');
INSERT INTO discipline (id,nameOfDiscipline,countOfLessons,exam) VALUES ('2302','Discipline АЕД-56','15','no');
INSERT INTO discipline (id,nameOfDiscipline,countOfLessons,exam) VALUES ('2303','Discipline АЕД-57','15','no');
INSERT INTO discipline (id,nameOfDiscipline,countOfLessons,exam) VALUES ('2304','Discipline АЕД-58','15','no');
INSERT INTO discipline (id,nameOfDiscipline,countOfLessons,exam) VALUES ('2305','Discipline АЕД-59','15','no');
INSERT INTO discipline (id,nameOfDiscipline,countOfLessons,exam) VALUES ('2306','Discipline АЕД-60','15','no');
INSERT INTO discipline (id,nameOfDiscipline,countOfLessons,exam) VALUES ('2307','Discipline АЕД-61','15','no');
INSERT INTO discipline (id,nameOfDiscipline,countOfLessons,exam) VALUES ('2308','Discipline АЕД-62','15','no');
INSERT INTO discipline (id,nameOfDiscipline,countOfLessons,exam) VALUES ('2309','Discipline АЕД-63','15','no');
INSERT INTO discipline (id,nameOfDiscipline,countOfLessons,exam) VALUES ('2310','Discipline АЕД-64','15','no');
INSERT INTO discipline (id,nameOfDiscipline,countOfLessons,exam) VALUES ('2311','Discipline АЕД-65','15','no');
INSERT INTO discipline (id,nameOfDiscipline,countOfLessons,exam) VALUES ('2312','Discipline АЕД-66','15','no');
INSERT INTO discipline (id,nameOfDiscipline,countOfLessons,exam) VALUES ('2313','Discipline АЕД-67','15','no');
INSERT INTO discipline (id,nameOfDiscipline,countOfLessons,exam) VALUES ('2314','Discipline АЕД-68','15','no');
INSERT INTO discipline (id,nameOfDiscipline,countOfLessons,exam) VALUES ('2315','Discipline АЕД-69','15','no');
INSERT INTO discipline (id,nameOfDiscipline,countOfLessons,exam) VALUES ('2316','Discipline АЕД-70','15','no');
INSERT INTO discipline (id,nameOfDiscipline,countOfLessons,exam) VALUES ('2317','Discipline АЕД-71','15','no');
INSERT INTO discipline (id,nameOfDiscipline,countOfLessons,exam) VALUES ('2318','Discipline АЕД-72','15','no');
INSERT INTO discipline (id,nameOfDiscipline,countOfLessons,exam) VALUES ('2319','Discipline АЕД-73','15','no');
INSERT INTO discipline (id,nameOfDiscipline,countOfLessons,exam) VALUES ('2320','Discipline АЕД-74','15','no');
INSERT INTO discipline (id,nameOfDiscipline,countOfLessons,exam) VALUES ('2321','Discipline АЕД-75','15','no');
INSERT INTO discipline (id,nameOfDiscipline,countOfLessons,exam) VALUES ('2322','Discipline АЕД-76','15','no');
INSERT INTO discipline (id,nameOfDiscipline,countOfLessons,exam) VALUES ('2323','Discipline АЕД-77','15','no');
INSERT INTO discipline (id,nameOfDiscipline,countOfLessons,exam) VALUES ('2324','Discipline АЕД-78','15','no');
INSERT INTO discipline (id,nameOfDiscipline,countOfLessons,exam) VALUES ('2325','Discipline АЕД-79','15','no');
INSERT INTO discipline (id,nameOfDiscipline,countOfLessons,exam) VALUES ('2326','Discipline АЕД-80','15','no');
INSERT INTO discipline (id,nameOfDiscipline,countOfLessons,exam) VALUES ('2327','Discipline АЕД-81','15','no');
INSERT INTO discipline (id,nameOfDiscipline,countOfLessons,exam) VALUES ('2328','Discipline АЕД-82','15','no');
INSERT INTO discipline (id,nameOfDiscipline,countOfLessons,exam) VALUES ('2329','Discipline АЕД-83','15','no');
INSERT INTO discipline (id,nameOfDiscipline,countOfLessons,exam) VALUES ('2330','Discipline АЕД-84','15','no');
INSERT INTO discipline (id,nameOfDiscipline,countOfLessons,exam) VALUES ('2331','Discipline АЕД-85','15','no');
INSERT INTO discipline (id,nameOfDiscipline,countOfLessons,exam) VALUES ('2332','Discipline АЕД-86','15','no');
INSERT INTO discipline (id,nameOfDiscipline,countOfLessons,exam) VALUES ('2333','Discipline АЕД-87','15','no');
INSERT INTO disciplineDepartmentDependency (ID,disciplineID,departmentID,courseNumber,semesterNumber) VALUES ('2246','2246','32','1','1');
INSERT INTO disciplineDepartmentDependency (ID,disciplineID,departmentID,courseNumber,semesterNumber) VALUES ('2247','2247','32','2','2');
INSERT INTO disciplineDepartmentDependency (ID,disciplineID,departmentID,courseNumber,semesterNumber) VALUES ('2248','2248','32','3','1');
INSERT INTO disciplineDepartmentDependency (ID,disciplineID,departmentID,courseNumber,semesterNumber) VALUES ('2249','2249','32','4','2');
INSERT INTO disciplineDepartmentDependency (ID,disciplineID,departmentID,courseNumber,semesterNumber) VALUES ('2250','2250','32','5','1');
INSERT INTO disciplineDepartmentDependency (ID,disciplineID,departmentID,courseNumber,semesterNumber) VALUES ('2251','2251','32','6','2');
INSERT INTO disciplineDepartmentDependency (ID,disciplineID,departmentID,courseNumber,semesterNumber) VALUES ('2252','2252','32','1','1');
INSERT INTO disciplineDepartmentDependency (ID,disciplineID,departmentID,courseNumber,semesterNumber) VALUES ('2253','2253','32','2','2');
INSERT INTO disciplineDepartmentDependency (ID,disciplineID,departmentID,courseNumber,semesterNumber) VALUES ('2254','2254','32','3','1');
INSERT INTO disciplineDepartmentDependency (ID,disciplineID,departmentID,courseNumber,semesterNumber) VALUES ('2255','2255','32','4','2');
INSERT INTO disciplineDepartmentDependency (ID,disciplineID,departmentID,courseNumber,semesterNumber) VALUES ('2256','2256','32','5','1');
INSERT INTO disciplineDepartmentDependency (ID,disciplineID,departmentID,courseNumber,semesterNumber) VALUES ('2257','2257','32','6','2');
INSERT INTO disciplineDepartmentDependency (ID,disciplineID,departmentID,courseNumber,semesterNumber) VALUES ('2258','2258','32','1','1');
INSERT INTO disciplineDepartmentDependency (ID,disciplineID,departmentID,courseNumber,semesterNumber) VALUES ('2259','2259','32','2','2');
INSERT INTO disciplineDepartmentDependency (ID,disciplineID,departmentID,courseNumber,semesterNumber) VALUES ('2260','2260','32','3','1');
INSERT INTO disciplineDepartmentDependency (ID,disciplineID,departmentID,courseNumber,semesterNumber) VALUES ('2261','2261','32','4','2');
INSERT INTO disciplineDepartmentDependency (ID,disciplineID,departmentID,courseNumber,semesterNumber) VALUES ('2262','2262','32','5','1');
INSERT INTO disciplineDepartmentDependency (ID,disciplineID,departmentID,courseNumber,semesterNumber) VALUES ('2263','2263','32','6','2');
INSERT INTO disciplineDepartmentDependency (ID,disciplineID,departmentID,courseNumber,semesterNumber) VALUES ('2264','2264','32','1','1');
INSERT INTO disciplineDepartmentDependency (ID,disciplineID,departmentID,courseNumber,semesterNumber) VALUES ('2265','2265','32','2','2');
INSERT INTO disciplineDepartmentDependency (ID,disciplineID,departmentID,courseNumber,semesterNumber) VALUES ('2266','2266','32','3','1');
INSERT INTO disciplineDepartmentDependency (ID,disciplineID,departmentID,courseNumber,semesterNumber) VALUES ('2267','2267','32','4','2');
INSERT INTO disciplineDepartmentDependency (ID,disciplineID,departmentID,courseNumber,semesterNumber) VALUES ('2268','2268','32','5','1');
INSERT INTO disciplineDepartmentDependency (ID,disciplineID,departmentID,courseNumber,semesterNumber) VALUES ('2269','2269','32','6','2');
INSERT INTO disciplineDepartmentDependency (ID,disciplineID,departmentID,courseNumber,semesterNumber) VALUES ('2270','2270','32','1','1');
INSERT INTO disciplineDepartmentDependency (ID,disciplineID,departmentID,courseNumber,semesterNumber) VALUES ('2271','2271','32','2','2');
INSERT INTO disciplineDepartmentDependency (ID,disciplineID,departmentID,courseNumber,semesterNumber) VALUES ('2272','2272','32','3','1');
INSERT INTO disciplineDepartmentDependency (ID,disciplineID,departmentID,courseNumber,semesterNumber) VALUES ('2273','2273','32','4','2');
INSERT INTO disciplineDepartmentDependency (ID,disciplineID,departmentID,courseNumber,semesterNumber) VALUES ('2274','2274','32','5','1');
INSERT INTO disciplineDepartmentDependency (ID,disciplineID,departmentID,courseNumber,semesterNumber) VALUES ('2275','2275','32','6','2');
INSERT INTO disciplineDepartmentDependency (ID,disciplineID,departmentID,courseNumber,semesterNumber) VALUES ('2276','2276','32','1','1');
INSERT INTO disciplineDepartmentDependency (ID,disciplineID,departmentID,courseNumber,semesterNumber) VALUES ('2277','2277','32','2','2');
INSERT INTO disciplineDepartmentDependency (ID,disciplineID,departmentID,courseNumber,semesterNumber) VALUES ('2278','2278','32','3','1');
INSERT INTO disciplineDepartmentDependency (ID,disciplineID,departmentID,courseNumber,semesterNumber) VALUES ('2279','2279','32','4','2');
INSERT INTO disciplineDepartmentDependency (ID,disciplineID,departmentID,courseNumber,semesterNumber) VALUES ('2280','2280','32','5','1');
INSERT INTO disciplineDepartmentDependency (ID,disciplineID,departmentID,courseNumber,semesterNumber) VALUES ('2281','2281','32','6','2');
INSERT INTO disciplineDepartmentDependency (ID,disciplineID,departmentID,courseNumber,semesterNumber) VALUES ('2282','2282','32','1','1');
INSERT INTO disciplineDepartmentDependency (ID,disciplineID,departmentID,courseNumber,semesterNumber) VALUES ('2283','2283','32','2','2');
INSERT INTO disciplineDepartmentDependency (ID,disciplineID,departmentID,courseNumber,semesterNumber) VALUES ('2284','2284','32','3','1');
INSERT INTO disciplineDepartmentDependency (ID,disciplineID,departmentID,courseNumber,semesterNumber) VALUES ('2285','2285','32','4','2');
INSERT INTO disciplineDepartmentDependency (ID,disciplineID,departmentID,courseNumber,semesterNumber) VALUES ('2286','2286','32','5','1');
INSERT INTO disciplineDepartmentDependency (ID,disciplineID,departmentID,courseNumber,semesterNumber) VALUES ('2287','2287','32','6','2');
INSERT INTO disciplineDepartmentDependency (ID,disciplineID,departmentID,courseNumber,semesterNumber) VALUES ('2288','2288','32','1','1');
INSERT INTO disciplineDepartmentDependency (ID,disciplineID,departmentID,courseNumber,semesterNumber) VALUES ('2289','2289','32','2','2');
INSERT INTO disciplineDepartmentDependency (ID,disciplineID,departmentID,courseNumber,semesterNumber) VALUES ('2290','2290','32','3','1');
INSERT INTO disciplineDepartmentDependency (ID,disciplineID,departmentID,courseNumber,semesterNumber) VALUES ('2291','2291','32','4','2');
INSERT INTO disciplineDepartmentDependency (ID,disciplineID,departmentID,courseNumber,semesterNumber) VALUES ('2292','2292','32','5','1');
INSERT INTO disciplineDepartmentDependency (ID,disciplineID,departmentID,courseNumber,semesterNumber) VALUES ('2293','2293','32','6','2');
INSERT INTO disciplineDepartmentDependency (ID,disciplineID,departmentID,courseNumber,semesterNumber) VALUES ('2294','2294','32','1','1');
INSERT INTO disciplineDepartmentDependency (ID,disciplineID,departmentID,courseNumber,semesterNumber) VALUES ('2295','2295','32','2','2');
INSERT INTO disciplineDepartmentDependency (ID,disciplineID,departmentID,courseNumber,semesterNumber) VALUES ('2296','2296','32','3','1');
INSERT INTO disciplineDepartmentDependency (ID,disciplineID,departmentID,courseNumber,semesterNumber) VALUES ('2297','2297','32','4','2');
INSERT INTO disciplineDepartmentDependency (ID,disciplineID,departmentID,courseNumber,semesterNumber) VALUES ('2298','2298','32','5','1');
INSERT INTO disciplineDepartmentDependency (ID,disciplineID,departmentID,courseNumber,semesterNumber) VALUES ('2299','2299','32','6','2');
INSERT INTO disciplineDepartmentDependency (ID,disciplineID,departmentID,courseNumber,semesterNumber) VALUES ('2300','2300','32','1','1');
INSERT INTO disciplineDepartmentDependency (ID,disciplineID,departmentID,courseNumber,semesterNumber) VALUES ('2301','2301','32','2','2');
INSERT INTO disciplineDepartmentDependency (ID,disciplineID,departmentID,courseNumber,semesterNumber) VALUES ('2302','2302','32','3','1');
INSERT INTO disciplineDepartmentDependency (ID,disciplineID,departmentID,courseNumber,semesterNumber) VALUES ('2303','2303','32','4','2');
INSERT INTO disciplineDepartmentDependency (ID,disciplineID,departmentID,courseNumber,semesterNumber) VALUES ('2304','2304','32','5','1');
INSERT INTO disciplineDepartmentDependency (ID,disciplineID,departmentID,courseNumber,semesterNumber) VALUES ('2305','2305','32','6','2');
INSERT INTO disciplineDepartmentDependency (ID,disciplineID,departmentID,courseNumber,semesterNumber) VALUES ('2306','2306','32','1','1');
INSERT INTO disciplineDepartmentDependency (ID,disciplineID,departmentID,courseNumber,semesterNumber) VALUES ('2307','2307','32','2','2');
INSERT INTO disciplineDepartmentDependency (ID,disciplineID,departmentID,courseNumber,semesterNumber) VALUES ('2308','2308','32','3','1');
INSERT INTO disciplineDepartmentDependency (ID,disciplineID,departmentID,courseNumber,semesterNumber) VALUES ('2309','2309','32','4','2');
INSERT INTO disciplineDepartmentDependency (ID,disciplineID,departmentID,courseNumber,semesterNumber) VALUES ('2310','2310','32','5','1');
INSERT INTO disciplineDepartmentDependency (ID,disciplineID,departmentID,courseNumber,semesterNumber) VALUES ('2311','2311','32','6','2');
INSERT INTO disciplineDepartmentDependency (ID,disciplineID,departmentID,courseNumber,semesterNumber) VALUES ('2312','2312','32','1','1');
INSERT INTO disciplineDepartmentDependency (ID,disciplineID,departmentID,courseNumber,semesterNumber) VALUES ('2313','2313','32','2','2');
INSERT INTO disciplineDepartmentDependency (ID,disciplineID,departmentID,courseNumber,semesterNumber) VALUES ('2314','2314','32','3','1');
INSERT INTO disciplineDepartmentDependency (ID,disciplineID,departmentID,courseNumber,semesterNumber) VALUES ('2315','2315','32','4','2');
INSERT INTO disciplineDepartmentDependency (ID,disciplineID,departmentID,courseNumber,semesterNumber) VALUES ('2316','2316','32','5','1');
INSERT INTO disciplineDepartmentDependency (ID,disciplineID,departmentID,courseNumber,semesterNumber) VALUES ('2317','2317','32','6','2');
INSERT INTO disciplineDepartmentDependency (ID,disciplineID,departmentID,courseNumber,semesterNumber) VALUES ('2318','2318','32','1','1');
INSERT INTO disciplineDepartmentDependency (ID,disciplineID,departmentID,courseNumber,semesterNumber) VALUES ('2319','2319','32','2','2');
INSERT INTO disciplineDepartmentDependency (ID,disciplineID,departmentID,courseNumber,semesterNumber) VALUES ('2320','2320','32','3','1');
INSERT INTO disciplineDepartmentDependency (ID,disciplineID,departmentID,courseNumber,semesterNumber) VALUES ('2321','2321','32','4','2');
INSERT INTO disciplineDepartmentDependency (ID,disciplineID,departmentID,courseNumber,semesterNumber) VALUES ('2322','2322','32','5','1');
INSERT INTO disciplineDepartmentDependency (ID,disciplineID,departmentID,courseNumber,semesterNumber) VALUES ('2323','2323','32','6','2');
INSERT INTO disciplineDepartmentDependency (ID,disciplineID,departmentID,courseNumber,semesterNumber) VALUES ('2324','2324','32','1','1');
INSERT INTO disciplineDepartmentDependency (ID,disciplineID,departmentID,courseNumber,semesterNumber) VALUES ('2325','2325','32','2','2');
INSERT INTO disciplineDepartmentDependency (ID,disciplineID,departmentID,courseNumber,semesterNumber) VALUES ('2326','2326','32','3','1');
INSERT INTO disciplineDepartmentDependency (ID,disciplineID,departmentID,courseNumber,semesterNumber) VALUES ('2327','2327','32','4','2');
INSERT INTO disciplineDepartmentDependency (ID,disciplineID,departmentID,courseNumber,semesterNumber) VALUES ('2328','2328','32','5','1');
INSERT INTO disciplineDepartmentDependency (ID,disciplineID,departmentID,courseNumber,semesterNumber) VALUES ('2329','2329','32','6','2');
INSERT INTO disciplineDepartmentDependency (ID,disciplineID,departmentID,courseNumber,semesterNumber) VALUES ('2330','2330','32','1','1');
INSERT INTO disciplineDepartmentDependency (ID,disciplineID,departmentID,courseNumber,semesterNumber) VALUES ('2331','2331','32','2','2');
INSERT INTO disciplineDepartmentDependency (ID,disciplineID,departmentID,courseNumber,semesterNumber) VALUES ('2332','2332','32','3','1');
INSERT INTO disciplineDepartmentDependency (ID,disciplineID,departmentID,courseNumber,semesterNumber) VALUES ('2333','2333','32','4','2');
INSERT INTO loginpass (ID,login,password,access_type) VALUES ('80','VITANAPONOMARENKO@hotmail.de','h6UiwtvX','employee');
INSERT INTO employee (name,lastName,fathersName,personalID,sex,email,phoneNumber,dateOfBorn,address,passport,login,office,ID,departmentID) VALUES ('Вітана','ПОНОМАРЕНКО','Кузьмівна','5612714046','f','VITANAPONOMARENKO@hotmail.de','0951165780','1980-05-03','24384 Сторожинець Будьонного 89, 30','BG611838 ГУМВС 22','VITANAPONOMARENKO@hotmail.de','HR','76','32');
INSERT INTO gtgroup (id,fullGroupName,courseNumber,departmentID) VALUES ('366','АЕД-10','1','32');
INSERT INTO gtgroup (id,fullGroupName,courseNumber,departmentID) VALUES ('367','АЕД-20','2','32');
INSERT INTO gtgroup (id,fullGroupName,courseNumber,departmentID) VALUES ('368','АЕД-30','3','32');
INSERT INTO gtgroup (id,fullGroupName,courseNumber,departmentID) VALUES ('369','АЕД-40','4','32');
INSERT INTO gtgroup (id,fullGroupName,courseNumber,departmentID) VALUES ('370','АЕД-50','5','32');
INSERT INTO gtgroup (id,fullGroupName,courseNumber,departmentID) VALUES ('371','АЕД-60','6','32');
INSERT INTO dayRequirements (id,departmentID,countOfDaysInWeek,countOfLessonsInADay) VALUES ('32','33','6','5');
INSERT INTO discipline (id,nameOfDiscipline,countOfLessons,exam) VALUES ('2334','Discipline ІВТ-0','15','no');
INSERT INTO discipline (id,nameOfDiscipline,countOfLessons,exam) VALUES ('2335','Discipline ІВТ-1','15','no');
INSERT INTO discipline (id,nameOfDiscipline,countOfLessons,exam) VALUES ('2336','Discipline ІВТ-2','15','no');
INSERT INTO discipline (id,nameOfDiscipline,countOfLessons,exam) VALUES ('2337','Discipline ІВТ-3','15','no');
INSERT INTO discipline (id,nameOfDiscipline,countOfLessons,exam) VALUES ('2338','Discipline ІВТ-4','15','no');
INSERT INTO discipline (id,nameOfDiscipline,countOfLessons,exam) VALUES ('2339','Discipline ІВТ-5','15','no');
INSERT INTO discipline (id,nameOfDiscipline,countOfLessons,exam) VALUES ('2340','Discipline ІВТ-6','15','no');
INSERT INTO discipline (id,nameOfDiscipline,countOfLessons,exam) VALUES ('2341','Discipline ІВТ-7','15','no');
INSERT INTO discipline (id,nameOfDiscipline,countOfLessons,exam) VALUES ('2342','Discipline ІВТ-8','15','no');
INSERT INTO discipline (id,nameOfDiscipline,countOfLessons,exam) VALUES ('2343','Discipline ІВТ-9','15','no');
INSERT INTO discipline (id,nameOfDiscipline,countOfLessons,exam) VALUES ('2344','Discipline ІВТ-10','15','no');
INSERT INTO discipline (id,nameOfDiscipline,countOfLessons,exam) VALUES ('2345','Discipline ІВТ-11','15','no');
INSERT INTO discipline (id,nameOfDiscipline,countOfLessons,exam) VALUES ('2346','Discipline ІВТ-12','15','no');
INSERT INTO discipline (id,nameOfDiscipline,countOfLessons,exam) VALUES ('2347','Discipline ІВТ-13','15','no');
INSERT INTO discipline (id,nameOfDiscipline,countOfLessons,exam) VALUES ('2348','Discipline ІВТ-14','15','no');
INSERT INTO discipline (id,nameOfDiscipline,countOfLessons,exam) VALUES ('2349','Discipline ІВТ-15','15','no');
INSERT INTO discipline (id,nameOfDiscipline,countOfLessons,exam) VALUES ('2350','Discipline ІВТ-16','15','no');
INSERT INTO discipline (id,nameOfDiscipline,countOfLessons,exam) VALUES ('2351','Discipline ІВТ-17','15','no');
INSERT INTO discipline (id,nameOfDiscipline,countOfLessons,exam) VALUES ('2352','Discipline ІВТ-18','15','no');
INSERT INTO discipline (id,nameOfDiscipline,countOfLessons,exam) VALUES ('2353','Discipline ІВТ-19','15','no');
INSERT INTO discipline (id,nameOfDiscipline,countOfLessons,exam) VALUES ('2354','Discipline ІВТ-20','15','no');
INSERT INTO discipline (id,nameOfDiscipline,countOfLessons,exam) VALUES ('2355','Discipline ІВТ-21','15','no');
INSERT INTO discipline (id,nameOfDiscipline,countOfLessons,exam) VALUES ('2356','Discipline ІВТ-22','15','no');
INSERT INTO discipline (id,nameOfDiscipline,countOfLessons,exam) VALUES ('2357','Discipline ІВТ-23','15','no');
INSERT INTO discipline (id,nameOfDiscipline,countOfLessons,exam) VALUES ('2358','Discipline ІВТ-24','15','no');
INSERT INTO discipline (id,nameOfDiscipline,countOfLessons,exam) VALUES ('2359','Discipline ІВТ-25','15','no');
INSERT INTO discipline (id,nameOfDiscipline,countOfLessons,exam) VALUES ('2360','Discipline ІВТ-26','15','no');
INSERT INTO discipline (id,nameOfDiscipline,countOfLessons,exam) VALUES ('2361','Discipline ІВТ-27','15','no');
INSERT INTO discipline (id,nameOfDiscipline,countOfLessons,exam) VALUES ('2362','Discipline ІВТ-28','15','no');
INSERT INTO discipline (id,nameOfDiscipline,countOfLessons,exam) VALUES ('2363','Discipline ІВТ-29','15','no');
INSERT INTO discipline (id,nameOfDiscipline,countOfLessons,exam) VALUES ('2364','Discipline ІВТ-30','15','no');
INSERT INTO discipline (id,nameOfDiscipline,countOfLessons,exam) VALUES ('2365','Discipline ІВТ-31','15','no');
INSERT INTO discipline (id,nameOfDiscipline,countOfLessons,exam) VALUES ('2366','Discipline ІВТ-32','15','no');
INSERT INTO discipline (id,nameOfDiscipline,countOfLessons,exam) VALUES ('2367','Discipline ІВТ-33','15','no');
INSERT INTO discipline (id,nameOfDiscipline,countOfLessons,exam) VALUES ('2368','Discipline ІВТ-34','15','no');
INSERT INTO discipline (id,nameOfDiscipline,countOfLessons,exam) VALUES ('2369','Discipline ІВТ-35','15','no');
INSERT INTO discipline (id,nameOfDiscipline,countOfLessons,exam) VALUES ('2370','Discipline ІВТ-36','15','no');
INSERT INTO discipline (id,nameOfDiscipline,countOfLessons,exam) VALUES ('2371','Discipline ІВТ-37','15','no');
INSERT INTO discipline (id,nameOfDiscipline,countOfLessons,exam) VALUES ('2372','Discipline ІВТ-38','15','no');
INSERT INTO discipline (id,nameOfDiscipline,countOfLessons,exam) VALUES ('2373','Discipline ІВТ-39','15','no');
INSERT INTO discipline (id,nameOfDiscipline,countOfLessons,exam) VALUES ('2374','Discipline ІВТ-40','15','no');
INSERT INTO discipline (id,nameOfDiscipline,countOfLessons,exam) VALUES ('2375','Discipline ІВТ-41','15','no');
INSERT INTO discipline (id,nameOfDiscipline,countOfLessons,exam) VALUES ('2376','Discipline ІВТ-42','15','no');
INSERT INTO discipline (id,nameOfDiscipline,countOfLessons,exam) VALUES ('2377','Discipline ІВТ-43','15','no');
INSERT INTO discipline (id,nameOfDiscipline,countOfLessons,exam) VALUES ('2378','Discipline ІВТ-44','15','no');
INSERT INTO discipline (id,nameOfDiscipline,countOfLessons,exam) VALUES ('2379','Discipline ІВТ-45','15','no');
INSERT INTO discipline (id,nameOfDiscipline,countOfLessons,exam) VALUES ('2380','Discipline ІВТ-46','15','no');
INSERT INTO discipline (id,nameOfDiscipline,countOfLessons,exam) VALUES ('2381','Discipline ІВТ-47','15','no');
INSERT INTO discipline (id,nameOfDiscipline,countOfLessons,exam) VALUES ('2382','Discipline ІВТ-48','15','no');
INSERT INTO discipline (id,nameOfDiscipline,countOfLessons,exam) VALUES ('2383','Discipline ІВТ-49','15','no');
INSERT INTO discipline (id,nameOfDiscipline,countOfLessons,exam) VALUES ('2384','Discipline ІВТ-50','15','no');
INSERT INTO discipline (id,nameOfDiscipline,countOfLessons,exam) VALUES ('2385','Discipline ІВТ-51','15','no');
INSERT INTO discipline (id,nameOfDiscipline,countOfLessons,exam) VALUES ('2386','Discipline ІВТ-52','15','no');
INSERT INTO discipline (id,nameOfDiscipline,countOfLessons,exam) VALUES ('2387','Discipline ІВТ-53','15','no');
INSERT INTO discipline (id,nameOfDiscipline,countOfLessons,exam) VALUES ('2388','Discipline ІВТ-54','15','no');
INSERT INTO discipline (id,nameOfDiscipline,countOfLessons,exam) VALUES ('2389','Discipline ІВТ-55','15','no');
INSERT INTO discipline (id,nameOfDiscipline,countOfLessons,exam) VALUES ('2390','Discipline ІВТ-56','15','no');
INSERT INTO discipline (id,nameOfDiscipline,countOfLessons,exam) VALUES ('2391','Discipline ІВТ-57','15','no');
INSERT INTO discipline (id,nameOfDiscipline,countOfLessons,exam) VALUES ('2392','Discipline ІВТ-58','15','no');
INSERT INTO discipline (id,nameOfDiscipline,countOfLessons,exam) VALUES ('2393','Discipline ІВТ-59','15','no');
INSERT INTO discipline (id,nameOfDiscipline,countOfLessons,exam) VALUES ('2394','Discipline ІВТ-60','15','no');
INSERT INTO discipline (id,nameOfDiscipline,countOfLessons,exam) VALUES ('2395','Discipline ІВТ-61','15','no');
INSERT INTO discipline (id,nameOfDiscipline,countOfLessons,exam) VALUES ('2396','Discipline ІВТ-62','15','no');
INSERT INTO discipline (id,nameOfDiscipline,countOfLessons,exam) VALUES ('2397','Discipline ІВТ-63','15','no');
INSERT INTO discipline (id,nameOfDiscipline,countOfLessons,exam) VALUES ('2398','Discipline ІВТ-64','15','no');
INSERT INTO discipline (id,nameOfDiscipline,countOfLessons,exam) VALUES ('2399','Discipline ІВТ-65','15','no');
INSERT INTO discipline (id,nameOfDiscipline,countOfLessons,exam) VALUES ('2400','Discipline ІВТ-66','15','no');
INSERT INTO discipline (id,nameOfDiscipline,countOfLessons,exam) VALUES ('2401','Discipline ІВТ-67','15','no');
INSERT INTO discipline (id,nameOfDiscipline,countOfLessons,exam) VALUES ('2402','Discipline ІВТ-68','15','no');
INSERT INTO discipline (id,nameOfDiscipline,countOfLessons,exam) VALUES ('2403','Discipline ІВТ-69','15','no');
INSERT INTO discipline (id,nameOfDiscipline,countOfLessons,exam) VALUES ('2404','Discipline ІВТ-70','15','no');
INSERT INTO discipline (id,nameOfDiscipline,countOfLessons,exam) VALUES ('2405','Discipline ІВТ-71','15','no');
INSERT INTO discipline (id,nameOfDiscipline,countOfLessons,exam) VALUES ('2406','Discipline ІВТ-72','15','no');
INSERT INTO discipline (id,nameOfDiscipline,countOfLessons,exam) VALUES ('2407','Discipline ІВТ-73','15','no');
INSERT INTO discipline (id,nameOfDiscipline,countOfLessons,exam) VALUES ('2408','Discipline ІВТ-74','15','no');
INSERT INTO discipline (id,nameOfDiscipline,countOfLessons,exam) VALUES ('2409','Discipline ІВТ-75','15','no');
INSERT INTO discipline (id,nameOfDiscipline,countOfLessons,exam) VALUES ('2410','Discipline ІВТ-76','15','no');
INSERT INTO discipline (id,nameOfDiscipline,countOfLessons,exam) VALUES ('2411','Discipline ІВТ-77','15','no');
INSERT INTO discipline (id,nameOfDiscipline,countOfLessons,exam) VALUES ('2412','Discipline ІВТ-78','15','no');
INSERT INTO discipline (id,nameOfDiscipline,countOfLessons,exam) VALUES ('2413','Discipline ІВТ-79','15','no');
INSERT INTO discipline (id,nameOfDiscipline,countOfLessons,exam) VALUES ('2414','Discipline ІВТ-80','15','no');
INSERT INTO discipline (id,nameOfDiscipline,countOfLessons,exam) VALUES ('2415','Discipline ІВТ-81','15','no');
INSERT INTO discipline (id,nameOfDiscipline,countOfLessons,exam) VALUES ('2416','Discipline ІВТ-82','15','no');
INSERT INTO discipline (id,nameOfDiscipline,countOfLessons,exam) VALUES ('2417','Discipline ІВТ-83','15','no');
INSERT INTO discipline (id,nameOfDiscipline,countOfLessons,exam) VALUES ('2418','Discipline ІВТ-84','15','no');
INSERT INTO discipline (id,nameOfDiscipline,countOfLessons,exam) VALUES ('2419','Discipline ІВТ-85','15','no');
INSERT INTO discipline (id,nameOfDiscipline,countOfLessons,exam) VALUES ('2420','Discipline ІВТ-86','15','no');
INSERT INTO disciplineDepartmentDependency (ID,disciplineID,departmentID,courseNumber,semesterNumber) VALUES ('2334','2334','33','1','1');
INSERT INTO disciplineDepartmentDependency (ID,disciplineID,departmentID,courseNumber,semesterNumber) VALUES ('2335','2335','33','2','2');
INSERT INTO disciplineDepartmentDependency (ID,disciplineID,departmentID,courseNumber,semesterNumber) VALUES ('2336','2336','33','3','1');
INSERT INTO disciplineDepartmentDependency (ID,disciplineID,departmentID,courseNumber,semesterNumber) VALUES ('2337','2337','33','4','2');
INSERT INTO disciplineDepartmentDependency (ID,disciplineID,departmentID,courseNumber,semesterNumber) VALUES ('2338','2338','33','5','1');
INSERT INTO disciplineDepartmentDependency (ID,disciplineID,departmentID,courseNumber,semesterNumber) VALUES ('2339','2339','33','6','2');
INSERT INTO disciplineDepartmentDependency (ID,disciplineID,departmentID,courseNumber,semesterNumber) VALUES ('2340','2340','33','1','1');
INSERT INTO disciplineDepartmentDependency (ID,disciplineID,departmentID,courseNumber,semesterNumber) VALUES ('2341','2341','33','2','2');
INSERT INTO disciplineDepartmentDependency (ID,disciplineID,departmentID,courseNumber,semesterNumber) VALUES ('2342','2342','33','3','1');
INSERT INTO disciplineDepartmentDependency (ID,disciplineID,departmentID,courseNumber,semesterNumber) VALUES ('2343','2343','33','4','2');
INSERT INTO disciplineDepartmentDependency (ID,disciplineID,departmentID,courseNumber,semesterNumber) VALUES ('2344','2344','33','5','1');
INSERT INTO disciplineDepartmentDependency (ID,disciplineID,departmentID,courseNumber,semesterNumber) VALUES ('2345','2345','33','6','2');
INSERT INTO disciplineDepartmentDependency (ID,disciplineID,departmentID,courseNumber,semesterNumber) VALUES ('2346','2346','33','1','1');
INSERT INTO disciplineDepartmentDependency (ID,disciplineID,departmentID,courseNumber,semesterNumber) VALUES ('2347','2347','33','2','2');
INSERT INTO disciplineDepartmentDependency (ID,disciplineID,departmentID,courseNumber,semesterNumber) VALUES ('2348','2348','33','3','1');
INSERT INTO disciplineDepartmentDependency (ID,disciplineID,departmentID,courseNumber,semesterNumber) VALUES ('2349','2349','33','4','2');
INSERT INTO disciplineDepartmentDependency (ID,disciplineID,departmentID,courseNumber,semesterNumber) VALUES ('2350','2350','33','5','1');
INSERT INTO disciplineDepartmentDependency (ID,disciplineID,departmentID,courseNumber,semesterNumber) VALUES ('2351','2351','33','6','2');
INSERT INTO disciplineDepartmentDependency (ID,disciplineID,departmentID,courseNumber,semesterNumber) VALUES ('2352','2352','33','1','1');
INSERT INTO disciplineDepartmentDependency (ID,disciplineID,departmentID,courseNumber,semesterNumber) VALUES ('2353','2353','33','2','2');
INSERT INTO disciplineDepartmentDependency (ID,disciplineID,departmentID,courseNumber,semesterNumber) VALUES ('2354','2354','33','3','1');
INSERT INTO disciplineDepartmentDependency (ID,disciplineID,departmentID,courseNumber,semesterNumber) VALUES ('2355','2355','33','4','2');
INSERT INTO disciplineDepartmentDependency (ID,disciplineID,departmentID,courseNumber,semesterNumber) VALUES ('2356','2356','33','5','1');
INSERT INTO disciplineDepartmentDependency (ID,disciplineID,departmentID,courseNumber,semesterNumber) VALUES ('2357','2357','33','6','2');
INSERT INTO disciplineDepartmentDependency (ID,disciplineID,departmentID,courseNumber,semesterNumber) VALUES ('2358','2358','33','1','1');
INSERT INTO disciplineDepartmentDependency (ID,disciplineID,departmentID,courseNumber,semesterNumber) VALUES ('2359','2359','33','2','2');
INSERT INTO disciplineDepartmentDependency (ID,disciplineID,departmentID,courseNumber,semesterNumber) VALUES ('2360','2360','33','3','1');
INSERT INTO disciplineDepartmentDependency (ID,disciplineID,departmentID,courseNumber,semesterNumber) VALUES ('2361','2361','33','4','2');
INSERT INTO disciplineDepartmentDependency (ID,disciplineID,departmentID,courseNumber,semesterNumber) VALUES ('2362','2362','33','5','1');
INSERT INTO disciplineDepartmentDependency (ID,disciplineID,departmentID,courseNumber,semesterNumber) VALUES ('2363','2363','33','6','2');
INSERT INTO disciplineDepartmentDependency (ID,disciplineID,departmentID,courseNumber,semesterNumber) VALUES ('2364','2364','33','1','1');
INSERT INTO disciplineDepartmentDependency (ID,disciplineID,departmentID,courseNumber,semesterNumber) VALUES ('2365','2365','33','2','2');
INSERT INTO disciplineDepartmentDependency (ID,disciplineID,departmentID,courseNumber,semesterNumber) VALUES ('2366','2366','33','3','1');
INSERT INTO disciplineDepartmentDependency (ID,disciplineID,departmentID,courseNumber,semesterNumber) VALUES ('2367','2367','33','4','2');
INSERT INTO disciplineDepartmentDependency (ID,disciplineID,departmentID,courseNumber,semesterNumber) VALUES ('2368','2368','33','5','1');
INSERT INTO disciplineDepartmentDependency (ID,disciplineID,departmentID,courseNumber,semesterNumber) VALUES ('2369','2369','33','6','2');
INSERT INTO disciplineDepartmentDependency (ID,disciplineID,departmentID,courseNumber,semesterNumber) VALUES ('2370','2370','33','1','1');
INSERT INTO disciplineDepartmentDependency (ID,disciplineID,departmentID,courseNumber,semesterNumber) VALUES ('2371','2371','33','2','2');
INSERT INTO disciplineDepartmentDependency (ID,disciplineID,departmentID,courseNumber,semesterNumber) VALUES ('2372','2372','33','3','1');
INSERT INTO disciplineDepartmentDependency (ID,disciplineID,departmentID,courseNumber,semesterNumber) VALUES ('2373','2373','33','4','2');
INSERT INTO disciplineDepartmentDependency (ID,disciplineID,departmentID,courseNumber,semesterNumber) VALUES ('2374','2374','33','5','1');
INSERT INTO disciplineDepartmentDependency (ID,disciplineID,departmentID,courseNumber,semesterNumber) VALUES ('2375','2375','33','6','2');
INSERT INTO disciplineDepartmentDependency (ID,disciplineID,departmentID,courseNumber,semesterNumber) VALUES ('2376','2376','33','1','1');
INSERT INTO disciplineDepartmentDependency (ID,disciplineID,departmentID,courseNumber,semesterNumber) VALUES ('2377','2377','33','2','2');
INSERT INTO disciplineDepartmentDependency (ID,disciplineID,departmentID,courseNumber,semesterNumber) VALUES ('2378','2378','33','3','1');
INSERT INTO disciplineDepartmentDependency (ID,disciplineID,departmentID,courseNumber,semesterNumber) VALUES ('2379','2379','33','4','2');
INSERT INTO disciplineDepartmentDependency (ID,disciplineID,departmentID,courseNumber,semesterNumber) VALUES ('2380','2380','33','5','1');
INSERT INTO disciplineDepartmentDependency (ID,disciplineID,departmentID,courseNumber,semesterNumber) VALUES ('2381','2381','33','6','2');
INSERT INTO disciplineDepartmentDependency (ID,disciplineID,departmentID,courseNumber,semesterNumber) VALUES ('2382','2382','33','1','1');
INSERT INTO disciplineDepartmentDependency (ID,disciplineID,departmentID,courseNumber,semesterNumber) VALUES ('2383','2383','33','2','2');
INSERT INTO disciplineDepartmentDependency (ID,disciplineID,departmentID,courseNumber,semesterNumber) VALUES ('2384','2384','33','3','1');
INSERT INTO disciplineDepartmentDependency (ID,disciplineID,departmentID,courseNumber,semesterNumber) VALUES ('2385','2385','33','4','2');
INSERT INTO disciplineDepartmentDependency (ID,disciplineID,departmentID,courseNumber,semesterNumber) VALUES ('2386','2386','33','5','1');
INSERT INTO disciplineDepartmentDependency (ID,disciplineID,departmentID,courseNumber,semesterNumber) VALUES ('2387','2387','33','6','2');
INSERT INTO disciplineDepartmentDependency (ID,disciplineID,departmentID,courseNumber,semesterNumber) VALUES ('2388','2388','33','1','1');
INSERT INTO disciplineDepartmentDependency (ID,disciplineID,departmentID,courseNumber,semesterNumber) VALUES ('2389','2389','33','2','2');
INSERT INTO disciplineDepartmentDependency (ID,disciplineID,departmentID,courseNumber,semesterNumber) VALUES ('2390','2390','33','3','1');
INSERT INTO disciplineDepartmentDependency (ID,disciplineID,departmentID,courseNumber,semesterNumber) VALUES ('2391','2391','33','4','2');
INSERT INTO disciplineDepartmentDependency (ID,disciplineID,departmentID,courseNumber,semesterNumber) VALUES ('2392','2392','33','5','1');
INSERT INTO disciplineDepartmentDependency (ID,disciplineID,departmentID,courseNumber,semesterNumber) VALUES ('2393','2393','33','6','2');
INSERT INTO disciplineDepartmentDependency (ID,disciplineID,departmentID,courseNumber,semesterNumber) VALUES ('2394','2394','33','1','1');
INSERT INTO disciplineDepartmentDependency (ID,disciplineID,departmentID,courseNumber,semesterNumber) VALUES ('2395','2395','33','2','2');
INSERT INTO disciplineDepartmentDependency (ID,disciplineID,departmentID,courseNumber,semesterNumber) VALUES ('2396','2396','33','3','1');
INSERT INTO disciplineDepartmentDependency (ID,disciplineID,departmentID,courseNumber,semesterNumber) VALUES ('2397','2397','33','4','2');
INSERT INTO disciplineDepartmentDependency (ID,disciplineID,departmentID,courseNumber,semesterNumber) VALUES ('2398','2398','33','5','1');
INSERT INTO disciplineDepartmentDependency (ID,disciplineID,departmentID,courseNumber,semesterNumber) VALUES ('2399','2399','33','6','2');
INSERT INTO disciplineDepartmentDependency (ID,disciplineID,departmentID,courseNumber,semesterNumber) VALUES ('2400','2400','33','1','1');
INSERT INTO disciplineDepartmentDependency (ID,disciplineID,departmentID,courseNumber,semesterNumber) VALUES ('2401','2401','33','2','2');
INSERT INTO disciplineDepartmentDependency (ID,disciplineID,departmentID,courseNumber,semesterNumber) VALUES ('2402','2402','33','3','1');
INSERT INTO disciplineDepartmentDependency (ID,disciplineID,departmentID,courseNumber,semesterNumber) VALUES ('2403','2403','33','4','2');
INSERT INTO disciplineDepartmentDependency (ID,disciplineID,departmentID,courseNumber,semesterNumber) VALUES ('2404','2404','33','5','1');
INSERT INTO disciplineDepartmentDependency (ID,disciplineID,departmentID,courseNumber,semesterNumber) VALUES ('2405','2405','33','6','2');
INSERT INTO disciplineDepartmentDependency (ID,disciplineID,departmentID,courseNumber,semesterNumber) VALUES ('2406','2406','33','1','1');
INSERT INTO disciplineDepartmentDependency (ID,disciplineID,departmentID,courseNumber,semesterNumber) VALUES ('2407','2407','33','2','2');
INSERT INTO disciplineDepartmentDependency (ID,disciplineID,departmentID,courseNumber,semesterNumber) VALUES ('2408','2408','33','3','1');
INSERT INTO disciplineDepartmentDependency (ID,disciplineID,departmentID,courseNumber,semesterNumber) VALUES ('2409','2409','33','4','2');
INSERT INTO disciplineDepartmentDependency (ID,disciplineID,departmentID,courseNumber,semesterNumber) VALUES ('2410','2410','33','5','1');
INSERT INTO disciplineDepartmentDependency (ID,disciplineID,departmentID,courseNumber,semesterNumber) VALUES ('2411','2411','33','6','2');
INSERT INTO disciplineDepartmentDependency (ID,disciplineID,departmentID,courseNumber,semesterNumber) VALUES ('2412','2412','33','1','1');
INSERT INTO disciplineDepartmentDependency (ID,disciplineID,departmentID,courseNumber,semesterNumber) VALUES ('2413','2413','33','2','2');
INSERT INTO disciplineDepartmentDependency (ID,disciplineID,departmentID,courseNumber,semesterNumber) VALUES ('2414','2414','33','3','1');
INSERT INTO disciplineDepartmentDependency (ID,disciplineID,departmentID,courseNumber,semesterNumber) VALUES ('2415','2415','33','4','2');
INSERT INTO disciplineDepartmentDependency (ID,disciplineID,departmentID,courseNumber,semesterNumber) VALUES ('2416','2416','33','5','1');
INSERT INTO disciplineDepartmentDependency (ID,disciplineID,departmentID,courseNumber,semesterNumber) VALUES ('2417','2417','33','6','2');
INSERT INTO disciplineDepartmentDependency (ID,disciplineID,departmentID,courseNumber,semesterNumber) VALUES ('2418','2418','33','1','1');
INSERT INTO disciplineDepartmentDependency (ID,disciplineID,departmentID,courseNumber,semesterNumber) VALUES ('2419','2419','33','2','2');
INSERT INTO disciplineDepartmentDependency (ID,disciplineID,departmentID,courseNumber,semesterNumber) VALUES ('2420','2420','33','3','1');
INSERT INTO loginpass (ID,login,password,access_type) VALUES ('81','DOBRXVODMAWUR@t-online.de','ZdE0IxCn','employee');
INSERT INTO employee (name,lastName,fathersName,personalID,sex,email,phoneNumber,dateOfBorn,address,passport,login,office,ID,departmentID) VALUES ('Добривод','МАЗУР','Хомич','2520128686','m','DOBRXVODMAWUR@t-online.de','0675285887','1968-05-10','28322 Рівне Комунарів 7, 86','UI112156 ГУМВС 47','DOBRXVODMAWUR@t-online.de','HR','77','33');
INSERT INTO loginpass (ID,login,password,access_type) VALUES ('82','GORXMXSLHOMENKO@btinternet.com','LxL6sgF5','employee');
INSERT INTO employee (name,lastName,fathersName,personalID,sex,email,phoneNumber,dateOfBorn,address,passport,login,office,ID,departmentID) VALUES ('Горимисл','ХОМЕНКО','Лукич','8744854610','m','GORXMXSLHOMENKO@btinternet.com','0920730651','1991-02-20','30218 Вознесенськ Зінченк 86, 86','OT423135 ГУМВС 1','GORXMXSLHOMENKO@btinternet.com','HR','78','33');
INSERT INTO loginpass (ID,login,password,access_type) VALUES ('83','DOBROSLAVALXTVXNENKO@online.de','yfUdOm&d','employee');
INSERT INTO employee (name,lastName,fathersName,personalID,sex,email,phoneNumber,dateOfBorn,address,passport,login,office,ID,departmentID) VALUES ('Доброслава','ЛИТВИНЕНКО','Григорівна','7372532454','f','DOBROSLAVALXTVXNENKO@online.de','0912076201','1973-07-12','13106 Ковель Героїв Дніпра 71, 242','TE377678 ГУМВС 48','DOBROSLAVALXTVXNENKO@online.de','HR','79','33');
INSERT INTO loginpass (ID,login,password,access_type) VALUES ('84','BRATKOBABENKO@sky.com','5h1DOHys','employee');
INSERT INTO employee (name,lastName,fathersName,personalID,sex,email,phoneNumber,dateOfBorn,address,passport,login,office,ID,departmentID) VALUES ('Братко','БАБЕНКО','Кузьмич','7420154050','m','BRATKOBABENKO@sky.com','0925786043','1962-03-13','01168 Обухів Бориса Захарченка 38, 189','WQ431817 ГУМВС 22','BRATKOBABENKO@sky.com','HR','80','33');
INSERT INTO gtgroup (id,fullGroupName,courseNumber,departmentID) VALUES ('372','ІВТ-10','1','33');
INSERT INTO gtgroup (id,fullGroupName,courseNumber,departmentID) VALUES ('373','ІВТ-11','1','33');
INSERT INTO gtgroup (id,fullGroupName,courseNumber,departmentID) VALUES ('374','ІВТ-20','2','33');
INSERT INTO gtgroup (id,fullGroupName,courseNumber,departmentID) VALUES ('375','ІВТ-21','2','33');
INSERT INTO gtgroup (id,fullGroupName,courseNumber,departmentID) VALUES ('376','ІВТ-30','3','33');
INSERT INTO gtgroup (id,fullGroupName,courseNumber,departmentID) VALUES ('377','ІВТ-31','3','33');
INSERT INTO gtgroup (id,fullGroupName,courseNumber,departmentID) VALUES ('378','ІВТ-40','4','33');
INSERT INTO gtgroup (id,fullGroupName,courseNumber,departmentID) VALUES ('379','ІВТ-41','4','33');
INSERT INTO gtgroup (id,fullGroupName,courseNumber,departmentID) VALUES ('380','ІВТ-50','5','33');
INSERT INTO gtgroup (id,fullGroupName,courseNumber,departmentID) VALUES ('381','ІВТ-51','5','33');
INSERT INTO gtgroup (id,fullGroupName,courseNumber,departmentID) VALUES ('382','ІВТ-60','6','33');
INSERT INTO gtgroup (id,fullGroupName,courseNumber,departmentID) VALUES ('383','ІВТ-61','6','33');
INSERT INTO dayRequirements (id,departmentID,countOfDaysInWeek,countOfLessonsInADay) VALUES ('33','34','6','5');
INSERT INTO discipline (id,nameOfDiscipline,countOfLessons,exam) VALUES ('2421','Discipline ПБТ-0','15','no');
INSERT INTO discipline (id,nameOfDiscipline,countOfLessons,exam) VALUES ('2422','Discipline ПБТ-1','15','no');
INSERT INTO discipline (id,nameOfDiscipline,countOfLessons,exam) VALUES ('2423','Discipline ПБТ-2','15','no');
INSERT INTO discipline (id,nameOfDiscipline,countOfLessons,exam) VALUES ('2424','Discipline ПБТ-3','15','no');
INSERT INTO discipline (id,nameOfDiscipline,countOfLessons,exam) VALUES ('2425','Discipline ПБТ-4','15','no');
INSERT INTO discipline (id,nameOfDiscipline,countOfLessons,exam) VALUES ('2426','Discipline ПБТ-5','15','no');
INSERT INTO discipline (id,nameOfDiscipline,countOfLessons,exam) VALUES ('2427','Discipline ПБТ-6','15','no');
INSERT INTO discipline (id,nameOfDiscipline,countOfLessons,exam) VALUES ('2428','Discipline ПБТ-7','15','no');
INSERT INTO discipline (id,nameOfDiscipline,countOfLessons,exam) VALUES ('2429','Discipline ПБТ-8','15','no');
INSERT INTO discipline (id,nameOfDiscipline,countOfLessons,exam) VALUES ('2430','Discipline ПБТ-9','15','no');
INSERT INTO discipline (id,nameOfDiscipline,countOfLessons,exam) VALUES ('2431','Discipline ПБТ-10','15','no');
INSERT INTO discipline (id,nameOfDiscipline,countOfLessons,exam) VALUES ('2432','Discipline ПБТ-11','15','no');
INSERT INTO discipline (id,nameOfDiscipline,countOfLessons,exam) VALUES ('2433','Discipline ПБТ-12','15','no');
INSERT INTO discipline (id,nameOfDiscipline,countOfLessons,exam) VALUES ('2434','Discipline ПБТ-13','15','no');
INSERT INTO discipline (id,nameOfDiscipline,countOfLessons,exam) VALUES ('2435','Discipline ПБТ-14','15','no');
INSERT INTO discipline (id,nameOfDiscipline,countOfLessons,exam) VALUES ('2436','Discipline ПБТ-15','15','no');
INSERT INTO discipline (id,nameOfDiscipline,countOfLessons,exam) VALUES ('2437','Discipline ПБТ-16','15','no');
INSERT INTO discipline (id,nameOfDiscipline,countOfLessons,exam) VALUES ('2438','Discipline ПБТ-17','15','no');
INSERT INTO discipline (id,nameOfDiscipline,countOfLessons,exam) VALUES ('2439','Discipline ПБТ-18','15','no');
INSERT INTO discipline (id,nameOfDiscipline,countOfLessons,exam) VALUES ('2440','Discipline ПБТ-19','15','no');
INSERT INTO discipline (id,nameOfDiscipline,countOfLessons,exam) VALUES ('2441','Discipline ПБТ-20','15','no');
INSERT INTO discipline (id,nameOfDiscipline,countOfLessons,exam) VALUES ('2442','Discipline ПБТ-21','15','no');
INSERT INTO discipline (id,nameOfDiscipline,countOfLessons,exam) VALUES ('2443','Discipline ПБТ-22','15','no');
INSERT INTO discipline (id,nameOfDiscipline,countOfLessons,exam) VALUES ('2444','Discipline ПБТ-23','15','no');
INSERT INTO discipline (id,nameOfDiscipline,countOfLessons,exam) VALUES ('2445','Discipline ПБТ-24','15','no');
INSERT INTO discipline (id,nameOfDiscipline,countOfLessons,exam) VALUES ('2446','Discipline ПБТ-25','15','no');
INSERT INTO discipline (id,nameOfDiscipline,countOfLessons,exam) VALUES ('2447','Discipline ПБТ-26','15','no');
INSERT INTO discipline (id,nameOfDiscipline,countOfLessons,exam) VALUES ('2448','Discipline ПБТ-27','15','no');
INSERT INTO discipline (id,nameOfDiscipline,countOfLessons,exam) VALUES ('2449','Discipline ПБТ-28','15','no');
INSERT INTO discipline (id,nameOfDiscipline,countOfLessons,exam) VALUES ('2450','Discipline ПБТ-29','15','no');
INSERT INTO discipline (id,nameOfDiscipline,countOfLessons,exam) VALUES ('2451','Discipline ПБТ-30','15','no');
INSERT INTO discipline (id,nameOfDiscipline,countOfLessons,exam) VALUES ('2452','Discipline ПБТ-31','15','no');
INSERT INTO discipline (id,nameOfDiscipline,countOfLessons,exam) VALUES ('2453','Discipline ПБТ-32','15','no');
INSERT INTO discipline (id,nameOfDiscipline,countOfLessons,exam) VALUES ('2454','Discipline ПБТ-33','15','no');
INSERT INTO discipline (id,nameOfDiscipline,countOfLessons,exam) VALUES ('2455','Discipline ПБТ-34','15','no');
INSERT INTO discipline (id,nameOfDiscipline,countOfLessons,exam) VALUES ('2456','Discipline ПБТ-35','15','no');
INSERT INTO discipline (id,nameOfDiscipline,countOfLessons,exam) VALUES ('2457','Discipline ПБТ-36','15','no');
INSERT INTO discipline (id,nameOfDiscipline,countOfLessons,exam) VALUES ('2458','Discipline ПБТ-37','15','no');
INSERT INTO discipline (id,nameOfDiscipline,countOfLessons,exam) VALUES ('2459','Discipline ПБТ-38','15','no');
INSERT INTO discipline (id,nameOfDiscipline,countOfLessons,exam) VALUES ('2460','Discipline ПБТ-39','15','no');
INSERT INTO discipline (id,nameOfDiscipline,countOfLessons,exam) VALUES ('2461','Discipline ПБТ-40','15','no');
INSERT INTO discipline (id,nameOfDiscipline,countOfLessons,exam) VALUES ('2462','Discipline ПБТ-41','15','no');
INSERT INTO discipline (id,nameOfDiscipline,countOfLessons,exam) VALUES ('2463','Discipline ПБТ-42','15','no');
INSERT INTO discipline (id,nameOfDiscipline,countOfLessons,exam) VALUES ('2464','Discipline ПБТ-43','15','no');
INSERT INTO discipline (id,nameOfDiscipline,countOfLessons,exam) VALUES ('2465','Discipline ПБТ-44','15','no');
INSERT INTO discipline (id,nameOfDiscipline,countOfLessons,exam) VALUES ('2466','Discipline ПБТ-45','15','no');
INSERT INTO discipline (id,nameOfDiscipline,countOfLessons,exam) VALUES ('2467','Discipline ПБТ-46','15','no');
INSERT INTO discipline (id,nameOfDiscipline,countOfLessons,exam) VALUES ('2468','Discipline ПБТ-47','15','no');
INSERT INTO discipline (id,nameOfDiscipline,countOfLessons,exam) VALUES ('2469','Discipline ПБТ-48','15','no');
INSERT INTO discipline (id,nameOfDiscipline,countOfLessons,exam) VALUES ('2470','Discipline ПБТ-49','15','no');
INSERT INTO discipline (id,nameOfDiscipline,countOfLessons,exam) VALUES ('2471','Discipline ПБТ-50','15','no');
INSERT INTO discipline (id,nameOfDiscipline,countOfLessons,exam) VALUES ('2472','Discipline ПБТ-51','15','no');
INSERT INTO discipline (id,nameOfDiscipline,countOfLessons,exam) VALUES ('2473','Discipline ПБТ-52','15','no');
INSERT INTO discipline (id,nameOfDiscipline,countOfLessons,exam) VALUES ('2474','Discipline ПБТ-53','15','no');
INSERT INTO discipline (id,nameOfDiscipline,countOfLessons,exam) VALUES ('2475','Discipline ПБТ-54','15','no');
INSERT INTO discipline (id,nameOfDiscipline,countOfLessons,exam) VALUES ('2476','Discipline ПБТ-55','15','no');
INSERT INTO discipline (id,nameOfDiscipline,countOfLessons,exam) VALUES ('2477','Discipline ПБТ-56','15','no');
INSERT INTO discipline (id,nameOfDiscipline,countOfLessons,exam) VALUES ('2478','Discipline ПБТ-57','15','no');
INSERT INTO discipline (id,nameOfDiscipline,countOfLessons,exam) VALUES ('2479','Discipline ПБТ-58','15','no');
INSERT INTO discipline (id,nameOfDiscipline,countOfLessons,exam) VALUES ('2480','Discipline ПБТ-59','15','no');
INSERT INTO discipline (id,nameOfDiscipline,countOfLessons,exam) VALUES ('2481','Discipline ПБТ-60','15','no');
INSERT INTO discipline (id,nameOfDiscipline,countOfLessons,exam) VALUES ('2482','Discipline ПБТ-61','15','no');
INSERT INTO discipline (id,nameOfDiscipline,countOfLessons,exam) VALUES ('2483','Discipline ПБТ-62','15','no');
INSERT INTO discipline (id,nameOfDiscipline,countOfLessons,exam) VALUES ('2484','Discipline ПБТ-63','15','no');
INSERT INTO discipline (id,nameOfDiscipline,countOfLessons,exam) VALUES ('2485','Discipline ПБТ-64','15','no');
INSERT INTO discipline (id,nameOfDiscipline,countOfLessons,exam) VALUES ('2486','Discipline ПБТ-65','15','no');
INSERT INTO discipline (id,nameOfDiscipline,countOfLessons,exam) VALUES ('2487','Discipline ПБТ-66','15','no');
INSERT INTO discipline (id,nameOfDiscipline,countOfLessons,exam) VALUES ('2488','Discipline ПБТ-67','15','no');
INSERT INTO discipline (id,nameOfDiscipline,countOfLessons,exam) VALUES ('2489','Discipline ПБТ-68','15','no');
INSERT INTO discipline (id,nameOfDiscipline,countOfLessons,exam) VALUES ('2490','Discipline ПБТ-69','15','no');
INSERT INTO discipline (id,nameOfDiscipline,countOfLessons,exam) VALUES ('2491','Discipline ПБТ-70','15','no');
INSERT INTO discipline (id,nameOfDiscipline,countOfLessons,exam) VALUES ('2492','Discipline ПБТ-71','15','no');
INSERT INTO discipline (id,nameOfDiscipline,countOfLessons,exam) VALUES ('2493','Discipline ПБТ-72','15','no');
INSERT INTO discipline (id,nameOfDiscipline,countOfLessons,exam) VALUES ('2494','Discipline ПБТ-73','15','no');
INSERT INTO discipline (id,nameOfDiscipline,countOfLessons,exam) VALUES ('2495','Discipline ПБТ-74','15','no');
INSERT INTO discipline (id,nameOfDiscipline,countOfLessons,exam) VALUES ('2496','Discipline ПБТ-75','15','no');
INSERT INTO discipline (id,nameOfDiscipline,countOfLessons,exam) VALUES ('2497','Discipline ПБТ-76','15','no');
INSERT INTO discipline (id,nameOfDiscipline,countOfLessons,exam) VALUES ('2498','Discipline ПБТ-77','15','no');
INSERT INTO discipline (id,nameOfDiscipline,countOfLessons,exam) VALUES ('2499','Discipline ПБТ-78','15','no');
INSERT INTO discipline (id,nameOfDiscipline,countOfLessons,exam) VALUES ('2500','Discipline ПБТ-79','15','no');
INSERT INTO discipline (id,nameOfDiscipline,countOfLessons,exam) VALUES ('2501','Discipline ПБТ-80','15','no');
INSERT INTO discipline (id,nameOfDiscipline,countOfLessons,exam) VALUES ('2502','Discipline ПБТ-81','15','no');
INSERT INTO discipline (id,nameOfDiscipline,countOfLessons,exam) VALUES ('2503','Discipline ПБТ-82','15','no');
INSERT INTO discipline (id,nameOfDiscipline,countOfLessons,exam) VALUES ('2504','Discipline ПБТ-83','15','no');
INSERT INTO discipline (id,nameOfDiscipline,countOfLessons,exam) VALUES ('2505','Discipline ПБТ-84','15','no');
INSERT INTO discipline (id,nameOfDiscipline,countOfLessons,exam) VALUES ('2506','Discipline ПБТ-85','15','no');
INSERT INTO discipline (id,nameOfDiscipline,countOfLessons,exam) VALUES ('2507','Discipline ПБТ-86','15','no');
INSERT INTO disciplineDepartmentDependency (ID,disciplineID,departmentID,courseNumber,semesterNumber) VALUES ('2421','2421','34','1','1');
INSERT INTO disciplineDepartmentDependency (ID,disciplineID,departmentID,courseNumber,semesterNumber) VALUES ('2422','2422','34','2','2');
INSERT INTO disciplineDepartmentDependency (ID,disciplineID,departmentID,courseNumber,semesterNumber) VALUES ('2423','2423','34','3','1');
INSERT INTO disciplineDepartmentDependency (ID,disciplineID,departmentID,courseNumber,semesterNumber) VALUES ('2424','2424','34','4','2');
INSERT INTO disciplineDepartmentDependency (ID,disciplineID,departmentID,courseNumber,semesterNumber) VALUES ('2425','2425','34','5','1');
INSERT INTO disciplineDepartmentDependency (ID,disciplineID,departmentID,courseNumber,semesterNumber) VALUES ('2426','2426','34','6','2');
INSERT INTO disciplineDepartmentDependency (ID,disciplineID,departmentID,courseNumber,semesterNumber) VALUES ('2427','2427','34','1','1');
INSERT INTO disciplineDepartmentDependency (ID,disciplineID,departmentID,courseNumber,semesterNumber) VALUES ('2428','2428','34','2','2');
INSERT INTO disciplineDepartmentDependency (ID,disciplineID,departmentID,courseNumber,semesterNumber) VALUES ('2429','2429','34','3','1');
INSERT INTO disciplineDepartmentDependency (ID,disciplineID,departmentID,courseNumber,semesterNumber) VALUES ('2430','2430','34','4','2');
INSERT INTO disciplineDepartmentDependency (ID,disciplineID,departmentID,courseNumber,semesterNumber) VALUES ('2431','2431','34','5','1');
INSERT INTO disciplineDepartmentDependency (ID,disciplineID,departmentID,courseNumber,semesterNumber) VALUES ('2432','2432','34','6','2');
INSERT INTO disciplineDepartmentDependency (ID,disciplineID,departmentID,courseNumber,semesterNumber) VALUES ('2433','2433','34','1','1');
INSERT INTO disciplineDepartmentDependency (ID,disciplineID,departmentID,courseNumber,semesterNumber) VALUES ('2434','2434','34','2','2');
INSERT INTO disciplineDepartmentDependency (ID,disciplineID,departmentID,courseNumber,semesterNumber) VALUES ('2435','2435','34','3','1');
INSERT INTO disciplineDepartmentDependency (ID,disciplineID,departmentID,courseNumber,semesterNumber) VALUES ('2436','2436','34','4','2');
INSERT INTO disciplineDepartmentDependency (ID,disciplineID,departmentID,courseNumber,semesterNumber) VALUES ('2437','2437','34','5','1');
INSERT INTO disciplineDepartmentDependency (ID,disciplineID,departmentID,courseNumber,semesterNumber) VALUES ('2438','2438','34','6','2');
INSERT INTO disciplineDepartmentDependency (ID,disciplineID,departmentID,courseNumber,semesterNumber) VALUES ('2439','2439','34','1','1');
INSERT INTO disciplineDepartmentDependency (ID,disciplineID,departmentID,courseNumber,semesterNumber) VALUES ('2440','2440','34','2','2');
INSERT INTO disciplineDepartmentDependency (ID,disciplineID,departmentID,courseNumber,semesterNumber) VALUES ('2441','2441','34','3','1');
INSERT INTO disciplineDepartmentDependency (ID,disciplineID,departmentID,courseNumber,semesterNumber) VALUES ('2442','2442','34','4','2');
INSERT INTO disciplineDepartmentDependency (ID,disciplineID,departmentID,courseNumber,semesterNumber) VALUES ('2443','2443','34','5','1');
INSERT INTO disciplineDepartmentDependency (ID,disciplineID,departmentID,courseNumber,semesterNumber) VALUES ('2444','2444','34','6','2');
INSERT INTO disciplineDepartmentDependency (ID,disciplineID,departmentID,courseNumber,semesterNumber) VALUES ('2445','2445','34','1','1');
INSERT INTO disciplineDepartmentDependency (ID,disciplineID,departmentID,courseNumber,semesterNumber) VALUES ('2446','2446','34','2','2');
INSERT INTO disciplineDepartmentDependency (ID,disciplineID,departmentID,courseNumber,semesterNumber) VALUES ('2447','2447','34','3','1');
INSERT INTO disciplineDepartmentDependency (ID,disciplineID,departmentID,courseNumber,semesterNumber) VALUES ('2448','2448','34','4','2');
INSERT INTO disciplineDepartmentDependency (ID,disciplineID,departmentID,courseNumber,semesterNumber) VALUES ('2449','2449','34','5','1');
INSERT INTO disciplineDepartmentDependency (ID,disciplineID,departmentID,courseNumber,semesterNumber) VALUES ('2450','2450','34','6','2');
INSERT INTO disciplineDepartmentDependency (ID,disciplineID,departmentID,courseNumber,semesterNumber) VALUES ('2451','2451','34','1','1');
INSERT INTO disciplineDepartmentDependency (ID,disciplineID,departmentID,courseNumber,semesterNumber) VALUES ('2452','2452','34','2','2');
INSERT INTO disciplineDepartmentDependency (ID,disciplineID,departmentID,courseNumber,semesterNumber) VALUES ('2453','2453','34','3','1');
INSERT INTO disciplineDepartmentDependency (ID,disciplineID,departmentID,courseNumber,semesterNumber) VALUES ('2454','2454','34','4','2');
INSERT INTO disciplineDepartmentDependency (ID,disciplineID,departmentID,courseNumber,semesterNumber) VALUES ('2455','2455','34','5','1');
INSERT INTO disciplineDepartmentDependency (ID,disciplineID,departmentID,courseNumber,semesterNumber) VALUES ('2456','2456','34','6','2');
INSERT INTO disciplineDepartmentDependency (ID,disciplineID,departmentID,courseNumber,semesterNumber) VALUES ('2457','2457','34','1','1');
INSERT INTO disciplineDepartmentDependency (ID,disciplineID,departmentID,courseNumber,semesterNumber) VALUES ('2458','2458','34','2','2');
INSERT INTO disciplineDepartmentDependency (ID,disciplineID,departmentID,courseNumber,semesterNumber) VALUES ('2459','2459','34','3','1');
INSERT INTO disciplineDepartmentDependency (ID,disciplineID,departmentID,courseNumber,semesterNumber) VALUES ('2460','2460','34','4','2');
INSERT INTO disciplineDepartmentDependency (ID,disciplineID,departmentID,courseNumber,semesterNumber) VALUES ('2461','2461','34','5','1');
INSERT INTO disciplineDepartmentDependency (ID,disciplineID,departmentID,courseNumber,semesterNumber) VALUES ('2462','2462','34','6','2');
INSERT INTO disciplineDepartmentDependency (ID,disciplineID,departmentID,courseNumber,semesterNumber) VALUES ('2463','2463','34','1','1');
INSERT INTO disciplineDepartmentDependency (ID,disciplineID,departmentID,courseNumber,semesterNumber) VALUES ('2464','2464','34','2','2');
INSERT INTO disciplineDepartmentDependency (ID,disciplineID,departmentID,courseNumber,semesterNumber) VALUES ('2465','2465','34','3','1');
INSERT INTO disciplineDepartmentDependency (ID,disciplineID,departmentID,courseNumber,semesterNumber) VALUES ('2466','2466','34','4','2');
INSERT INTO disciplineDepartmentDependency (ID,disciplineID,departmentID,courseNumber,semesterNumber) VALUES ('2467','2467','34','5','1');
INSERT INTO disciplineDepartmentDependency (ID,disciplineID,departmentID,courseNumber,semesterNumber) VALUES ('2468','2468','34','6','2');
INSERT INTO disciplineDepartmentDependency (ID,disciplineID,departmentID,courseNumber,semesterNumber) VALUES ('2469','2469','34','1','1');
INSERT INTO disciplineDepartmentDependency (ID,disciplineID,departmentID,courseNumber,semesterNumber) VALUES ('2470','2470','34','2','2');
INSERT INTO disciplineDepartmentDependency (ID,disciplineID,departmentID,courseNumber,semesterNumber) VALUES ('2471','2471','34','3','1');
INSERT INTO disciplineDepartmentDependency (ID,disciplineID,departmentID,courseNumber,semesterNumber) VALUES ('2472','2472','34','4','2');
INSERT INTO disciplineDepartmentDependency (ID,disciplineID,departmentID,courseNumber,semesterNumber) VALUES ('2473','2473','34','5','1');
INSERT INTO disciplineDepartmentDependency (ID,disciplineID,departmentID,courseNumber,semesterNumber) VALUES ('2474','2474','34','6','2');
INSERT INTO disciplineDepartmentDependency (ID,disciplineID,departmentID,courseNumber,semesterNumber) VALUES ('2475','2475','34','1','1');
INSERT INTO disciplineDepartmentDependency (ID,disciplineID,departmentID,courseNumber,semesterNumber) VALUES ('2476','2476','34','2','2');
INSERT INTO disciplineDepartmentDependency (ID,disciplineID,departmentID,courseNumber,semesterNumber) VALUES ('2477','2477','34','3','1');
INSERT INTO disciplineDepartmentDependency (ID,disciplineID,departmentID,courseNumber,semesterNumber) VALUES ('2478','2478','34','4','2');
INSERT INTO disciplineDepartmentDependency (ID,disciplineID,departmentID,courseNumber,semesterNumber) VALUES ('2479','2479','34','5','1');
INSERT INTO disciplineDepartmentDependency (ID,disciplineID,departmentID,courseNumber,semesterNumber) VALUES ('2480','2480','34','6','2');
INSERT INTO disciplineDepartmentDependency (ID,disciplineID,departmentID,courseNumber,semesterNumber) VALUES ('2481','2481','34','1','1');
INSERT INTO disciplineDepartmentDependency (ID,disciplineID,departmentID,courseNumber,semesterNumber) VALUES ('2482','2482','34','2','2');
INSERT INTO disciplineDepartmentDependency (ID,disciplineID,departmentID,courseNumber,semesterNumber) VALUES ('2483','2483','34','3','1');
INSERT INTO disciplineDepartmentDependency (ID,disciplineID,departmentID,courseNumber,semesterNumber) VALUES ('2484','2484','34','4','2');
INSERT INTO disciplineDepartmentDependency (ID,disciplineID,departmentID,courseNumber,semesterNumber) VALUES ('2485','2485','34','5','1');
INSERT INTO disciplineDepartmentDependency (ID,disciplineID,departmentID,courseNumber,semesterNumber) VALUES ('2486','2486','34','6','2');
INSERT INTO disciplineDepartmentDependency (ID,disciplineID,departmentID,courseNumber,semesterNumber) VALUES ('2487','2487','34','1','1');
INSERT INTO disciplineDepartmentDependency (ID,disciplineID,departmentID,courseNumber,semesterNumber) VALUES ('2488','2488','34','2','2');
INSERT INTO disciplineDepartmentDependency (ID,disciplineID,departmentID,courseNumber,semesterNumber) VALUES ('2489','2489','34','3','1');
INSERT INTO disciplineDepartmentDependency (ID,disciplineID,departmentID,courseNumber,semesterNumber) VALUES ('2490','2490','34','4','2');
INSERT INTO disciplineDepartmentDependency (ID,disciplineID,departmentID,courseNumber,semesterNumber) VALUES ('2491','2491','34','5','1');
INSERT INTO disciplineDepartmentDependency (ID,disciplineID,departmentID,courseNumber,semesterNumber) VALUES ('2492','2492','34','6','2');
INSERT INTO disciplineDepartmentDependency (ID,disciplineID,departmentID,courseNumber,semesterNumber) VALUES ('2493','2493','34','1','1');
INSERT INTO disciplineDepartmentDependency (ID,disciplineID,departmentID,courseNumber,semesterNumber) VALUES ('2494','2494','34','2','2');
INSERT INTO disciplineDepartmentDependency (ID,disciplineID,departmentID,courseNumber,semesterNumber) VALUES ('2495','2495','34','3','1');
INSERT INTO disciplineDepartmentDependency (ID,disciplineID,departmentID,courseNumber,semesterNumber) VALUES ('2496','2496','34','4','2');
INSERT INTO disciplineDepartmentDependency (ID,disciplineID,departmentID,courseNumber,semesterNumber) VALUES ('2497','2497','34','5','1');
INSERT INTO disciplineDepartmentDependency (ID,disciplineID,departmentID,courseNumber,semesterNumber) VALUES ('2498','2498','34','6','2');
INSERT INTO disciplineDepartmentDependency (ID,disciplineID,departmentID,courseNumber,semesterNumber) VALUES ('2499','2499','34','1','1');
INSERT INTO disciplineDepartmentDependency (ID,disciplineID,departmentID,courseNumber,semesterNumber) VALUES ('2500','2500','34','2','2');
INSERT INTO disciplineDepartmentDependency (ID,disciplineID,departmentID,courseNumber,semesterNumber) VALUES ('2501','2501','34','3','1');
INSERT INTO disciplineDepartmentDependency (ID,disciplineID,departmentID,courseNumber,semesterNumber) VALUES ('2502','2502','34','4','2');
INSERT INTO disciplineDepartmentDependency (ID,disciplineID,departmentID,courseNumber,semesterNumber) VALUES ('2503','2503','34','5','1');
INSERT INTO disciplineDepartmentDependency (ID,disciplineID,departmentID,courseNumber,semesterNumber) VALUES ('2504','2504','34','6','2');
INSERT INTO disciplineDepartmentDependency (ID,disciplineID,departmentID,courseNumber,semesterNumber) VALUES ('2505','2505','34','1','1');
INSERT INTO disciplineDepartmentDependency (ID,disciplineID,departmentID,courseNumber,semesterNumber) VALUES ('2506','2506','34','2','2');
INSERT INTO disciplineDepartmentDependency (ID,disciplineID,departmentID,courseNumber,semesterNumber) VALUES ('2507','2507','34','3','1');
INSERT INTO loginpass (ID,login,password,access_type) VALUES ('85','BOJEMXROLIYNXK@talktalk.co.uk','8onN1cjH','employee');
INSERT INTO employee (name,lastName,fathersName,personalID,sex,email,phoneNumber,dateOfBorn,address,passport,login,office,ID,departmentID) VALUES ('Божемир','ОЛІЙНИК','Хомич','4403054826','m','BOJEMXROLIYNXK@talktalk.co.uk','0685687211','1970-08-10','78548 Херсон Західний 27, 180','XC671634 ГУМВС 26','BOJEMXROLIYNXK@talktalk.co.uk','HR','81','34');
INSERT INTO loginpass (ID,login,password,access_type) VALUES ('86','BOGUMXLAMAKARENKO@virginmedia.com','8M#aZIpI','employee');
INSERT INTO employee (name,lastName,fathersName,personalID,sex,email,phoneNumber,dateOfBorn,address,passport,login,office,ID,departmentID) VALUES ('Богумила','МАКАРЕНКО','Кузьмівна','1410735723','f','BOGUMXLAMAKARENKO@virginmedia.com','0963685602','1961-06-18','65623 Жовті Води Галини Буркацької 93, 198','JB561344 ГУМВС 7','BOGUMXLAMAKARENKO@virginmedia.com','HR','82','34');
INSERT INTO loginpass (ID,login,password,access_type) VALUES ('87','VISTUNAMARTXNENKO@sky.com','!xJ60#9!','employee');
INSERT INTO employee (name,lastName,fathersName,personalID,sex,email,phoneNumber,dateOfBorn,address,passport,login,office,ID,departmentID) VALUES ('Вістуна','МАРТИНЕНКО','Луківна','3038528527','f','VISTUNAMARTXNENKO@sky.com','0680865265','1989-02-18','27625 Умань І-а Приміська 70, 189','VA226241 ГУМВС 33','VISTUNAMARTXNENKO@sky.com','HR','83','34');
INSERT INTO gtgroup (id,fullGroupName,courseNumber,departmentID) VALUES ('384','ПБТ-10','1','34');
INSERT INTO gtgroup (id,fullGroupName,courseNumber,departmentID) VALUES ('385','ПБТ-11','1','34');
INSERT INTO gtgroup (id,fullGroupName,courseNumber,departmentID) VALUES ('386','ПБТ-20','2','34');
INSERT INTO gtgroup (id,fullGroupName,courseNumber,departmentID) VALUES ('387','ПБТ-21','2','34');
INSERT INTO gtgroup (id,fullGroupName,courseNumber,departmentID) VALUES ('388','ПБТ-30','3','34');
INSERT INTO gtgroup (id,fullGroupName,courseNumber,departmentID) VALUES ('389','ПБТ-31','3','34');
INSERT INTO gtgroup (id,fullGroupName,courseNumber,departmentID) VALUES ('390','ПБТ-40','4','34');
INSERT INTO gtgroup (id,fullGroupName,courseNumber,departmentID) VALUES ('391','ПБТ-41','4','34');
INSERT INTO gtgroup (id,fullGroupName,courseNumber,departmentID) VALUES ('392','ПБТ-50','5','34');
INSERT INTO gtgroup (id,fullGroupName,courseNumber,departmentID) VALUES ('393','ПБТ-51','5','34');
INSERT INTO gtgroup (id,fullGroupName,courseNumber,departmentID) VALUES ('394','ПБТ-60','6','34');
INSERT INTO gtgroup (id,fullGroupName,courseNumber,departmentID) VALUES ('395','ПБТ-61','6','34');
INSERT INTO dayRequirements (id,departmentID,countOfDaysInWeek,countOfLessonsInADay) VALUES ('34','35','6','5');
INSERT INTO discipline (id,nameOfDiscipline,countOfLessons,exam) VALUES ('2508','Discipline КЕБ-0','15','no');
INSERT INTO discipline (id,nameOfDiscipline,countOfLessons,exam) VALUES ('2509','Discipline КЕБ-1','15','no');
INSERT INTO discipline (id,nameOfDiscipline,countOfLessons,exam) VALUES ('2510','Discipline КЕБ-2','15','no');
INSERT INTO discipline (id,nameOfDiscipline,countOfLessons,exam) VALUES ('2511','Discipline КЕБ-3','15','no');
INSERT INTO discipline (id,nameOfDiscipline,countOfLessons,exam) VALUES ('2512','Discipline КЕБ-4','15','no');
INSERT INTO discipline (id,nameOfDiscipline,countOfLessons,exam) VALUES ('2513','Discipline КЕБ-5','15','no');
INSERT INTO discipline (id,nameOfDiscipline,countOfLessons,exam) VALUES ('2514','Discipline КЕБ-6','15','no');
INSERT INTO discipline (id,nameOfDiscipline,countOfLessons,exam) VALUES ('2515','Discipline КЕБ-7','15','no');
INSERT INTO discipline (id,nameOfDiscipline,countOfLessons,exam) VALUES ('2516','Discipline КЕБ-8','15','no');
INSERT INTO discipline (id,nameOfDiscipline,countOfLessons,exam) VALUES ('2517','Discipline КЕБ-9','15','no');
INSERT INTO discipline (id,nameOfDiscipline,countOfLessons,exam) VALUES ('2518','Discipline КЕБ-10','15','no');
INSERT INTO discipline (id,nameOfDiscipline,countOfLessons,exam) VALUES ('2519','Discipline КЕБ-11','15','no');
INSERT INTO discipline (id,nameOfDiscipline,countOfLessons,exam) VALUES ('2520','Discipline КЕБ-12','15','no');
INSERT INTO discipline (id,nameOfDiscipline,countOfLessons,exam) VALUES ('2521','Discipline КЕБ-13','15','no');
INSERT INTO discipline (id,nameOfDiscipline,countOfLessons,exam) VALUES ('2522','Discipline КЕБ-14','15','no');
INSERT INTO discipline (id,nameOfDiscipline,countOfLessons,exam) VALUES ('2523','Discipline КЕБ-15','15','no');
INSERT INTO discipline (id,nameOfDiscipline,countOfLessons,exam) VALUES ('2524','Discipline КЕБ-16','15','no');
INSERT INTO discipline (id,nameOfDiscipline,countOfLessons,exam) VALUES ('2525','Discipline КЕБ-17','15','no');
INSERT INTO discipline (id,nameOfDiscipline,countOfLessons,exam) VALUES ('2526','Discipline КЕБ-18','15','no');
INSERT INTO discipline (id,nameOfDiscipline,countOfLessons,exam) VALUES ('2527','Discipline КЕБ-19','15','no');
INSERT INTO discipline (id,nameOfDiscipline,countOfLessons,exam) VALUES ('2528','Discipline КЕБ-20','15','no');
INSERT INTO discipline (id,nameOfDiscipline,countOfLessons,exam) VALUES ('2529','Discipline КЕБ-21','15','no');
INSERT INTO discipline (id,nameOfDiscipline,countOfLessons,exam) VALUES ('2530','Discipline КЕБ-22','15','no');
INSERT INTO discipline (id,nameOfDiscipline,countOfLessons,exam) VALUES ('2531','Discipline КЕБ-23','15','no');
INSERT INTO discipline (id,nameOfDiscipline,countOfLessons,exam) VALUES ('2532','Discipline КЕБ-24','15','no');
INSERT INTO discipline (id,nameOfDiscipline,countOfLessons,exam) VALUES ('2533','Discipline КЕБ-25','15','no');
INSERT INTO discipline (id,nameOfDiscipline,countOfLessons,exam) VALUES ('2534','Discipline КЕБ-26','15','no');
INSERT INTO discipline (id,nameOfDiscipline,countOfLessons,exam) VALUES ('2535','Discipline КЕБ-27','15','no');
INSERT INTO discipline (id,nameOfDiscipline,countOfLessons,exam) VALUES ('2536','Discipline КЕБ-28','15','no');
INSERT INTO discipline (id,nameOfDiscipline,countOfLessons,exam) VALUES ('2537','Discipline КЕБ-29','15','no');
INSERT INTO discipline (id,nameOfDiscipline,countOfLessons,exam) VALUES ('2538','Discipline КЕБ-30','15','no');
INSERT INTO discipline (id,nameOfDiscipline,countOfLessons,exam) VALUES ('2539','Discipline КЕБ-31','15','no');
INSERT INTO discipline (id,nameOfDiscipline,countOfLessons,exam) VALUES ('2540','Discipline КЕБ-32','15','no');
INSERT INTO discipline (id,nameOfDiscipline,countOfLessons,exam) VALUES ('2541','Discipline КЕБ-33','15','no');
INSERT INTO discipline (id,nameOfDiscipline,countOfLessons,exam) VALUES ('2542','Discipline КЕБ-34','15','no');
INSERT INTO discipline (id,nameOfDiscipline,countOfLessons,exam) VALUES ('2543','Discipline КЕБ-35','15','no');
INSERT INTO discipline (id,nameOfDiscipline,countOfLessons,exam) VALUES ('2544','Discipline КЕБ-36','15','no');
INSERT INTO discipline (id,nameOfDiscipline,countOfLessons,exam) VALUES ('2545','Discipline КЕБ-37','15','no');
INSERT INTO discipline (id,nameOfDiscipline,countOfLessons,exam) VALUES ('2546','Discipline КЕБ-38','15','no');
INSERT INTO discipline (id,nameOfDiscipline,countOfLessons,exam) VALUES ('2547','Discipline КЕБ-39','15','no');
INSERT INTO discipline (id,nameOfDiscipline,countOfLessons,exam) VALUES ('2548','Discipline КЕБ-40','15','no');
INSERT INTO discipline (id,nameOfDiscipline,countOfLessons,exam) VALUES ('2549','Discipline КЕБ-41','15','no');
INSERT INTO discipline (id,nameOfDiscipline,countOfLessons,exam) VALUES ('2550','Discipline КЕБ-42','15','no');
INSERT INTO discipline (id,nameOfDiscipline,countOfLessons,exam) VALUES ('2551','Discipline КЕБ-43','15','no');
INSERT INTO discipline (id,nameOfDiscipline,countOfLessons,exam) VALUES ('2552','Discipline КЕБ-44','15','no');
INSERT INTO discipline (id,nameOfDiscipline,countOfLessons,exam) VALUES ('2553','Discipline КЕБ-45','15','no');
INSERT INTO discipline (id,nameOfDiscipline,countOfLessons,exam) VALUES ('2554','Discipline КЕБ-46','15','no');
INSERT INTO discipline (id,nameOfDiscipline,countOfLessons,exam) VALUES ('2555','Discipline КЕБ-47','15','no');
INSERT INTO discipline (id,nameOfDiscipline,countOfLessons,exam) VALUES ('2556','Discipline КЕБ-48','15','no');
INSERT INTO discipline (id,nameOfDiscipline,countOfLessons,exam) VALUES ('2557','Discipline КЕБ-49','15','no');
INSERT INTO discipline (id,nameOfDiscipline,countOfLessons,exam) VALUES ('2558','Discipline КЕБ-50','15','no');
INSERT INTO discipline (id,nameOfDiscipline,countOfLessons,exam) VALUES ('2559','Discipline КЕБ-51','15','no');
INSERT INTO discipline (id,nameOfDiscipline,countOfLessons,exam) VALUES ('2560','Discipline КЕБ-52','15','no');
INSERT INTO discipline (id,nameOfDiscipline,countOfLessons,exam) VALUES ('2561','Discipline КЕБ-53','15','no');
INSERT INTO discipline (id,nameOfDiscipline,countOfLessons,exam) VALUES ('2562','Discipline КЕБ-54','15','no');
INSERT INTO discipline (id,nameOfDiscipline,countOfLessons,exam) VALUES ('2563','Discipline КЕБ-55','15','no');
INSERT INTO discipline (id,nameOfDiscipline,countOfLessons,exam) VALUES ('2564','Discipline КЕБ-56','15','no');
INSERT INTO discipline (id,nameOfDiscipline,countOfLessons,exam) VALUES ('2565','Discipline КЕБ-57','15','no');
INSERT INTO discipline (id,nameOfDiscipline,countOfLessons,exam) VALUES ('2566','Discipline КЕБ-58','15','no');
INSERT INTO discipline (id,nameOfDiscipline,countOfLessons,exam) VALUES ('2567','Discipline КЕБ-59','15','no');
INSERT INTO discipline (id,nameOfDiscipline,countOfLessons,exam) VALUES ('2568','Discipline КЕБ-60','15','no');
INSERT INTO discipline (id,nameOfDiscipline,countOfLessons,exam) VALUES ('2569','Discipline КЕБ-61','15','no');
INSERT INTO discipline (id,nameOfDiscipline,countOfLessons,exam) VALUES ('2570','Discipline КЕБ-62','15','no');
INSERT INTO discipline (id,nameOfDiscipline,countOfLessons,exam) VALUES ('2571','Discipline КЕБ-63','15','no');
INSERT INTO discipline (id,nameOfDiscipline,countOfLessons,exam) VALUES ('2572','Discipline КЕБ-64','15','no');
INSERT INTO discipline (id,nameOfDiscipline,countOfLessons,exam) VALUES ('2573','Discipline КЕБ-65','15','no');
INSERT INTO discipline (id,nameOfDiscipline,countOfLessons,exam) VALUES ('2574','Discipline КЕБ-66','15','no');
INSERT INTO discipline (id,nameOfDiscipline,countOfLessons,exam) VALUES ('2575','Discipline КЕБ-67','15','no');
INSERT INTO discipline (id,nameOfDiscipline,countOfLessons,exam) VALUES ('2576','Discipline КЕБ-68','15','no');
INSERT INTO discipline (id,nameOfDiscipline,countOfLessons,exam) VALUES ('2577','Discipline КЕБ-69','15','no');
INSERT INTO discipline (id,nameOfDiscipline,countOfLessons,exam) VALUES ('2578','Discipline КЕБ-70','15','no');
INSERT INTO discipline (id,nameOfDiscipline,countOfLessons,exam) VALUES ('2579','Discipline КЕБ-71','15','no');
INSERT INTO discipline (id,nameOfDiscipline,countOfLessons,exam) VALUES ('2580','Discipline КЕБ-72','15','no');
INSERT INTO discipline (id,nameOfDiscipline,countOfLessons,exam) VALUES ('2581','Discipline КЕБ-73','15','no');
INSERT INTO discipline (id,nameOfDiscipline,countOfLessons,exam) VALUES ('2582','Discipline КЕБ-74','15','no');
INSERT INTO discipline (id,nameOfDiscipline,countOfLessons,exam) VALUES ('2583','Discipline КЕБ-75','15','no');
INSERT INTO discipline (id,nameOfDiscipline,countOfLessons,exam) VALUES ('2584','Discipline КЕБ-76','15','no');
INSERT INTO discipline (id,nameOfDiscipline,countOfLessons,exam) VALUES ('2585','Discipline КЕБ-77','15','no');
INSERT INTO discipline (id,nameOfDiscipline,countOfLessons,exam) VALUES ('2586','Discipline КЕБ-78','15','no');
INSERT INTO discipline (id,nameOfDiscipline,countOfLessons,exam) VALUES ('2587','Discipline КЕБ-79','15','no');
INSERT INTO discipline (id,nameOfDiscipline,countOfLessons,exam) VALUES ('2588','Discipline КЕБ-80','15','no');
INSERT INTO disciplineDepartmentDependency (ID,disciplineID,departmentID,courseNumber,semesterNumber) VALUES ('2508','2508','35','1','1');
INSERT INTO disciplineDepartmentDependency (ID,disciplineID,departmentID,courseNumber,semesterNumber) VALUES ('2509','2509','35','2','2');
INSERT INTO disciplineDepartmentDependency (ID,disciplineID,departmentID,courseNumber,semesterNumber) VALUES ('2510','2510','35','3','1');
INSERT INTO disciplineDepartmentDependency (ID,disciplineID,departmentID,courseNumber,semesterNumber) VALUES ('2511','2511','35','4','2');
INSERT INTO disciplineDepartmentDependency (ID,disciplineID,departmentID,courseNumber,semesterNumber) VALUES ('2512','2512','35','5','1');
INSERT INTO disciplineDepartmentDependency (ID,disciplineID,departmentID,courseNumber,semesterNumber) VALUES ('2513','2513','35','6','2');
INSERT INTO disciplineDepartmentDependency (ID,disciplineID,departmentID,courseNumber,semesterNumber) VALUES ('2514','2514','35','1','1');
INSERT INTO disciplineDepartmentDependency (ID,disciplineID,departmentID,courseNumber,semesterNumber) VALUES ('2515','2515','35','2','2');
INSERT INTO disciplineDepartmentDependency (ID,disciplineID,departmentID,courseNumber,semesterNumber) VALUES ('2516','2516','35','3','1');
INSERT INTO disciplineDepartmentDependency (ID,disciplineID,departmentID,courseNumber,semesterNumber) VALUES ('2517','2517','35','4','2');
INSERT INTO disciplineDepartmentDependency (ID,disciplineID,departmentID,courseNumber,semesterNumber) VALUES ('2518','2518','35','5','1');
INSERT INTO disciplineDepartmentDependency (ID,disciplineID,departmentID,courseNumber,semesterNumber) VALUES ('2519','2519','35','6','2');
INSERT INTO disciplineDepartmentDependency (ID,disciplineID,departmentID,courseNumber,semesterNumber) VALUES ('2520','2520','35','1','1');
INSERT INTO disciplineDepartmentDependency (ID,disciplineID,departmentID,courseNumber,semesterNumber) VALUES ('2521','2521','35','2','2');
INSERT INTO disciplineDepartmentDependency (ID,disciplineID,departmentID,courseNumber,semesterNumber) VALUES ('2522','2522','35','3','1');
INSERT INTO disciplineDepartmentDependency (ID,disciplineID,departmentID,courseNumber,semesterNumber) VALUES ('2523','2523','35','4','2');
INSERT INTO disciplineDepartmentDependency (ID,disciplineID,departmentID,courseNumber,semesterNumber) VALUES ('2524','2524','35','5','1');
INSERT INTO disciplineDepartmentDependency (ID,disciplineID,departmentID,courseNumber,semesterNumber) VALUES ('2525','2525','35','6','2');
INSERT INTO disciplineDepartmentDependency (ID,disciplineID,departmentID,courseNumber,semesterNumber) VALUES ('2526','2526','35','1','1');
INSERT INTO disciplineDepartmentDependency (ID,disciplineID,departmentID,courseNumber,semesterNumber) VALUES ('2527','2527','35','2','2');
INSERT INTO disciplineDepartmentDependency (ID,disciplineID,departmentID,courseNumber,semesterNumber) VALUES ('2528','2528','35','3','1');
INSERT INTO disciplineDepartmentDependency (ID,disciplineID,departmentID,courseNumber,semesterNumber) VALUES ('2529','2529','35','4','2');
INSERT INTO disciplineDepartmentDependency (ID,disciplineID,departmentID,courseNumber,semesterNumber) VALUES ('2530','2530','35','5','1');
INSERT INTO disciplineDepartmentDependency (ID,disciplineID,departmentID,courseNumber,semesterNumber) VALUES ('2531','2531','35','6','2');
INSERT INTO disciplineDepartmentDependency (ID,disciplineID,departmentID,courseNumber,semesterNumber) VALUES ('2532','2532','35','1','1');
INSERT INTO disciplineDepartmentDependency (ID,disciplineID,departmentID,courseNumber,semesterNumber) VALUES ('2533','2533','35','2','2');
INSERT INTO disciplineDepartmentDependency (ID,disciplineID,departmentID,courseNumber,semesterNumber) VALUES ('2534','2534','35','3','1');
INSERT INTO disciplineDepartmentDependency (ID,disciplineID,departmentID,courseNumber,semesterNumber) VALUES ('2535','2535','35','4','2');
INSERT INTO disciplineDepartmentDependency (ID,disciplineID,departmentID,courseNumber,semesterNumber) VALUES ('2536','2536','35','5','1');
INSERT INTO disciplineDepartmentDependency (ID,disciplineID,departmentID,courseNumber,semesterNumber) VALUES ('2537','2537','35','6','2');
INSERT INTO disciplineDepartmentDependency (ID,disciplineID,departmentID,courseNumber,semesterNumber) VALUES ('2538','2538','35','1','1');
INSERT INTO disciplineDepartmentDependency (ID,disciplineID,departmentID,courseNumber,semesterNumber) VALUES ('2539','2539','35','2','2');
INSERT INTO disciplineDepartmentDependency (ID,disciplineID,departmentID,courseNumber,semesterNumber) VALUES ('2540','2540','35','3','1');
INSERT INTO disciplineDepartmentDependency (ID,disciplineID,departmentID,courseNumber,semesterNumber) VALUES ('2541','2541','35','4','2');
INSERT INTO disciplineDepartmentDependency (ID,disciplineID,departmentID,courseNumber,semesterNumber) VALUES ('2542','2542','35','5','1');
INSERT INTO disciplineDepartmentDependency (ID,disciplineID,departmentID,courseNumber,semesterNumber) VALUES ('2543','2543','35','6','2');
INSERT INTO disciplineDepartmentDependency (ID,disciplineID,departmentID,courseNumber,semesterNumber) VALUES ('2544','2544','35','1','1');
INSERT INTO disciplineDepartmentDependency (ID,disciplineID,departmentID,courseNumber,semesterNumber) VALUES ('2545','2545','35','2','2');
INSERT INTO disciplineDepartmentDependency (ID,disciplineID,departmentID,courseNumber,semesterNumber) VALUES ('2546','2546','35','3','1');
INSERT INTO disciplineDepartmentDependency (ID,disciplineID,departmentID,courseNumber,semesterNumber) VALUES ('2547','2547','35','4','2');
INSERT INTO disciplineDepartmentDependency (ID,disciplineID,departmentID,courseNumber,semesterNumber) VALUES ('2548','2548','35','5','1');
INSERT INTO disciplineDepartmentDependency (ID,disciplineID,departmentID,courseNumber,semesterNumber) VALUES ('2549','2549','35','6','2');
INSERT INTO disciplineDepartmentDependency (ID,disciplineID,departmentID,courseNumber,semesterNumber) VALUES ('2550','2550','35','1','1');
INSERT INTO disciplineDepartmentDependency (ID,disciplineID,departmentID,courseNumber,semesterNumber) VALUES ('2551','2551','35','2','2');
INSERT INTO disciplineDepartmentDependency (ID,disciplineID,departmentID,courseNumber,semesterNumber) VALUES ('2552','2552','35','3','1');
INSERT INTO disciplineDepartmentDependency (ID,disciplineID,departmentID,courseNumber,semesterNumber) VALUES ('2553','2553','35','4','2');
INSERT INTO disciplineDepartmentDependency (ID,disciplineID,departmentID,courseNumber,semesterNumber) VALUES ('2554','2554','35','5','1');
INSERT INTO disciplineDepartmentDependency (ID,disciplineID,departmentID,courseNumber,semesterNumber) VALUES ('2555','2555','35','6','2');
INSERT INTO disciplineDepartmentDependency (ID,disciplineID,departmentID,courseNumber,semesterNumber) VALUES ('2556','2556','35','1','1');
INSERT INTO disciplineDepartmentDependency (ID,disciplineID,departmentID,courseNumber,semesterNumber) VALUES ('2557','2557','35','2','2');
INSERT INTO disciplineDepartmentDependency (ID,disciplineID,departmentID,courseNumber,semesterNumber) VALUES ('2558','2558','35','3','1');
INSERT INTO disciplineDepartmentDependency (ID,disciplineID,departmentID,courseNumber,semesterNumber) VALUES ('2559','2559','35','4','2');
INSERT INTO disciplineDepartmentDependency (ID,disciplineID,departmentID,courseNumber,semesterNumber) VALUES ('2560','2560','35','5','1');
INSERT INTO disciplineDepartmentDependency (ID,disciplineID,departmentID,courseNumber,semesterNumber) VALUES ('2561','2561','35','6','2');
INSERT INTO disciplineDepartmentDependency (ID,disciplineID,departmentID,courseNumber,semesterNumber) VALUES ('2562','2562','35','1','1');
INSERT INTO disciplineDepartmentDependency (ID,disciplineID,departmentID,courseNumber,semesterNumber) VALUES ('2563','2563','35','2','2');
INSERT INTO disciplineDepartmentDependency (ID,disciplineID,departmentID,courseNumber,semesterNumber) VALUES ('2564','2564','35','3','1');
INSERT INTO disciplineDepartmentDependency (ID,disciplineID,departmentID,courseNumber,semesterNumber) VALUES ('2565','2565','35','4','2');
INSERT INTO disciplineDepartmentDependency (ID,disciplineID,departmentID,courseNumber,semesterNumber) VALUES ('2566','2566','35','5','1');
INSERT INTO disciplineDepartmentDependency (ID,disciplineID,departmentID,courseNumber,semesterNumber) VALUES ('2567','2567','35','6','2');
INSERT INTO disciplineDepartmentDependency (ID,disciplineID,departmentID,courseNumber,semesterNumber) VALUES ('2568','2568','35','1','1');
INSERT INTO disciplineDepartmentDependency (ID,disciplineID,departmentID,courseNumber,semesterNumber) VALUES ('2569','2569','35','2','2');
INSERT INTO disciplineDepartmentDependency (ID,disciplineID,departmentID,courseNumber,semesterNumber) VALUES ('2570','2570','35','3','1');
INSERT INTO disciplineDepartmentDependency (ID,disciplineID,departmentID,courseNumber,semesterNumber) VALUES ('2571','2571','35','4','2');
INSERT INTO disciplineDepartmentDependency (ID,disciplineID,departmentID,courseNumber,semesterNumber) VALUES ('2572','2572','35','5','1');
INSERT INTO disciplineDepartmentDependency (ID,disciplineID,departmentID,courseNumber,semesterNumber) VALUES ('2573','2573','35','6','2');
INSERT INTO disciplineDepartmentDependency (ID,disciplineID,departmentID,courseNumber,semesterNumber) VALUES ('2574','2574','35','1','1');
INSERT INTO disciplineDepartmentDependency (ID,disciplineID,departmentID,courseNumber,semesterNumber) VALUES ('2575','2575','35','2','2');
INSERT INTO disciplineDepartmentDependency (ID,disciplineID,departmentID,courseNumber,semesterNumber) VALUES ('2576','2576','35','3','1');
INSERT INTO disciplineDepartmentDependency (ID,disciplineID,departmentID,courseNumber,semesterNumber) VALUES ('2577','2577','35','4','2');
INSERT INTO disciplineDepartmentDependency (ID,disciplineID,departmentID,courseNumber,semesterNumber) VALUES ('2578','2578','35','5','1');
INSERT INTO disciplineDepartmentDependency (ID,disciplineID,departmentID,courseNumber,semesterNumber) VALUES ('2579','2579','35','6','2');
INSERT INTO disciplineDepartmentDependency (ID,disciplineID,departmentID,courseNumber,semesterNumber) VALUES ('2580','2580','35','1','1');
INSERT INTO disciplineDepartmentDependency (ID,disciplineID,departmentID,courseNumber,semesterNumber) VALUES ('2581','2581','35','2','2');
INSERT INTO disciplineDepartmentDependency (ID,disciplineID,departmentID,courseNumber,semesterNumber) VALUES ('2582','2582','35','3','1');
INSERT INTO disciplineDepartmentDependency (ID,disciplineID,departmentID,courseNumber,semesterNumber) VALUES ('2583','2583','35','4','2');
INSERT INTO disciplineDepartmentDependency (ID,disciplineID,departmentID,courseNumber,semesterNumber) VALUES ('2584','2584','35','5','1');
INSERT INTO disciplineDepartmentDependency (ID,disciplineID,departmentID,courseNumber,semesterNumber) VALUES ('2585','2585','35','6','2');
INSERT INTO disciplineDepartmentDependency (ID,disciplineID,departmentID,courseNumber,semesterNumber) VALUES ('2586','2586','35','1','1');
INSERT INTO disciplineDepartmentDependency (ID,disciplineID,departmentID,courseNumber,semesterNumber) VALUES ('2587','2587','35','2','2');
INSERT INTO disciplineDepartmentDependency (ID,disciplineID,departmentID,courseNumber,semesterNumber) VALUES ('2588','2588','35','3','1');
INSERT INTO loginpass (ID,login,password,access_type) VALUES ('88','VELEMXRVOVK@gmx.fr','P2ZDa73h','employee');
INSERT INTO employee (name,lastName,fathersName,personalID,sex,email,phoneNumber,dateOfBorn,address,passport,login,office,ID,departmentID) VALUES ('Велемир','ВОВК','Савич','5638727148','m','VELEMXRVOVK@gmx.fr','0936687628','1989-08-03','72636 Донецьк Ворошилова 3, 267','AR861116 ГУМВС 49','VELEMXRVOVK@gmx.fr','HR','84','35');
INSERT INTO loginpass (ID,login,password,access_type) VALUES ('89','BUDXSLAVBILXK@sky.com','72tUzKhy','employee');
INSERT INTO employee (name,lastName,fathersName,personalID,sex,email,phoneNumber,dateOfBorn,address,passport,login,office,ID,departmentID) VALUES ('Будислав','БІЛИК','Савич','1634376851','m','BUDXSLAVBILXK@sky.com','0954548383','1975-01-30','23676 Ізмаїл Дахнівська 9, 251','TA511825 ГУМВС 40','BUDXSLAVBILXK@sky.com','HR','85','35');
INSERT INTO gtgroup (id,fullGroupName,courseNumber,departmentID) VALUES ('396','КЕБ-10','1','35');
INSERT INTO gtgroup (id,fullGroupName,courseNumber,departmentID) VALUES ('397','КЕБ-11','1','35');
INSERT INTO gtgroup (id,fullGroupName,courseNumber,departmentID) VALUES ('398','КЕБ-20','2','35');
INSERT INTO gtgroup (id,fullGroupName,courseNumber,departmentID) VALUES ('399','КЕБ-21','2','35');
INSERT INTO gtgroup (id,fullGroupName,courseNumber,departmentID) VALUES ('400','КЕБ-30','3','35');
INSERT INTO gtgroup (id,fullGroupName,courseNumber,departmentID) VALUES ('401','КЕБ-31','3','35');
INSERT INTO gtgroup (id,fullGroupName,courseNumber,departmentID) VALUES ('402','КЕБ-40','4','35');
INSERT INTO gtgroup (id,fullGroupName,courseNumber,departmentID) VALUES ('403','КЕБ-41','4','35');
INSERT INTO gtgroup (id,fullGroupName,courseNumber,departmentID) VALUES ('404','КЕБ-50','5','35');
INSERT INTO gtgroup (id,fullGroupName,courseNumber,departmentID) VALUES ('405','КЕБ-51','5','35');
INSERT INTO gtgroup (id,fullGroupName,courseNumber,departmentID) VALUES ('406','КЕБ-60','6','35');
INSERT INTO gtgroup (id,fullGroupName,courseNumber,departmentID) VALUES ('407','КЕБ-61','6','35');
INSERT INTO dayRequirements (id,departmentID,countOfDaysInWeek,countOfLessonsInADay) VALUES ('35','36','6','5');
INSERT INTO discipline (id,nameOfDiscipline,countOfLessons,exam) VALUES ('2589','Discipline БТІ-0','15','no');
INSERT INTO discipline (id,nameOfDiscipline,countOfLessons,exam) VALUES ('2590','Discipline БТІ-1','15','no');
INSERT INTO discipline (id,nameOfDiscipline,countOfLessons,exam) VALUES ('2591','Discipline БТІ-2','15','no');
INSERT INTO discipline (id,nameOfDiscipline,countOfLessons,exam) VALUES ('2592','Discipline БТІ-3','15','no');
INSERT INTO discipline (id,nameOfDiscipline,countOfLessons,exam) VALUES ('2593','Discipline БТІ-4','15','no');
INSERT INTO discipline (id,nameOfDiscipline,countOfLessons,exam) VALUES ('2594','Discipline БТІ-5','15','no');
INSERT INTO discipline (id,nameOfDiscipline,countOfLessons,exam) VALUES ('2595','Discipline БТІ-6','15','no');
INSERT INTO discipline (id,nameOfDiscipline,countOfLessons,exam) VALUES ('2596','Discipline БТІ-7','15','no');
INSERT INTO discipline (id,nameOfDiscipline,countOfLessons,exam) VALUES ('2597','Discipline БТІ-8','15','no');
INSERT INTO discipline (id,nameOfDiscipline,countOfLessons,exam) VALUES ('2598','Discipline БТІ-9','15','no');
INSERT INTO discipline (id,nameOfDiscipline,countOfLessons,exam) VALUES ('2599','Discipline БТІ-10','15','no');
INSERT INTO discipline (id,nameOfDiscipline,countOfLessons,exam) VALUES ('2600','Discipline БТІ-11','15','no');
INSERT INTO discipline (id,nameOfDiscipline,countOfLessons,exam) VALUES ('2601','Discipline БТІ-12','15','no');
INSERT INTO discipline (id,nameOfDiscipline,countOfLessons,exam) VALUES ('2602','Discipline БТІ-13','15','no');
INSERT INTO discipline (id,nameOfDiscipline,countOfLessons,exam) VALUES ('2603','Discipline БТІ-14','15','no');
INSERT INTO discipline (id,nameOfDiscipline,countOfLessons,exam) VALUES ('2604','Discipline БТІ-15','15','no');
INSERT INTO discipline (id,nameOfDiscipline,countOfLessons,exam) VALUES ('2605','Discipline БТІ-16','15','no');
INSERT INTO discipline (id,nameOfDiscipline,countOfLessons,exam) VALUES ('2606','Discipline БТІ-17','15','no');
INSERT INTO discipline (id,nameOfDiscipline,countOfLessons,exam) VALUES ('2607','Discipline БТІ-18','15','no');
INSERT INTO discipline (id,nameOfDiscipline,countOfLessons,exam) VALUES ('2608','Discipline БТІ-19','15','no');
INSERT INTO discipline (id,nameOfDiscipline,countOfLessons,exam) VALUES ('2609','Discipline БТІ-20','15','no');
INSERT INTO discipline (id,nameOfDiscipline,countOfLessons,exam) VALUES ('2610','Discipline БТІ-21','15','no');
INSERT INTO discipline (id,nameOfDiscipline,countOfLessons,exam) VALUES ('2611','Discipline БТІ-22','15','no');
INSERT INTO discipline (id,nameOfDiscipline,countOfLessons,exam) VALUES ('2612','Discipline БТІ-23','15','no');
INSERT INTO discipline (id,nameOfDiscipline,countOfLessons,exam) VALUES ('2613','Discipline БТІ-24','15','no');
INSERT INTO discipline (id,nameOfDiscipline,countOfLessons,exam) VALUES ('2614','Discipline БТІ-25','15','no');
INSERT INTO discipline (id,nameOfDiscipline,countOfLessons,exam) VALUES ('2615','Discipline БТІ-26','15','no');
INSERT INTO discipline (id,nameOfDiscipline,countOfLessons,exam) VALUES ('2616','Discipline БТІ-27','15','no');
INSERT INTO discipline (id,nameOfDiscipline,countOfLessons,exam) VALUES ('2617','Discipline БТІ-28','15','no');
INSERT INTO discipline (id,nameOfDiscipline,countOfLessons,exam) VALUES ('2618','Discipline БТІ-29','15','no');
INSERT INTO discipline (id,nameOfDiscipline,countOfLessons,exam) VALUES ('2619','Discipline БТІ-30','15','no');
INSERT INTO discipline (id,nameOfDiscipline,countOfLessons,exam) VALUES ('2620','Discipline БТІ-31','15','no');
INSERT INTO discipline (id,nameOfDiscipline,countOfLessons,exam) VALUES ('2621','Discipline БТІ-32','15','no');
INSERT INTO discipline (id,nameOfDiscipline,countOfLessons,exam) VALUES ('2622','Discipline БТІ-33','15','no');
INSERT INTO discipline (id,nameOfDiscipline,countOfLessons,exam) VALUES ('2623','Discipline БТІ-34','15','no');
INSERT INTO discipline (id,nameOfDiscipline,countOfLessons,exam) VALUES ('2624','Discipline БТІ-35','15','no');
INSERT INTO discipline (id,nameOfDiscipline,countOfLessons,exam) VALUES ('2625','Discipline БТІ-36','15','no');
INSERT INTO discipline (id,nameOfDiscipline,countOfLessons,exam) VALUES ('2626','Discipline БТІ-37','15','no');
INSERT INTO discipline (id,nameOfDiscipline,countOfLessons,exam) VALUES ('2627','Discipline БТІ-38','15','no');
INSERT INTO discipline (id,nameOfDiscipline,countOfLessons,exam) VALUES ('2628','Discipline БТІ-39','15','no');
INSERT INTO discipline (id,nameOfDiscipline,countOfLessons,exam) VALUES ('2629','Discipline БТІ-40','15','no');
INSERT INTO discipline (id,nameOfDiscipline,countOfLessons,exam) VALUES ('2630','Discipline БТІ-41','15','no');
INSERT INTO discipline (id,nameOfDiscipline,countOfLessons,exam) VALUES ('2631','Discipline БТІ-42','15','no');
INSERT INTO discipline (id,nameOfDiscipline,countOfLessons,exam) VALUES ('2632','Discipline БТІ-43','15','no');
INSERT INTO discipline (id,nameOfDiscipline,countOfLessons,exam) VALUES ('2633','Discipline БТІ-44','15','no');
INSERT INTO discipline (id,nameOfDiscipline,countOfLessons,exam) VALUES ('2634','Discipline БТІ-45','15','no');
INSERT INTO discipline (id,nameOfDiscipline,countOfLessons,exam) VALUES ('2635','Discipline БТІ-46','15','no');
INSERT INTO discipline (id,nameOfDiscipline,countOfLessons,exam) VALUES ('2636','Discipline БТІ-47','15','no');
INSERT INTO discipline (id,nameOfDiscipline,countOfLessons,exam) VALUES ('2637','Discipline БТІ-48','15','no');
INSERT INTO discipline (id,nameOfDiscipline,countOfLessons,exam) VALUES ('2638','Discipline БТІ-49','15','no');
INSERT INTO discipline (id,nameOfDiscipline,countOfLessons,exam) VALUES ('2639','Discipline БТІ-50','15','no');
INSERT INTO discipline (id,nameOfDiscipline,countOfLessons,exam) VALUES ('2640','Discipline БТІ-51','15','no');
INSERT INTO discipline (id,nameOfDiscipline,countOfLessons,exam) VALUES ('2641','Discipline БТІ-52','15','no');
INSERT INTO discipline (id,nameOfDiscipline,countOfLessons,exam) VALUES ('2642','Discipline БТІ-53','15','no');
INSERT INTO discipline (id,nameOfDiscipline,countOfLessons,exam) VALUES ('2643','Discipline БТІ-54','15','no');
INSERT INTO discipline (id,nameOfDiscipline,countOfLessons,exam) VALUES ('2644','Discipline БТІ-55','15','no');
INSERT INTO discipline (id,nameOfDiscipline,countOfLessons,exam) VALUES ('2645','Discipline БТІ-56','15','no');
INSERT INTO discipline (id,nameOfDiscipline,countOfLessons,exam) VALUES ('2646','Discipline БТІ-57','15','no');
INSERT INTO discipline (id,nameOfDiscipline,countOfLessons,exam) VALUES ('2647','Discipline БТІ-58','15','no');
INSERT INTO discipline (id,nameOfDiscipline,countOfLessons,exam) VALUES ('2648','Discipline БТІ-59','15','no');
INSERT INTO discipline (id,nameOfDiscipline,countOfLessons,exam) VALUES ('2649','Discipline БТІ-60','15','no');
INSERT INTO discipline (id,nameOfDiscipline,countOfLessons,exam) VALUES ('2650','Discipline БТІ-61','15','no');
INSERT INTO discipline (id,nameOfDiscipline,countOfLessons,exam) VALUES ('2651','Discipline БТІ-62','15','no');
INSERT INTO disciplineDepartmentDependency (ID,disciplineID,departmentID,courseNumber,semesterNumber) VALUES ('2589','2589','36','1','1');
INSERT INTO disciplineDepartmentDependency (ID,disciplineID,departmentID,courseNumber,semesterNumber) VALUES ('2590','2590','36','2','2');
INSERT INTO disciplineDepartmentDependency (ID,disciplineID,departmentID,courseNumber,semesterNumber) VALUES ('2591','2591','36','3','1');
INSERT INTO disciplineDepartmentDependency (ID,disciplineID,departmentID,courseNumber,semesterNumber) VALUES ('2592','2592','36','4','2');
INSERT INTO disciplineDepartmentDependency (ID,disciplineID,departmentID,courseNumber,semesterNumber) VALUES ('2593','2593','36','5','1');
INSERT INTO disciplineDepartmentDependency (ID,disciplineID,departmentID,courseNumber,semesterNumber) VALUES ('2594','2594','36','6','2');
INSERT INTO disciplineDepartmentDependency (ID,disciplineID,departmentID,courseNumber,semesterNumber) VALUES ('2595','2595','36','1','1');
INSERT INTO disciplineDepartmentDependency (ID,disciplineID,departmentID,courseNumber,semesterNumber) VALUES ('2596','2596','36','2','2');
INSERT INTO disciplineDepartmentDependency (ID,disciplineID,departmentID,courseNumber,semesterNumber) VALUES ('2597','2597','36','3','1');
INSERT INTO disciplineDepartmentDependency (ID,disciplineID,departmentID,courseNumber,semesterNumber) VALUES ('2598','2598','36','4','2');
INSERT INTO disciplineDepartmentDependency (ID,disciplineID,departmentID,courseNumber,semesterNumber) VALUES ('2599','2599','36','5','1');
INSERT INTO disciplineDepartmentDependency (ID,disciplineID,departmentID,courseNumber,semesterNumber) VALUES ('2600','2600','36','6','2');
INSERT INTO disciplineDepartmentDependency (ID,disciplineID,departmentID,courseNumber,semesterNumber) VALUES ('2601','2601','36','1','1');
INSERT INTO disciplineDepartmentDependency (ID,disciplineID,departmentID,courseNumber,semesterNumber) VALUES ('2602','2602','36','2','2');
INSERT INTO disciplineDepartmentDependency (ID,disciplineID,departmentID,courseNumber,semesterNumber) VALUES ('2603','2603','36','3','1');
INSERT INTO disciplineDepartmentDependency (ID,disciplineID,departmentID,courseNumber,semesterNumber) VALUES ('2604','2604','36','4','2');
INSERT INTO disciplineDepartmentDependency (ID,disciplineID,departmentID,courseNumber,semesterNumber) VALUES ('2605','2605','36','5','1');
INSERT INTO disciplineDepartmentDependency (ID,disciplineID,departmentID,courseNumber,semesterNumber) VALUES ('2606','2606','36','6','2');
INSERT INTO disciplineDepartmentDependency (ID,disciplineID,departmentID,courseNumber,semesterNumber) VALUES ('2607','2607','36','1','1');
INSERT INTO disciplineDepartmentDependency (ID,disciplineID,departmentID,courseNumber,semesterNumber) VALUES ('2608','2608','36','2','2');
INSERT INTO disciplineDepartmentDependency (ID,disciplineID,departmentID,courseNumber,semesterNumber) VALUES ('2609','2609','36','3','1');
INSERT INTO disciplineDepartmentDependency (ID,disciplineID,departmentID,courseNumber,semesterNumber) VALUES ('2610','2610','36','4','2');
INSERT INTO disciplineDepartmentDependency (ID,disciplineID,departmentID,courseNumber,semesterNumber) VALUES ('2611','2611','36','5','1');
INSERT INTO disciplineDepartmentDependency (ID,disciplineID,departmentID,courseNumber,semesterNumber) VALUES ('2612','2612','36','6','2');
INSERT INTO disciplineDepartmentDependency (ID,disciplineID,departmentID,courseNumber,semesterNumber) VALUES ('2613','2613','36','1','1');
INSERT INTO disciplineDepartmentDependency (ID,disciplineID,departmentID,courseNumber,semesterNumber) VALUES ('2614','2614','36','2','2');
INSERT INTO disciplineDepartmentDependency (ID,disciplineID,departmentID,courseNumber,semesterNumber) VALUES ('2615','2615','36','3','1');
INSERT INTO disciplineDepartmentDependency (ID,disciplineID,departmentID,courseNumber,semesterNumber) VALUES ('2616','2616','36','4','2');
INSERT INTO disciplineDepartmentDependency (ID,disciplineID,departmentID,courseNumber,semesterNumber) VALUES ('2617','2617','36','5','1');
INSERT INTO disciplineDepartmentDependency (ID,disciplineID,departmentID,courseNumber,semesterNumber) VALUES ('2618','2618','36','6','2');
INSERT INTO disciplineDepartmentDependency (ID,disciplineID,departmentID,courseNumber,semesterNumber) VALUES ('2619','2619','36','1','1');
INSERT INTO disciplineDepartmentDependency (ID,disciplineID,departmentID,courseNumber,semesterNumber) VALUES ('2620','2620','36','2','2');
INSERT INTO disciplineDepartmentDependency (ID,disciplineID,departmentID,courseNumber,semesterNumber) VALUES ('2621','2621','36','3','1');
INSERT INTO disciplineDepartmentDependency (ID,disciplineID,departmentID,courseNumber,semesterNumber) VALUES ('2622','2622','36','4','2');
INSERT INTO disciplineDepartmentDependency (ID,disciplineID,departmentID,courseNumber,semesterNumber) VALUES ('2623','2623','36','5','1');
INSERT INTO disciplineDepartmentDependency (ID,disciplineID,departmentID,courseNumber,semesterNumber) VALUES ('2624','2624','36','6','2');
INSERT INTO disciplineDepartmentDependency (ID,disciplineID,departmentID,courseNumber,semesterNumber) VALUES ('2625','2625','36','1','1');
INSERT INTO disciplineDepartmentDependency (ID,disciplineID,departmentID,courseNumber,semesterNumber) VALUES ('2626','2626','36','2','2');
INSERT INTO disciplineDepartmentDependency (ID,disciplineID,departmentID,courseNumber,semesterNumber) VALUES ('2627','2627','36','3','1');
INSERT INTO disciplineDepartmentDependency (ID,disciplineID,departmentID,courseNumber,semesterNumber) VALUES ('2628','2628','36','4','2');
INSERT INTO disciplineDepartmentDependency (ID,disciplineID,departmentID,courseNumber,semesterNumber) VALUES ('2629','2629','36','5','1');
INSERT INTO disciplineDepartmentDependency (ID,disciplineID,departmentID,courseNumber,semesterNumber) VALUES ('2630','2630','36','6','2');
INSERT INTO disciplineDepartmentDependency (ID,disciplineID,departmentID,courseNumber,semesterNumber) VALUES ('2631','2631','36','1','1');
INSERT INTO disciplineDepartmentDependency (ID,disciplineID,departmentID,courseNumber,semesterNumber) VALUES ('2632','2632','36','2','2');
INSERT INTO disciplineDepartmentDependency (ID,disciplineID,departmentID,courseNumber,semesterNumber) VALUES ('2633','2633','36','3','1');
INSERT INTO disciplineDepartmentDependency (ID,disciplineID,departmentID,courseNumber,semesterNumber) VALUES ('2634','2634','36','4','2');
INSERT INTO disciplineDepartmentDependency (ID,disciplineID,departmentID,courseNumber,semesterNumber) VALUES ('2635','2635','36','5','1');
INSERT INTO disciplineDepartmentDependency (ID,disciplineID,departmentID,courseNumber,semesterNumber) VALUES ('2636','2636','36','6','2');
INSERT INTO disciplineDepartmentDependency (ID,disciplineID,departmentID,courseNumber,semesterNumber) VALUES ('2637','2637','36','1','1');
INSERT INTO disciplineDepartmentDependency (ID,disciplineID,departmentID,courseNumber,semesterNumber) VALUES ('2638','2638','36','2','2');
INSERT INTO disciplineDepartmentDependency (ID,disciplineID,departmentID,courseNumber,semesterNumber) VALUES ('2639','2639','36','3','1');
INSERT INTO disciplineDepartmentDependency (ID,disciplineID,departmentID,courseNumber,semesterNumber) VALUES ('2640','2640','36','4','2');
INSERT INTO disciplineDepartmentDependency (ID,disciplineID,departmentID,courseNumber,semesterNumber) VALUES ('2641','2641','36','5','1');
INSERT INTO disciplineDepartmentDependency (ID,disciplineID,departmentID,courseNumber,semesterNumber) VALUES ('2642','2642','36','6','2');
INSERT INTO disciplineDepartmentDependency (ID,disciplineID,departmentID,courseNumber,semesterNumber) VALUES ('2643','2643','36','1','1');
INSERT INTO disciplineDepartmentDependency (ID,disciplineID,departmentID,courseNumber,semesterNumber) VALUES ('2644','2644','36','2','2');
INSERT INTO disciplineDepartmentDependency (ID,disciplineID,departmentID,courseNumber,semesterNumber) VALUES ('2645','2645','36','3','1');
INSERT INTO disciplineDepartmentDependency (ID,disciplineID,departmentID,courseNumber,semesterNumber) VALUES ('2646','2646','36','4','2');
INSERT INTO disciplineDepartmentDependency (ID,disciplineID,departmentID,courseNumber,semesterNumber) VALUES ('2647','2647','36','5','1');
INSERT INTO disciplineDepartmentDependency (ID,disciplineID,departmentID,courseNumber,semesterNumber) VALUES ('2648','2648','36','6','2');
INSERT INTO disciplineDepartmentDependency (ID,disciplineID,departmentID,courseNumber,semesterNumber) VALUES ('2649','2649','36','1','1');
INSERT INTO disciplineDepartmentDependency (ID,disciplineID,departmentID,courseNumber,semesterNumber) VALUES ('2650','2650','36','2','2');
INSERT INTO disciplineDepartmentDependency (ID,disciplineID,departmentID,courseNumber,semesterNumber) VALUES ('2651','2651','36','3','1');
INSERT INTO loginpass (ID,login,password,access_type) VALUES ('90','VESELXNAMARZENKO@ntlworld.com','W2YlHX#e','employee');
INSERT INTO employee (name,lastName,fathersName,personalID,sex,email,phoneNumber,dateOfBorn,address,passport,login,office,ID,departmentID) VALUES ('Веселина','МАРЧЕНКО','Савівна','2775746026','f','VESELXNAMARZENKO@ntlworld.com','0960303735','1991-02-07','35580 Володимир-Волинський Квіткова 80, 222','SH322257 ГУМВС 6','VESELXNAMARZENKO@ntlworld.com','HR','86','36');
INSERT INTO gtgroup (id,fullGroupName,courseNumber,departmentID) VALUES ('408','БТІ-10','1','36');
INSERT INTO gtgroup (id,fullGroupName,courseNumber,departmentID) VALUES ('409','БТІ-20','2','36');
INSERT INTO gtgroup (id,fullGroupName,courseNumber,departmentID) VALUES ('410','БТІ-30','3','36');
INSERT INTO gtgroup (id,fullGroupName,courseNumber,departmentID) VALUES ('411','БТІ-40','4','36');
INSERT INTO gtgroup (id,fullGroupName,courseNumber,departmentID) VALUES ('412','БТІ-50','5','36');
INSERT INTO gtgroup (id,fullGroupName,courseNumber,departmentID) VALUES ('413','БТІ-60','6','36');
INSERT INTO dayRequirements (id,departmentID,countOfDaysInWeek,countOfLessonsInADay) VALUES ('36','37','6','5');
INSERT INTO discipline (id,nameOfDiscipline,countOfLessons,exam) VALUES ('2652','Discipline КБ-0','15','no');
INSERT INTO discipline (id,nameOfDiscipline,countOfLessons,exam) VALUES ('2653','Discipline КБ-1','15','no');
INSERT INTO discipline (id,nameOfDiscipline,countOfLessons,exam) VALUES ('2654','Discipline КБ-2','15','no');
INSERT INTO discipline (id,nameOfDiscipline,countOfLessons,exam) VALUES ('2655','Discipline КБ-3','15','no');
INSERT INTO discipline (id,nameOfDiscipline,countOfLessons,exam) VALUES ('2656','Discipline КБ-4','15','no');
INSERT INTO discipline (id,nameOfDiscipline,countOfLessons,exam) VALUES ('2657','Discipline КБ-5','15','no');
INSERT INTO discipline (id,nameOfDiscipline,countOfLessons,exam) VALUES ('2658','Discipline КБ-6','15','no');
INSERT INTO discipline (id,nameOfDiscipline,countOfLessons,exam) VALUES ('2659','Discipline КБ-7','15','no');
INSERT INTO discipline (id,nameOfDiscipline,countOfLessons,exam) VALUES ('2660','Discipline КБ-8','15','no');
INSERT INTO discipline (id,nameOfDiscipline,countOfLessons,exam) VALUES ('2661','Discipline КБ-9','15','no');
INSERT INTO discipline (id,nameOfDiscipline,countOfLessons,exam) VALUES ('2662','Discipline КБ-10','15','no');
INSERT INTO discipline (id,nameOfDiscipline,countOfLessons,exam) VALUES ('2663','Discipline КБ-11','15','no');
INSERT INTO discipline (id,nameOfDiscipline,countOfLessons,exam) VALUES ('2664','Discipline КБ-12','15','no');
INSERT INTO discipline (id,nameOfDiscipline,countOfLessons,exam) VALUES ('2665','Discipline КБ-13','15','no');
INSERT INTO discipline (id,nameOfDiscipline,countOfLessons,exam) VALUES ('2666','Discipline КБ-14','15','no');
INSERT INTO discipline (id,nameOfDiscipline,countOfLessons,exam) VALUES ('2667','Discipline КБ-15','15','no');
INSERT INTO discipline (id,nameOfDiscipline,countOfLessons,exam) VALUES ('2668','Discipline КБ-16','15','no');
INSERT INTO discipline (id,nameOfDiscipline,countOfLessons,exam) VALUES ('2669','Discipline КБ-17','15','no');
INSERT INTO discipline (id,nameOfDiscipline,countOfLessons,exam) VALUES ('2670','Discipline КБ-18','15','no');
INSERT INTO discipline (id,nameOfDiscipline,countOfLessons,exam) VALUES ('2671','Discipline КБ-19','15','no');
INSERT INTO discipline (id,nameOfDiscipline,countOfLessons,exam) VALUES ('2672','Discipline КБ-20','15','no');
INSERT INTO discipline (id,nameOfDiscipline,countOfLessons,exam) VALUES ('2673','Discipline КБ-21','15','no');
INSERT INTO discipline (id,nameOfDiscipline,countOfLessons,exam) VALUES ('2674','Discipline КБ-22','15','no');
INSERT INTO discipline (id,nameOfDiscipline,countOfLessons,exam) VALUES ('2675','Discipline КБ-23','15','no');
INSERT INTO discipline (id,nameOfDiscipline,countOfLessons,exam) VALUES ('2676','Discipline КБ-24','15','no');
INSERT INTO discipline (id,nameOfDiscipline,countOfLessons,exam) VALUES ('2677','Discipline КБ-25','15','no');
INSERT INTO discipline (id,nameOfDiscipline,countOfLessons,exam) VALUES ('2678','Discipline КБ-26','15','no');
INSERT INTO discipline (id,nameOfDiscipline,countOfLessons,exam) VALUES ('2679','Discipline КБ-27','15','no');
INSERT INTO discipline (id,nameOfDiscipline,countOfLessons,exam) VALUES ('2680','Discipline КБ-28','15','no');
INSERT INTO discipline (id,nameOfDiscipline,countOfLessons,exam) VALUES ('2681','Discipline КБ-29','15','no');
INSERT INTO discipline (id,nameOfDiscipline,countOfLessons,exam) VALUES ('2682','Discipline КБ-30','15','no');
INSERT INTO discipline (id,nameOfDiscipline,countOfLessons,exam) VALUES ('2683','Discipline КБ-31','15','no');
INSERT INTO discipline (id,nameOfDiscipline,countOfLessons,exam) VALUES ('2684','Discipline КБ-32','15','no');
INSERT INTO discipline (id,nameOfDiscipline,countOfLessons,exam) VALUES ('2685','Discipline КБ-33','15','no');
INSERT INTO discipline (id,nameOfDiscipline,countOfLessons,exam) VALUES ('2686','Discipline КБ-34','15','no');
INSERT INTO discipline (id,nameOfDiscipline,countOfLessons,exam) VALUES ('2687','Discipline КБ-35','15','no');
INSERT INTO discipline (id,nameOfDiscipline,countOfLessons,exam) VALUES ('2688','Discipline КБ-36','15','no');
INSERT INTO discipline (id,nameOfDiscipline,countOfLessons,exam) VALUES ('2689','Discipline КБ-37','15','no');
INSERT INTO discipline (id,nameOfDiscipline,countOfLessons,exam) VALUES ('2690','Discipline КБ-38','15','no');
INSERT INTO discipline (id,nameOfDiscipline,countOfLessons,exam) VALUES ('2691','Discipline КБ-39','15','no');
INSERT INTO discipline (id,nameOfDiscipline,countOfLessons,exam) VALUES ('2692','Discipline КБ-40','15','no');
INSERT INTO discipline (id,nameOfDiscipline,countOfLessons,exam) VALUES ('2693','Discipline КБ-41','15','no');
INSERT INTO discipline (id,nameOfDiscipline,countOfLessons,exam) VALUES ('2694','Discipline КБ-42','15','no');
INSERT INTO discipline (id,nameOfDiscipline,countOfLessons,exam) VALUES ('2695','Discipline КБ-43','15','no');
INSERT INTO discipline (id,nameOfDiscipline,countOfLessons,exam) VALUES ('2696','Discipline КБ-44','15','no');
INSERT INTO discipline (id,nameOfDiscipline,countOfLessons,exam) VALUES ('2697','Discipline КБ-45','15','no');
INSERT INTO discipline (id,nameOfDiscipline,countOfLessons,exam) VALUES ('2698','Discipline КБ-46','15','no');
INSERT INTO discipline (id,nameOfDiscipline,countOfLessons,exam) VALUES ('2699','Discipline КБ-47','15','no');
INSERT INTO discipline (id,nameOfDiscipline,countOfLessons,exam) VALUES ('2700','Discipline КБ-48','15','no');
INSERT INTO discipline (id,nameOfDiscipline,countOfLessons,exam) VALUES ('2701','Discipline КБ-49','15','no');
INSERT INTO discipline (id,nameOfDiscipline,countOfLessons,exam) VALUES ('2702','Discipline КБ-50','15','no');
INSERT INTO discipline (id,nameOfDiscipline,countOfLessons,exam) VALUES ('2703','Discipline КБ-51','15','no');
INSERT INTO discipline (id,nameOfDiscipline,countOfLessons,exam) VALUES ('2704','Discipline КБ-52','15','no');
INSERT INTO discipline (id,nameOfDiscipline,countOfLessons,exam) VALUES ('2705','Discipline КБ-53','15','no');
INSERT INTO discipline (id,nameOfDiscipline,countOfLessons,exam) VALUES ('2706','Discipline КБ-54','15','no');
INSERT INTO discipline (id,nameOfDiscipline,countOfLessons,exam) VALUES ('2707','Discipline КБ-55','15','no');
INSERT INTO discipline (id,nameOfDiscipline,countOfLessons,exam) VALUES ('2708','Discipline КБ-56','15','no');
INSERT INTO discipline (id,nameOfDiscipline,countOfLessons,exam) VALUES ('2709','Discipline КБ-57','15','no');
INSERT INTO discipline (id,nameOfDiscipline,countOfLessons,exam) VALUES ('2710','Discipline КБ-58','15','no');
INSERT INTO discipline (id,nameOfDiscipline,countOfLessons,exam) VALUES ('2711','Discipline КБ-59','15','no');
INSERT INTO discipline (id,nameOfDiscipline,countOfLessons,exam) VALUES ('2712','Discipline КБ-60','15','no');
INSERT INTO discipline (id,nameOfDiscipline,countOfLessons,exam) VALUES ('2713','Discipline КБ-61','15','no');
INSERT INTO discipline (id,nameOfDiscipline,countOfLessons,exam) VALUES ('2714','Discipline КБ-62','15','no');
INSERT INTO discipline (id,nameOfDiscipline,countOfLessons,exam) VALUES ('2715','Discipline КБ-63','15','no');
INSERT INTO discipline (id,nameOfDiscipline,countOfLessons,exam) VALUES ('2716','Discipline КБ-64','15','no');
INSERT INTO discipline (id,nameOfDiscipline,countOfLessons,exam) VALUES ('2717','Discipline КБ-65','15','no');
INSERT INTO discipline (id,nameOfDiscipline,countOfLessons,exam) VALUES ('2718','Discipline КБ-66','15','no');
INSERT INTO disciplineDepartmentDependency (ID,disciplineID,departmentID,courseNumber,semesterNumber) VALUES ('2652','2652','37','1','1');
INSERT INTO disciplineDepartmentDependency (ID,disciplineID,departmentID,courseNumber,semesterNumber) VALUES ('2653','2653','37','2','2');
INSERT INTO disciplineDepartmentDependency (ID,disciplineID,departmentID,courseNumber,semesterNumber) VALUES ('2654','2654','37','3','1');
INSERT INTO disciplineDepartmentDependency (ID,disciplineID,departmentID,courseNumber,semesterNumber) VALUES ('2655','2655','37','4','2');
INSERT INTO disciplineDepartmentDependency (ID,disciplineID,departmentID,courseNumber,semesterNumber) VALUES ('2656','2656','37','5','1');
INSERT INTO disciplineDepartmentDependency (ID,disciplineID,departmentID,courseNumber,semesterNumber) VALUES ('2657','2657','37','6','2');
INSERT INTO disciplineDepartmentDependency (ID,disciplineID,departmentID,courseNumber,semesterNumber) VALUES ('2658','2658','37','1','1');
INSERT INTO disciplineDepartmentDependency (ID,disciplineID,departmentID,courseNumber,semesterNumber) VALUES ('2659','2659','37','2','2');
INSERT INTO disciplineDepartmentDependency (ID,disciplineID,departmentID,courseNumber,semesterNumber) VALUES ('2660','2660','37','3','1');
INSERT INTO disciplineDepartmentDependency (ID,disciplineID,departmentID,courseNumber,semesterNumber) VALUES ('2661','2661','37','4','2');
INSERT INTO disciplineDepartmentDependency (ID,disciplineID,departmentID,courseNumber,semesterNumber) VALUES ('2662','2662','37','5','1');
INSERT INTO disciplineDepartmentDependency (ID,disciplineID,departmentID,courseNumber,semesterNumber) VALUES ('2663','2663','37','6','2');
INSERT INTO disciplineDepartmentDependency (ID,disciplineID,departmentID,courseNumber,semesterNumber) VALUES ('2664','2664','37','1','1');
INSERT INTO disciplineDepartmentDependency (ID,disciplineID,departmentID,courseNumber,semesterNumber) VALUES ('2665','2665','37','2','2');
INSERT INTO disciplineDepartmentDependency (ID,disciplineID,departmentID,courseNumber,semesterNumber) VALUES ('2666','2666','37','3','1');
INSERT INTO disciplineDepartmentDependency (ID,disciplineID,departmentID,courseNumber,semesterNumber) VALUES ('2667','2667','37','4','2');
INSERT INTO disciplineDepartmentDependency (ID,disciplineID,departmentID,courseNumber,semesterNumber) VALUES ('2668','2668','37','5','1');
INSERT INTO disciplineDepartmentDependency (ID,disciplineID,departmentID,courseNumber,semesterNumber) VALUES ('2669','2669','37','6','2');
INSERT INTO disciplineDepartmentDependency (ID,disciplineID,departmentID,courseNumber,semesterNumber) VALUES ('2670','2670','37','1','1');
INSERT INTO disciplineDepartmentDependency (ID,disciplineID,departmentID,courseNumber,semesterNumber) VALUES ('2671','2671','37','2','2');
INSERT INTO disciplineDepartmentDependency (ID,disciplineID,departmentID,courseNumber,semesterNumber) VALUES ('2672','2672','37','3','1');
INSERT INTO disciplineDepartmentDependency (ID,disciplineID,departmentID,courseNumber,semesterNumber) VALUES ('2673','2673','37','4','2');
INSERT INTO disciplineDepartmentDependency (ID,disciplineID,departmentID,courseNumber,semesterNumber) VALUES ('2674','2674','37','5','1');
INSERT INTO disciplineDepartmentDependency (ID,disciplineID,departmentID,courseNumber,semesterNumber) VALUES ('2675','2675','37','6','2');
INSERT INTO disciplineDepartmentDependency (ID,disciplineID,departmentID,courseNumber,semesterNumber) VALUES ('2676','2676','37','1','1');
INSERT INTO disciplineDepartmentDependency (ID,disciplineID,departmentID,courseNumber,semesterNumber) VALUES ('2677','2677','37','2','2');
INSERT INTO disciplineDepartmentDependency (ID,disciplineID,departmentID,courseNumber,semesterNumber) VALUES ('2678','2678','37','3','1');
INSERT INTO disciplineDepartmentDependency (ID,disciplineID,departmentID,courseNumber,semesterNumber) VALUES ('2679','2679','37','4','2');
INSERT INTO disciplineDepartmentDependency (ID,disciplineID,departmentID,courseNumber,semesterNumber) VALUES ('2680','2680','37','5','1');
INSERT INTO disciplineDepartmentDependency (ID,disciplineID,departmentID,courseNumber,semesterNumber) VALUES ('2681','2681','37','6','2');
INSERT INTO disciplineDepartmentDependency (ID,disciplineID,departmentID,courseNumber,semesterNumber) VALUES ('2682','2682','37','1','1');
INSERT INTO disciplineDepartmentDependency (ID,disciplineID,departmentID,courseNumber,semesterNumber) VALUES ('2683','2683','37','2','2');
INSERT INTO disciplineDepartmentDependency (ID,disciplineID,departmentID,courseNumber,semesterNumber) VALUES ('2684','2684','37','3','1');
INSERT INTO disciplineDepartmentDependency (ID,disciplineID,departmentID,courseNumber,semesterNumber) VALUES ('2685','2685','37','4','2');
INSERT INTO disciplineDepartmentDependency (ID,disciplineID,departmentID,courseNumber,semesterNumber) VALUES ('2686','2686','37','5','1');
INSERT INTO disciplineDepartmentDependency (ID,disciplineID,departmentID,courseNumber,semesterNumber) VALUES ('2687','2687','37','6','2');
INSERT INTO disciplineDepartmentDependency (ID,disciplineID,departmentID,courseNumber,semesterNumber) VALUES ('2688','2688','37','1','1');
INSERT INTO disciplineDepartmentDependency (ID,disciplineID,departmentID,courseNumber,semesterNumber) VALUES ('2689','2689','37','2','2');
INSERT INTO disciplineDepartmentDependency (ID,disciplineID,departmentID,courseNumber,semesterNumber) VALUES ('2690','2690','37','3','1');
INSERT INTO disciplineDepartmentDependency (ID,disciplineID,departmentID,courseNumber,semesterNumber) VALUES ('2691','2691','37','4','2');
INSERT INTO disciplineDepartmentDependency (ID,disciplineID,departmentID,courseNumber,semesterNumber) VALUES ('2692','2692','37','5','1');
INSERT INTO disciplineDepartmentDependency (ID,disciplineID,departmentID,courseNumber,semesterNumber) VALUES ('2693','2693','37','6','2');
INSERT INTO disciplineDepartmentDependency (ID,disciplineID,departmentID,courseNumber,semesterNumber) VALUES ('2694','2694','37','1','1');
INSERT INTO disciplineDepartmentDependency (ID,disciplineID,departmentID,courseNumber,semesterNumber) VALUES ('2695','2695','37','2','2');
INSERT INTO disciplineDepartmentDependency (ID,disciplineID,departmentID,courseNumber,semesterNumber) VALUES ('2696','2696','37','3','1');
INSERT INTO disciplineDepartmentDependency (ID,disciplineID,departmentID,courseNumber,semesterNumber) VALUES ('2697','2697','37','4','2');
INSERT INTO disciplineDepartmentDependency (ID,disciplineID,departmentID,courseNumber,semesterNumber) VALUES ('2698','2698','37','5','1');
INSERT INTO disciplineDepartmentDependency (ID,disciplineID,departmentID,courseNumber,semesterNumber) VALUES ('2699','2699','37','6','2');
INSERT INTO disciplineDepartmentDependency (ID,disciplineID,departmentID,courseNumber,semesterNumber) VALUES ('2700','2700','37','1','1');
INSERT INTO disciplineDepartmentDependency (ID,disciplineID,departmentID,courseNumber,semesterNumber) VALUES ('2701','2701','37','2','2');
INSERT INTO disciplineDepartmentDependency (ID,disciplineID,departmentID,courseNumber,semesterNumber) VALUES ('2702','2702','37','3','1');
INSERT INTO disciplineDepartmentDependency (ID,disciplineID,departmentID,courseNumber,semesterNumber) VALUES ('2703','2703','37','4','2');
INSERT INTO disciplineDepartmentDependency (ID,disciplineID,departmentID,courseNumber,semesterNumber) VALUES ('2704','2704','37','5','1');
INSERT INTO disciplineDepartmentDependency (ID,disciplineID,departmentID,courseNumber,semesterNumber) VALUES ('2705','2705','37','6','2');
INSERT INTO disciplineDepartmentDependency (ID,disciplineID,departmentID,courseNumber,semesterNumber) VALUES ('2706','2706','37','1','1');
INSERT INTO disciplineDepartmentDependency (ID,disciplineID,departmentID,courseNumber,semesterNumber) VALUES ('2707','2707','37','2','2');
INSERT INTO disciplineDepartmentDependency (ID,disciplineID,departmentID,courseNumber,semesterNumber) VALUES ('2708','2708','37','3','1');
INSERT INTO disciplineDepartmentDependency (ID,disciplineID,departmentID,courseNumber,semesterNumber) VALUES ('2709','2709','37','4','2');
INSERT INTO disciplineDepartmentDependency (ID,disciplineID,departmentID,courseNumber,semesterNumber) VALUES ('2710','2710','37','5','1');
INSERT INTO disciplineDepartmentDependency (ID,disciplineID,departmentID,courseNumber,semesterNumber) VALUES ('2711','2711','37','6','2');
INSERT INTO disciplineDepartmentDependency (ID,disciplineID,departmentID,courseNumber,semesterNumber) VALUES ('2712','2712','37','1','1');
INSERT INTO disciplineDepartmentDependency (ID,disciplineID,departmentID,courseNumber,semesterNumber) VALUES ('2713','2713','37','2','2');
INSERT INTO disciplineDepartmentDependency (ID,disciplineID,departmentID,courseNumber,semesterNumber) VALUES ('2714','2714','37','3','1');
INSERT INTO disciplineDepartmentDependency (ID,disciplineID,departmentID,courseNumber,semesterNumber) VALUES ('2715','2715','37','4','2');
INSERT INTO disciplineDepartmentDependency (ID,disciplineID,departmentID,courseNumber,semesterNumber) VALUES ('2716','2716','37','5','1');
INSERT INTO disciplineDepartmentDependency (ID,disciplineID,departmentID,courseNumber,semesterNumber) VALUES ('2717','2717','37','6','2');
INSERT INTO disciplineDepartmentDependency (ID,disciplineID,departmentID,courseNumber,semesterNumber) VALUES ('2718','2718','37','1','1');
INSERT INTO loginpass (ID,login,password,access_type) VALUES ('91','DOBROGNIVAKOVTUN@orange.net','UKcjeRXU','employee');
INSERT INTO employee (name,lastName,fathersName,personalID,sex,email,phoneNumber,dateOfBorn,address,passport,login,office,ID,departmentID) VALUES ('Доброгніва','КОВТУН','Іллівна','7441082364','f','DOBROGNIVAKOVTUN@orange.net','0967208621','1973-05-17','35367 Житомир Жовтневий 37, 86','JT731835 ГУМВС 27','DOBROGNIVAKOVTUN@orange.net','HR','87','37');
INSERT INTO loginpass (ID,login,password,access_type) VALUES ('92','VSELQBAGUMENQK@wanadoo.co.uk','KstVmz6C','employee');
INSERT INTO employee (name,lastName,fathersName,personalID,sex,email,phoneNumber,dateOfBorn,address,passport,login,office,ID,departmentID) VALUES ('Вселюба','ГУМЕНЮК','Григорівна','1240143807','f','VSELQBAGUMENQK@wanadoo.co.uk','0632527048','1965-06-08','43376 Хмельницький Бидгощська 10, 148','DJ142111 ГУМВС 44','VSELQBAGUMENQK@wanadoo.co.uk','HR','88','37');
INSERT INTO gtgroup (id,fullGroupName,courseNumber,departmentID) VALUES ('414','КБ-10','1','37');
INSERT INTO gtgroup (id,fullGroupName,courseNumber,departmentID) VALUES ('415','КБ-11','1','37');
INSERT INTO gtgroup (id,fullGroupName,courseNumber,departmentID) VALUES ('416','КБ-12','1','37');
INSERT INTO gtgroup (id,fullGroupName,courseNumber,departmentID) VALUES ('417','КБ-20','2','37');
INSERT INTO gtgroup (id,fullGroupName,courseNumber,departmentID) VALUES ('418','КБ-21','2','37');
INSERT INTO gtgroup (id,fullGroupName,courseNumber,departmentID) VALUES ('419','КБ-22','2','37');
INSERT INTO gtgroup (id,fullGroupName,courseNumber,departmentID) VALUES ('420','КБ-30','3','37');
INSERT INTO gtgroup (id,fullGroupName,courseNumber,departmentID) VALUES ('421','КБ-31','3','37');
INSERT INTO gtgroup (id,fullGroupName,courseNumber,departmentID) VALUES ('422','КБ-32','3','37');
INSERT INTO gtgroup (id,fullGroupName,courseNumber,departmentID) VALUES ('423','КБ-40','4','37');
INSERT INTO gtgroup (id,fullGroupName,courseNumber,departmentID) VALUES ('424','КБ-41','4','37');
INSERT INTO gtgroup (id,fullGroupName,courseNumber,departmentID) VALUES ('425','КБ-42','4','37');
INSERT INTO gtgroup (id,fullGroupName,courseNumber,departmentID) VALUES ('426','КБ-50','5','37');
INSERT INTO gtgroup (id,fullGroupName,courseNumber,departmentID) VALUES ('427','КБ-51','5','37');
INSERT INTO gtgroup (id,fullGroupName,courseNumber,departmentID) VALUES ('428','КБ-52','5','37');
INSERT INTO gtgroup (id,fullGroupName,courseNumber,departmentID) VALUES ('429','КБ-60','6','37');
INSERT INTO gtgroup (id,fullGroupName,courseNumber,departmentID) VALUES ('430','КБ-61','6','37');
INSERT INTO gtgroup (id,fullGroupName,courseNumber,departmentID) VALUES ('431','КБ-62','6','37');
INSERT INTO dayRequirements (id,departmentID,countOfDaysInWeek,countOfLessonsInADay) VALUES ('37','38','6','5');
INSERT INTO discipline (id,nameOfDiscipline,countOfLessons,exam) VALUES ('2719','Discipline 5-0','15','no');
INSERT INTO discipline (id,nameOfDiscipline,countOfLessons,exam) VALUES ('2720','Discipline 5-1','15','no');
INSERT INTO discipline (id,nameOfDiscipline,countOfLessons,exam) VALUES ('2721','Discipline 5-2','15','no');
INSERT INTO discipline (id,nameOfDiscipline,countOfLessons,exam) VALUES ('2722','Discipline 5-3','15','no');
INSERT INTO discipline (id,nameOfDiscipline,countOfLessons,exam) VALUES ('2723','Discipline 5-4','15','no');
INSERT INTO discipline (id,nameOfDiscipline,countOfLessons,exam) VALUES ('2724','Discipline 5-5','15','no');
INSERT INTO discipline (id,nameOfDiscipline,countOfLessons,exam) VALUES ('2725','Discipline 5-6','15','no');
INSERT INTO discipline (id,nameOfDiscipline,countOfLessons,exam) VALUES ('2726','Discipline 5-7','15','no');
INSERT INTO discipline (id,nameOfDiscipline,countOfLessons,exam) VALUES ('2727','Discipline 5-8','15','no');
INSERT INTO discipline (id,nameOfDiscipline,countOfLessons,exam) VALUES ('2728','Discipline 5-9','15','no');
INSERT INTO discipline (id,nameOfDiscipline,countOfLessons,exam) VALUES ('2729','Discipline 5-10','15','no');
INSERT INTO discipline (id,nameOfDiscipline,countOfLessons,exam) VALUES ('2730','Discipline 5-11','15','no');
INSERT INTO discipline (id,nameOfDiscipline,countOfLessons,exam) VALUES ('2731','Discipline 5-12','15','no');
INSERT INTO discipline (id,nameOfDiscipline,countOfLessons,exam) VALUES ('2732','Discipline 5-13','15','no');
INSERT INTO discipline (id,nameOfDiscipline,countOfLessons,exam) VALUES ('2733','Discipline 5-14','15','no');
INSERT INTO discipline (id,nameOfDiscipline,countOfLessons,exam) VALUES ('2734','Discipline 5-15','15','no');
INSERT INTO discipline (id,nameOfDiscipline,countOfLessons,exam) VALUES ('2735','Discipline 5-16','15','no');
INSERT INTO discipline (id,nameOfDiscipline,countOfLessons,exam) VALUES ('2736','Discipline 5-17','15','no');
INSERT INTO discipline (id,nameOfDiscipline,countOfLessons,exam) VALUES ('2737','Discipline 5-18','15','no');
INSERT INTO discipline (id,nameOfDiscipline,countOfLessons,exam) VALUES ('2738','Discipline 5-19','15','no');
INSERT INTO discipline (id,nameOfDiscipline,countOfLessons,exam) VALUES ('2739','Discipline 5-20','15','no');
INSERT INTO discipline (id,nameOfDiscipline,countOfLessons,exam) VALUES ('2740','Discipline 5-21','15','no');
INSERT INTO discipline (id,nameOfDiscipline,countOfLessons,exam) VALUES ('2741','Discipline 5-22','15','no');
INSERT INTO discipline (id,nameOfDiscipline,countOfLessons,exam) VALUES ('2742','Discipline 5-23','15','no');
INSERT INTO discipline (id,nameOfDiscipline,countOfLessons,exam) VALUES ('2743','Discipline 5-24','15','no');
INSERT INTO discipline (id,nameOfDiscipline,countOfLessons,exam) VALUES ('2744','Discipline 5-25','15','no');
INSERT INTO discipline (id,nameOfDiscipline,countOfLessons,exam) VALUES ('2745','Discipline 5-26','15','no');
INSERT INTO discipline (id,nameOfDiscipline,countOfLessons,exam) VALUES ('2746','Discipline 5-27','15','no');
INSERT INTO discipline (id,nameOfDiscipline,countOfLessons,exam) VALUES ('2747','Discipline 5-28','15','no');
INSERT INTO discipline (id,nameOfDiscipline,countOfLessons,exam) VALUES ('2748','Discipline 5-29','15','no');
INSERT INTO discipline (id,nameOfDiscipline,countOfLessons,exam) VALUES ('2749','Discipline 5-30','15','no');
INSERT INTO discipline (id,nameOfDiscipline,countOfLessons,exam) VALUES ('2750','Discipline 5-31','15','no');
INSERT INTO discipline (id,nameOfDiscipline,countOfLessons,exam) VALUES ('2751','Discipline 5-32','15','no');
INSERT INTO discipline (id,nameOfDiscipline,countOfLessons,exam) VALUES ('2752','Discipline 5-33','15','no');
INSERT INTO discipline (id,nameOfDiscipline,countOfLessons,exam) VALUES ('2753','Discipline 5-34','15','no');
INSERT INTO discipline (id,nameOfDiscipline,countOfLessons,exam) VALUES ('2754','Discipline 5-35','15','no');
INSERT INTO discipline (id,nameOfDiscipline,countOfLessons,exam) VALUES ('2755','Discipline 5-36','15','no');
INSERT INTO discipline (id,nameOfDiscipline,countOfLessons,exam) VALUES ('2756','Discipline 5-37','15','no');
INSERT INTO discipline (id,nameOfDiscipline,countOfLessons,exam) VALUES ('2757','Discipline 5-38','15','no');
INSERT INTO discipline (id,nameOfDiscipline,countOfLessons,exam) VALUES ('2758','Discipline 5-39','15','no');
INSERT INTO discipline (id,nameOfDiscipline,countOfLessons,exam) VALUES ('2759','Discipline 5-40','15','no');
INSERT INTO discipline (id,nameOfDiscipline,countOfLessons,exam) VALUES ('2760','Discipline 5-41','15','no');
INSERT INTO discipline (id,nameOfDiscipline,countOfLessons,exam) VALUES ('2761','Discipline 5-42','15','no');
INSERT INTO discipline (id,nameOfDiscipline,countOfLessons,exam) VALUES ('2762','Discipline 5-43','15','no');
INSERT INTO discipline (id,nameOfDiscipline,countOfLessons,exam) VALUES ('2763','Discipline 5-44','15','no');
INSERT INTO discipline (id,nameOfDiscipline,countOfLessons,exam) VALUES ('2764','Discipline 5-45','15','no');
INSERT INTO discipline (id,nameOfDiscipline,countOfLessons,exam) VALUES ('2765','Discipline 5-46','15','no');
INSERT INTO discipline (id,nameOfDiscipline,countOfLessons,exam) VALUES ('2766','Discipline 5-47','15','no');
INSERT INTO discipline (id,nameOfDiscipline,countOfLessons,exam) VALUES ('2767','Discipline 5-48','15','no');
INSERT INTO discipline (id,nameOfDiscipline,countOfLessons,exam) VALUES ('2768','Discipline 5-49','15','no');
INSERT INTO discipline (id,nameOfDiscipline,countOfLessons,exam) VALUES ('2769','Discipline 5-50','15','no');
INSERT INTO discipline (id,nameOfDiscipline,countOfLessons,exam) VALUES ('2770','Discipline 5-51','15','no');
INSERT INTO discipline (id,nameOfDiscipline,countOfLessons,exam) VALUES ('2771','Discipline 5-52','15','no');
INSERT INTO discipline (id,nameOfDiscipline,countOfLessons,exam) VALUES ('2772','Discipline 5-53','15','no');
INSERT INTO discipline (id,nameOfDiscipline,countOfLessons,exam) VALUES ('2773','Discipline 5-54','15','no');
INSERT INTO discipline (id,nameOfDiscipline,countOfLessons,exam) VALUES ('2774','Discipline 5-55','15','no');
INSERT INTO discipline (id,nameOfDiscipline,countOfLessons,exam) VALUES ('2775','Discipline 5-56','15','no');
INSERT INTO discipline (id,nameOfDiscipline,countOfLessons,exam) VALUES ('2776','Discipline 5-57','15','no');
INSERT INTO discipline (id,nameOfDiscipline,countOfLessons,exam) VALUES ('2777','Discipline 5-58','15','no');
INSERT INTO discipline (id,nameOfDiscipline,countOfLessons,exam) VALUES ('2778','Discipline 5-59','15','no');
INSERT INTO disciplineDepartmentDependency (ID,disciplineID,departmentID,courseNumber,semesterNumber) VALUES ('2719','2719','38','1','1');
INSERT INTO disciplineDepartmentDependency (ID,disciplineID,departmentID,courseNumber,semesterNumber) VALUES ('2720','2720','38','2','2');
INSERT INTO disciplineDepartmentDependency (ID,disciplineID,departmentID,courseNumber,semesterNumber) VALUES ('2721','2721','38','3','1');
INSERT INTO disciplineDepartmentDependency (ID,disciplineID,departmentID,courseNumber,semesterNumber) VALUES ('2722','2722','38','4','2');
INSERT INTO disciplineDepartmentDependency (ID,disciplineID,departmentID,courseNumber,semesterNumber) VALUES ('2723','2723','38','5','1');
INSERT INTO disciplineDepartmentDependency (ID,disciplineID,departmentID,courseNumber,semesterNumber) VALUES ('2724','2724','38','6','2');
INSERT INTO disciplineDepartmentDependency (ID,disciplineID,departmentID,courseNumber,semesterNumber) VALUES ('2725','2725','38','1','1');
INSERT INTO disciplineDepartmentDependency (ID,disciplineID,departmentID,courseNumber,semesterNumber) VALUES ('2726','2726','38','2','2');
INSERT INTO disciplineDepartmentDependency (ID,disciplineID,departmentID,courseNumber,semesterNumber) VALUES ('2727','2727','38','3','1');
INSERT INTO disciplineDepartmentDependency (ID,disciplineID,departmentID,courseNumber,semesterNumber) VALUES ('2728','2728','38','4','2');
INSERT INTO disciplineDepartmentDependency (ID,disciplineID,departmentID,courseNumber,semesterNumber) VALUES ('2729','2729','38','5','1');
INSERT INTO disciplineDepartmentDependency (ID,disciplineID,departmentID,courseNumber,semesterNumber) VALUES ('2730','2730','38','6','2');
INSERT INTO disciplineDepartmentDependency (ID,disciplineID,departmentID,courseNumber,semesterNumber) VALUES ('2731','2731','38','1','1');
INSERT INTO disciplineDepartmentDependency (ID,disciplineID,departmentID,courseNumber,semesterNumber) VALUES ('2732','2732','38','2','2');
INSERT INTO disciplineDepartmentDependency (ID,disciplineID,departmentID,courseNumber,semesterNumber) VALUES ('2733','2733','38','3','1');
INSERT INTO disciplineDepartmentDependency (ID,disciplineID,departmentID,courseNumber,semesterNumber) VALUES ('2734','2734','38','4','2');
INSERT INTO disciplineDepartmentDependency (ID,disciplineID,departmentID,courseNumber,semesterNumber) VALUES ('2735','2735','38','5','1');
INSERT INTO disciplineDepartmentDependency (ID,disciplineID,departmentID,courseNumber,semesterNumber) VALUES ('2736','2736','38','6','2');
INSERT INTO disciplineDepartmentDependency (ID,disciplineID,departmentID,courseNumber,semesterNumber) VALUES ('2737','2737','38','1','1');
INSERT INTO disciplineDepartmentDependency (ID,disciplineID,departmentID,courseNumber,semesterNumber) VALUES ('2738','2738','38','2','2');
INSERT INTO disciplineDepartmentDependency (ID,disciplineID,departmentID,courseNumber,semesterNumber) VALUES ('2739','2739','38','3','1');
INSERT INTO disciplineDepartmentDependency (ID,disciplineID,departmentID,courseNumber,semesterNumber) VALUES ('2740','2740','38','4','2');
INSERT INTO disciplineDepartmentDependency (ID,disciplineID,departmentID,courseNumber,semesterNumber) VALUES ('2741','2741','38','5','1');
INSERT INTO disciplineDepartmentDependency (ID,disciplineID,departmentID,courseNumber,semesterNumber) VALUES ('2742','2742','38','6','2');
INSERT INTO disciplineDepartmentDependency (ID,disciplineID,departmentID,courseNumber,semesterNumber) VALUES ('2743','2743','38','1','1');
INSERT INTO disciplineDepartmentDependency (ID,disciplineID,departmentID,courseNumber,semesterNumber) VALUES ('2744','2744','38','2','2');
INSERT INTO disciplineDepartmentDependency (ID,disciplineID,departmentID,courseNumber,semesterNumber) VALUES ('2745','2745','38','3','1');
INSERT INTO disciplineDepartmentDependency (ID,disciplineID,departmentID,courseNumber,semesterNumber) VALUES ('2746','2746','38','4','2');
INSERT INTO disciplineDepartmentDependency (ID,disciplineID,departmentID,courseNumber,semesterNumber) VALUES ('2747','2747','38','5','1');
INSERT INTO disciplineDepartmentDependency (ID,disciplineID,departmentID,courseNumber,semesterNumber) VALUES ('2748','2748','38','6','2');
INSERT INTO disciplineDepartmentDependency (ID,disciplineID,departmentID,courseNumber,semesterNumber) VALUES ('2749','2749','38','1','1');
INSERT INTO disciplineDepartmentDependency (ID,disciplineID,departmentID,courseNumber,semesterNumber) VALUES ('2750','2750','38','2','2');
INSERT INTO disciplineDepartmentDependency (ID,disciplineID,departmentID,courseNumber,semesterNumber) VALUES ('2751','2751','38','3','1');
INSERT INTO disciplineDepartmentDependency (ID,disciplineID,departmentID,courseNumber,semesterNumber) VALUES ('2752','2752','38','4','2');
INSERT INTO disciplineDepartmentDependency (ID,disciplineID,departmentID,courseNumber,semesterNumber) VALUES ('2753','2753','38','5','1');
INSERT INTO disciplineDepartmentDependency (ID,disciplineID,departmentID,courseNumber,semesterNumber) VALUES ('2754','2754','38','6','2');
INSERT INTO disciplineDepartmentDependency (ID,disciplineID,departmentID,courseNumber,semesterNumber) VALUES ('2755','2755','38','1','1');
INSERT INTO disciplineDepartmentDependency (ID,disciplineID,departmentID,courseNumber,semesterNumber) VALUES ('2756','2756','38','2','2');
INSERT INTO disciplineDepartmentDependency (ID,disciplineID,departmentID,courseNumber,semesterNumber) VALUES ('2757','2757','38','3','1');
INSERT INTO disciplineDepartmentDependency (ID,disciplineID,departmentID,courseNumber,semesterNumber) VALUES ('2758','2758','38','4','2');
INSERT INTO disciplineDepartmentDependency (ID,disciplineID,departmentID,courseNumber,semesterNumber) VALUES ('2759','2759','38','5','1');
INSERT INTO disciplineDepartmentDependency (ID,disciplineID,departmentID,courseNumber,semesterNumber) VALUES ('2760','2760','38','6','2');
INSERT INTO disciplineDepartmentDependency (ID,disciplineID,departmentID,courseNumber,semesterNumber) VALUES ('2761','2761','38','1','1');
INSERT INTO disciplineDepartmentDependency (ID,disciplineID,departmentID,courseNumber,semesterNumber) VALUES ('2762','2762','38','2','2');
INSERT INTO disciplineDepartmentDependency (ID,disciplineID,departmentID,courseNumber,semesterNumber) VALUES ('2763','2763','38','3','1');
INSERT INTO disciplineDepartmentDependency (ID,disciplineID,departmentID,courseNumber,semesterNumber) VALUES ('2764','2764','38','4','2');
INSERT INTO disciplineDepartmentDependency (ID,disciplineID,departmentID,courseNumber,semesterNumber) VALUES ('2765','2765','38','5','1');
INSERT INTO disciplineDepartmentDependency (ID,disciplineID,departmentID,courseNumber,semesterNumber) VALUES ('2766','2766','38','6','2');
INSERT INTO disciplineDepartmentDependency (ID,disciplineID,departmentID,courseNumber,semesterNumber) VALUES ('2767','2767','38','1','1');
INSERT INTO disciplineDepartmentDependency (ID,disciplineID,departmentID,courseNumber,semesterNumber) VALUES ('2768','2768','38','2','2');
INSERT INTO disciplineDepartmentDependency (ID,disciplineID,departmentID,courseNumber,semesterNumber) VALUES ('2769','2769','38','3','1');
INSERT INTO disciplineDepartmentDependency (ID,disciplineID,departmentID,courseNumber,semesterNumber) VALUES ('2770','2770','38','4','2');
INSERT INTO disciplineDepartmentDependency (ID,disciplineID,departmentID,courseNumber,semesterNumber) VALUES ('2771','2771','38','5','1');
INSERT INTO disciplineDepartmentDependency (ID,disciplineID,departmentID,courseNumber,semesterNumber) VALUES ('2772','2772','38','6','2');
INSERT INTO disciplineDepartmentDependency (ID,disciplineID,departmentID,courseNumber,semesterNumber) VALUES ('2773','2773','38','1','1');
INSERT INTO disciplineDepartmentDependency (ID,disciplineID,departmentID,courseNumber,semesterNumber) VALUES ('2774','2774','38','2','2');
INSERT INTO disciplineDepartmentDependency (ID,disciplineID,departmentID,courseNumber,semesterNumber) VALUES ('2775','2775','38','3','1');
INSERT INTO disciplineDepartmentDependency (ID,disciplineID,departmentID,courseNumber,semesterNumber) VALUES ('2776','2776','38','4','2');
INSERT INTO disciplineDepartmentDependency (ID,disciplineID,departmentID,courseNumber,semesterNumber) VALUES ('2777','2777','38','5','1');
INSERT INTO disciplineDepartmentDependency (ID,disciplineID,departmentID,courseNumber,semesterNumber) VALUES ('2778','2778','38','6','2');
INSERT INTO loginpass (ID,login,password,access_type) VALUES ('93','BRATOMXLBILXK@orange.fr','k84R&F2b','employee');
INSERT INTO employee (name,lastName,fathersName,personalID,sex,email,phoneNumber,dateOfBorn,address,passport,login,office,ID,departmentID) VALUES ('Братомил','БІЛИК','Кузьмич','8207351103','m','BRATOMXLBILXK@orange.fr','0945805568','1966-10-02','41152 Миргород Чорновола В'ячеслава 81, 152','JL116211 ГУМВС 35','BRATOMXLBILXK@orange.fr','HR','89','38');
INSERT INTO loginpass (ID,login,password,access_type) VALUES ('94','DWVENXMXRAPRXHODQKO@orange.fr','J1Sx&!8a','employee');
INSERT INTO employee (name,lastName,fathersName,personalID,sex,email,phoneNumber,dateOfBorn,address,passport,login,office,ID,departmentID) VALUES ('Дзвенимира','ПРИХОДЬКО','Іллівна','3021070101','f','DWVENXMXRAPRXHODQKO@orange.fr','0664574012','1966-06-20','70005 Бердянськ Вишнева 20, 62','QJ256836 ГУМВС 35','DWVENXMXRAPRXHODQKO@orange.fr','HR','89','38');
INSERT INTO loginpass (ID,login,password,access_type) VALUES ('95','DOROGOMXRJUK@freeserve.co.uk','2k#V6Guq','employee');
INSERT INTO employee (name,lastName,fathersName,personalID,sex,email,phoneNumber,dateOfBorn,address,passport,login,office,ID,departmentID) VALUES ('Дорогомир','ЖУК','Савич','4067717334','m','DOROGOMXRJUK@freeserve.co.uk','0951172820','1963-06-13','00848 Дніпропетровськ Енергобудівельників 23, 103','IS184721 ГУМВС 29','DOROGOMXRJUK@freeserve.co.uk','HR','90','38');
INSERT INTO loginpass (ID,login,password,access_type) VALUES ('96','VELEMXRRADZENKO@hotmail.fr','jFoIu9Yy','employee');
INSERT INTO employee (name,lastName,fathersName,personalID,sex,email,phoneNumber,dateOfBorn,address,passport,login,office,ID,departmentID) VALUES ('Велемир','РАДЧЕНКО','Григорович','3762815088','m','VELEMXRRADZENKO@hotmail.fr','0681538703','1988-09-02','32022 Ізмаїл Дахнівська 6, 33','QX864462 ГУМВС 9','VELEMXRRADZENKO@hotmail.fr','HR','91','38');
INSERT INTO gtgroup (id,fullGroupName,courseNumber,departmentID) VALUES ('432','5-10','1','38');
INSERT INTO gtgroup (id,fullGroupName,courseNumber,departmentID) VALUES ('433','5-20','2','38');
INSERT INTO gtgroup (id,fullGroupName,courseNumber,departmentID) VALUES ('434','5-30','3','38');
INSERT INTO gtgroup (id,fullGroupName,courseNumber,departmentID) VALUES ('435','5-40','4','38');
INSERT INTO gtgroup (id,fullGroupName,courseNumber,departmentID) VALUES ('436','5-50','5','38');
INSERT INTO gtgroup (id,fullGroupName,courseNumber,departmentID) VALUES ('437','5-60','6','38');
INSERT INTO dayRequirements (id,departmentID,countOfDaysInWeek,countOfLessonsInADay) VALUES ('38','39','6','5');
INSERT INTO discipline (id,nameOfDiscipline,countOfLessons,exam) VALUES ('2779','Discipline 4-0','15','no');
INSERT INTO discipline (id,nameOfDiscipline,countOfLessons,exam) VALUES ('2780','Discipline 4-1','15','no');
INSERT INTO discipline (id,nameOfDiscipline,countOfLessons,exam) VALUES ('2781','Discipline 4-2','15','no');
INSERT INTO discipline (id,nameOfDiscipline,countOfLessons,exam) VALUES ('2782','Discipline 4-3','15','no');
INSERT INTO discipline (id,nameOfDiscipline,countOfLessons,exam) VALUES ('2783','Discipline 4-4','15','no');
INSERT INTO discipline (id,nameOfDiscipline,countOfLessons,exam) VALUES ('2784','Discipline 4-5','15','no');
INSERT INTO discipline (id,nameOfDiscipline,countOfLessons,exam) VALUES ('2785','Discipline 4-6','15','no');
INSERT INTO discipline (id,nameOfDiscipline,countOfLessons,exam) VALUES ('2786','Discipline 4-7','15','no');
INSERT INTO discipline (id,nameOfDiscipline,countOfLessons,exam) VALUES ('2787','Discipline 4-8','15','no');
INSERT INTO discipline (id,nameOfDiscipline,countOfLessons,exam) VALUES ('2788','Discipline 4-9','15','no');
INSERT INTO discipline (id,nameOfDiscipline,countOfLessons,exam) VALUES ('2789','Discipline 4-10','15','no');
INSERT INTO discipline (id,nameOfDiscipline,countOfLessons,exam) VALUES ('2790','Discipline 4-11','15','no');
INSERT INTO discipline (id,nameOfDiscipline,countOfLessons,exam) VALUES ('2791','Discipline 4-12','15','no');
INSERT INTO discipline (id,nameOfDiscipline,countOfLessons,exam) VALUES ('2792','Discipline 4-13','15','no');
INSERT INTO discipline (id,nameOfDiscipline,countOfLessons,exam) VALUES ('2793','Discipline 4-14','15','no');
INSERT INTO discipline (id,nameOfDiscipline,countOfLessons,exam) VALUES ('2794','Discipline 4-15','15','no');
INSERT INTO discipline (id,nameOfDiscipline,countOfLessons,exam) VALUES ('2795','Discipline 4-16','15','no');
INSERT INTO discipline (id,nameOfDiscipline,countOfLessons,exam) VALUES ('2796','Discipline 4-17','15','no');
INSERT INTO discipline (id,nameOfDiscipline,countOfLessons,exam) VALUES ('2797','Discipline 4-18','15','no');
INSERT INTO discipline (id,nameOfDiscipline,countOfLessons,exam) VALUES ('2798','Discipline 4-19','15','no');
INSERT INTO discipline (id,nameOfDiscipline,countOfLessons,exam) VALUES ('2799','Discipline 4-20','15','no');
INSERT INTO discipline (id,nameOfDiscipline,countOfLessons,exam) VALUES ('2800','Discipline 4-21','15','no');
INSERT INTO discipline (id,nameOfDiscipline,countOfLessons,exam) VALUES ('2801','Discipline 4-22','15','no');
INSERT INTO discipline (id,nameOfDiscipline,countOfLessons,exam) VALUES ('2802','Discipline 4-23','15','no');
INSERT INTO discipline (id,nameOfDiscipline,countOfLessons,exam) VALUES ('2803','Discipline 4-24','15','no');
INSERT INTO discipline (id,nameOfDiscipline,countOfLessons,exam) VALUES ('2804','Discipline 4-25','15','no');
INSERT INTO discipline (id,nameOfDiscipline,countOfLessons,exam) VALUES ('2805','Discipline 4-26','15','no');
INSERT INTO discipline (id,nameOfDiscipline,countOfLessons,exam) VALUES ('2806','Discipline 4-27','15','no');
INSERT INTO discipline (id,nameOfDiscipline,countOfLessons,exam) VALUES ('2807','Discipline 4-28','15','no');
INSERT INTO discipline (id,nameOfDiscipline,countOfLessons,exam) VALUES ('2808','Discipline 4-29','15','no');
INSERT INTO discipline (id,nameOfDiscipline,countOfLessons,exam) VALUES ('2809','Discipline 4-30','15','no');
INSERT INTO discipline (id,nameOfDiscipline,countOfLessons,exam) VALUES ('2810','Discipline 4-31','15','no');
INSERT INTO discipline (id,nameOfDiscipline,countOfLessons,exam) VALUES ('2811','Discipline 4-32','15','no');
INSERT INTO discipline (id,nameOfDiscipline,countOfLessons,exam) VALUES ('2812','Discipline 4-33','15','no');
INSERT INTO discipline (id,nameOfDiscipline,countOfLessons,exam) VALUES ('2813','Discipline 4-34','15','no');
INSERT INTO discipline (id,nameOfDiscipline,countOfLessons,exam) VALUES ('2814','Discipline 4-35','15','no');
INSERT INTO discipline (id,nameOfDiscipline,countOfLessons,exam) VALUES ('2815','Discipline 4-36','15','no');
INSERT INTO discipline (id,nameOfDiscipline,countOfLessons,exam) VALUES ('2816','Discipline 4-37','15','no');
INSERT INTO discipline (id,nameOfDiscipline,countOfLessons,exam) VALUES ('2817','Discipline 4-38','15','no');
INSERT INTO discipline (id,nameOfDiscipline,countOfLessons,exam) VALUES ('2818','Discipline 4-39','15','no');
INSERT INTO discipline (id,nameOfDiscipline,countOfLessons,exam) VALUES ('2819','Discipline 4-40','15','no');
INSERT INTO discipline (id,nameOfDiscipline,countOfLessons,exam) VALUES ('2820','Discipline 4-41','15','no');
INSERT INTO discipline (id,nameOfDiscipline,countOfLessons,exam) VALUES ('2821','Discipline 4-42','15','no');
INSERT INTO discipline (id,nameOfDiscipline,countOfLessons,exam) VALUES ('2822','Discipline 4-43','15','no');
INSERT INTO discipline (id,nameOfDiscipline,countOfLessons,exam) VALUES ('2823','Discipline 4-44','15','no');
INSERT INTO discipline (id,nameOfDiscipline,countOfLessons,exam) VALUES ('2824','Discipline 4-45','15','no');
INSERT INTO discipline (id,nameOfDiscipline,countOfLessons,exam) VALUES ('2825','Discipline 4-46','15','no');
INSERT INTO discipline (id,nameOfDiscipline,countOfLessons,exam) VALUES ('2826','Discipline 4-47','15','no');
INSERT INTO discipline (id,nameOfDiscipline,countOfLessons,exam) VALUES ('2827','Discipline 4-48','15','no');
INSERT INTO discipline (id,nameOfDiscipline,countOfLessons,exam) VALUES ('2828','Discipline 4-49','15','no');
INSERT INTO discipline (id,nameOfDiscipline,countOfLessons,exam) VALUES ('2829','Discipline 4-50','15','no');
INSERT INTO discipline (id,nameOfDiscipline,countOfLessons,exam) VALUES ('2830','Discipline 4-51','15','no');
INSERT INTO discipline (id,nameOfDiscipline,countOfLessons,exam) VALUES ('2831','Discipline 4-52','15','no');
INSERT INTO discipline (id,nameOfDiscipline,countOfLessons,exam) VALUES ('2832','Discipline 4-53','15','no');
INSERT INTO discipline (id,nameOfDiscipline,countOfLessons,exam) VALUES ('2833','Discipline 4-54','15','no');
INSERT INTO discipline (id,nameOfDiscipline,countOfLessons,exam) VALUES ('2834','Discipline 4-55','15','no');
INSERT INTO discipline (id,nameOfDiscipline,countOfLessons,exam) VALUES ('2835','Discipline 4-56','15','no');
INSERT INTO discipline (id,nameOfDiscipline,countOfLessons,exam) VALUES ('2836','Discipline 4-57','15','no');
INSERT INTO discipline (id,nameOfDiscipline,countOfLessons,exam) VALUES ('2837','Discipline 4-58','15','no');
INSERT INTO discipline (id,nameOfDiscipline,countOfLessons,exam) VALUES ('2838','Discipline 4-59','15','no');
INSERT INTO discipline (id,nameOfDiscipline,countOfLessons,exam) VALUES ('2839','Discipline 4-60','15','no');
INSERT INTO discipline (id,nameOfDiscipline,countOfLessons,exam) VALUES ('2840','Discipline 4-61','15','no');
INSERT INTO discipline (id,nameOfDiscipline,countOfLessons,exam) VALUES ('2841','Discipline 4-62','15','no');
INSERT INTO discipline (id,nameOfDiscipline,countOfLessons,exam) VALUES ('2842','Discipline 4-63','15','no');
INSERT INTO discipline (id,nameOfDiscipline,countOfLessons,exam) VALUES ('2843','Discipline 4-64','15','no');
INSERT INTO discipline (id,nameOfDiscipline,countOfLessons,exam) VALUES ('2844','Discipline 4-65','15','no');
INSERT INTO discipline (id,nameOfDiscipline,countOfLessons,exam) VALUES ('2845','Discipline 4-66','15','no');
INSERT INTO discipline (id,nameOfDiscipline,countOfLessons,exam) VALUES ('2846','Discipline 4-67','15','no');
INSERT INTO discipline (id,nameOfDiscipline,countOfLessons,exam) VALUES ('2847','Discipline 4-68','15','no');
INSERT INTO discipline (id,nameOfDiscipline,countOfLessons,exam) VALUES ('2848','Discipline 4-69','15','no');
INSERT INTO discipline (id,nameOfDiscipline,countOfLessons,exam) VALUES ('2849','Discipline 4-70','15','no');
INSERT INTO discipline (id,nameOfDiscipline,countOfLessons,exam) VALUES ('2850','Discipline 4-71','15','no');
INSERT INTO discipline (id,nameOfDiscipline,countOfLessons,exam) VALUES ('2851','Discipline 4-72','15','no');
INSERT INTO discipline (id,nameOfDiscipline,countOfLessons,exam) VALUES ('2852','Discipline 4-73','15','no');
INSERT INTO discipline (id,nameOfDiscipline,countOfLessons,exam) VALUES ('2853','Discipline 4-74','15','no');
INSERT INTO discipline (id,nameOfDiscipline,countOfLessons,exam) VALUES ('2854','Discipline 4-75','15','no');
INSERT INTO disciplineDepartmentDependency (ID,disciplineID,departmentID,courseNumber,semesterNumber) VALUES ('2779','2779','39','1','1');
INSERT INTO disciplineDepartmentDependency (ID,disciplineID,departmentID,courseNumber,semesterNumber) VALUES ('2780','2780','39','2','2');
INSERT INTO disciplineDepartmentDependency (ID,disciplineID,departmentID,courseNumber,semesterNumber) VALUES ('2781','2781','39','3','1');
INSERT INTO disciplineDepartmentDependency (ID,disciplineID,departmentID,courseNumber,semesterNumber) VALUES ('2782','2782','39','4','2');
INSERT INTO disciplineDepartmentDependency (ID,disciplineID,departmentID,courseNumber,semesterNumber) VALUES ('2783','2783','39','5','1');
INSERT INTO disciplineDepartmentDependency (ID,disciplineID,departmentID,courseNumber,semesterNumber) VALUES ('2784','2784','39','6','2');
INSERT INTO disciplineDepartmentDependency (ID,disciplineID,departmentID,courseNumber,semesterNumber) VALUES ('2785','2785','39','1','1');
INSERT INTO disciplineDepartmentDependency (ID,disciplineID,departmentID,courseNumber,semesterNumber) VALUES ('2786','2786','39','2','2');
INSERT INTO disciplineDepartmentDependency (ID,disciplineID,departmentID,courseNumber,semesterNumber) VALUES ('2787','2787','39','3','1');
INSERT INTO disciplineDepartmentDependency (ID,disciplineID,departmentID,courseNumber,semesterNumber) VALUES ('2788','2788','39','4','2');
INSERT INTO disciplineDepartmentDependency (ID,disciplineID,departmentID,courseNumber,semesterNumber) VALUES ('2789','2789','39','5','1');
INSERT INTO disciplineDepartmentDependency (ID,disciplineID,departmentID,courseNumber,semesterNumber) VALUES ('2790','2790','39','6','2');
INSERT INTO disciplineDepartmentDependency (ID,disciplineID,departmentID,courseNumber,semesterNumber) VALUES ('2791','2791','39','1','1');
INSERT INTO disciplineDepartmentDependency (ID,disciplineID,departmentID,courseNumber,semesterNumber) VALUES ('2792','2792','39','2','2');
INSERT INTO disciplineDepartmentDependency (ID,disciplineID,departmentID,courseNumber,semesterNumber) VALUES ('2793','2793','39','3','1');
INSERT INTO disciplineDepartmentDependency (ID,disciplineID,departmentID,courseNumber,semesterNumber) VALUES ('2794','2794','39','4','2');
INSERT INTO disciplineDepartmentDependency (ID,disciplineID,departmentID,courseNumber,semesterNumber) VALUES ('2795','2795','39','5','1');
INSERT INTO disciplineDepartmentDependency (ID,disciplineID,departmentID,courseNumber,semesterNumber) VALUES ('2796','2796','39','6','2');
INSERT INTO disciplineDepartmentDependency (ID,disciplineID,departmentID,courseNumber,semesterNumber) VALUES ('2797','2797','39','1','1');
INSERT INTO disciplineDepartmentDependency (ID,disciplineID,departmentID,courseNumber,semesterNumber) VALUES ('2798','2798','39','2','2');
INSERT INTO disciplineDepartmentDependency (ID,disciplineID,departmentID,courseNumber,semesterNumber) VALUES ('2799','2799','39','3','1');
INSERT INTO disciplineDepartmentDependency (ID,disciplineID,departmentID,courseNumber,semesterNumber) VALUES ('2800','2800','39','4','2');
INSERT INTO disciplineDepartmentDependency (ID,disciplineID,departmentID,courseNumber,semesterNumber) VALUES ('2801','2801','39','5','1');
INSERT INTO disciplineDepartmentDependency (ID,disciplineID,departmentID,courseNumber,semesterNumber) VALUES ('2802','2802','39','6','2');
INSERT INTO disciplineDepartmentDependency (ID,disciplineID,departmentID,courseNumber,semesterNumber) VALUES ('2803','2803','39','1','1');
INSERT INTO disciplineDepartmentDependency (ID,disciplineID,departmentID,courseNumber,semesterNumber) VALUES ('2804','2804','39','2','2');
INSERT INTO disciplineDepartmentDependency (ID,disciplineID,departmentID,courseNumber,semesterNumber) VALUES ('2805','2805','39','3','1');
INSERT INTO disciplineDepartmentDependency (ID,disciplineID,departmentID,courseNumber,semesterNumber) VALUES ('2806','2806','39','4','2');
INSERT INTO disciplineDepartmentDependency (ID,disciplineID,departmentID,courseNumber,semesterNumber) VALUES ('2807','2807','39','5','1');
INSERT INTO disciplineDepartmentDependency (ID,disciplineID,departmentID,courseNumber,semesterNumber) VALUES ('2808','2808','39','6','2');
INSERT INTO disciplineDepartmentDependency (ID,disciplineID,departmentID,courseNumber,semesterNumber) VALUES ('2809','2809','39','1','1');
INSERT INTO disciplineDepartmentDependency (ID,disciplineID,departmentID,courseNumber,semesterNumber) VALUES ('2810','2810','39','2','2');
INSERT INTO disciplineDepartmentDependency (ID,disciplineID,departmentID,courseNumber,semesterNumber) VALUES ('2811','2811','39','3','1');
INSERT INTO disciplineDepartmentDependency (ID,disciplineID,departmentID,courseNumber,semesterNumber) VALUES ('2812','2812','39','4','2');
INSERT INTO disciplineDepartmentDependency (ID,disciplineID,departmentID,courseNumber,semesterNumber) VALUES ('2813','2813','39','5','1');
INSERT INTO disciplineDepartmentDependency (ID,disciplineID,departmentID,courseNumber,semesterNumber) VALUES ('2814','2814','39','6','2');
INSERT INTO disciplineDepartmentDependency (ID,disciplineID,departmentID,courseNumber,semesterNumber) VALUES ('2815','2815','39','1','1');
INSERT INTO disciplineDepartmentDependency (ID,disciplineID,departmentID,courseNumber,semesterNumber) VALUES ('2816','2816','39','2','2');
INSERT INTO disciplineDepartmentDependency (ID,disciplineID,departmentID,courseNumber,semesterNumber) VALUES ('2817','2817','39','3','1');
INSERT INTO disciplineDepartmentDependency (ID,disciplineID,departmentID,courseNumber,semesterNumber) VALUES ('2818','2818','39','4','2');
INSERT INTO disciplineDepartmentDependency (ID,disciplineID,departmentID,courseNumber,semesterNumber) VALUES ('2819','2819','39','5','1');
INSERT INTO disciplineDepartmentDependency (ID,disciplineID,departmentID,courseNumber,semesterNumber) VALUES ('2820','2820','39','6','2');
INSERT INTO disciplineDepartmentDependency (ID,disciplineID,departmentID,courseNumber,semesterNumber) VALUES ('2821','2821','39','1','1');
INSERT INTO disciplineDepartmentDependency (ID,disciplineID,departmentID,courseNumber,semesterNumber) VALUES ('2822','2822','39','2','2');
INSERT INTO disciplineDepartmentDependency (ID,disciplineID,departmentID,courseNumber,semesterNumber) VALUES ('2823','2823','39','3','1');
INSERT INTO disciplineDepartmentDependency (ID,disciplineID,departmentID,courseNumber,semesterNumber) VALUES ('2824','2824','39','4','2');
INSERT INTO disciplineDepartmentDependency (ID,disciplineID,departmentID,courseNumber,semesterNumber) VALUES ('2825','2825','39','5','1');
INSERT INTO disciplineDepartmentDependency (ID,disciplineID,departmentID,courseNumber,semesterNumber) VALUES ('2826','2826','39','6','2');
INSERT INTO disciplineDepartmentDependency (ID,disciplineID,departmentID,courseNumber,semesterNumber) VALUES ('2827','2827','39','1','1');
INSERT INTO disciplineDepartmentDependency (ID,disciplineID,departmentID,courseNumber,semesterNumber) VALUES ('2828','2828','39','2','2');
INSERT INTO disciplineDepartmentDependency (ID,disciplineID,departmentID,courseNumber,semesterNumber) VALUES ('2829','2829','39','3','1');
INSERT INTO disciplineDepartmentDependency (ID,disciplineID,departmentID,courseNumber,semesterNumber) VALUES ('2830','2830','39','4','2');
INSERT INTO disciplineDepartmentDependency (ID,disciplineID,departmentID,courseNumber,semesterNumber) VALUES ('2831','2831','39','5','1');
INSERT INTO disciplineDepartmentDependency (ID,disciplineID,departmentID,courseNumber,semesterNumber) VALUES ('2832','2832','39','6','2');
INSERT INTO disciplineDepartmentDependency (ID,disciplineID,departmentID,courseNumber,semesterNumber) VALUES ('2833','2833','39','1','1');
INSERT INTO disciplineDepartmentDependency (ID,disciplineID,departmentID,courseNumber,semesterNumber) VALUES ('2834','2834','39','2','2');
INSERT INTO disciplineDepartmentDependency (ID,disciplineID,departmentID,courseNumber,semesterNumber) VALUES ('2835','2835','39','3','1');
INSERT INTO disciplineDepartmentDependency (ID,disciplineID,departmentID,courseNumber,semesterNumber) VALUES ('2836','2836','39','4','2');
INSERT INTO disciplineDepartmentDependency (ID,disciplineID,departmentID,courseNumber,semesterNumber) VALUES ('2837','2837','39','5','1');
INSERT INTO disciplineDepartmentDependency (ID,disciplineID,departmentID,courseNumber,semesterNumber) VALUES ('2838','2838','39','6','2');
INSERT INTO disciplineDepartmentDependency (ID,disciplineID,departmentID,courseNumber,semesterNumber) VALUES ('2839','2839','39','1','1');
INSERT INTO disciplineDepartmentDependency (ID,disciplineID,departmentID,courseNumber,semesterNumber) VALUES ('2840','2840','39','2','2');
INSERT INTO disciplineDepartmentDependency (ID,disciplineID,departmentID,courseNumber,semesterNumber) VALUES ('2841','2841','39','3','1');
INSERT INTO disciplineDepartmentDependency (ID,disciplineID,departmentID,courseNumber,semesterNumber) VALUES ('2842','2842','39','4','2');
INSERT INTO disciplineDepartmentDependency (ID,disciplineID,departmentID,courseNumber,semesterNumber) VALUES ('2843','2843','39','5','1');
INSERT INTO disciplineDepartmentDependency (ID,disciplineID,departmentID,courseNumber,semesterNumber) VALUES ('2844','2844','39','6','2');
INSERT INTO disciplineDepartmentDependency (ID,disciplineID,departmentID,courseNumber,semesterNumber) VALUES ('2845','2845','39','1','1');
INSERT INTO disciplineDepartmentDependency (ID,disciplineID,departmentID,courseNumber,semesterNumber) VALUES ('2846','2846','39','2','2');
INSERT INTO disciplineDepartmentDependency (ID,disciplineID,departmentID,courseNumber,semesterNumber) VALUES ('2847','2847','39','3','1');
INSERT INTO disciplineDepartmentDependency (ID,disciplineID,departmentID,courseNumber,semesterNumber) VALUES ('2848','2848','39','4','2');
INSERT INTO disciplineDepartmentDependency (ID,disciplineID,departmentID,courseNumber,semesterNumber) VALUES ('2849','2849','39','5','1');
INSERT INTO disciplineDepartmentDependency (ID,disciplineID,departmentID,courseNumber,semesterNumber) VALUES ('2850','2850','39','6','2');
INSERT INTO disciplineDepartmentDependency (ID,disciplineID,departmentID,courseNumber,semesterNumber) VALUES ('2851','2851','39','1','1');
INSERT INTO disciplineDepartmentDependency (ID,disciplineID,departmentID,courseNumber,semesterNumber) VALUES ('2852','2852','39','2','2');
INSERT INTO disciplineDepartmentDependency (ID,disciplineID,departmentID,courseNumber,semesterNumber) VALUES ('2853','2853','39','3','1');
INSERT INTO disciplineDepartmentDependency (ID,disciplineID,departmentID,courseNumber,semesterNumber) VALUES ('2854','2854','39','4','2');
INSERT INTO loginpass (ID,login,password,access_type) VALUES ('97','DOLXNAPONOMARENKO@gmx.fr','eVABFox4','employee');
INSERT INTO employee (name,lastName,fathersName,personalID,sex,email,phoneNumber,dateOfBorn,address,passport,login,office,ID,departmentID) VALUES ('Долина','ПОНОМАРЕНКО','Миколаївна','2500577524','f','DOLXNAPONOMARENKO@gmx.fr','0926310058','1956-11-28','77037 Макіївка Івана Франка 2, 10','RB745175 ГУМВС 27','DOLXNAPONOMARENKO@gmx.fr','HR','92','39');
INSERT INTO loginpass (ID,login,password,access_type) VALUES ('98','DWVENXSLAVASTEPANENKO@sky.com','B18b9Syz','employee');
INSERT INTO employee (name,lastName,fathersName,personalID,sex,email,phoneNumber,dateOfBorn,address,passport,login,office,ID,departmentID) VALUES ('Дзвенислава','СТЕПАНЕНКО','Хомівна','8321041823','f','DWVENXSLAVASTEPANENKO@sky.com','0394265676','1959-08-23','73232 Бориспіль Комсомольський ІІІ-й 72, 60','RP777354 ГУМВС 29','DWVENXSLAVASTEPANENKO@sky.com','HR','93','39');
INSERT INTO loginpass (ID,login,password,access_type) VALUES ('99','VXQESLAVAKOSTQK@virgin.net','Evs#mnIz','employee');
INSERT INTO employee (name,lastName,fathersName,personalID,sex,email,phoneNumber,dateOfBorn,address,passport,login,office,ID,departmentID) VALUES ('Вишеслава','КОСТЮК','Хомівна','6080480324','f','VXQESLAVAKOSTQK@virgin.net','0953152525','1991-08-04','50718 Первомайськ(Миколаїв) Західний 78, 41','PS141132 ГУМВС 49','VXQESLAVAKOSTQK@virgin.net','HR','94','39');
INSERT INTO gtgroup (id,fullGroupName,courseNumber,departmentID) VALUES ('438','4-10','1','39');
INSERT INTO gtgroup (id,fullGroupName,courseNumber,departmentID) VALUES ('439','4-11','1','39');
INSERT INTO gtgroup (id,fullGroupName,courseNumber,departmentID) VALUES ('440','4-20','2','39');
INSERT INTO gtgroup (id,fullGroupName,courseNumber,departmentID) VALUES ('441','4-21','2','39');
INSERT INTO gtgroup (id,fullGroupName,courseNumber,departmentID) VALUES ('442','4-30','3','39');
INSERT INTO gtgroup (id,fullGroupName,courseNumber,departmentID) VALUES ('443','4-31','3','39');
INSERT INTO gtgroup (id,fullGroupName,courseNumber,departmentID) VALUES ('444','4-40','4','39');
INSERT INTO gtgroup (id,fullGroupName,courseNumber,departmentID) VALUES ('445','4-41','4','39');
INSERT INTO gtgroup (id,fullGroupName,courseNumber,departmentID) VALUES ('446','4-50','5','39');
INSERT INTO gtgroup (id,fullGroupName,courseNumber,departmentID) VALUES ('447','4-51','5','39');
INSERT INTO gtgroup (id,fullGroupName,courseNumber,departmentID) VALUES ('448','4-60','6','39');
INSERT INTO gtgroup (id,fullGroupName,courseNumber,departmentID) VALUES ('449','4-61','6','39');
INSERT INTO dayRequirements (id,departmentID,countOfDaysInWeek,countOfLessonsInADay) VALUES ('39','40','6','5');
INSERT INTO discipline (id,nameOfDiscipline,countOfLessons,exam) VALUES ('2855','Discipline 4-0','15','no');
INSERT INTO discipline (id,nameOfDiscipline,countOfLessons,exam) VALUES ('2856','Discipline 4-1','15','no');
INSERT INTO discipline (id,nameOfDiscipline,countOfLessons,exam) VALUES ('2857','Discipline 4-2','15','no');
INSERT INTO discipline (id,nameOfDiscipline,countOfLessons,exam) VALUES ('2858','Discipline 4-3','15','no');
INSERT INTO discipline (id,nameOfDiscipline,countOfLessons,exam) VALUES ('2859','Discipline 4-4','15','no');
INSERT INTO discipline (id,nameOfDiscipline,countOfLessons,exam) VALUES ('2860','Discipline 4-5','15','no');
INSERT INTO discipline (id,nameOfDiscipline,countOfLessons,exam) VALUES ('2861','Discipline 4-6','15','no');
INSERT INTO discipline (id,nameOfDiscipline,countOfLessons,exam) VALUES ('2862','Discipline 4-7','15','no');
INSERT INTO discipline (id,nameOfDiscipline,countOfLessons,exam) VALUES ('2863','Discipline 4-8','15','no');
INSERT INTO discipline (id,nameOfDiscipline,countOfLessons,exam) VALUES ('2864','Discipline 4-9','15','no');
INSERT INTO discipline (id,nameOfDiscipline,countOfLessons,exam) VALUES ('2865','Discipline 4-10','15','no');
INSERT INTO discipline (id,nameOfDiscipline,countOfLessons,exam) VALUES ('2866','Discipline 4-11','15','no');
INSERT INTO discipline (id,nameOfDiscipline,countOfLessons,exam) VALUES ('2867','Discipline 4-12','15','no');
INSERT INTO discipline (id,nameOfDiscipline,countOfLessons,exam) VALUES ('2868','Discipline 4-13','15','no');
INSERT INTO discipline (id,nameOfDiscipline,countOfLessons,exam) VALUES ('2869','Discipline 4-14','15','no');
INSERT INTO discipline (id,nameOfDiscipline,countOfLessons,exam) VALUES ('2870','Discipline 4-15','15','no');
INSERT INTO discipline (id,nameOfDiscipline,countOfLessons,exam) VALUES ('2871','Discipline 4-16','15','no');
INSERT INTO discipline (id,nameOfDiscipline,countOfLessons,exam) VALUES ('2872','Discipline 4-17','15','no');
INSERT INTO discipline (id,nameOfDiscipline,countOfLessons,exam) VALUES ('2873','Discipline 4-18','15','no');
INSERT INTO discipline (id,nameOfDiscipline,countOfLessons,exam) VALUES ('2874','Discipline 4-19','15','no');
INSERT INTO discipline (id,nameOfDiscipline,countOfLessons,exam) VALUES ('2875','Discipline 4-20','15','no');
INSERT INTO discipline (id,nameOfDiscipline,countOfLessons,exam) VALUES ('2876','Discipline 4-21','15','no');
INSERT INTO discipline (id,nameOfDiscipline,countOfLessons,exam) VALUES ('2877','Discipline 4-22','15','no');
INSERT INTO discipline (id,nameOfDiscipline,countOfLessons,exam) VALUES ('2878','Discipline 4-23','15','no');
INSERT INTO discipline (id,nameOfDiscipline,countOfLessons,exam) VALUES ('2879','Discipline 4-24','15','no');
INSERT INTO discipline (id,nameOfDiscipline,countOfLessons,exam) VALUES ('2880','Discipline 4-25','15','no');
INSERT INTO discipline (id,nameOfDiscipline,countOfLessons,exam) VALUES ('2881','Discipline 4-26','15','no');
INSERT INTO discipline (id,nameOfDiscipline,countOfLessons,exam) VALUES ('2882','Discipline 4-27','15','no');
INSERT INTO discipline (id,nameOfDiscipline,countOfLessons,exam) VALUES ('2883','Discipline 4-28','15','no');
INSERT INTO discipline (id,nameOfDiscipline,countOfLessons,exam) VALUES ('2884','Discipline 4-29','15','no');
INSERT INTO discipline (id,nameOfDiscipline,countOfLessons,exam) VALUES ('2885','Discipline 4-30','15','no');
INSERT INTO discipline (id,nameOfDiscipline,countOfLessons,exam) VALUES ('2886','Discipline 4-31','15','no');
INSERT INTO discipline (id,nameOfDiscipline,countOfLessons,exam) VALUES ('2887','Discipline 4-32','15','no');
INSERT INTO discipline (id,nameOfDiscipline,countOfLessons,exam) VALUES ('2888','Discipline 4-33','15','no');
INSERT INTO discipline (id,nameOfDiscipline,countOfLessons,exam) VALUES ('2889','Discipline 4-34','15','no');
INSERT INTO discipline (id,nameOfDiscipline,countOfLessons,exam) VALUES ('2890','Discipline 4-35','15','no');
INSERT INTO discipline (id,nameOfDiscipline,countOfLessons,exam) VALUES ('2891','Discipline 4-36','15','no');
INSERT INTO discipline (id,nameOfDiscipline,countOfLessons,exam) VALUES ('2892','Discipline 4-37','15','no');
INSERT INTO discipline (id,nameOfDiscipline,countOfLessons,exam) VALUES ('2893','Discipline 4-38','15','no');
INSERT INTO discipline (id,nameOfDiscipline,countOfLessons,exam) VALUES ('2894','Discipline 4-39','15','no');
INSERT INTO discipline (id,nameOfDiscipline,countOfLessons,exam) VALUES ('2895','Discipline 4-40','15','no');
INSERT INTO discipline (id,nameOfDiscipline,countOfLessons,exam) VALUES ('2896','Discipline 4-41','15','no');
INSERT INTO discipline (id,nameOfDiscipline,countOfLessons,exam) VALUES ('2897','Discipline 4-42','15','no');
INSERT INTO discipline (id,nameOfDiscipline,countOfLessons,exam) VALUES ('2898','Discipline 4-43','15','no');
INSERT INTO discipline (id,nameOfDiscipline,countOfLessons,exam) VALUES ('2899','Discipline 4-44','15','no');
INSERT INTO discipline (id,nameOfDiscipline,countOfLessons,exam) VALUES ('2900','Discipline 4-45','15','no');
INSERT INTO discipline (id,nameOfDiscipline,countOfLessons,exam) VALUES ('2901','Discipline 4-46','15','no');
INSERT INTO discipline (id,nameOfDiscipline,countOfLessons,exam) VALUES ('2902','Discipline 4-47','15','no');
INSERT INTO discipline (id,nameOfDiscipline,countOfLessons,exam) VALUES ('2903','Discipline 4-48','15','no');
INSERT INTO discipline (id,nameOfDiscipline,countOfLessons,exam) VALUES ('2904','Discipline 4-49','15','no');
INSERT INTO discipline (id,nameOfDiscipline,countOfLessons,exam) VALUES ('2905','Discipline 4-50','15','no');
INSERT INTO discipline (id,nameOfDiscipline,countOfLessons,exam) VALUES ('2906','Discipline 4-51','15','no');
INSERT INTO discipline (id,nameOfDiscipline,countOfLessons,exam) VALUES ('2907','Discipline 4-52','15','no');
INSERT INTO discipline (id,nameOfDiscipline,countOfLessons,exam) VALUES ('2908','Discipline 4-53','15','no');
INSERT INTO discipline (id,nameOfDiscipline,countOfLessons,exam) VALUES ('2909','Discipline 4-54','15','no');
INSERT INTO discipline (id,nameOfDiscipline,countOfLessons,exam) VALUES ('2910','Discipline 4-55','15','no');
INSERT INTO discipline (id,nameOfDiscipline,countOfLessons,exam) VALUES ('2911','Discipline 4-56','15','no');
INSERT INTO discipline (id,nameOfDiscipline,countOfLessons,exam) VALUES ('2912','Discipline 4-57','15','no');
INSERT INTO discipline (id,nameOfDiscipline,countOfLessons,exam) VALUES ('2913','Discipline 4-58','15','no');
INSERT INTO discipline (id,nameOfDiscipline,countOfLessons,exam) VALUES ('2914','Discipline 4-59','15','no');
INSERT INTO discipline (id,nameOfDiscipline,countOfLessons,exam) VALUES ('2915','Discipline 4-60','15','no');
INSERT INTO disciplineDepartmentDependency (ID,disciplineID,departmentID,courseNumber,semesterNumber) VALUES ('2855','2855','40','1','1');
INSERT INTO disciplineDepartmentDependency (ID,disciplineID,departmentID,courseNumber,semesterNumber) VALUES ('2856','2856','40','2','2');
INSERT INTO disciplineDepartmentDependency (ID,disciplineID,departmentID,courseNumber,semesterNumber) VALUES ('2857','2857','40','3','1');
INSERT INTO disciplineDepartmentDependency (ID,disciplineID,departmentID,courseNumber,semesterNumber) VALUES ('2858','2858','40','4','2');
INSERT INTO disciplineDepartmentDependency (ID,disciplineID,departmentID,courseNumber,semesterNumber) VALUES ('2859','2859','40','5','1');
INSERT INTO disciplineDepartmentDependency (ID,disciplineID,departmentID,courseNumber,semesterNumber) VALUES ('2860','2860','40','6','2');
INSERT INTO disciplineDepartmentDependency (ID,disciplineID,departmentID,courseNumber,semesterNumber) VALUES ('2861','2861','40','1','1');
INSERT INTO disciplineDepartmentDependency (ID,disciplineID,departmentID,courseNumber,semesterNumber) VALUES ('2862','2862','40','2','2');
INSERT INTO disciplineDepartmentDependency (ID,disciplineID,departmentID,courseNumber,semesterNumber) VALUES ('2863','2863','40','3','1');
INSERT INTO disciplineDepartmentDependency (ID,disciplineID,departmentID,courseNumber,semesterNumber) VALUES ('2864','2864','40','4','2');
INSERT INTO disciplineDepartmentDependency (ID,disciplineID,departmentID,courseNumber,semesterNumber) VALUES ('2865','2865','40','5','1');
INSERT INTO disciplineDepartmentDependency (ID,disciplineID,departmentID,courseNumber,semesterNumber) VALUES ('2866','2866','40','6','2');
INSERT INTO disciplineDepartmentDependency (ID,disciplineID,departmentID,courseNumber,semesterNumber) VALUES ('2867','2867','40','1','1');
INSERT INTO disciplineDepartmentDependency (ID,disciplineID,departmentID,courseNumber,semesterNumber) VALUES ('2868','2868','40','2','2');
INSERT INTO disciplineDepartmentDependency (ID,disciplineID,departmentID,courseNumber,semesterNumber) VALUES ('2869','2869','40','3','1');
INSERT INTO disciplineDepartmentDependency (ID,disciplineID,departmentID,courseNumber,semesterNumber) VALUES ('2870','2870','40','4','2');
INSERT INTO disciplineDepartmentDependency (ID,disciplineID,departmentID,courseNumber,semesterNumber) VALUES ('2871','2871','40','5','1');
INSERT INTO disciplineDepartmentDependency (ID,disciplineID,departmentID,courseNumber,semesterNumber) VALUES ('2872','2872','40','6','2');
INSERT INTO disciplineDepartmentDependency (ID,disciplineID,departmentID,courseNumber,semesterNumber) VALUES ('2873','2873','40','1','1');
INSERT INTO disciplineDepartmentDependency (ID,disciplineID,departmentID,courseNumber,semesterNumber) VALUES ('2874','2874','40','2','2');
INSERT INTO disciplineDepartmentDependency (ID,disciplineID,departmentID,courseNumber,semesterNumber) VALUES ('2875','2875','40','3','1');
INSERT INTO disciplineDepartmentDependency (ID,disciplineID,departmentID,courseNumber,semesterNumber) VALUES ('2876','2876','40','4','2');
INSERT INTO disciplineDepartmentDependency (ID,disciplineID,departmentID,courseNumber,semesterNumber) VALUES ('2877','2877','40','5','1');
INSERT INTO disciplineDepartmentDependency (ID,disciplineID,departmentID,courseNumber,semesterNumber) VALUES ('2878','2878','40','6','2');
INSERT INTO disciplineDepartmentDependency (ID,disciplineID,departmentID,courseNumber,semesterNumber) VALUES ('2879','2879','40','1','1');
INSERT INTO disciplineDepartmentDependency (ID,disciplineID,departmentID,courseNumber,semesterNumber) VALUES ('2880','2880','40','2','2');
INSERT INTO disciplineDepartmentDependency (ID,disciplineID,departmentID,courseNumber,semesterNumber) VALUES ('2881','2881','40','3','1');
INSERT INTO disciplineDepartmentDependency (ID,disciplineID,departmentID,courseNumber,semesterNumber) VALUES ('2882','2882','40','4','2');
INSERT INTO disciplineDepartmentDependency (ID,disciplineID,departmentID,courseNumber,semesterNumber) VALUES ('2883','2883','40','5','1');
INSERT INTO disciplineDepartmentDependency (ID,disciplineID,departmentID,courseNumber,semesterNumber) VALUES ('2884','2884','40','6','2');
INSERT INTO disciplineDepartmentDependency (ID,disciplineID,departmentID,courseNumber,semesterNumber) VALUES ('2885','2885','40','1','1');
INSERT INTO disciplineDepartmentDependency (ID,disciplineID,departmentID,courseNumber,semesterNumber) VALUES ('2886','2886','40','2','2');
INSERT INTO disciplineDepartmentDependency (ID,disciplineID,departmentID,courseNumber,semesterNumber) VALUES ('2887','2887','40','3','1');
INSERT INTO disciplineDepartmentDependency (ID,disciplineID,departmentID,courseNumber,semesterNumber) VALUES ('2888','2888','40','4','2');
INSERT INTO disciplineDepartmentDependency (ID,disciplineID,departmentID,courseNumber,semesterNumber) VALUES ('2889','2889','40','5','1');
INSERT INTO disciplineDepartmentDependency (ID,disciplineID,departmentID,courseNumber,semesterNumber) VALUES ('2890','2890','40','6','2');
INSERT INTO disciplineDepartmentDependency (ID,disciplineID,departmentID,courseNumber,semesterNumber) VALUES ('2891','2891','40','1','1');
INSERT INTO disciplineDepartmentDependency (ID,disciplineID,departmentID,courseNumber,semesterNumber) VALUES ('2892','2892','40','2','2');
INSERT INTO disciplineDepartmentDependency (ID,disciplineID,departmentID,courseNumber,semesterNumber) VALUES ('2893','2893','40','3','1');
INSERT INTO disciplineDepartmentDependency (ID,disciplineID,departmentID,courseNumber,semesterNumber) VALUES ('2894','2894','40','4','2');
INSERT INTO disciplineDepartmentDependency (ID,disciplineID,departmentID,courseNumber,semesterNumber) VALUES ('2895','2895','40','5','1');
INSERT INTO disciplineDepartmentDependency (ID,disciplineID,departmentID,courseNumber,semesterNumber) VALUES ('2896','2896','40','6','2');
INSERT INTO disciplineDepartmentDependency (ID,disciplineID,departmentID,courseNumber,semesterNumber) VALUES ('2897','2897','40','1','1');
INSERT INTO disciplineDepartmentDependency (ID,disciplineID,departmentID,courseNumber,semesterNumber) VALUES ('2898','2898','40','2','2');
INSERT INTO disciplineDepartmentDependency (ID,disciplineID,departmentID,courseNumber,semesterNumber) VALUES ('2899','2899','40','3','1');
INSERT INTO disciplineDepartmentDependency (ID,disciplineID,departmentID,courseNumber,semesterNumber) VALUES ('2900','2900','40','4','2');
INSERT INTO disciplineDepartmentDependency (ID,disciplineID,departmentID,courseNumber,semesterNumber) VALUES ('2901','2901','40','5','1');
INSERT INTO disciplineDepartmentDependency (ID,disciplineID,departmentID,courseNumber,semesterNumber) VALUES ('2902','2902','40','6','2');
INSERT INTO disciplineDepartmentDependency (ID,disciplineID,departmentID,courseNumber,semesterNumber) VALUES ('2903','2903','40','1','1');
INSERT INTO disciplineDepartmentDependency (ID,disciplineID,departmentID,courseNumber,semesterNumber) VALUES ('2904','2904','40','2','2');
INSERT INTO disciplineDepartmentDependency (ID,disciplineID,departmentID,courseNumber,semesterNumber) VALUES ('2905','2905','40','3','1');
INSERT INTO disciplineDepartmentDependency (ID,disciplineID,departmentID,courseNumber,semesterNumber) VALUES ('2906','2906','40','4','2');
INSERT INTO disciplineDepartmentDependency (ID,disciplineID,departmentID,courseNumber,semesterNumber) VALUES ('2907','2907','40','5','1');
INSERT INTO disciplineDepartmentDependency (ID,disciplineID,departmentID,courseNumber,semesterNumber) VALUES ('2908','2908','40','6','2');
INSERT INTO disciplineDepartmentDependency (ID,disciplineID,departmentID,courseNumber,semesterNumber) VALUES ('2909','2909','40','1','1');
INSERT INTO disciplineDepartmentDependency (ID,disciplineID,departmentID,courseNumber,semesterNumber) VALUES ('2910','2910','40','2','2');
INSERT INTO disciplineDepartmentDependency (ID,disciplineID,departmentID,courseNumber,semesterNumber) VALUES ('2911','2911','40','3','1');
INSERT INTO disciplineDepartmentDependency (ID,disciplineID,departmentID,courseNumber,semesterNumber) VALUES ('2912','2912','40','4','2');
INSERT INTO disciplineDepartmentDependency (ID,disciplineID,departmentID,courseNumber,semesterNumber) VALUES ('2913','2913','40','5','1');
INSERT INTO disciplineDepartmentDependency (ID,disciplineID,departmentID,courseNumber,semesterNumber) VALUES ('2914','2914','40','6','2');
INSERT INTO disciplineDepartmentDependency (ID,disciplineID,departmentID,courseNumber,semesterNumber) VALUES ('2915','2915','40','1','1');
INSERT INTO loginpass (ID,login,password,access_type) VALUES ('100','VLADXSLAVDMXTRENKO@live.co.uk','70WzGibj','employee');
INSERT INTO employee (name,lastName,fathersName,personalID,sex,email,phoneNumber,dateOfBorn,address,passport,login,office,ID,departmentID) VALUES ('Владислав','ДМИТРЕНКО','Миколайович','7607317536','m','VLADXSLAVDMXTRENKO@live.co.uk','0508613081','1958-07-02','28368 Комсомольськ Воровського 88, 89','EH567715 ГУМВС 24','VLADXSLAVDMXTRENKO@live.co.uk','HR','95','40');
INSERT INTO loginpass (ID,login,password,access_type) VALUES ('101','BOJVELXZKO@live.fr','Z$wF0nEn','employee');
INSERT INTO employee (name,lastName,fathersName,personalID,sex,email,phoneNumber,dateOfBorn,address,passport,login,office,ID,departmentID) VALUES ('Бож','ВЕЛИЧКО','Миколайович','2602768857','m','BOJVELXZKO@live.fr','0924180645','1979-02-28','81640 Жовті Води Жуковського 88, 255','YS876541 ГУМВС 5','BOJVELXZKO@live.fr','HR','96','40');
INSERT INTO loginpass (ID,login,password,access_type) VALUES ('102','GOSTROWORAPOLIQUK@talktalk.co.uk','w4b8WYZG','employee');
INSERT INTO employee (name,lastName,fathersName,personalID,sex,email,phoneNumber,dateOfBorn,address,passport,login,office,ID,departmentID) VALUES ('Гострозора','ПОЛІЩУК','Миколаївна','1383644458','f','GOSTROWORAPOLIQUK@talktalk.co.uk','0966350415','1975-04-06','33301 Львів Кириченка Спиридона 41, 37','YC123141 ГУМВС 39','GOSTROWORAPOLIQUK@talktalk.co.uk','HR','97','40');
INSERT INTO loginpass (ID,login,password,access_type) VALUES ('103','BOGDANAIQENKO@web.de','Zs5feCaD','employee');
INSERT INTO employee (name,lastName,fathersName,personalID,sex,email,phoneNumber,dateOfBorn,address,passport,login,office,ID,departmentID) VALUES ('Богдана','ІЩЕНКО','Іллівна','8870222338','f','BOGDANAIQENKO@web.de','0660055648','1994-07-26','05615 Котовськ Кірова 12, 155','DJ136746 ГУМВС 26','BOGDANAIQENKO@web.de','HR','98','40');
INSERT INTO gtgroup (id,fullGroupName,courseNumber,departmentID) VALUES ('450','4-10','1','40');
INSERT INTO gtgroup (id,fullGroupName,courseNumber,departmentID) VALUES ('451','4-20','2','40');
INSERT INTO gtgroup (id,fullGroupName,courseNumber,departmentID) VALUES ('452','4-30','3','40');
INSERT INTO gtgroup (id,fullGroupName,courseNumber,departmentID) VALUES ('453','4-40','4','40');
INSERT INTO gtgroup (id,fullGroupName,courseNumber,departmentID) VALUES ('454','4-50','5','40');
INSERT INTO gtgroup (id,fullGroupName,courseNumber,departmentID) VALUES ('455','4-60','6','40');
INSERT INTO dayRequirements (id,departmentID,countOfDaysInWeek,countOfLessonsInADay) VALUES ('40','41','6','5');
INSERT INTO discipline (id,nameOfDiscipline,countOfLessons,exam) VALUES ('2916','Discipline АЕМСЕП-0','15','no');
INSERT INTO discipline (id,nameOfDiscipline,countOfLessons,exam) VALUES ('2917','Discipline АЕМСЕП-1','15','no');
INSERT INTO discipline (id,nameOfDiscipline,countOfLessons,exam) VALUES ('2918','Discipline АЕМСЕП-2','15','no');
INSERT INTO discipline (id,nameOfDiscipline,countOfLessons,exam) VALUES ('2919','Discipline АЕМСЕП-3','15','no');
INSERT INTO discipline (id,nameOfDiscipline,countOfLessons,exam) VALUES ('2920','Discipline АЕМСЕП-4','15','no');
INSERT INTO discipline (id,nameOfDiscipline,countOfLessons,exam) VALUES ('2921','Discipline АЕМСЕП-5','15','no');
INSERT INTO discipline (id,nameOfDiscipline,countOfLessons,exam) VALUES ('2922','Discipline АЕМСЕП-6','15','no');
INSERT INTO discipline (id,nameOfDiscipline,countOfLessons,exam) VALUES ('2923','Discipline АЕМСЕП-7','15','no');
INSERT INTO discipline (id,nameOfDiscipline,countOfLessons,exam) VALUES ('2924','Discipline АЕМСЕП-8','15','no');
INSERT INTO discipline (id,nameOfDiscipline,countOfLessons,exam) VALUES ('2925','Discipline АЕМСЕП-9','15','no');
INSERT INTO discipline (id,nameOfDiscipline,countOfLessons,exam) VALUES ('2926','Discipline АЕМСЕП-10','15','no');
INSERT INTO discipline (id,nameOfDiscipline,countOfLessons,exam) VALUES ('2927','Discipline АЕМСЕП-11','15','no');
INSERT INTO discipline (id,nameOfDiscipline,countOfLessons,exam) VALUES ('2928','Discipline АЕМСЕП-12','15','no');
INSERT INTO discipline (id,nameOfDiscipline,countOfLessons,exam) VALUES ('2929','Discipline АЕМСЕП-13','15','no');
INSERT INTO discipline (id,nameOfDiscipline,countOfLessons,exam) VALUES ('2930','Discipline АЕМСЕП-14','15','no');
INSERT INTO discipline (id,nameOfDiscipline,countOfLessons,exam) VALUES ('2931','Discipline АЕМСЕП-15','15','no');
INSERT INTO discipline (id,nameOfDiscipline,countOfLessons,exam) VALUES ('2932','Discipline АЕМСЕП-16','15','no');
INSERT INTO discipline (id,nameOfDiscipline,countOfLessons,exam) VALUES ('2933','Discipline АЕМСЕП-17','15','no');
INSERT INTO discipline (id,nameOfDiscipline,countOfLessons,exam) VALUES ('2934','Discipline АЕМСЕП-18','15','no');
INSERT INTO discipline (id,nameOfDiscipline,countOfLessons,exam) VALUES ('2935','Discipline АЕМСЕП-19','15','no');
INSERT INTO discipline (id,nameOfDiscipline,countOfLessons,exam) VALUES ('2936','Discipline АЕМСЕП-20','15','no');
INSERT INTO discipline (id,nameOfDiscipline,countOfLessons,exam) VALUES ('2937','Discipline АЕМСЕП-21','15','no');
INSERT INTO discipline (id,nameOfDiscipline,countOfLessons,exam) VALUES ('2938','Discipline АЕМСЕП-22','15','no');
INSERT INTO discipline (id,nameOfDiscipline,countOfLessons,exam) VALUES ('2939','Discipline АЕМСЕП-23','15','no');
INSERT INTO discipline (id,nameOfDiscipline,countOfLessons,exam) VALUES ('2940','Discipline АЕМСЕП-24','15','no');
INSERT INTO discipline (id,nameOfDiscipline,countOfLessons,exam) VALUES ('2941','Discipline АЕМСЕП-25','15','no');
INSERT INTO discipline (id,nameOfDiscipline,countOfLessons,exam) VALUES ('2942','Discipline АЕМСЕП-26','15','no');
INSERT INTO discipline (id,nameOfDiscipline,countOfLessons,exam) VALUES ('2943','Discipline АЕМСЕП-27','15','no');
INSERT INTO discipline (id,nameOfDiscipline,countOfLessons,exam) VALUES ('2944','Discipline АЕМСЕП-28','15','no');
INSERT INTO discipline (id,nameOfDiscipline,countOfLessons,exam) VALUES ('2945','Discipline АЕМСЕП-29','15','no');
INSERT INTO discipline (id,nameOfDiscipline,countOfLessons,exam) VALUES ('2946','Discipline АЕМСЕП-30','15','no');
INSERT INTO discipline (id,nameOfDiscipline,countOfLessons,exam) VALUES ('2947','Discipline АЕМСЕП-31','15','no');
INSERT INTO discipline (id,nameOfDiscipline,countOfLessons,exam) VALUES ('2948','Discipline АЕМСЕП-32','15','no');
INSERT INTO discipline (id,nameOfDiscipline,countOfLessons,exam) VALUES ('2949','Discipline АЕМСЕП-33','15','no');
INSERT INTO discipline (id,nameOfDiscipline,countOfLessons,exam) VALUES ('2950','Discipline АЕМСЕП-34','15','no');
INSERT INTO discipline (id,nameOfDiscipline,countOfLessons,exam) VALUES ('2951','Discipline АЕМСЕП-35','15','no');
INSERT INTO discipline (id,nameOfDiscipline,countOfLessons,exam) VALUES ('2952','Discipline АЕМСЕП-36','15','no');
INSERT INTO discipline (id,nameOfDiscipline,countOfLessons,exam) VALUES ('2953','Discipline АЕМСЕП-37','15','no');
INSERT INTO discipline (id,nameOfDiscipline,countOfLessons,exam) VALUES ('2954','Discipline АЕМСЕП-38','15','no');
INSERT INTO discipline (id,nameOfDiscipline,countOfLessons,exam) VALUES ('2955','Discipline АЕМСЕП-39','15','no');
INSERT INTO discipline (id,nameOfDiscipline,countOfLessons,exam) VALUES ('2956','Discipline АЕМСЕП-40','15','no');
INSERT INTO discipline (id,nameOfDiscipline,countOfLessons,exam) VALUES ('2957','Discipline АЕМСЕП-41','15','no');
INSERT INTO discipline (id,nameOfDiscipline,countOfLessons,exam) VALUES ('2958','Discipline АЕМСЕП-42','15','no');
INSERT INTO discipline (id,nameOfDiscipline,countOfLessons,exam) VALUES ('2959','Discipline АЕМСЕП-43','15','no');
INSERT INTO discipline (id,nameOfDiscipline,countOfLessons,exam) VALUES ('2960','Discipline АЕМСЕП-44','15','no');
INSERT INTO discipline (id,nameOfDiscipline,countOfLessons,exam) VALUES ('2961','Discipline АЕМСЕП-45','15','no');
INSERT INTO discipline (id,nameOfDiscipline,countOfLessons,exam) VALUES ('2962','Discipline АЕМСЕП-46','15','no');
INSERT INTO discipline (id,nameOfDiscipline,countOfLessons,exam) VALUES ('2963','Discipline АЕМСЕП-47','15','no');
INSERT INTO discipline (id,nameOfDiscipline,countOfLessons,exam) VALUES ('2964','Discipline АЕМСЕП-48','15','no');
INSERT INTO discipline (id,nameOfDiscipline,countOfLessons,exam) VALUES ('2965','Discipline АЕМСЕП-49','15','no');
INSERT INTO discipline (id,nameOfDiscipline,countOfLessons,exam) VALUES ('2966','Discipline АЕМСЕП-50','15','no');
INSERT INTO discipline (id,nameOfDiscipline,countOfLessons,exam) VALUES ('2967','Discipline АЕМСЕП-51','15','no');
INSERT INTO discipline (id,nameOfDiscipline,countOfLessons,exam) VALUES ('2968','Discipline АЕМСЕП-52','15','no');
INSERT INTO discipline (id,nameOfDiscipline,countOfLessons,exam) VALUES ('2969','Discipline АЕМСЕП-53','15','no');
INSERT INTO discipline (id,nameOfDiscipline,countOfLessons,exam) VALUES ('2970','Discipline АЕМСЕП-54','15','no');
INSERT INTO discipline (id,nameOfDiscipline,countOfLessons,exam) VALUES ('2971','Discipline АЕМСЕП-55','15','no');
INSERT INTO discipline (id,nameOfDiscipline,countOfLessons,exam) VALUES ('2972','Discipline АЕМСЕП-56','15','no');
INSERT INTO discipline (id,nameOfDiscipline,countOfLessons,exam) VALUES ('2973','Discipline АЕМСЕП-57','15','no');
INSERT INTO discipline (id,nameOfDiscipline,countOfLessons,exam) VALUES ('2974','Discipline АЕМСЕП-58','15','no');
INSERT INTO discipline (id,nameOfDiscipline,countOfLessons,exam) VALUES ('2975','Discipline АЕМСЕП-59','15','no');
INSERT INTO discipline (id,nameOfDiscipline,countOfLessons,exam) VALUES ('2976','Discipline АЕМСЕП-60','15','no');
INSERT INTO discipline (id,nameOfDiscipline,countOfLessons,exam) VALUES ('2977','Discipline АЕМСЕП-61','15','no');
INSERT INTO discipline (id,nameOfDiscipline,countOfLessons,exam) VALUES ('2978','Discipline АЕМСЕП-62','15','no');
INSERT INTO discipline (id,nameOfDiscipline,countOfLessons,exam) VALUES ('2979','Discipline АЕМСЕП-63','15','no');
INSERT INTO discipline (id,nameOfDiscipline,countOfLessons,exam) VALUES ('2980','Discipline АЕМСЕП-64','15','no');
INSERT INTO discipline (id,nameOfDiscipline,countOfLessons,exam) VALUES ('2981','Discipline АЕМСЕП-65','15','no');
INSERT INTO discipline (id,nameOfDiscipline,countOfLessons,exam) VALUES ('2982','Discipline АЕМСЕП-66','15','no');
INSERT INTO discipline (id,nameOfDiscipline,countOfLessons,exam) VALUES ('2983','Discipline АЕМСЕП-67','15','no');
INSERT INTO disciplineDepartmentDependency (ID,disciplineID,departmentID,courseNumber,semesterNumber) VALUES ('2916','2916','41','1','1');
INSERT INTO disciplineDepartmentDependency (ID,disciplineID,departmentID,courseNumber,semesterNumber) VALUES ('2917','2917','41','2','2');
INSERT INTO disciplineDepartmentDependency (ID,disciplineID,departmentID,courseNumber,semesterNumber) VALUES ('2918','2918','41','3','1');
INSERT INTO disciplineDepartmentDependency (ID,disciplineID,departmentID,courseNumber,semesterNumber) VALUES ('2919','2919','41','4','2');
INSERT INTO disciplineDepartmentDependency (ID,disciplineID,departmentID,courseNumber,semesterNumber) VALUES ('2920','2920','41','5','1');
INSERT INTO disciplineDepartmentDependency (ID,disciplineID,departmentID,courseNumber,semesterNumber) VALUES ('2921','2921','41','6','2');
INSERT INTO disciplineDepartmentDependency (ID,disciplineID,departmentID,courseNumber,semesterNumber) VALUES ('2922','2922','41','1','1');
INSERT INTO disciplineDepartmentDependency (ID,disciplineID,departmentID,courseNumber,semesterNumber) VALUES ('2923','2923','41','2','2');
INSERT INTO disciplineDepartmentDependency (ID,disciplineID,departmentID,courseNumber,semesterNumber) VALUES ('2924','2924','41','3','1');
INSERT INTO disciplineDepartmentDependency (ID,disciplineID,departmentID,courseNumber,semesterNumber) VALUES ('2925','2925','41','4','2');
INSERT INTO disciplineDepartmentDependency (ID,disciplineID,departmentID,courseNumber,semesterNumber) VALUES ('2926','2926','41','5','1');
INSERT INTO disciplineDepartmentDependency (ID,disciplineID,departmentID,courseNumber,semesterNumber) VALUES ('2927','2927','41','6','2');
INSERT INTO disciplineDepartmentDependency (ID,disciplineID,departmentID,courseNumber,semesterNumber) VALUES ('2928','2928','41','1','1');
INSERT INTO disciplineDepartmentDependency (ID,disciplineID,departmentID,courseNumber,semesterNumber) VALUES ('2929','2929','41','2','2');
INSERT INTO disciplineDepartmentDependency (ID,disciplineID,departmentID,courseNumber,semesterNumber) VALUES ('2930','2930','41','3','1');
INSERT INTO disciplineDepartmentDependency (ID,disciplineID,departmentID,courseNumber,semesterNumber) VALUES ('2931','2931','41','4','2');
INSERT INTO disciplineDepartmentDependency (ID,disciplineID,departmentID,courseNumber,semesterNumber) VALUES ('2932','2932','41','5','1');
INSERT INTO disciplineDepartmentDependency (ID,disciplineID,departmentID,courseNumber,semesterNumber) VALUES ('2933','2933','41','6','2');
INSERT INTO disciplineDepartmentDependency (ID,disciplineID,departmentID,courseNumber,semesterNumber) VALUES ('2934','2934','41','1','1');
INSERT INTO disciplineDepartmentDependency (ID,disciplineID,departmentID,courseNumber,semesterNumber) VALUES ('2935','2935','41','2','2');
INSERT INTO disciplineDepartmentDependency (ID,disciplineID,departmentID,courseNumber,semesterNumber) VALUES ('2936','2936','41','3','1');
INSERT INTO disciplineDepartmentDependency (ID,disciplineID,departmentID,courseNumber,semesterNumber) VALUES ('2937','2937','41','4','2');
INSERT INTO disciplineDepartmentDependency (ID,disciplineID,departmentID,courseNumber,semesterNumber) VALUES ('2938','2938','41','5','1');
INSERT INTO disciplineDepartmentDependency (ID,disciplineID,departmentID,courseNumber,semesterNumber) VALUES ('2939','2939','41','6','2');
INSERT INTO disciplineDepartmentDependency (ID,disciplineID,departmentID,courseNumber,semesterNumber) VALUES ('2940','2940','41','1','1');
INSERT INTO disciplineDepartmentDependency (ID,disciplineID,departmentID,courseNumber,semesterNumber) VALUES ('2941','2941','41','2','2');
INSERT INTO disciplineDepartmentDependency (ID,disciplineID,departmentID,courseNumber,semesterNumber) VALUES ('2942','2942','41','3','1');
INSERT INTO disciplineDepartmentDependency (ID,disciplineID,departmentID,courseNumber,semesterNumber) VALUES ('2943','2943','41','4','2');
INSERT INTO disciplineDepartmentDependency (ID,disciplineID,departmentID,courseNumber,semesterNumber) VALUES ('2944','2944','41','5','1');
INSERT INTO disciplineDepartmentDependency (ID,disciplineID,departmentID,courseNumber,semesterNumber) VALUES ('2945','2945','41','6','2');
INSERT INTO disciplineDepartmentDependency (ID,disciplineID,departmentID,courseNumber,semesterNumber) VALUES ('2946','2946','41','1','1');
INSERT INTO disciplineDepartmentDependency (ID,disciplineID,departmentID,courseNumber,semesterNumber) VALUES ('2947','2947','41','2','2');
INSERT INTO disciplineDepartmentDependency (ID,disciplineID,departmentID,courseNumber,semesterNumber) VALUES ('2948','2948','41','3','1');
INSERT INTO disciplineDepartmentDependency (ID,disciplineID,departmentID,courseNumber,semesterNumber) VALUES ('2949','2949','41','4','2');
INSERT INTO disciplineDepartmentDependency (ID,disciplineID,departmentID,courseNumber,semesterNumber) VALUES ('2950','2950','41','5','1');
INSERT INTO disciplineDepartmentDependency (ID,disciplineID,departmentID,courseNumber,semesterNumber) VALUES ('2951','2951','41','6','2');
INSERT INTO disciplineDepartmentDependency (ID,disciplineID,departmentID,courseNumber,semesterNumber) VALUES ('2952','2952','41','1','1');
INSERT INTO disciplineDepartmentDependency (ID,disciplineID,departmentID,courseNumber,semesterNumber) VALUES ('2953','2953','41','2','2');
INSERT INTO disciplineDepartmentDependency (ID,disciplineID,departmentID,courseNumber,semesterNumber) VALUES ('2954','2954','41','3','1');
INSERT INTO disciplineDepartmentDependency (ID,disciplineID,departmentID,courseNumber,semesterNumber) VALUES ('2955','2955','41','4','2');
INSERT INTO disciplineDepartmentDependency (ID,disciplineID,departmentID,courseNumber,semesterNumber) VALUES ('2956','2956','41','5','1');
INSERT INTO disciplineDepartmentDependency (ID,disciplineID,departmentID,courseNumber,semesterNumber) VALUES ('2957','2957','41','6','2');
INSERT INTO disciplineDepartmentDependency (ID,disciplineID,departmentID,courseNumber,semesterNumber) VALUES ('2958','2958','41','1','1');
INSERT INTO disciplineDepartmentDependency (ID,disciplineID,departmentID,courseNumber,semesterNumber) VALUES ('2959','2959','41','2','2');
INSERT INTO disciplineDepartmentDependency (ID,disciplineID,departmentID,courseNumber,semesterNumber) VALUES ('2960','2960','41','3','1');
INSERT INTO disciplineDepartmentDependency (ID,disciplineID,departmentID,courseNumber,semesterNumber) VALUES ('2961','2961','41','4','2');
INSERT INTO disciplineDepartmentDependency (ID,disciplineID,departmentID,courseNumber,semesterNumber) VALUES ('2962','2962','41','5','1');
INSERT INTO disciplineDepartmentDependency (ID,disciplineID,departmentID,courseNumber,semesterNumber) VALUES ('2963','2963','41','6','2');
INSERT INTO disciplineDepartmentDependency (ID,disciplineID,departmentID,courseNumber,semesterNumber) VALUES ('2964','2964','41','1','1');
INSERT INTO disciplineDepartmentDependency (ID,disciplineID,departmentID,courseNumber,semesterNumber) VALUES ('2965','2965','41','2','2');
INSERT INTO disciplineDepartmentDependency (ID,disciplineID,departmentID,courseNumber,semesterNumber) VALUES ('2966','2966','41','3','1');
INSERT INTO disciplineDepartmentDependency (ID,disciplineID,departmentID,courseNumber,semesterNumber) VALUES ('2967','2967','41','4','2');
INSERT INTO disciplineDepartmentDependency (ID,disciplineID,departmentID,courseNumber,semesterNumber) VALUES ('2968','2968','41','5','1');
INSERT INTO disciplineDepartmentDependency (ID,disciplineID,departmentID,courseNumber,semesterNumber) VALUES ('2969','2969','41','6','2');
INSERT INTO disciplineDepartmentDependency (ID,disciplineID,departmentID,courseNumber,semesterNumber) VALUES ('2970','2970','41','1','1');
INSERT INTO disciplineDepartmentDependency (ID,disciplineID,departmentID,courseNumber,semesterNumber) VALUES ('2971','2971','41','2','2');
INSERT INTO disciplineDepartmentDependency (ID,disciplineID,departmentID,courseNumber,semesterNumber) VALUES ('2972','2972','41','3','1');
INSERT INTO disciplineDepartmentDependency (ID,disciplineID,departmentID,courseNumber,semesterNumber) VALUES ('2973','2973','41','4','2');
INSERT INTO disciplineDepartmentDependency (ID,disciplineID,departmentID,courseNumber,semesterNumber) VALUES ('2974','2974','41','5','1');
INSERT INTO disciplineDepartmentDependency (ID,disciplineID,departmentID,courseNumber,semesterNumber) VALUES ('2975','2975','41','6','2');
INSERT INTO disciplineDepartmentDependency (ID,disciplineID,departmentID,courseNumber,semesterNumber) VALUES ('2976','2976','41','1','1');
INSERT INTO disciplineDepartmentDependency (ID,disciplineID,departmentID,courseNumber,semesterNumber) VALUES ('2977','2977','41','2','2');
INSERT INTO disciplineDepartmentDependency (ID,disciplineID,departmentID,courseNumber,semesterNumber) VALUES ('2978','2978','41','3','1');
INSERT INTO disciplineDepartmentDependency (ID,disciplineID,departmentID,courseNumber,semesterNumber) VALUES ('2979','2979','41','4','2');
INSERT INTO disciplineDepartmentDependency (ID,disciplineID,departmentID,courseNumber,semesterNumber) VALUES ('2980','2980','41','5','1');
INSERT INTO disciplineDepartmentDependency (ID,disciplineID,departmentID,courseNumber,semesterNumber) VALUES ('2981','2981','41','6','2');
INSERT INTO disciplineDepartmentDependency (ID,disciplineID,departmentID,courseNumber,semesterNumber) VALUES ('2982','2982','41','1','1');
INSERT INTO disciplineDepartmentDependency (ID,disciplineID,departmentID,courseNumber,semesterNumber) VALUES ('2983','2983','41','2','2');
INSERT INTO loginpass (ID,login,password,access_type) VALUES ('104','VXQATAMELQNXZUK@orange.net','6HWYJy7b','employee');
INSERT INTO employee (name,lastName,fathersName,personalID,sex,email,phoneNumber,dateOfBorn,address,passport,login,office,ID,departmentID) VALUES ('Вишата','МЕЛЬНИЧУК','Кузьмич','1282734024','m','VXQATAMELQNXZUK@orange.net','0951271571','1991-10-19','77617 Івано-Франківськ Берегова 49, 186','OH148246 ГУМВС 36','VXQATAMELQNXZUK@orange.net','HR','99','41');
INSERT INTO loginpass (ID,login,password,access_type) VALUES ('105','VXTOMXRKOLESNXK@gmx.fr','2kmA6YrC','employee');
INSERT INTO employee (name,lastName,fathersName,personalID,sex,email,phoneNumber,dateOfBorn,address,passport,login,office,ID,departmentID) VALUES ('Витомир','КОЛЕСНИК','Хомич','3673546831','m','VXTOMXRKOLESNXK@gmx.fr','0921552254','1963-06-19','36515 Славута Кавказька 9, 17','UV541611 ГУМВС 3','VXTOMXRKOLESNXK@gmx.fr','HR','100','41');
INSERT INTO loginpass (ID,login,password,access_type) VALUES ('106','VXQENAQEVZENKO@blueyonder.co.uk','Z0xY54be','employee');
INSERT INTO employee (name,lastName,fathersName,personalID,sex,email,phoneNumber,dateOfBorn,address,passport,login,office,ID,departmentID) VALUES ('Вишена','ШЕВЧЕНКО','Кузьмівна','3837772558','f','VXQENAQEVZENKO@blueyonder.co.uk','0936863852','1958-01-08','47674 Луцьк Дніпровський 9, 246','VF411812 ГУМВС 23','VXQENAQEVZENKO@blueyonder.co.uk','HR','101','41');
INSERT INTO loginpass (ID,login,password,access_type) VALUES ('107','BOGUSLAVAWINZENKO@yahoo.fr','o8kwfbsi','employee');
INSERT INTO employee (name,lastName,fathersName,personalID,sex,email,phoneNumber,dateOfBorn,address,passport,login,office,ID,departmentID) VALUES ('Богуслава','ЗІНЧЕНКО','Григорівна','2213725241','f','BOGUSLAVAWINZENKO@yahoo.fr','0936282765','1987-09-04','33210 Лубни Богуна 30, 132','JG887868 ГУМВС 36','BOGUSLAVAWINZENKO@yahoo.fr','HR','102','41');
INSERT INTO gtgroup (id,fullGroupName,courseNumber,departmentID) VALUES ('456','АЕМСЕП-10','1','41');
INSERT INTO gtgroup (id,fullGroupName,courseNumber,departmentID) VALUES ('457','АЕМСЕП-20','2','41');
INSERT INTO gtgroup (id,fullGroupName,courseNumber,departmentID) VALUES ('458','АЕМСЕП-30','3','41');
INSERT INTO gtgroup (id,fullGroupName,courseNumber,departmentID) VALUES ('459','АЕМСЕП-40','4','41');
INSERT INTO gtgroup (id,fullGroupName,courseNumber,departmentID) VALUES ('460','АЕМСЕП-50','5','41');
INSERT INTO gtgroup (id,fullGroupName,courseNumber,departmentID) VALUES ('461','АЕМСЕП-60','6','41');
INSERT INTO dayRequirements (id,departmentID,countOfDaysInWeek,countOfLessonsInADay) VALUES ('41','42','6','5');
INSERT INTO discipline (id,nameOfDiscipline,countOfLessons,exam) VALUES ('2984','Discipline 3-0','15','no');
INSERT INTO discipline (id,nameOfDiscipline,countOfLessons,exam) VALUES ('2985','Discipline 3-1','15','no');
INSERT INTO discipline (id,nameOfDiscipline,countOfLessons,exam) VALUES ('2986','Discipline 3-2','15','no');
INSERT INTO discipline (id,nameOfDiscipline,countOfLessons,exam) VALUES ('2987','Discipline 3-3','15','no');
INSERT INTO discipline (id,nameOfDiscipline,countOfLessons,exam) VALUES ('2988','Discipline 3-4','15','no');
INSERT INTO discipline (id,nameOfDiscipline,countOfLessons,exam) VALUES ('2989','Discipline 3-5','15','no');
INSERT INTO discipline (id,nameOfDiscipline,countOfLessons,exam) VALUES ('2990','Discipline 3-6','15','no');
INSERT INTO discipline (id,nameOfDiscipline,countOfLessons,exam) VALUES ('2991','Discipline 3-7','15','no');
INSERT INTO discipline (id,nameOfDiscipline,countOfLessons,exam) VALUES ('2992','Discipline 3-8','15','no');
INSERT INTO discipline (id,nameOfDiscipline,countOfLessons,exam) VALUES ('2993','Discipline 3-9','15','no');
INSERT INTO discipline (id,nameOfDiscipline,countOfLessons,exam) VALUES ('2994','Discipline 3-10','15','no');
INSERT INTO discipline (id,nameOfDiscipline,countOfLessons,exam) VALUES ('2995','Discipline 3-11','15','no');
INSERT INTO discipline (id,nameOfDiscipline,countOfLessons,exam) VALUES ('2996','Discipline 3-12','15','no');
INSERT INTO discipline (id,nameOfDiscipline,countOfLessons,exam) VALUES ('2997','Discipline 3-13','15','no');
INSERT INTO discipline (id,nameOfDiscipline,countOfLessons,exam) VALUES ('2998','Discipline 3-14','15','no');
INSERT INTO discipline (id,nameOfDiscipline,countOfLessons,exam) VALUES ('2999','Discipline 3-15','15','no');
INSERT INTO discipline (id,nameOfDiscipline,countOfLessons,exam) VALUES ('3000','Discipline 3-16','15','no');
INSERT INTO discipline (id,nameOfDiscipline,countOfLessons,exam) VALUES ('3001','Discipline 3-17','15','no');
INSERT INTO discipline (id,nameOfDiscipline,countOfLessons,exam) VALUES ('3002','Discipline 3-18','15','no');
INSERT INTO discipline (id,nameOfDiscipline,countOfLessons,exam) VALUES ('3003','Discipline 3-19','15','no');
INSERT INTO discipline (id,nameOfDiscipline,countOfLessons,exam) VALUES ('3004','Discipline 3-20','15','no');
INSERT INTO discipline (id,nameOfDiscipline,countOfLessons,exam) VALUES ('3005','Discipline 3-21','15','no');
INSERT INTO discipline (id,nameOfDiscipline,countOfLessons,exam) VALUES ('3006','Discipline 3-22','15','no');
INSERT INTO discipline (id,nameOfDiscipline,countOfLessons,exam) VALUES ('3007','Discipline 3-23','15','no');
INSERT INTO discipline (id,nameOfDiscipline,countOfLessons,exam) VALUES ('3008','Discipline 3-24','15','no');
INSERT INTO discipline (id,nameOfDiscipline,countOfLessons,exam) VALUES ('3009','Discipline 3-25','15','no');
INSERT INTO discipline (id,nameOfDiscipline,countOfLessons,exam) VALUES ('3010','Discipline 3-26','15','no');
INSERT INTO discipline (id,nameOfDiscipline,countOfLessons,exam) VALUES ('3011','Discipline 3-27','15','no');
INSERT INTO discipline (id,nameOfDiscipline,countOfLessons,exam) VALUES ('3012','Discipline 3-28','15','no');
INSERT INTO discipline (id,nameOfDiscipline,countOfLessons,exam) VALUES ('3013','Discipline 3-29','15','no');
INSERT INTO discipline (id,nameOfDiscipline,countOfLessons,exam) VALUES ('3014','Discipline 3-30','15','no');
INSERT INTO discipline (id,nameOfDiscipline,countOfLessons,exam) VALUES ('3015','Discipline 3-31','15','no');
INSERT INTO discipline (id,nameOfDiscipline,countOfLessons,exam) VALUES ('3016','Discipline 3-32','15','no');
INSERT INTO discipline (id,nameOfDiscipline,countOfLessons,exam) VALUES ('3017','Discipline 3-33','15','no');
INSERT INTO discipline (id,nameOfDiscipline,countOfLessons,exam) VALUES ('3018','Discipline 3-34','15','no');
INSERT INTO discipline (id,nameOfDiscipline,countOfLessons,exam) VALUES ('3019','Discipline 3-35','15','no');
INSERT INTO discipline (id,nameOfDiscipline,countOfLessons,exam) VALUES ('3020','Discipline 3-36','15','no');
INSERT INTO discipline (id,nameOfDiscipline,countOfLessons,exam) VALUES ('3021','Discipline 3-37','15','no');
INSERT INTO discipline (id,nameOfDiscipline,countOfLessons,exam) VALUES ('3022','Discipline 3-38','15','no');
INSERT INTO discipline (id,nameOfDiscipline,countOfLessons,exam) VALUES ('3023','Discipline 3-39','15','no');
INSERT INTO discipline (id,nameOfDiscipline,countOfLessons,exam) VALUES ('3024','Discipline 3-40','15','no');
INSERT INTO discipline (id,nameOfDiscipline,countOfLessons,exam) VALUES ('3025','Discipline 3-41','15','no');
INSERT INTO discipline (id,nameOfDiscipline,countOfLessons,exam) VALUES ('3026','Discipline 3-42','15','no');
INSERT INTO discipline (id,nameOfDiscipline,countOfLessons,exam) VALUES ('3027','Discipline 3-43','15','no');
INSERT INTO discipline (id,nameOfDiscipline,countOfLessons,exam) VALUES ('3028','Discipline 3-44','15','no');
INSERT INTO discipline (id,nameOfDiscipline,countOfLessons,exam) VALUES ('3029','Discipline 3-45','15','no');
INSERT INTO discipline (id,nameOfDiscipline,countOfLessons,exam) VALUES ('3030','Discipline 3-46','15','no');
INSERT INTO discipline (id,nameOfDiscipline,countOfLessons,exam) VALUES ('3031','Discipline 3-47','15','no');
INSERT INTO discipline (id,nameOfDiscipline,countOfLessons,exam) VALUES ('3032','Discipline 3-48','15','no');
INSERT INTO discipline (id,nameOfDiscipline,countOfLessons,exam) VALUES ('3033','Discipline 3-49','15','no');
INSERT INTO discipline (id,nameOfDiscipline,countOfLessons,exam) VALUES ('3034','Discipline 3-50','15','no');
INSERT INTO discipline (id,nameOfDiscipline,countOfLessons,exam) VALUES ('3035','Discipline 3-51','15','no');
INSERT INTO discipline (id,nameOfDiscipline,countOfLessons,exam) VALUES ('3036','Discipline 3-52','15','no');
INSERT INTO discipline (id,nameOfDiscipline,countOfLessons,exam) VALUES ('3037','Discipline 3-53','15','no');
INSERT INTO discipline (id,nameOfDiscipline,countOfLessons,exam) VALUES ('3038','Discipline 3-54','15','no');
INSERT INTO discipline (id,nameOfDiscipline,countOfLessons,exam) VALUES ('3039','Discipline 3-55','15','no');
INSERT INTO discipline (id,nameOfDiscipline,countOfLessons,exam) VALUES ('3040','Discipline 3-56','15','no');
INSERT INTO discipline (id,nameOfDiscipline,countOfLessons,exam) VALUES ('3041','Discipline 3-57','15','no');
INSERT INTO discipline (id,nameOfDiscipline,countOfLessons,exam) VALUES ('3042','Discipline 3-58','15','no');
INSERT INTO discipline (id,nameOfDiscipline,countOfLessons,exam) VALUES ('3043','Discipline 3-59','15','no');
INSERT INTO discipline (id,nameOfDiscipline,countOfLessons,exam) VALUES ('3044','Discipline 3-60','15','no');
INSERT INTO discipline (id,nameOfDiscipline,countOfLessons,exam) VALUES ('3045','Discipline 3-61','15','no');
INSERT INTO discipline (id,nameOfDiscipline,countOfLessons,exam) VALUES ('3046','Discipline 3-62','15','no');
INSERT INTO discipline (id,nameOfDiscipline,countOfLessons,exam) VALUES ('3047','Discipline 3-63','15','no');
INSERT INTO discipline (id,nameOfDiscipline,countOfLessons,exam) VALUES ('3048','Discipline 3-64','15','no');
INSERT INTO discipline (id,nameOfDiscipline,countOfLessons,exam) VALUES ('3049','Discipline 3-65','15','no');
INSERT INTO discipline (id,nameOfDiscipline,countOfLessons,exam) VALUES ('3050','Discipline 3-66','15','no');
INSERT INTO discipline (id,nameOfDiscipline,countOfLessons,exam) VALUES ('3051','Discipline 3-67','15','no');
INSERT INTO discipline (id,nameOfDiscipline,countOfLessons,exam) VALUES ('3052','Discipline 3-68','15','no');
INSERT INTO discipline (id,nameOfDiscipline,countOfLessons,exam) VALUES ('3053','Discipline 3-69','15','no');
INSERT INTO discipline (id,nameOfDiscipline,countOfLessons,exam) VALUES ('3054','Discipline 3-70','15','no');
INSERT INTO discipline (id,nameOfDiscipline,countOfLessons,exam) VALUES ('3055','Discipline 3-71','15','no');
INSERT INTO discipline (id,nameOfDiscipline,countOfLessons,exam) VALUES ('3056','Discipline 3-72','15','no');
INSERT INTO discipline (id,nameOfDiscipline,countOfLessons,exam) VALUES ('3057','Discipline 3-73','15','no');
INSERT INTO discipline (id,nameOfDiscipline,countOfLessons,exam) VALUES ('3058','Discipline 3-74','15','no');
INSERT INTO discipline (id,nameOfDiscipline,countOfLessons,exam) VALUES ('3059','Discipline 3-75','15','no');
INSERT INTO discipline (id,nameOfDiscipline,countOfLessons,exam) VALUES ('3060','Discipline 3-76','15','no');
INSERT INTO discipline (id,nameOfDiscipline,countOfLessons,exam) VALUES ('3061','Discipline 3-77','15','no');
INSERT INTO discipline (id,nameOfDiscipline,countOfLessons,exam) VALUES ('3062','Discipline 3-78','15','no');
INSERT INTO discipline (id,nameOfDiscipline,countOfLessons,exam) VALUES ('3063','Discipline 3-79','15','no');
INSERT INTO discipline (id,nameOfDiscipline,countOfLessons,exam) VALUES ('3064','Discipline 3-80','15','no');
INSERT INTO discipline (id,nameOfDiscipline,countOfLessons,exam) VALUES ('3065','Discipline 3-81','15','no');
INSERT INTO disciplineDepartmentDependency (ID,disciplineID,departmentID,courseNumber,semesterNumber) VALUES ('2984','2984','42','1','1');
INSERT INTO disciplineDepartmentDependency (ID,disciplineID,departmentID,courseNumber,semesterNumber) VALUES ('2985','2985','42','2','2');
INSERT INTO disciplineDepartmentDependency (ID,disciplineID,departmentID,courseNumber,semesterNumber) VALUES ('2986','2986','42','3','1');
INSERT INTO disciplineDepartmentDependency (ID,disciplineID,departmentID,courseNumber,semesterNumber) VALUES ('2987','2987','42','4','2');
INSERT INTO disciplineDepartmentDependency (ID,disciplineID,departmentID,courseNumber,semesterNumber) VALUES ('2988','2988','42','5','1');
INSERT INTO disciplineDepartmentDependency (ID,disciplineID,departmentID,courseNumber,semesterNumber) VALUES ('2989','2989','42','6','2');
INSERT INTO disciplineDepartmentDependency (ID,disciplineID,departmentID,courseNumber,semesterNumber) VALUES ('2990','2990','42','1','1');
INSERT INTO disciplineDepartmentDependency (ID,disciplineID,departmentID,courseNumber,semesterNumber) VALUES ('2991','2991','42','2','2');
INSERT INTO disciplineDepartmentDependency (ID,disciplineID,departmentID,courseNumber,semesterNumber) VALUES ('2992','2992','42','3','1');
INSERT INTO disciplineDepartmentDependency (ID,disciplineID,departmentID,courseNumber,semesterNumber) VALUES ('2993','2993','42','4','2');
INSERT INTO disciplineDepartmentDependency (ID,disciplineID,departmentID,courseNumber,semesterNumber) VALUES ('2994','2994','42','5','1');
INSERT INTO disciplineDepartmentDependency (ID,disciplineID,departmentID,courseNumber,semesterNumber) VALUES ('2995','2995','42','6','2');
INSERT INTO disciplineDepartmentDependency (ID,disciplineID,departmentID,courseNumber,semesterNumber) VALUES ('2996','2996','42','1','1');
INSERT INTO disciplineDepartmentDependency (ID,disciplineID,departmentID,courseNumber,semesterNumber) VALUES ('2997','2997','42','2','2');
INSERT INTO disciplineDepartmentDependency (ID,disciplineID,departmentID,courseNumber,semesterNumber) VALUES ('2998','2998','42','3','1');
INSERT INTO disciplineDepartmentDependency (ID,disciplineID,departmentID,courseNumber,semesterNumber) VALUES ('2999','2999','42','4','2');
INSERT INTO disciplineDepartmentDependency (ID,disciplineID,departmentID,courseNumber,semesterNumber) VALUES ('3000','3000','42','5','1');
INSERT INTO disciplineDepartmentDependency (ID,disciplineID,departmentID,courseNumber,semesterNumber) VALUES ('3001','3001','42','6','2');
INSERT INTO disciplineDepartmentDependency (ID,disciplineID,departmentID,courseNumber,semesterNumber) VALUES ('3002','3002','42','1','1');
INSERT INTO disciplineDepartmentDependency (ID,disciplineID,departmentID,courseNumber,semesterNumber) VALUES ('3003','3003','42','2','2');
INSERT INTO disciplineDepartmentDependency (ID,disciplineID,departmentID,courseNumber,semesterNumber) VALUES ('3004','3004','42','3','1');
INSERT INTO disciplineDepartmentDependency (ID,disciplineID,departmentID,courseNumber,semesterNumber) VALUES ('3005','3005','42','4','2');
INSERT INTO disciplineDepartmentDependency (ID,disciplineID,departmentID,courseNumber,semesterNumber) VALUES ('3006','3006','42','5','1');
INSERT INTO disciplineDepartmentDependency (ID,disciplineID,departmentID,courseNumber,semesterNumber) VALUES ('3007','3007','42','6','2');
INSERT INTO disciplineDepartmentDependency (ID,disciplineID,departmentID,courseNumber,semesterNumber) VALUES ('3008','3008','42','1','1');
INSERT INTO disciplineDepartmentDependency (ID,disciplineID,departmentID,courseNumber,semesterNumber) VALUES ('3009','3009','42','2','2');
INSERT INTO disciplineDepartmentDependency (ID,disciplineID,departmentID,courseNumber,semesterNumber) VALUES ('3010','3010','42','3','1');
INSERT INTO disciplineDepartmentDependency (ID,disciplineID,departmentID,courseNumber,semesterNumber) VALUES ('3011','3011','42','4','2');
INSERT INTO disciplineDepartmentDependency (ID,disciplineID,departmentID,courseNumber,semesterNumber) VALUES ('3012','3012','42','5','1');
INSERT INTO disciplineDepartmentDependency (ID,disciplineID,departmentID,courseNumber,semesterNumber) VALUES ('3013','3013','42','6','2');
INSERT INTO disciplineDepartmentDependency (ID,disciplineID,departmentID,courseNumber,semesterNumber) VALUES ('3014','3014','42','1','1');
INSERT INTO disciplineDepartmentDependency (ID,disciplineID,departmentID,courseNumber,semesterNumber) VALUES ('3015','3015','42','2','2');
INSERT INTO disciplineDepartmentDependency (ID,disciplineID,departmentID,courseNumber,semesterNumber) VALUES ('3016','3016','42','3','1');
INSERT INTO disciplineDepartmentDependency (ID,disciplineID,departmentID,courseNumber,semesterNumber) VALUES ('3017','3017','42','4','2');
INSERT INTO disciplineDepartmentDependency (ID,disciplineID,departmentID,courseNumber,semesterNumber) VALUES ('3018','3018','42','5','1');
INSERT INTO disciplineDepartmentDependency (ID,disciplineID,departmentID,courseNumber,semesterNumber) VALUES ('3019','3019','42','6','2');
INSERT INTO disciplineDepartmentDependency (ID,disciplineID,departmentID,courseNumber,semesterNumber) VALUES ('3020','3020','42','1','1');
INSERT INTO disciplineDepartmentDependency (ID,disciplineID,departmentID,courseNumber,semesterNumber) VALUES ('3021','3021','42','2','2');
INSERT INTO disciplineDepartmentDependency (ID,disciplineID,departmentID,courseNumber,semesterNumber) VALUES ('3022','3022','42','3','1');
INSERT INTO disciplineDepartmentDependency (ID,disciplineID,departmentID,courseNumber,semesterNumber) VALUES ('3023','3023','42','4','2');
INSERT INTO disciplineDepartmentDependency (ID,disciplineID,departmentID,courseNumber,semesterNumber) VALUES ('3024','3024','42','5','1');
INSERT INTO disciplineDepartmentDependency (ID,disciplineID,departmentID,courseNumber,semesterNumber) VALUES ('3025','3025','42','6','2');
INSERT INTO disciplineDepartmentDependency (ID,disciplineID,departmentID,courseNumber,semesterNumber) VALUES ('3026','3026','42','1','1');
INSERT INTO disciplineDepartmentDependency (ID,disciplineID,departmentID,courseNumber,semesterNumber) VALUES ('3027','3027','42','2','2');
INSERT INTO disciplineDepartmentDependency (ID,disciplineID,departmentID,courseNumber,semesterNumber) VALUES ('3028','3028','42','3','1');
INSERT INTO disciplineDepartmentDependency (ID,disciplineID,departmentID,courseNumber,semesterNumber) VALUES ('3029','3029','42','4','2');
INSERT INTO disciplineDepartmentDependency (ID,disciplineID,departmentID,courseNumber,semesterNumber) VALUES ('3030','3030','42','5','1');
INSERT INTO disciplineDepartmentDependency (ID,disciplineID,departmentID,courseNumber,semesterNumber) VALUES ('3031','3031','42','6','2');
INSERT INTO disciplineDepartmentDependency (ID,disciplineID,departmentID,courseNumber,semesterNumber) VALUES ('3032','3032','42','1','1');
INSERT INTO disciplineDepartmentDependency (ID,disciplineID,departmentID,courseNumber,semesterNumber) VALUES ('3033','3033','42','2','2');
INSERT INTO disciplineDepartmentDependency (ID,disciplineID,departmentID,courseNumber,semesterNumber) VALUES ('3034','3034','42','3','1');
INSERT INTO disciplineDepartmentDependency (ID,disciplineID,departmentID,courseNumber,semesterNumber) VALUES ('3035','3035','42','4','2');
INSERT INTO disciplineDepartmentDependency (ID,disciplineID,departmentID,courseNumber,semesterNumber) VALUES ('3036','3036','42','5','1');
INSERT INTO disciplineDepartmentDependency (ID,disciplineID,departmentID,courseNumber,semesterNumber) VALUES ('3037','3037','42','6','2');
INSERT INTO disciplineDepartmentDependency (ID,disciplineID,departmentID,courseNumber,semesterNumber) VALUES ('3038','3038','42','1','1');
INSERT INTO disciplineDepartmentDependency (ID,disciplineID,departmentID,courseNumber,semesterNumber) VALUES ('3039','3039','42','2','2');
INSERT INTO disciplineDepartmentDependency (ID,disciplineID,departmentID,courseNumber,semesterNumber) VALUES ('3040','3040','42','3','1');
INSERT INTO disciplineDepartmentDependency (ID,disciplineID,departmentID,courseNumber,semesterNumber) VALUES ('3041','3041','42','4','2');
INSERT INTO disciplineDepartmentDependency (ID,disciplineID,departmentID,courseNumber,semesterNumber) VALUES ('3042','3042','42','5','1');
INSERT INTO disciplineDepartmentDependency (ID,disciplineID,departmentID,courseNumber,semesterNumber) VALUES ('3043','3043','42','6','2');
INSERT INTO disciplineDepartmentDependency (ID,disciplineID,departmentID,courseNumber,semesterNumber) VALUES ('3044','3044','42','1','1');
INSERT INTO disciplineDepartmentDependency (ID,disciplineID,departmentID,courseNumber,semesterNumber) VALUES ('3045','3045','42','2','2');
INSERT INTO disciplineDepartmentDependency (ID,disciplineID,departmentID,courseNumber,semesterNumber) VALUES ('3046','3046','42','3','1');
INSERT INTO disciplineDepartmentDependency (ID,disciplineID,departmentID,courseNumber,semesterNumber) VALUES ('3047','3047','42','4','2');
INSERT INTO disciplineDepartmentDependency (ID,disciplineID,departmentID,courseNumber,semesterNumber) VALUES ('3048','3048','42','5','1');
INSERT INTO disciplineDepartmentDependency (ID,disciplineID,departmentID,courseNumber,semesterNumber) VALUES ('3049','3049','42','6','2');
INSERT INTO disciplineDepartmentDependency (ID,disciplineID,departmentID,courseNumber,semesterNumber) VALUES ('3050','3050','42','1','1');
INSERT INTO disciplineDepartmentDependency (ID,disciplineID,departmentID,courseNumber,semesterNumber) VALUES ('3051','3051','42','2','2');
INSERT INTO disciplineDepartmentDependency (ID,disciplineID,departmentID,courseNumber,semesterNumber) VALUES ('3052','3052','42','3','1');
INSERT INTO disciplineDepartmentDependency (ID,disciplineID,departmentID,courseNumber,semesterNumber) VALUES ('3053','3053','42','4','2');
INSERT INTO disciplineDepartmentDependency (ID,disciplineID,departmentID,courseNumber,semesterNumber) VALUES ('3054','3054','42','5','1');
INSERT INTO disciplineDepartmentDependency (ID,disciplineID,departmentID,courseNumber,semesterNumber) VALUES ('3055','3055','42','6','2');
INSERT INTO disciplineDepartmentDependency (ID,disciplineID,departmentID,courseNumber,semesterNumber) VALUES ('3056','3056','42','1','1');
INSERT INTO disciplineDepartmentDependency (ID,disciplineID,departmentID,courseNumber,semesterNumber) VALUES ('3057','3057','42','2','2');
INSERT INTO disciplineDepartmentDependency (ID,disciplineID,departmentID,courseNumber,semesterNumber) VALUES ('3058','3058','42','3','1');
INSERT INTO disciplineDepartmentDependency (ID,disciplineID,departmentID,courseNumber,semesterNumber) VALUES ('3059','3059','42','4','2');
INSERT INTO disciplineDepartmentDependency (ID,disciplineID,departmentID,courseNumber,semesterNumber) VALUES ('3060','3060','42','5','1');
INSERT INTO disciplineDepartmentDependency (ID,disciplineID,departmentID,courseNumber,semesterNumber) VALUES ('3061','3061','42','6','2');
INSERT INTO disciplineDepartmentDependency (ID,disciplineID,departmentID,courseNumber,semesterNumber) VALUES ('3062','3062','42','1','1');
INSERT INTO disciplineDepartmentDependency (ID,disciplineID,departmentID,courseNumber,semesterNumber) VALUES ('3063','3063','42','2','2');
INSERT INTO disciplineDepartmentDependency (ID,disciplineID,departmentID,courseNumber,semesterNumber) VALUES ('3064','3064','42','3','1');
INSERT INTO disciplineDepartmentDependency (ID,disciplineID,departmentID,courseNumber,semesterNumber) VALUES ('3065','3065','42','4','2');
INSERT INTO loginpass (ID,login,password,access_type) VALUES ('108','DOBROMXSLSOROKA@freeserve.co.uk','l#Aq#PFM','employee');
INSERT INTO employee (name,lastName,fathersName,personalID,sex,email,phoneNumber,dateOfBorn,address,passport,login,office,ID,departmentID) VALUES ('Добромисл','СОРОКА','Григорович','4625374405','m','DOBROMXSLSOROKA@freeserve.co.uk','0393551134','1992-04-04','33528 Ковель Автомобілістів 31, 63','MI433187 ГУМВС 27','DOBROMXSLSOROKA@freeserve.co.uk','HR','103','42');
INSERT INTO loginpass (ID,login,password,access_type) VALUES ('109','GORXSLAVABILXK@blueyonder.co.uk','2Vdv0nE8','employee');
INSERT INTO employee (name,lastName,fathersName,personalID,sex,email,phoneNumber,dateOfBorn,address,passport,login,office,ID,departmentID) VALUES ('Горислава','БІЛИК','Хомівна','3400248336','f','GORXSLAVABILXK@blueyonder.co.uk','0917810805','1975-11-13','40687 Біла Церква 700-річчя Черкас 24, 1','RX767338 ГУМВС 10','GORXSLAVABILXK@blueyonder.co.uk','HR','104','42');
INSERT INTO loginpass (ID,login,password,access_type) VALUES ('110','BOGUSLAVGOLUB@wanadoo.fr','SdZoe!iL','employee');
INSERT INTO employee (name,lastName,fathersName,personalID,sex,email,phoneNumber,dateOfBorn,address,passport,login,office,ID,departmentID) VALUES ('Богуслав','ГОЛУБ','Миколайович','3868841348','m','BOGUSLAVGOLUB@wanadoo.fr','0662467656','1973-03-20','14211 Лубни Айвазовського 30, 180','KG137144 ГУМВС 38','BOGUSLAVGOLUB@wanadoo.fr','HR','105','42');
INSERT INTO gtgroup (id,fullGroupName,courseNumber,departmentID) VALUES ('462','3-10','1','42');
INSERT INTO gtgroup (id,fullGroupName,courseNumber,departmentID) VALUES ('463','3-20','2','42');
INSERT INTO gtgroup (id,fullGroupName,courseNumber,departmentID) VALUES ('464','3-30','3','42');
INSERT INTO gtgroup (id,fullGroupName,courseNumber,departmentID) VALUES ('465','3-40','4','42');
INSERT INTO gtgroup (id,fullGroupName,courseNumber,departmentID) VALUES ('466','3-50','5','42');
INSERT INTO gtgroup (id,fullGroupName,courseNumber,departmentID) VALUES ('467','3-60','6','42');
INSERT INTO dayRequirements (id,departmentID,countOfDaysInWeek,countOfLessonsInADay) VALUES ('42','43','6','5');
INSERT INTO discipline (id,nameOfDiscipline,countOfLessons,exam) VALUES ('3066','Discipline 2-0','15','no');
INSERT INTO discipline (id,nameOfDiscipline,countOfLessons,exam) VALUES ('3067','Discipline 2-1','15','no');
INSERT INTO discipline (id,nameOfDiscipline,countOfLessons,exam) VALUES ('3068','Discipline 2-2','15','no');
INSERT INTO discipline (id,nameOfDiscipline,countOfLessons,exam) VALUES ('3069','Discipline 2-3','15','no');
INSERT INTO discipline (id,nameOfDiscipline,countOfLessons,exam) VALUES ('3070','Discipline 2-4','15','no');
INSERT INTO discipline (id,nameOfDiscipline,countOfLessons,exam) VALUES ('3071','Discipline 2-5','15','no');
INSERT INTO discipline (id,nameOfDiscipline,countOfLessons,exam) VALUES ('3072','Discipline 2-6','15','no');
INSERT INTO discipline (id,nameOfDiscipline,countOfLessons,exam) VALUES ('3073','Discipline 2-7','15','no');
INSERT INTO discipline (id,nameOfDiscipline,countOfLessons,exam) VALUES ('3074','Discipline 2-8','15','no');
INSERT INTO discipline (id,nameOfDiscipline,countOfLessons,exam) VALUES ('3075','Discipline 2-9','15','no');
INSERT INTO discipline (id,nameOfDiscipline,countOfLessons,exam) VALUES ('3076','Discipline 2-10','15','no');
INSERT INTO discipline (id,nameOfDiscipline,countOfLessons,exam) VALUES ('3077','Discipline 2-11','15','no');
INSERT INTO discipline (id,nameOfDiscipline,countOfLessons,exam) VALUES ('3078','Discipline 2-12','15','no');
INSERT INTO discipline (id,nameOfDiscipline,countOfLessons,exam) VALUES ('3079','Discipline 2-13','15','no');
INSERT INTO discipline (id,nameOfDiscipline,countOfLessons,exam) VALUES ('3080','Discipline 2-14','15','no');
INSERT INTO discipline (id,nameOfDiscipline,countOfLessons,exam) VALUES ('3081','Discipline 2-15','15','no');
INSERT INTO discipline (id,nameOfDiscipline,countOfLessons,exam) VALUES ('3082','Discipline 2-16','15','no');
INSERT INTO discipline (id,nameOfDiscipline,countOfLessons,exam) VALUES ('3083','Discipline 2-17','15','no');
INSERT INTO discipline (id,nameOfDiscipline,countOfLessons,exam) VALUES ('3084','Discipline 2-18','15','no');
INSERT INTO discipline (id,nameOfDiscipline,countOfLessons,exam) VALUES ('3085','Discipline 2-19','15','no');
INSERT INTO discipline (id,nameOfDiscipline,countOfLessons,exam) VALUES ('3086','Discipline 2-20','15','no');
INSERT INTO discipline (id,nameOfDiscipline,countOfLessons,exam) VALUES ('3087','Discipline 2-21','15','no');
INSERT INTO discipline (id,nameOfDiscipline,countOfLessons,exam) VALUES ('3088','Discipline 2-22','15','no');
INSERT INTO discipline (id,nameOfDiscipline,countOfLessons,exam) VALUES ('3089','Discipline 2-23','15','no');
INSERT INTO discipline (id,nameOfDiscipline,countOfLessons,exam) VALUES ('3090','Discipline 2-24','15','no');
INSERT INTO discipline (id,nameOfDiscipline,countOfLessons,exam) VALUES ('3091','Discipline 2-25','15','no');
INSERT INTO discipline (id,nameOfDiscipline,countOfLessons,exam) VALUES ('3092','Discipline 2-26','15','no');
INSERT INTO discipline (id,nameOfDiscipline,countOfLessons,exam) VALUES ('3093','Discipline 2-27','15','no');
INSERT INTO discipline (id,nameOfDiscipline,countOfLessons,exam) VALUES ('3094','Discipline 2-28','15','no');
INSERT INTO discipline (id,nameOfDiscipline,countOfLessons,exam) VALUES ('3095','Discipline 2-29','15','no');
INSERT INTO discipline (id,nameOfDiscipline,countOfLessons,exam) VALUES ('3096','Discipline 2-30','15','no');
INSERT INTO discipline (id,nameOfDiscipline,countOfLessons,exam) VALUES ('3097','Discipline 2-31','15','no');
INSERT INTO discipline (id,nameOfDiscipline,countOfLessons,exam) VALUES ('3098','Discipline 2-32','15','no');
INSERT INTO discipline (id,nameOfDiscipline,countOfLessons,exam) VALUES ('3099','Discipline 2-33','15','no');
INSERT INTO discipline (id,nameOfDiscipline,countOfLessons,exam) VALUES ('3100','Discipline 2-34','15','no');
INSERT INTO discipline (id,nameOfDiscipline,countOfLessons,exam) VALUES ('3101','Discipline 2-35','15','no');
INSERT INTO discipline (id,nameOfDiscipline,countOfLessons,exam) VALUES ('3102','Discipline 2-36','15','no');
INSERT INTO discipline (id,nameOfDiscipline,countOfLessons,exam) VALUES ('3103','Discipline 2-37','15','no');
INSERT INTO discipline (id,nameOfDiscipline,countOfLessons,exam) VALUES ('3104','Discipline 2-38','15','no');
INSERT INTO discipline (id,nameOfDiscipline,countOfLessons,exam) VALUES ('3105','Discipline 2-39','15','no');
INSERT INTO discipline (id,nameOfDiscipline,countOfLessons,exam) VALUES ('3106','Discipline 2-40','15','no');
INSERT INTO discipline (id,nameOfDiscipline,countOfLessons,exam) VALUES ('3107','Discipline 2-41','15','no');
INSERT INTO discipline (id,nameOfDiscipline,countOfLessons,exam) VALUES ('3108','Discipline 2-42','15','no');
INSERT INTO discipline (id,nameOfDiscipline,countOfLessons,exam) VALUES ('3109','Discipline 2-43','15','no');
INSERT INTO discipline (id,nameOfDiscipline,countOfLessons,exam) VALUES ('3110','Discipline 2-44','15','no');
INSERT INTO discipline (id,nameOfDiscipline,countOfLessons,exam) VALUES ('3111','Discipline 2-45','15','no');
INSERT INTO discipline (id,nameOfDiscipline,countOfLessons,exam) VALUES ('3112','Discipline 2-46','15','no');
INSERT INTO discipline (id,nameOfDiscipline,countOfLessons,exam) VALUES ('3113','Discipline 2-47','15','no');
INSERT INTO discipline (id,nameOfDiscipline,countOfLessons,exam) VALUES ('3114','Discipline 2-48','15','no');
INSERT INTO discipline (id,nameOfDiscipline,countOfLessons,exam) VALUES ('3115','Discipline 2-49','15','no');
INSERT INTO discipline (id,nameOfDiscipline,countOfLessons,exam) VALUES ('3116','Discipline 2-50','15','no');
INSERT INTO discipline (id,nameOfDiscipline,countOfLessons,exam) VALUES ('3117','Discipline 2-51','15','no');
INSERT INTO discipline (id,nameOfDiscipline,countOfLessons,exam) VALUES ('3118','Discipline 2-52','15','no');
INSERT INTO discipline (id,nameOfDiscipline,countOfLessons,exam) VALUES ('3119','Discipline 2-53','15','no');
INSERT INTO discipline (id,nameOfDiscipline,countOfLessons,exam) VALUES ('3120','Discipline 2-54','15','no');
INSERT INTO discipline (id,nameOfDiscipline,countOfLessons,exam) VALUES ('3121','Discipline 2-55','15','no');
INSERT INTO discipline (id,nameOfDiscipline,countOfLessons,exam) VALUES ('3122','Discipline 2-56','15','no');
INSERT INTO discipline (id,nameOfDiscipline,countOfLessons,exam) VALUES ('3123','Discipline 2-57','15','no');
INSERT INTO discipline (id,nameOfDiscipline,countOfLessons,exam) VALUES ('3124','Discipline 2-58','15','no');
INSERT INTO discipline (id,nameOfDiscipline,countOfLessons,exam) VALUES ('3125','Discipline 2-59','15','no');
INSERT INTO discipline (id,nameOfDiscipline,countOfLessons,exam) VALUES ('3126','Discipline 2-60','15','no');
INSERT INTO discipline (id,nameOfDiscipline,countOfLessons,exam) VALUES ('3127','Discipline 2-61','15','no');
INSERT INTO discipline (id,nameOfDiscipline,countOfLessons,exam) VALUES ('3128','Discipline 2-62','15','no');
INSERT INTO discipline (id,nameOfDiscipline,countOfLessons,exam) VALUES ('3129','Discipline 2-63','15','no');
INSERT INTO discipline (id,nameOfDiscipline,countOfLessons,exam) VALUES ('3130','Discipline 2-64','15','no');
INSERT INTO discipline (id,nameOfDiscipline,countOfLessons,exam) VALUES ('3131','Discipline 2-65','15','no');
INSERT INTO discipline (id,nameOfDiscipline,countOfLessons,exam) VALUES ('3132','Discipline 2-66','15','no');
INSERT INTO discipline (id,nameOfDiscipline,countOfLessons,exam) VALUES ('3133','Discipline 2-67','15','no');
INSERT INTO discipline (id,nameOfDiscipline,countOfLessons,exam) VALUES ('3134','Discipline 2-68','15','no');
INSERT INTO discipline (id,nameOfDiscipline,countOfLessons,exam) VALUES ('3135','Discipline 2-69','15','no');
INSERT INTO discipline (id,nameOfDiscipline,countOfLessons,exam) VALUES ('3136','Discipline 2-70','15','no');
INSERT INTO disciplineDepartmentDependency (ID,disciplineID,departmentID,courseNumber,semesterNumber) VALUES ('3066','3066','43','1','1');
INSERT INTO disciplineDepartmentDependency (ID,disciplineID,departmentID,courseNumber,semesterNumber) VALUES ('3067','3067','43','2','2');
INSERT INTO disciplineDepartmentDependency (ID,disciplineID,departmentID,courseNumber,semesterNumber) VALUES ('3068','3068','43','3','1');
INSERT INTO disciplineDepartmentDependency (ID,disciplineID,departmentID,courseNumber,semesterNumber) VALUES ('3069','3069','43','4','2');
INSERT INTO disciplineDepartmentDependency (ID,disciplineID,departmentID,courseNumber,semesterNumber) VALUES ('3070','3070','43','5','1');
INSERT INTO disciplineDepartmentDependency (ID,disciplineID,departmentID,courseNumber,semesterNumber) VALUES ('3071','3071','43','6','2');
INSERT INTO disciplineDepartmentDependency (ID,disciplineID,departmentID,courseNumber,semesterNumber) VALUES ('3072','3072','43','1','1');
INSERT INTO disciplineDepartmentDependency (ID,disciplineID,departmentID,courseNumber,semesterNumber) VALUES ('3073','3073','43','2','2');
INSERT INTO disciplineDepartmentDependency (ID,disciplineID,departmentID,courseNumber,semesterNumber) VALUES ('3074','3074','43','3','1');
INSERT INTO disciplineDepartmentDependency (ID,disciplineID,departmentID,courseNumber,semesterNumber) VALUES ('3075','3075','43','4','2');
INSERT INTO disciplineDepartmentDependency (ID,disciplineID,departmentID,courseNumber,semesterNumber) VALUES ('3076','3076','43','5','1');
INSERT INTO disciplineDepartmentDependency (ID,disciplineID,departmentID,courseNumber,semesterNumber) VALUES ('3077','3077','43','6','2');
INSERT INTO disciplineDepartmentDependency (ID,disciplineID,departmentID,courseNumber,semesterNumber) VALUES ('3078','3078','43','1','1');
INSERT INTO disciplineDepartmentDependency (ID,disciplineID,departmentID,courseNumber,semesterNumber) VALUES ('3079','3079','43','2','2');
INSERT INTO disciplineDepartmentDependency (ID,disciplineID,departmentID,courseNumber,semesterNumber) VALUES ('3080','3080','43','3','1');
INSERT INTO disciplineDepartmentDependency (ID,disciplineID,departmentID,courseNumber,semesterNumber) VALUES ('3081','3081','43','4','2');
INSERT INTO disciplineDepartmentDependency (ID,disciplineID,departmentID,courseNumber,semesterNumber) VALUES ('3082','3082','43','5','1');
INSERT INTO disciplineDepartmentDependency (ID,disciplineID,departmentID,courseNumber,semesterNumber) VALUES ('3083','3083','43','6','2');
INSERT INTO disciplineDepartmentDependency (ID,disciplineID,departmentID,courseNumber,semesterNumber) VALUES ('3084','3084','43','1','1');
INSERT INTO disciplineDepartmentDependency (ID,disciplineID,departmentID,courseNumber,semesterNumber) VALUES ('3085','3085','43','2','2');
INSERT INTO disciplineDepartmentDependency (ID,disciplineID,departmentID,courseNumber,semesterNumber) VALUES ('3086','3086','43','3','1');
INSERT INTO disciplineDepartmentDependency (ID,disciplineID,departmentID,courseNumber,semesterNumber) VALUES ('3087','3087','43','4','2');
INSERT INTO disciplineDepartmentDependency (ID,disciplineID,departmentID,courseNumber,semesterNumber) VALUES ('3088','3088','43','5','1');
INSERT INTO disciplineDepartmentDependency (ID,disciplineID,departmentID,courseNumber,semesterNumber) VALUES ('3089','3089','43','6','2');
INSERT INTO disciplineDepartmentDependency (ID,disciplineID,departmentID,courseNumber,semesterNumber) VALUES ('3090','3090','43','1','1');
INSERT INTO disciplineDepartmentDependency (ID,disciplineID,departmentID,courseNumber,semesterNumber) VALUES ('3091','3091','43','2','2');
INSERT INTO disciplineDepartmentDependency (ID,disciplineID,departmentID,courseNumber,semesterNumber) VALUES ('3092','3092','43','3','1');
INSERT INTO disciplineDepartmentDependency (ID,disciplineID,departmentID,courseNumber,semesterNumber) VALUES ('3093','3093','43','4','2');
INSERT INTO disciplineDepartmentDependency (ID,disciplineID,departmentID,courseNumber,semesterNumber) VALUES ('3094','3094','43','5','1');
INSERT INTO disciplineDepartmentDependency (ID,disciplineID,departmentID,courseNumber,semesterNumber) VALUES ('3095','3095','43','6','2');
INSERT INTO disciplineDepartmentDependency (ID,disciplineID,departmentID,courseNumber,semesterNumber) VALUES ('3096','3096','43','1','1');
INSERT INTO disciplineDepartmentDependency (ID,disciplineID,departmentID,courseNumber,semesterNumber) VALUES ('3097','3097','43','2','2');
INSERT INTO disciplineDepartmentDependency (ID,disciplineID,departmentID,courseNumber,semesterNumber) VALUES ('3098','3098','43','3','1');
INSERT INTO disciplineDepartmentDependency (ID,disciplineID,departmentID,courseNumber,semesterNumber) VALUES ('3099','3099','43','4','2');
INSERT INTO disciplineDepartmentDependency (ID,disciplineID,departmentID,courseNumber,semesterNumber) VALUES ('3100','3100','43','5','1');
INSERT INTO disciplineDepartmentDependency (ID,disciplineID,departmentID,courseNumber,semesterNumber) VALUES ('3101','3101','43','6','2');
INSERT INTO disciplineDepartmentDependency (ID,disciplineID,departmentID,courseNumber,semesterNumber) VALUES ('3102','3102','43','1','1');
INSERT INTO disciplineDepartmentDependency (ID,disciplineID,departmentID,courseNumber,semesterNumber) VALUES ('3103','3103','43','2','2');
INSERT INTO disciplineDepartmentDependency (ID,disciplineID,departmentID,courseNumber,semesterNumber) VALUES ('3104','3104','43','3','1');
INSERT INTO disciplineDepartmentDependency (ID,disciplineID,departmentID,courseNumber,semesterNumber) VALUES ('3105','3105','43','4','2');
INSERT INTO disciplineDepartmentDependency (ID,disciplineID,departmentID,courseNumber,semesterNumber) VALUES ('3106','3106','43','5','1');
INSERT INTO disciplineDepartmentDependency (ID,disciplineID,departmentID,courseNumber,semesterNumber) VALUES ('3107','3107','43','6','2');
INSERT INTO disciplineDepartmentDependency (ID,disciplineID,departmentID,courseNumber,semesterNumber) VALUES ('3108','3108','43','1','1');
INSERT INTO disciplineDepartmentDependency (ID,disciplineID,departmentID,courseNumber,semesterNumber) VALUES ('3109','3109','43','2','2');
INSERT INTO disciplineDepartmentDependency (ID,disciplineID,departmentID,courseNumber,semesterNumber) VALUES ('3110','3110','43','3','1');
INSERT INTO disciplineDepartmentDependency (ID,disciplineID,departmentID,courseNumber,semesterNumber) VALUES ('3111','3111','43','4','2');
INSERT INTO disciplineDepartmentDependency (ID,disciplineID,departmentID,courseNumber,semesterNumber) VALUES ('3112','3112','43','5','1');
INSERT INTO disciplineDepartmentDependency (ID,disciplineID,departmentID,courseNumber,semesterNumber) VALUES ('3113','3113','43','6','2');
INSERT INTO disciplineDepartmentDependency (ID,disciplineID,departmentID,courseNumber,semesterNumber) VALUES ('3114','3114','43','1','1');
INSERT INTO disciplineDepartmentDependency (ID,disciplineID,departmentID,courseNumber,semesterNumber) VALUES ('3115','3115','43','2','2');
INSERT INTO disciplineDepartmentDependency (ID,disciplineID,departmentID,courseNumber,semesterNumber) VALUES ('3116','3116','43','3','1');
INSERT INTO disciplineDepartmentDependency (ID,disciplineID,departmentID,courseNumber,semesterNumber) VALUES ('3117','3117','43','4','2');
INSERT INTO disciplineDepartmentDependency (ID,disciplineID,departmentID,courseNumber,semesterNumber) VALUES ('3118','3118','43','5','1');
INSERT INTO disciplineDepartmentDependency (ID,disciplineID,departmentID,courseNumber,semesterNumber) VALUES ('3119','3119','43','6','2');
INSERT INTO disciplineDepartmentDependency (ID,disciplineID,departmentID,courseNumber,semesterNumber) VALUES ('3120','3120','43','1','1');
INSERT INTO disciplineDepartmentDependency (ID,disciplineID,departmentID,courseNumber,semesterNumber) VALUES ('3121','3121','43','2','2');
INSERT INTO disciplineDepartmentDependency (ID,disciplineID,departmentID,courseNumber,semesterNumber) VALUES ('3122','3122','43','3','1');
INSERT INTO disciplineDepartmentDependency (ID,disciplineID,departmentID,courseNumber,semesterNumber) VALUES ('3123','3123','43','4','2');
INSERT INTO disciplineDepartmentDependency (ID,disciplineID,departmentID,courseNumber,semesterNumber) VALUES ('3124','3124','43','5','1');
INSERT INTO disciplineDepartmentDependency (ID,disciplineID,departmentID,courseNumber,semesterNumber) VALUES ('3125','3125','43','6','2');
INSERT INTO disciplineDepartmentDependency (ID,disciplineID,departmentID,courseNumber,semesterNumber) VALUES ('3126','3126','43','1','1');
INSERT INTO disciplineDepartmentDependency (ID,disciplineID,departmentID,courseNumber,semesterNumber) VALUES ('3127','3127','43','2','2');
INSERT INTO disciplineDepartmentDependency (ID,disciplineID,departmentID,courseNumber,semesterNumber) VALUES ('3128','3128','43','3','1');
INSERT INTO disciplineDepartmentDependency (ID,disciplineID,departmentID,courseNumber,semesterNumber) VALUES ('3129','3129','43','4','2');
INSERT INTO disciplineDepartmentDependency (ID,disciplineID,departmentID,courseNumber,semesterNumber) VALUES ('3130','3130','43','5','1');
INSERT INTO disciplineDepartmentDependency (ID,disciplineID,departmentID,courseNumber,semesterNumber) VALUES ('3131','3131','43','6','2');
INSERT INTO disciplineDepartmentDependency (ID,disciplineID,departmentID,courseNumber,semesterNumber) VALUES ('3132','3132','43','1','1');
INSERT INTO disciplineDepartmentDependency (ID,disciplineID,departmentID,courseNumber,semesterNumber) VALUES ('3133','3133','43','2','2');
INSERT INTO disciplineDepartmentDependency (ID,disciplineID,departmentID,courseNumber,semesterNumber) VALUES ('3134','3134','43','3','1');
INSERT INTO disciplineDepartmentDependency (ID,disciplineID,departmentID,courseNumber,semesterNumber) VALUES ('3135','3135','43','4','2');
INSERT INTO disciplineDepartmentDependency (ID,disciplineID,departmentID,courseNumber,semesterNumber) VALUES ('3136','3136','43','5','1');
INSERT INTO loginpass (ID,login,password,access_type) VALUES ('111','VISTAJUK@freeserve.co.uk','rPCxgDvX','employee');
INSERT INTO employee (name,lastName,fathersName,personalID,sex,email,phoneNumber,dateOfBorn,address,passport,login,office,ID,departmentID) VALUES ('Віста','ЖУК','Миколаївна','1268227705','f','VISTAJUK@freeserve.co.uk','0965375071','1961-07-21','28264 Бровари Бородіна 38, 178','HO581125 ГУМВС 34','VISTAJUK@freeserve.co.uk','HR','106','43');
INSERT INTO loginpass (ID,login,password,access_type) VALUES ('112','BOJEDARAROMANENKO@hotmail.fr','HWXjbmI4','employee');
INSERT INTO employee (name,lastName,fathersName,personalID,sex,email,phoneNumber,dateOfBorn,address,passport,login,office,ID,departmentID) VALUES ('Божедара,','РОМАНЕНКО','Іллівна','4207603008','f','BOJEDARAROMANENKO@hotmail.fr','0965047707','1992-11-27','84814 Чернівці Василицька 52, 89','ME121777 ГУМВС 31','BOJEDARAROMANENKO@hotmail.fr','HR','107','43');
INSERT INTO gtgroup (id,fullGroupName,courseNumber,departmentID) VALUES ('468','2-10','1','43');
INSERT INTO gtgroup (id,fullGroupName,courseNumber,departmentID) VALUES ('469','2-11','1','43');
INSERT INTO gtgroup (id,fullGroupName,courseNumber,departmentID) VALUES ('470','2-12','1','43');
INSERT INTO gtgroup (id,fullGroupName,courseNumber,departmentID) VALUES ('471','2-20','2','43');
INSERT INTO gtgroup (id,fullGroupName,courseNumber,departmentID) VALUES ('472','2-21','2','43');
INSERT INTO gtgroup (id,fullGroupName,courseNumber,departmentID) VALUES ('473','2-22','2','43');
INSERT INTO gtgroup (id,fullGroupName,courseNumber,departmentID) VALUES ('474','2-30','3','43');
INSERT INTO gtgroup (id,fullGroupName,courseNumber,departmentID) VALUES ('475','2-31','3','43');
INSERT INTO gtgroup (id,fullGroupName,courseNumber,departmentID) VALUES ('476','2-32','3','43');
INSERT INTO gtgroup (id,fullGroupName,courseNumber,departmentID) VALUES ('477','2-40','4','43');
INSERT INTO gtgroup (id,fullGroupName,courseNumber,departmentID) VALUES ('478','2-41','4','43');
INSERT INTO gtgroup (id,fullGroupName,courseNumber,departmentID) VALUES ('479','2-42','4','43');
INSERT INTO gtgroup (id,fullGroupName,courseNumber,departmentID) VALUES ('480','2-50','5','43');
INSERT INTO gtgroup (id,fullGroupName,courseNumber,departmentID) VALUES ('481','2-51','5','43');
INSERT INTO gtgroup (id,fullGroupName,courseNumber,departmentID) VALUES ('482','2-52','5','43');
INSERT INTO gtgroup (id,fullGroupName,courseNumber,departmentID) VALUES ('483','2-60','6','43');
INSERT INTO gtgroup (id,fullGroupName,courseNumber,departmentID) VALUES ('484','2-61','6','43');
INSERT INTO gtgroup (id,fullGroupName,courseNumber,departmentID) VALUES ('485','2-62','6','43');
INSERT INTO dayRequirements (id,departmentID,countOfDaysInWeek,countOfLessonsInADay) VALUES ('43','44','6','5');
INSERT INTO discipline (id,nameOfDiscipline,countOfLessons,exam) VALUES ('3137','Discipline 4-0','15','no');
INSERT INTO discipline (id,nameOfDiscipline,countOfLessons,exam) VALUES ('3138','Discipline 4-1','15','no');
INSERT INTO discipline (id,nameOfDiscipline,countOfLessons,exam) VALUES ('3139','Discipline 4-2','15','no');
INSERT INTO discipline (id,nameOfDiscipline,countOfLessons,exam) VALUES ('3140','Discipline 4-3','15','no');
INSERT INTO discipline (id,nameOfDiscipline,countOfLessons,exam) VALUES ('3141','Discipline 4-4','15','no');
INSERT INTO discipline (id,nameOfDiscipline,countOfLessons,exam) VALUES ('3142','Discipline 4-5','15','no');
INSERT INTO discipline (id,nameOfDiscipline,countOfLessons,exam) VALUES ('3143','Discipline 4-6','15','no');
INSERT INTO discipline (id,nameOfDiscipline,countOfLessons,exam) VALUES ('3144','Discipline 4-7','15','no');
INSERT INTO discipline (id,nameOfDiscipline,countOfLessons,exam) VALUES ('3145','Discipline 4-8','15','no');
INSERT INTO discipline (id,nameOfDiscipline,countOfLessons,exam) VALUES ('3146','Discipline 4-9','15','no');
INSERT INTO discipline (id,nameOfDiscipline,countOfLessons,exam) VALUES ('3147','Discipline 4-10','15','no');
INSERT INTO discipline (id,nameOfDiscipline,countOfLessons,exam) VALUES ('3148','Discipline 4-11','15','no');
INSERT INTO discipline (id,nameOfDiscipline,countOfLessons,exam) VALUES ('3149','Discipline 4-12','15','no');
INSERT INTO discipline (id,nameOfDiscipline,countOfLessons,exam) VALUES ('3150','Discipline 4-13','15','no');
INSERT INTO discipline (id,nameOfDiscipline,countOfLessons,exam) VALUES ('3151','Discipline 4-14','15','no');
INSERT INTO discipline (id,nameOfDiscipline,countOfLessons,exam) VALUES ('3152','Discipline 4-15','15','no');
INSERT INTO discipline (id,nameOfDiscipline,countOfLessons,exam) VALUES ('3153','Discipline 4-16','15','no');
INSERT INTO discipline (id,nameOfDiscipline,countOfLessons,exam) VALUES ('3154','Discipline 4-17','15','no');
INSERT INTO discipline (id,nameOfDiscipline,countOfLessons,exam) VALUES ('3155','Discipline 4-18','15','no');
INSERT INTO discipline (id,nameOfDiscipline,countOfLessons,exam) VALUES ('3156','Discipline 4-19','15','no');
INSERT INTO discipline (id,nameOfDiscipline,countOfLessons,exam) VALUES ('3157','Discipline 4-20','15','no');
INSERT INTO discipline (id,nameOfDiscipline,countOfLessons,exam) VALUES ('3158','Discipline 4-21','15','no');
INSERT INTO discipline (id,nameOfDiscipline,countOfLessons,exam) VALUES ('3159','Discipline 4-22','15','no');
INSERT INTO discipline (id,nameOfDiscipline,countOfLessons,exam) VALUES ('3160','Discipline 4-23','15','no');
INSERT INTO discipline (id,nameOfDiscipline,countOfLessons,exam) VALUES ('3161','Discipline 4-24','15','no');
INSERT INTO discipline (id,nameOfDiscipline,countOfLessons,exam) VALUES ('3162','Discipline 4-25','15','no');
INSERT INTO discipline (id,nameOfDiscipline,countOfLessons,exam) VALUES ('3163','Discipline 4-26','15','no');
INSERT INTO discipline (id,nameOfDiscipline,countOfLessons,exam) VALUES ('3164','Discipline 4-27','15','no');
INSERT INTO discipline (id,nameOfDiscipline,countOfLessons,exam) VALUES ('3165','Discipline 4-28','15','no');
INSERT INTO discipline (id,nameOfDiscipline,countOfLessons,exam) VALUES ('3166','Discipline 4-29','15','no');
INSERT INTO discipline (id,nameOfDiscipline,countOfLessons,exam) VALUES ('3167','Discipline 4-30','15','no');
INSERT INTO discipline (id,nameOfDiscipline,countOfLessons,exam) VALUES ('3168','Discipline 4-31','15','no');
INSERT INTO discipline (id,nameOfDiscipline,countOfLessons,exam) VALUES ('3169','Discipline 4-32','15','no');
INSERT INTO discipline (id,nameOfDiscipline,countOfLessons,exam) VALUES ('3170','Discipline 4-33','15','no');
INSERT INTO discipline (id,nameOfDiscipline,countOfLessons,exam) VALUES ('3171','Discipline 4-34','15','no');
INSERT INTO discipline (id,nameOfDiscipline,countOfLessons,exam) VALUES ('3172','Discipline 4-35','15','no');
INSERT INTO discipline (id,nameOfDiscipline,countOfLessons,exam) VALUES ('3173','Discipline 4-36','15','no');
INSERT INTO discipline (id,nameOfDiscipline,countOfLessons,exam) VALUES ('3174','Discipline 4-37','15','no');
INSERT INTO discipline (id,nameOfDiscipline,countOfLessons,exam) VALUES ('3175','Discipline 4-38','15','no');
INSERT INTO discipline (id,nameOfDiscipline,countOfLessons,exam) VALUES ('3176','Discipline 4-39','15','no');
INSERT INTO discipline (id,nameOfDiscipline,countOfLessons,exam) VALUES ('3177','Discipline 4-40','15','no');
INSERT INTO discipline (id,nameOfDiscipline,countOfLessons,exam) VALUES ('3178','Discipline 4-41','15','no');
INSERT INTO discipline (id,nameOfDiscipline,countOfLessons,exam) VALUES ('3179','Discipline 4-42','15','no');
INSERT INTO discipline (id,nameOfDiscipline,countOfLessons,exam) VALUES ('3180','Discipline 4-43','15','no');
INSERT INTO discipline (id,nameOfDiscipline,countOfLessons,exam) VALUES ('3181','Discipline 4-44','15','no');
INSERT INTO discipline (id,nameOfDiscipline,countOfLessons,exam) VALUES ('3182','Discipline 4-45','15','no');
INSERT INTO discipline (id,nameOfDiscipline,countOfLessons,exam) VALUES ('3183','Discipline 4-46','15','no');
INSERT INTO discipline (id,nameOfDiscipline,countOfLessons,exam) VALUES ('3184','Discipline 4-47','15','no');
INSERT INTO discipline (id,nameOfDiscipline,countOfLessons,exam) VALUES ('3185','Discipline 4-48','15','no');
INSERT INTO discipline (id,nameOfDiscipline,countOfLessons,exam) VALUES ('3186','Discipline 4-49','15','no');
INSERT INTO discipline (id,nameOfDiscipline,countOfLessons,exam) VALUES ('3187','Discipline 4-50','15','no');
INSERT INTO discipline (id,nameOfDiscipline,countOfLessons,exam) VALUES ('3188','Discipline 4-51','15','no');
INSERT INTO discipline (id,nameOfDiscipline,countOfLessons,exam) VALUES ('3189','Discipline 4-52','15','no');
INSERT INTO discipline (id,nameOfDiscipline,countOfLessons,exam) VALUES ('3190','Discipline 4-53','15','no');
INSERT INTO discipline (id,nameOfDiscipline,countOfLessons,exam) VALUES ('3191','Discipline 4-54','15','no');
INSERT INTO discipline (id,nameOfDiscipline,countOfLessons,exam) VALUES ('3192','Discipline 4-55','15','no');
INSERT INTO discipline (id,nameOfDiscipline,countOfLessons,exam) VALUES ('3193','Discipline 4-56','15','no');
INSERT INTO discipline (id,nameOfDiscipline,countOfLessons,exam) VALUES ('3194','Discipline 4-57','15','no');
INSERT INTO discipline (id,nameOfDiscipline,countOfLessons,exam) VALUES ('3195','Discipline 4-58','15','no');
INSERT INTO discipline (id,nameOfDiscipline,countOfLessons,exam) VALUES ('3196','Discipline 4-59','15','no');
INSERT INTO discipline (id,nameOfDiscipline,countOfLessons,exam) VALUES ('3197','Discipline 4-60','15','no');
INSERT INTO discipline (id,nameOfDiscipline,countOfLessons,exam) VALUES ('3198','Discipline 4-61','15','no');
INSERT INTO discipline (id,nameOfDiscipline,countOfLessons,exam) VALUES ('3199','Discipline 4-62','15','no');
INSERT INTO discipline (id,nameOfDiscipline,countOfLessons,exam) VALUES ('3200','Discipline 4-63','15','no');
INSERT INTO discipline (id,nameOfDiscipline,countOfLessons,exam) VALUES ('3201','Discipline 4-64','15','no');
INSERT INTO discipline (id,nameOfDiscipline,countOfLessons,exam) VALUES ('3202','Discipline 4-65','15','no');
INSERT INTO discipline (id,nameOfDiscipline,countOfLessons,exam) VALUES ('3203','Discipline 4-66','15','no');
INSERT INTO discipline (id,nameOfDiscipline,countOfLessons,exam) VALUES ('3204','Discipline 4-67','15','no');
INSERT INTO discipline (id,nameOfDiscipline,countOfLessons,exam) VALUES ('3205','Discipline 4-68','15','no');
INSERT INTO discipline (id,nameOfDiscipline,countOfLessons,exam) VALUES ('3206','Discipline 4-69','15','no');
INSERT INTO discipline (id,nameOfDiscipline,countOfLessons,exam) VALUES ('3207','Discipline 4-70','15','no');
INSERT INTO discipline (id,nameOfDiscipline,countOfLessons,exam) VALUES ('3208','Discipline 4-71','15','no');
INSERT INTO discipline (id,nameOfDiscipline,countOfLessons,exam) VALUES ('3209','Discipline 4-72','15','no');
INSERT INTO discipline (id,nameOfDiscipline,countOfLessons,exam) VALUES ('3210','Discipline 4-73','15','no');
INSERT INTO discipline (id,nameOfDiscipline,countOfLessons,exam) VALUES ('3211','Discipline 4-74','15','no');
INSERT INTO discipline (id,nameOfDiscipline,countOfLessons,exam) VALUES ('3212','Discipline 4-75','15','no');
INSERT INTO discipline (id,nameOfDiscipline,countOfLessons,exam) VALUES ('3213','Discipline 4-76','15','no');
INSERT INTO disciplineDepartmentDependency (ID,disciplineID,departmentID,courseNumber,semesterNumber) VALUES ('3137','3137','44','1','1');
INSERT INTO disciplineDepartmentDependency (ID,disciplineID,departmentID,courseNumber,semesterNumber) VALUES ('3138','3138','44','2','2');
INSERT INTO disciplineDepartmentDependency (ID,disciplineID,departmentID,courseNumber,semesterNumber) VALUES ('3139','3139','44','3','1');
INSERT INTO disciplineDepartmentDependency (ID,disciplineID,departmentID,courseNumber,semesterNumber) VALUES ('3140','3140','44','4','2');
INSERT INTO disciplineDepartmentDependency (ID,disciplineID,departmentID,courseNumber,semesterNumber) VALUES ('3141','3141','44','5','1');
INSERT INTO disciplineDepartmentDependency (ID,disciplineID,departmentID,courseNumber,semesterNumber) VALUES ('3142','3142','44','6','2');
INSERT INTO disciplineDepartmentDependency (ID,disciplineID,departmentID,courseNumber,semesterNumber) VALUES ('3143','3143','44','1','1');
INSERT INTO disciplineDepartmentDependency (ID,disciplineID,departmentID,courseNumber,semesterNumber) VALUES ('3144','3144','44','2','2');
INSERT INTO disciplineDepartmentDependency (ID,disciplineID,departmentID,courseNumber,semesterNumber) VALUES ('3145','3145','44','3','1');
INSERT INTO disciplineDepartmentDependency (ID,disciplineID,departmentID,courseNumber,semesterNumber) VALUES ('3146','3146','44','4','2');
INSERT INTO disciplineDepartmentDependency (ID,disciplineID,departmentID,courseNumber,semesterNumber) VALUES ('3147','3147','44','5','1');
INSERT INTO disciplineDepartmentDependency (ID,disciplineID,departmentID,courseNumber,semesterNumber) VALUES ('3148','3148','44','6','2');
INSERT INTO disciplineDepartmentDependency (ID,disciplineID,departmentID,courseNumber,semesterNumber) VALUES ('3149','3149','44','1','1');
INSERT INTO disciplineDepartmentDependency (ID,disciplineID,departmentID,courseNumber,semesterNumber) VALUES ('3150','3150','44','2','2');
INSERT INTO disciplineDepartmentDependency (ID,disciplineID,departmentID,courseNumber,semesterNumber) VALUES ('3151','3151','44','3','1');
INSERT INTO disciplineDepartmentDependency (ID,disciplineID,departmentID,courseNumber,semesterNumber) VALUES ('3152','3152','44','4','2');
INSERT INTO disciplineDepartmentDependency (ID,disciplineID,departmentID,courseNumber,semesterNumber) VALUES ('3153','3153','44','5','1');
INSERT INTO disciplineDepartmentDependency (ID,disciplineID,departmentID,courseNumber,semesterNumber) VALUES ('3154','3154','44','6','2');
INSERT INTO disciplineDepartmentDependency (ID,disciplineID,departmentID,courseNumber,semesterNumber) VALUES ('3155','3155','44','1','1');
INSERT INTO disciplineDepartmentDependency (ID,disciplineID,departmentID,courseNumber,semesterNumber) VALUES ('3156','3156','44','2','2');
INSERT INTO disciplineDepartmentDependency (ID,disciplineID,departmentID,courseNumber,semesterNumber) VALUES ('3157','3157','44','3','1');
INSERT INTO disciplineDepartmentDependency (ID,disciplineID,departmentID,courseNumber,semesterNumber) VALUES ('3158','3158','44','4','2');
INSERT INTO disciplineDepartmentDependency (ID,disciplineID,departmentID,courseNumber,semesterNumber) VALUES ('3159','3159','44','5','1');
INSERT INTO disciplineDepartmentDependency (ID,disciplineID,departmentID,courseNumber,semesterNumber) VALUES ('3160','3160','44','6','2');
INSERT INTO disciplineDepartmentDependency (ID,disciplineID,departmentID,courseNumber,semesterNumber) VALUES ('3161','3161','44','1','1');
INSERT INTO disciplineDepartmentDependency (ID,disciplineID,departmentID,courseNumber,semesterNumber) VALUES ('3162','3162','44','2','2');
INSERT INTO disciplineDepartmentDependency (ID,disciplineID,departmentID,courseNumber,semesterNumber) VALUES ('3163','3163','44','3','1');
INSERT INTO disciplineDepartmentDependency (ID,disciplineID,departmentID,courseNumber,semesterNumber) VALUES ('3164','3164','44','4','2');
INSERT INTO disciplineDepartmentDependency (ID,disciplineID,departmentID,courseNumber,semesterNumber) VALUES ('3165','3165','44','5','1');
INSERT INTO disciplineDepartmentDependency (ID,disciplineID,departmentID,courseNumber,semesterNumber) VALUES ('3166','3166','44','6','2');
INSERT INTO disciplineDepartmentDependency (ID,disciplineID,departmentID,courseNumber,semesterNumber) VALUES ('3167','3167','44','1','1');
INSERT INTO disciplineDepartmentDependency (ID,disciplineID,departmentID,courseNumber,semesterNumber) VALUES ('3168','3168','44','2','2');
INSERT INTO disciplineDepartmentDependency (ID,disciplineID,departmentID,courseNumber,semesterNumber) VALUES ('3169','3169','44','3','1');
INSERT INTO disciplineDepartmentDependency (ID,disciplineID,departmentID,courseNumber,semesterNumber) VALUES ('3170','3170','44','4','2');
INSERT INTO disciplineDepartmentDependency (ID,disciplineID,departmentID,courseNumber,semesterNumber) VALUES ('3171','3171','44','5','1');
INSERT INTO disciplineDepartmentDependency (ID,disciplineID,departmentID,courseNumber,semesterNumber) VALUES ('3172','3172','44','6','2');
INSERT INTO disciplineDepartmentDependency (ID,disciplineID,departmentID,courseNumber,semesterNumber) VALUES ('3173','3173','44','1','1');
INSERT INTO disciplineDepartmentDependency (ID,disciplineID,departmentID,courseNumber,semesterNumber) VALUES ('3174','3174','44','2','2');
INSERT INTO disciplineDepartmentDependency (ID,disciplineID,departmentID,courseNumber,semesterNumber) VALUES ('3175','3175','44','3','1');
INSERT INTO disciplineDepartmentDependency (ID,disciplineID,departmentID,courseNumber,semesterNumber) VALUES ('3176','3176','44','4','2');
INSERT INTO disciplineDepartmentDependency (ID,disciplineID,departmentID,courseNumber,semesterNumber) VALUES ('3177','3177','44','5','1');
INSERT INTO disciplineDepartmentDependency (ID,disciplineID,departmentID,courseNumber,semesterNumber) VALUES ('3178','3178','44','6','2');
INSERT INTO disciplineDepartmentDependency (ID,disciplineID,departmentID,courseNumber,semesterNumber) VALUES ('3179','3179','44','1','1');
INSERT INTO disciplineDepartmentDependency (ID,disciplineID,departmentID,courseNumber,semesterNumber) VALUES ('3180','3180','44','2','2');
INSERT INTO disciplineDepartmentDependency (ID,disciplineID,departmentID,courseNumber,semesterNumber) VALUES ('3181','3181','44','3','1');
INSERT INTO disciplineDepartmentDependency (ID,disciplineID,departmentID,courseNumber,semesterNumber) VALUES ('3182','3182','44','4','2');
INSERT INTO disciplineDepartmentDependency (ID,disciplineID,departmentID,courseNumber,semesterNumber) VALUES ('3183','3183','44','5','1');
INSERT INTO disciplineDepartmentDependency (ID,disciplineID,departmentID,courseNumber,semesterNumber) VALUES ('3184','3184','44','6','2');
INSERT INTO disciplineDepartmentDependency (ID,disciplineID,departmentID,courseNumber,semesterNumber) VALUES ('3185','3185','44','1','1');
INSERT INTO disciplineDepartmentDependency (ID,disciplineID,departmentID,courseNumber,semesterNumber) VALUES ('3186','3186','44','2','2');
INSERT INTO disciplineDepartmentDependency (ID,disciplineID,departmentID,courseNumber,semesterNumber) VALUES ('3187','3187','44','3','1');
INSERT INTO disciplineDepartmentDependency (ID,disciplineID,departmentID,courseNumber,semesterNumber) VALUES ('3188','3188','44','4','2');
INSERT INTO disciplineDepartmentDependency (ID,disciplineID,departmentID,courseNumber,semesterNumber) VALUES ('3189','3189','44','5','1');
INSERT INTO disciplineDepartmentDependency (ID,disciplineID,departmentID,courseNumber,semesterNumber) VALUES ('3190','3190','44','6','2');
INSERT INTO disciplineDepartmentDependency (ID,disciplineID,departmentID,courseNumber,semesterNumber) VALUES ('3191','3191','44','1','1');
INSERT INTO disciplineDepartmentDependency (ID,disciplineID,departmentID,courseNumber,semesterNumber) VALUES ('3192','3192','44','2','2');
INSERT INTO disciplineDepartmentDependency (ID,disciplineID,departmentID,courseNumber,semesterNumber) VALUES ('3193','3193','44','3','1');
INSERT INTO disciplineDepartmentDependency (ID,disciplineID,departmentID,courseNumber,semesterNumber) VALUES ('3194','3194','44','4','2');
INSERT INTO disciplineDepartmentDependency (ID,disciplineID,departmentID,courseNumber,semesterNumber) VALUES ('3195','3195','44','5','1');
INSERT INTO disciplineDepartmentDependency (ID,disciplineID,departmentID,courseNumber,semesterNumber) VALUES ('3196','3196','44','6','2');
INSERT INTO disciplineDepartmentDependency (ID,disciplineID,departmentID,courseNumber,semesterNumber) VALUES ('3197','3197','44','1','1');
INSERT INTO disciplineDepartmentDependency (ID,disciplineID,departmentID,courseNumber,semesterNumber) VALUES ('3198','3198','44','2','2');
INSERT INTO disciplineDepartmentDependency (ID,disciplineID,departmentID,courseNumber,semesterNumber) VALUES ('3199','3199','44','3','1');
INSERT INTO disciplineDepartmentDependency (ID,disciplineID,departmentID,courseNumber,semesterNumber) VALUES ('3200','3200','44','4','2');
INSERT INTO disciplineDepartmentDependency (ID,disciplineID,departmentID,courseNumber,semesterNumber) VALUES ('3201','3201','44','5','1');
INSERT INTO disciplineDepartmentDependency (ID,disciplineID,departmentID,courseNumber,semesterNumber) VALUES ('3202','3202','44','6','2');
INSERT INTO disciplineDepartmentDependency (ID,disciplineID,departmentID,courseNumber,semesterNumber) VALUES ('3203','3203','44','1','1');
INSERT INTO disciplineDepartmentDependency (ID,disciplineID,departmentID,courseNumber,semesterNumber) VALUES ('3204','3204','44','2','2');
INSERT INTO disciplineDepartmentDependency (ID,disciplineID,departmentID,courseNumber,semesterNumber) VALUES ('3205','3205','44','3','1');
INSERT INTO disciplineDepartmentDependency (ID,disciplineID,departmentID,courseNumber,semesterNumber) VALUES ('3206','3206','44','4','2');
INSERT INTO disciplineDepartmentDependency (ID,disciplineID,departmentID,courseNumber,semesterNumber) VALUES ('3207','3207','44','5','1');
INSERT INTO disciplineDepartmentDependency (ID,disciplineID,departmentID,courseNumber,semesterNumber) VALUES ('3208','3208','44','6','2');
INSERT INTO disciplineDepartmentDependency (ID,disciplineID,departmentID,courseNumber,semesterNumber) VALUES ('3209','3209','44','1','1');
INSERT INTO disciplineDepartmentDependency (ID,disciplineID,departmentID,courseNumber,semesterNumber) VALUES ('3210','3210','44','2','2');
INSERT INTO disciplineDepartmentDependency (ID,disciplineID,departmentID,courseNumber,semesterNumber) VALUES ('3211','3211','44','3','1');
INSERT INTO disciplineDepartmentDependency (ID,disciplineID,departmentID,courseNumber,semesterNumber) VALUES ('3212','3212','44','4','2');
INSERT INTO disciplineDepartmentDependency (ID,disciplineID,departmentID,courseNumber,semesterNumber) VALUES ('3213','3213','44','5','1');
INSERT INTO loginpass (ID,login,password,access_type) VALUES ('113','VOLELQBKARPENKO@tiscali.co.uk','0OsmTkh$','employee');
INSERT INTO employee (name,lastName,fathersName,personalID,sex,email,phoneNumber,dateOfBorn,address,passport,login,office,ID,departmentID) VALUES ('Волелюб','КАРПЕНКО','Савич','3353781701','m','VOLELQBKARPENKO@tiscali.co.uk','0950072466','1983-03-11','55310 Краматорськ Айвазовського 72, 108','BP881531 ГУМВС 2','VOLELQBKARPENKO@tiscali.co.uk','HR','108','44');
INSERT INTO loginpass (ID,login,password,access_type) VALUES ('114','VXQENATARASENKO@orange.net','zrcNykGz','employee');
INSERT INTO employee (name,lastName,fathersName,personalID,sex,email,phoneNumber,dateOfBorn,address,passport,login,office,ID,departmentID) VALUES ('Вишена','ТАРАСЕНКО','Луківна','7558621610','f','VXQENATARASENKO@orange.net','0676838007','1969-04-26','27757 Луцьк Богомольця 78, 171','YP743175 ГУМВС 5','VXQENATARASENKO@orange.net','HR','109','44');
INSERT INTO gtgroup (id,fullGroupName,courseNumber,departmentID) VALUES ('486','4-10','1','44');
INSERT INTO gtgroup (id,fullGroupName,courseNumber,departmentID) VALUES ('487','4-11','1','44');
INSERT INTO gtgroup (id,fullGroupName,courseNumber,departmentID) VALUES ('488','4-12','1','44');
INSERT INTO gtgroup (id,fullGroupName,courseNumber,departmentID) VALUES ('489','4-20','2','44');
INSERT INTO gtgroup (id,fullGroupName,courseNumber,departmentID) VALUES ('490','4-21','2','44');
INSERT INTO gtgroup (id,fullGroupName,courseNumber,departmentID) VALUES ('491','4-22','2','44');
INSERT INTO gtgroup (id,fullGroupName,courseNumber,departmentID) VALUES ('492','4-30','3','44');
INSERT INTO gtgroup (id,fullGroupName,courseNumber,departmentID) VALUES ('493','4-31','3','44');
INSERT INTO gtgroup (id,fullGroupName,courseNumber,departmentID) VALUES ('494','4-32','3','44');
INSERT INTO gtgroup (id,fullGroupName,courseNumber,departmentID) VALUES ('495','4-40','4','44');
INSERT INTO gtgroup (id,fullGroupName,courseNumber,departmentID) VALUES ('496','4-41','4','44');
INSERT INTO gtgroup (id,fullGroupName,courseNumber,departmentID) VALUES ('497','4-42','4','44');
INSERT INTO gtgroup (id,fullGroupName,courseNumber,departmentID) VALUES ('498','4-50','5','44');
INSERT INTO gtgroup (id,fullGroupName,courseNumber,departmentID) VALUES ('499','4-51','5','44');
INSERT INTO gtgroup (id,fullGroupName,courseNumber,departmentID) VALUES ('500','4-52','5','44');
INSERT INTO gtgroup (id,fullGroupName,courseNumber,departmentID) VALUES ('501','4-60','6','44');
INSERT INTO gtgroup (id,fullGroupName,courseNumber,departmentID) VALUES ('502','4-61','6','44');
INSERT INTO gtgroup (id,fullGroupName,courseNumber,departmentID) VALUES ('503','4-62','6','44');
INSERT INTO dayRequirements (id,departmentID,countOfDaysInWeek,countOfLessonsInADay) VALUES ('44','45','6','5');
INSERT INTO discipline (id,nameOfDiscipline,countOfLessons,exam) VALUES ('3214','Discipline МЕ-0','15','no');
INSERT INTO discipline (id,nameOfDiscipline,countOfLessons,exam) VALUES ('3215','Discipline МЕ-1','15','no');
INSERT INTO discipline (id,nameOfDiscipline,countOfLessons,exam) VALUES ('3216','Discipline МЕ-2','15','no');
INSERT INTO discipline (id,nameOfDiscipline,countOfLessons,exam) VALUES ('3217','Discipline МЕ-3','15','no');
INSERT INTO discipline (id,nameOfDiscipline,countOfLessons,exam) VALUES ('3218','Discipline МЕ-4','15','no');
INSERT INTO discipline (id,nameOfDiscipline,countOfLessons,exam) VALUES ('3219','Discipline МЕ-5','15','no');
INSERT INTO discipline (id,nameOfDiscipline,countOfLessons,exam) VALUES ('3220','Discipline МЕ-6','15','no');
INSERT INTO discipline (id,nameOfDiscipline,countOfLessons,exam) VALUES ('3221','Discipline МЕ-7','15','no');
INSERT INTO discipline (id,nameOfDiscipline,countOfLessons,exam) VALUES ('3222','Discipline МЕ-8','15','no');
INSERT INTO discipline (id,nameOfDiscipline,countOfLessons,exam) VALUES ('3223','Discipline МЕ-9','15','no');
INSERT INTO discipline (id,nameOfDiscipline,countOfLessons,exam) VALUES ('3224','Discipline МЕ-10','15','no');
INSERT INTO discipline (id,nameOfDiscipline,countOfLessons,exam) VALUES ('3225','Discipline МЕ-11','15','no');
INSERT INTO discipline (id,nameOfDiscipline,countOfLessons,exam) VALUES ('3226','Discipline МЕ-12','15','no');
INSERT INTO discipline (id,nameOfDiscipline,countOfLessons,exam) VALUES ('3227','Discipline МЕ-13','15','no');
INSERT INTO discipline (id,nameOfDiscipline,countOfLessons,exam) VALUES ('3228','Discipline МЕ-14','15','no');
INSERT INTO discipline (id,nameOfDiscipline,countOfLessons,exam) VALUES ('3229','Discipline МЕ-15','15','no');
INSERT INTO discipline (id,nameOfDiscipline,countOfLessons,exam) VALUES ('3230','Discipline МЕ-16','15','no');
INSERT INTO discipline (id,nameOfDiscipline,countOfLessons,exam) VALUES ('3231','Discipline МЕ-17','15','no');
INSERT INTO discipline (id,nameOfDiscipline,countOfLessons,exam) VALUES ('3232','Discipline МЕ-18','15','no');
INSERT INTO discipline (id,nameOfDiscipline,countOfLessons,exam) VALUES ('3233','Discipline МЕ-19','15','no');
INSERT INTO discipline (id,nameOfDiscipline,countOfLessons,exam) VALUES ('3234','Discipline МЕ-20','15','no');
INSERT INTO discipline (id,nameOfDiscipline,countOfLessons,exam) VALUES ('3235','Discipline МЕ-21','15','no');
INSERT INTO discipline (id,nameOfDiscipline,countOfLessons,exam) VALUES ('3236','Discipline МЕ-22','15','no');
INSERT INTO discipline (id,nameOfDiscipline,countOfLessons,exam) VALUES ('3237','Discipline МЕ-23','15','no');
INSERT INTO discipline (id,nameOfDiscipline,countOfLessons,exam) VALUES ('3238','Discipline МЕ-24','15','no');
INSERT INTO discipline (id,nameOfDiscipline,countOfLessons,exam) VALUES ('3239','Discipline МЕ-25','15','no');
INSERT INTO discipline (id,nameOfDiscipline,countOfLessons,exam) VALUES ('3240','Discipline МЕ-26','15','no');
INSERT INTO discipline (id,nameOfDiscipline,countOfLessons,exam) VALUES ('3241','Discipline МЕ-27','15','no');
INSERT INTO discipline (id,nameOfDiscipline,countOfLessons,exam) VALUES ('3242','Discipline МЕ-28','15','no');
INSERT INTO discipline (id,nameOfDiscipline,countOfLessons,exam) VALUES ('3243','Discipline МЕ-29','15','no');
INSERT INTO discipline (id,nameOfDiscipline,countOfLessons,exam) VALUES ('3244','Discipline МЕ-30','15','no');
INSERT INTO discipline (id,nameOfDiscipline,countOfLessons,exam) VALUES ('3245','Discipline МЕ-31','15','no');
INSERT INTO discipline (id,nameOfDiscipline,countOfLessons,exam) VALUES ('3246','Discipline МЕ-32','15','no');
INSERT INTO discipline (id,nameOfDiscipline,countOfLessons,exam) VALUES ('3247','Discipline МЕ-33','15','no');
INSERT INTO discipline (id,nameOfDiscipline,countOfLessons,exam) VALUES ('3248','Discipline МЕ-34','15','no');
INSERT INTO discipline (id,nameOfDiscipline,countOfLessons,exam) VALUES ('3249','Discipline МЕ-35','15','no');
INSERT INTO discipline (id,nameOfDiscipline,countOfLessons,exam) VALUES ('3250','Discipline МЕ-36','15','no');
INSERT INTO discipline (id,nameOfDiscipline,countOfLessons,exam) VALUES ('3251','Discipline МЕ-37','15','no');
INSERT INTO discipline (id,nameOfDiscipline,countOfLessons,exam) VALUES ('3252','Discipline МЕ-38','15','no');
INSERT INTO discipline (id,nameOfDiscipline,countOfLessons,exam) VALUES ('3253','Discipline МЕ-39','15','no');
INSERT INTO discipline (id,nameOfDiscipline,countOfLessons,exam) VALUES ('3254','Discipline МЕ-40','15','no');
INSERT INTO discipline (id,nameOfDiscipline,countOfLessons,exam) VALUES ('3255','Discipline МЕ-41','15','no');
INSERT INTO discipline (id,nameOfDiscipline,countOfLessons,exam) VALUES ('3256','Discipline МЕ-42','15','no');
INSERT INTO discipline (id,nameOfDiscipline,countOfLessons,exam) VALUES ('3257','Discipline МЕ-43','15','no');
INSERT INTO discipline (id,nameOfDiscipline,countOfLessons,exam) VALUES ('3258','Discipline МЕ-44','15','no');
INSERT INTO discipline (id,nameOfDiscipline,countOfLessons,exam) VALUES ('3259','Discipline МЕ-45','15','no');
INSERT INTO discipline (id,nameOfDiscipline,countOfLessons,exam) VALUES ('3260','Discipline МЕ-46','15','no');
INSERT INTO discipline (id,nameOfDiscipline,countOfLessons,exam) VALUES ('3261','Discipline МЕ-47','15','no');
INSERT INTO discipline (id,nameOfDiscipline,countOfLessons,exam) VALUES ('3262','Discipline МЕ-48','15','no');
INSERT INTO discipline (id,nameOfDiscipline,countOfLessons,exam) VALUES ('3263','Discipline МЕ-49','15','no');
INSERT INTO discipline (id,nameOfDiscipline,countOfLessons,exam) VALUES ('3264','Discipline МЕ-50','15','no');
INSERT INTO discipline (id,nameOfDiscipline,countOfLessons,exam) VALUES ('3265','Discipline МЕ-51','15','no');
INSERT INTO discipline (id,nameOfDiscipline,countOfLessons,exam) VALUES ('3266','Discipline МЕ-52','15','no');
INSERT INTO discipline (id,nameOfDiscipline,countOfLessons,exam) VALUES ('3267','Discipline МЕ-53','15','no');
INSERT INTO discipline (id,nameOfDiscipline,countOfLessons,exam) VALUES ('3268','Discipline МЕ-54','15','no');
INSERT INTO discipline (id,nameOfDiscipline,countOfLessons,exam) VALUES ('3269','Discipline МЕ-55','15','no');
INSERT INTO discipline (id,nameOfDiscipline,countOfLessons,exam) VALUES ('3270','Discipline МЕ-56','15','no');
INSERT INTO discipline (id,nameOfDiscipline,countOfLessons,exam) VALUES ('3271','Discipline МЕ-57','15','no');
INSERT INTO discipline (id,nameOfDiscipline,countOfLessons,exam) VALUES ('3272','Discipline МЕ-58','15','no');
INSERT INTO discipline (id,nameOfDiscipline,countOfLessons,exam) VALUES ('3273','Discipline МЕ-59','15','no');
INSERT INTO discipline (id,nameOfDiscipline,countOfLessons,exam) VALUES ('3274','Discipline МЕ-60','15','no');
INSERT INTO discipline (id,nameOfDiscipline,countOfLessons,exam) VALUES ('3275','Discipline МЕ-61','15','no');
INSERT INTO discipline (id,nameOfDiscipline,countOfLessons,exam) VALUES ('3276','Discipline МЕ-62','15','no');
INSERT INTO discipline (id,nameOfDiscipline,countOfLessons,exam) VALUES ('3277','Discipline МЕ-63','15','no');
INSERT INTO discipline (id,nameOfDiscipline,countOfLessons,exam) VALUES ('3278','Discipline МЕ-64','15','no');
INSERT INTO discipline (id,nameOfDiscipline,countOfLessons,exam) VALUES ('3279','Discipline МЕ-65','15','no');
INSERT INTO discipline (id,nameOfDiscipline,countOfLessons,exam) VALUES ('3280','Discipline МЕ-66','15','no');
INSERT INTO discipline (id,nameOfDiscipline,countOfLessons,exam) VALUES ('3281','Discipline МЕ-67','15','no');
INSERT INTO discipline (id,nameOfDiscipline,countOfLessons,exam) VALUES ('3282','Discipline МЕ-68','15','no');
INSERT INTO discipline (id,nameOfDiscipline,countOfLessons,exam) VALUES ('3283','Discipline МЕ-69','15','no');
INSERT INTO discipline (id,nameOfDiscipline,countOfLessons,exam) VALUES ('3284','Discipline МЕ-70','15','no');
INSERT INTO discipline (id,nameOfDiscipline,countOfLessons,exam) VALUES ('3285','Discipline МЕ-71','15','no');
INSERT INTO discipline (id,nameOfDiscipline,countOfLessons,exam) VALUES ('3286','Discipline МЕ-72','15','no');
INSERT INTO discipline (id,nameOfDiscipline,countOfLessons,exam) VALUES ('3287','Discipline МЕ-73','15','no');
INSERT INTO discipline (id,nameOfDiscipline,countOfLessons,exam) VALUES ('3288','Discipline МЕ-74','15','no');
INSERT INTO discipline (id,nameOfDiscipline,countOfLessons,exam) VALUES ('3289','Discipline МЕ-75','15','no');
INSERT INTO discipline (id,nameOfDiscipline,countOfLessons,exam) VALUES ('3290','Discipline МЕ-76','15','no');
INSERT INTO discipline (id,nameOfDiscipline,countOfLessons,exam) VALUES ('3291','Discipline МЕ-77','15','no');
INSERT INTO discipline (id,nameOfDiscipline,countOfLessons,exam) VALUES ('3292','Discipline МЕ-78','15','no');
INSERT INTO discipline (id,nameOfDiscipline,countOfLessons,exam) VALUES ('3293','Discipline МЕ-79','15','no');
INSERT INTO discipline (id,nameOfDiscipline,countOfLessons,exam) VALUES ('3294','Discipline МЕ-80','15','no');
INSERT INTO discipline (id,nameOfDiscipline,countOfLessons,exam) VALUES ('3295','Discipline МЕ-81','15','no');
INSERT INTO disciplineDepartmentDependency (ID,disciplineID,departmentID,courseNumber,semesterNumber) VALUES ('3214','3214','45','1','1');
INSERT INTO disciplineDepartmentDependency (ID,disciplineID,departmentID,courseNumber,semesterNumber) VALUES ('3215','3215','45','2','2');
INSERT INTO disciplineDepartmentDependency (ID,disciplineID,departmentID,courseNumber,semesterNumber) VALUES ('3216','3216','45','3','1');
INSERT INTO disciplineDepartmentDependency (ID,disciplineID,departmentID,courseNumber,semesterNumber) VALUES ('3217','3217','45','4','2');
INSERT INTO disciplineDepartmentDependency (ID,disciplineID,departmentID,courseNumber,semesterNumber) VALUES ('3218','3218','45','5','1');
INSERT INTO disciplineDepartmentDependency (ID,disciplineID,departmentID,courseNumber,semesterNumber) VALUES ('3219','3219','45','6','2');
INSERT INTO disciplineDepartmentDependency (ID,disciplineID,departmentID,courseNumber,semesterNumber) VALUES ('3220','3220','45','1','1');
INSERT INTO disciplineDepartmentDependency (ID,disciplineID,departmentID,courseNumber,semesterNumber) VALUES ('3221','3221','45','2','2');
INSERT INTO disciplineDepartmentDependency (ID,disciplineID,departmentID,courseNumber,semesterNumber) VALUES ('3222','3222','45','3','1');
INSERT INTO disciplineDepartmentDependency (ID,disciplineID,departmentID,courseNumber,semesterNumber) VALUES ('3223','3223','45','4','2');
INSERT INTO disciplineDepartmentDependency (ID,disciplineID,departmentID,courseNumber,semesterNumber) VALUES ('3224','3224','45','5','1');
INSERT INTO disciplineDepartmentDependency (ID,disciplineID,departmentID,courseNumber,semesterNumber) VALUES ('3225','3225','45','6','2');
INSERT INTO disciplineDepartmentDependency (ID,disciplineID,departmentID,courseNumber,semesterNumber) VALUES ('3226','3226','45','1','1');
INSERT INTO disciplineDepartmentDependency (ID,disciplineID,departmentID,courseNumber,semesterNumber) VALUES ('3227','3227','45','2','2');
INSERT INTO disciplineDepartmentDependency (ID,disciplineID,departmentID,courseNumber,semesterNumber) VALUES ('3228','3228','45','3','1');
INSERT INTO disciplineDepartmentDependency (ID,disciplineID,departmentID,courseNumber,semesterNumber) VALUES ('3229','3229','45','4','2');
INSERT INTO disciplineDepartmentDependency (ID,disciplineID,departmentID,courseNumber,semesterNumber) VALUES ('3230','3230','45','5','1');
INSERT INTO disciplineDepartmentDependency (ID,disciplineID,departmentID,courseNumber,semesterNumber) VALUES ('3231','3231','45','6','2');
INSERT INTO disciplineDepartmentDependency (ID,disciplineID,departmentID,courseNumber,semesterNumber) VALUES ('3232','3232','45','1','1');
INSERT INTO disciplineDepartmentDependency (ID,disciplineID,departmentID,courseNumber,semesterNumber) VALUES ('3233','3233','45','2','2');
INSERT INTO disciplineDepartmentDependency (ID,disciplineID,departmentID,courseNumber,semesterNumber) VALUES ('3234','3234','45','3','1');
INSERT INTO disciplineDepartmentDependency (ID,disciplineID,departmentID,courseNumber,semesterNumber) VALUES ('3235','3235','45','4','2');
INSERT INTO disciplineDepartmentDependency (ID,disciplineID,departmentID,courseNumber,semesterNumber) VALUES ('3236','3236','45','5','1');
INSERT INTO disciplineDepartmentDependency (ID,disciplineID,departmentID,courseNumber,semesterNumber) VALUES ('3237','3237','45','6','2');
INSERT INTO disciplineDepartmentDependency (ID,disciplineID,departmentID,courseNumber,semesterNumber) VALUES ('3238','3238','45','1','1');
INSERT INTO disciplineDepartmentDependency (ID,disciplineID,departmentID,courseNumber,semesterNumber) VALUES ('3239','3239','45','2','2');
INSERT INTO disciplineDepartmentDependency (ID,disciplineID,departmentID,courseNumber,semesterNumber) VALUES ('3240','3240','45','3','1');
INSERT INTO disciplineDepartmentDependency (ID,disciplineID,departmentID,courseNumber,semesterNumber) VALUES ('3241','3241','45','4','2');
INSERT INTO disciplineDepartmentDependency (ID,disciplineID,departmentID,courseNumber,semesterNumber) VALUES ('3242','3242','45','5','1');
INSERT INTO disciplineDepartmentDependency (ID,disciplineID,departmentID,courseNumber,semesterNumber) VALUES ('3243','3243','45','6','2');
INSERT INTO disciplineDepartmentDependency (ID,disciplineID,departmentID,courseNumber,semesterNumber) VALUES ('3244','3244','45','1','1');
INSERT INTO disciplineDepartmentDependency (ID,disciplineID,departmentID,courseNumber,semesterNumber) VALUES ('3245','3245','45','2','2');
INSERT INTO disciplineDepartmentDependency (ID,disciplineID,departmentID,courseNumber,semesterNumber) VALUES ('3246','3246','45','3','1');
INSERT INTO disciplineDepartmentDependency (ID,disciplineID,departmentID,courseNumber,semesterNumber) VALUES ('3247','3247','45','4','2');
INSERT INTO disciplineDepartmentDependency (ID,disciplineID,departmentID,courseNumber,semesterNumber) VALUES ('3248','3248','45','5','1');
INSERT INTO disciplineDepartmentDependency (ID,disciplineID,departmentID,courseNumber,semesterNumber) VALUES ('3249','3249','45','6','2');
INSERT INTO disciplineDepartmentDependency (ID,disciplineID,departmentID,courseNumber,semesterNumber) VALUES ('3250','3250','45','1','1');
INSERT INTO disciplineDepartmentDependency (ID,disciplineID,departmentID,courseNumber,semesterNumber) VALUES ('3251','3251','45','2','2');
INSERT INTO disciplineDepartmentDependency (ID,disciplineID,departmentID,courseNumber,semesterNumber) VALUES ('3252','3252','45','3','1');
INSERT INTO disciplineDepartmentDependency (ID,disciplineID,departmentID,courseNumber,semesterNumber) VALUES ('3253','3253','45','4','2');
INSERT INTO disciplineDepartmentDependency (ID,disciplineID,departmentID,courseNumber,semesterNumber) VALUES ('3254','3254','45','5','1');
INSERT INTO disciplineDepartmentDependency (ID,disciplineID,departmentID,courseNumber,semesterNumber) VALUES ('3255','3255','45','6','2');
INSERT INTO disciplineDepartmentDependency (ID,disciplineID,departmentID,courseNumber,semesterNumber) VALUES ('3256','3256','45','1','1');
INSERT INTO disciplineDepartmentDependency (ID,disciplineID,departmentID,courseNumber,semesterNumber) VALUES ('3257','3257','45','2','2');
INSERT INTO disciplineDepartmentDependency (ID,disciplineID,departmentID,courseNumber,semesterNumber) VALUES ('3258','3258','45','3','1');
INSERT INTO disciplineDepartmentDependency (ID,disciplineID,departmentID,courseNumber,semesterNumber) VALUES ('3259','3259','45','4','2');
INSERT INTO disciplineDepartmentDependency (ID,disciplineID,departmentID,courseNumber,semesterNumber) VALUES ('3260','3260','45','5','1');
INSERT INTO disciplineDepartmentDependency (ID,disciplineID,departmentID,courseNumber,semesterNumber) VALUES ('3261','3261','45','6','2');
INSERT INTO disciplineDepartmentDependency (ID,disciplineID,departmentID,courseNumber,semesterNumber) VALUES ('3262','3262','45','1','1');
INSERT INTO disciplineDepartmentDependency (ID,disciplineID,departmentID,courseNumber,semesterNumber) VALUES ('3263','3263','45','2','2');
INSERT INTO disciplineDepartmentDependency (ID,disciplineID,departmentID,courseNumber,semesterNumber) VALUES ('3264','3264','45','3','1');
INSERT INTO disciplineDepartmentDependency (ID,disciplineID,departmentID,courseNumber,semesterNumber) VALUES ('3265','3265','45','4','2');
INSERT INTO disciplineDepartmentDependency (ID,disciplineID,departmentID,courseNumber,semesterNumber) VALUES ('3266','3266','45','5','1');
INSERT INTO disciplineDepartmentDependency (ID,disciplineID,departmentID,courseNumber,semesterNumber) VALUES ('3267','3267','45','6','2');
INSERT INTO disciplineDepartmentDependency (ID,disciplineID,departmentID,courseNumber,semesterNumber) VALUES ('3268','3268','45','1','1');
INSERT INTO disciplineDepartmentDependency (ID,disciplineID,departmentID,courseNumber,semesterNumber) VALUES ('3269','3269','45','2','2');
INSERT INTO disciplineDepartmentDependency (ID,disciplineID,departmentID,courseNumber,semesterNumber) VALUES ('3270','3270','45','3','1');
INSERT INTO disciplineDepartmentDependency (ID,disciplineID,departmentID,courseNumber,semesterNumber) VALUES ('3271','3271','45','4','2');
INSERT INTO disciplineDepartmentDependency (ID,disciplineID,departmentID,courseNumber,semesterNumber) VALUES ('3272','3272','45','5','1');
INSERT INTO disciplineDepartmentDependency (ID,disciplineID,departmentID,courseNumber,semesterNumber) VALUES ('3273','3273','45','6','2');
INSERT INTO disciplineDepartmentDependency (ID,disciplineID,departmentID,courseNumber,semesterNumber) VALUES ('3274','3274','45','1','1');
INSERT INTO disciplineDepartmentDependency (ID,disciplineID,departmentID,courseNumber,semesterNumber) VALUES ('3275','3275','45','2','2');
INSERT INTO disciplineDepartmentDependency (ID,disciplineID,departmentID,courseNumber,semesterNumber) VALUES ('3276','3276','45','3','1');
INSERT INTO disciplineDepartmentDependency (ID,disciplineID,departmentID,courseNumber,semesterNumber) VALUES ('3277','3277','45','4','2');
INSERT INTO disciplineDepartmentDependency (ID,disciplineID,departmentID,courseNumber,semesterNumber) VALUES ('3278','3278','45','5','1');
INSERT INTO disciplineDepartmentDependency (ID,disciplineID,departmentID,courseNumber,semesterNumber) VALUES ('3279','3279','45','6','2');
INSERT INTO disciplineDepartmentDependency (ID,disciplineID,departmentID,courseNumber,semesterNumber) VALUES ('3280','3280','45','1','1');
INSERT INTO disciplineDepartmentDependency (ID,disciplineID,departmentID,courseNumber,semesterNumber) VALUES ('3281','3281','45','2','2');
INSERT INTO disciplineDepartmentDependency (ID,disciplineID,departmentID,courseNumber,semesterNumber) VALUES ('3282','3282','45','3','1');
INSERT INTO disciplineDepartmentDependency (ID,disciplineID,departmentID,courseNumber,semesterNumber) VALUES ('3283','3283','45','4','2');
INSERT INTO disciplineDepartmentDependency (ID,disciplineID,departmentID,courseNumber,semesterNumber) VALUES ('3284','3284','45','5','1');
INSERT INTO disciplineDepartmentDependency (ID,disciplineID,departmentID,courseNumber,semesterNumber) VALUES ('3285','3285','45','6','2');
INSERT INTO disciplineDepartmentDependency (ID,disciplineID,departmentID,courseNumber,semesterNumber) VALUES ('3286','3286','45','1','1');
INSERT INTO disciplineDepartmentDependency (ID,disciplineID,departmentID,courseNumber,semesterNumber) VALUES ('3287','3287','45','2','2');
INSERT INTO disciplineDepartmentDependency (ID,disciplineID,departmentID,courseNumber,semesterNumber) VALUES ('3288','3288','45','3','1');
INSERT INTO disciplineDepartmentDependency (ID,disciplineID,departmentID,courseNumber,semesterNumber) VALUES ('3289','3289','45','4','2');
INSERT INTO disciplineDepartmentDependency (ID,disciplineID,departmentID,courseNumber,semesterNumber) VALUES ('3290','3290','45','5','1');
INSERT INTO disciplineDepartmentDependency (ID,disciplineID,departmentID,courseNumber,semesterNumber) VALUES ('3291','3291','45','6','2');
INSERT INTO disciplineDepartmentDependency (ID,disciplineID,departmentID,courseNumber,semesterNumber) VALUES ('3292','3292','45','1','1');
INSERT INTO disciplineDepartmentDependency (ID,disciplineID,departmentID,courseNumber,semesterNumber) VALUES ('3293','3293','45','2','2');
INSERT INTO disciplineDepartmentDependency (ID,disciplineID,departmentID,courseNumber,semesterNumber) VALUES ('3294','3294','45','3','1');
INSERT INTO disciplineDepartmentDependency (ID,disciplineID,departmentID,courseNumber,semesterNumber) VALUES ('3295','3295','45','4','2');
INSERT INTO loginpass (ID,login,password,access_type) VALUES ('115','BOGOLIPAPOPOVXZ@virgin.net','xlw08eMd','employee');
INSERT INTO employee (name,lastName,fathersName,personalID,sex,email,phoneNumber,dateOfBorn,address,passport,login,office,ID,departmentID) VALUES ('Боголіпа','ПОПОВИЧ','Миколаївна','3078543363','f','BOGOLIPAPOPOVXZ@virgin.net','0960348485','1992-10-27','84504 Жовті Води 30-річчя Перемоги 44, 155','ML171274 ГУМВС 42','BOGOLIPAPOPOVXZ@virgin.net','HR','110','45');
INSERT INTO loginpass (ID,login,password,access_type) VALUES ('116','BILOGOSTANTONQK@t-online.de','Rk5d2!YC','employee');
INSERT INTO employee (name,lastName,fathersName,personalID,sex,email,phoneNumber,dateOfBorn,address,passport,login,office,ID,departmentID) VALUES ('Білогост','АНТОНЮК','Миколайович','8536412436','m','BILOGOSTANTONQK@t-online.de','0674111027','1957-08-24','25285 Коростень Комсомольський І-й 90, 266','XE543363 ГУМВС 41','BILOGOSTANTONQK@t-online.de','HR','111','45');
INSERT INTO loginpass (ID,login,password,access_type) VALUES ('117','GORXSLAVAKARPENKO@gmx.de','8b9E7lIm','employee');
INSERT INTO employee (name,lastName,fathersName,personalID,sex,email,phoneNumber,dateOfBorn,address,passport,login,office,ID,departmentID) VALUES ('Горислава','КАРПЕНКО','Григорівна','3857880140','f','GORXSLAVAKARPENKO@gmx.de','0393734863','1992-02-14','11524 Вишневе Будівельний 58, 104','AI312121 ГУМВС 46','GORXSLAVAKARPENKO@gmx.de','HR','112','45');
INSERT INTO loginpass (ID,login,password,access_type) VALUES ('118','BORXSLAVAFOP@virgin.net','TrpEK&y2','employee');
INSERT INTO employee (name,lastName,fathersName,personalID,sex,email,phoneNumber,dateOfBorn,address,passport,login,office,ID,departmentID) VALUES ('Борислава','ФОП','Луківна','5162476655','f','BORXSLAVAFOP@virgin.net','0940410564','1957-02-12','57186 Коломия 700-річчя Черкас 30, 156','VM167218 ГУМВС 10','BORXSLAVAFOP@virgin.net','HR','113','45');
INSERT INTO gtgroup (id,fullGroupName,courseNumber,departmentID) VALUES ('504','МЕ-10','1','45');
INSERT INTO gtgroup (id,fullGroupName,courseNumber,departmentID) VALUES ('505','МЕ-11','1','45');
INSERT INTO gtgroup (id,fullGroupName,courseNumber,departmentID) VALUES ('506','МЕ-12','1','45');
INSERT INTO gtgroup (id,fullGroupName,courseNumber,departmentID) VALUES ('507','МЕ-20','2','45');
INSERT INTO gtgroup (id,fullGroupName,courseNumber,departmentID) VALUES ('508','МЕ-21','2','45');
INSERT INTO gtgroup (id,fullGroupName,courseNumber,departmentID) VALUES ('509','МЕ-22','2','45');
INSERT INTO gtgroup (id,fullGroupName,courseNumber,departmentID) VALUES ('510','МЕ-30','3','45');
INSERT INTO gtgroup (id,fullGroupName,courseNumber,departmentID) VALUES ('511','МЕ-31','3','45');
INSERT INTO gtgroup (id,fullGroupName,courseNumber,departmentID) VALUES ('512','МЕ-32','3','45');
INSERT INTO gtgroup (id,fullGroupName,courseNumber,departmentID) VALUES ('513','МЕ-40','4','45');
INSERT INTO gtgroup (id,fullGroupName,courseNumber,departmentID) VALUES ('514','МЕ-41','4','45');
INSERT INTO gtgroup (id,fullGroupName,courseNumber,departmentID) VALUES ('515','МЕ-42','4','45');
INSERT INTO gtgroup (id,fullGroupName,courseNumber,departmentID) VALUES ('516','МЕ-50','5','45');
INSERT INTO gtgroup (id,fullGroupName,courseNumber,departmentID) VALUES ('517','МЕ-51','5','45');
INSERT INTO gtgroup (id,fullGroupName,courseNumber,departmentID) VALUES ('518','МЕ-52','5','45');
INSERT INTO gtgroup (id,fullGroupName,courseNumber,departmentID) VALUES ('519','МЕ-60','6','45');
INSERT INTO gtgroup (id,fullGroupName,courseNumber,departmentID) VALUES ('520','МЕ-61','6','45');
INSERT INTO gtgroup (id,fullGroupName,courseNumber,departmentID) VALUES ('521','МЕ-62','6','45');
INSERT INTO dayRequirements (id,departmentID,countOfDaysInWeek,countOfLessonsInADay) VALUES ('45','46','6','5');
INSERT INTO discipline (id,nameOfDiscipline,countOfLessons,exam) VALUES ('3296','Discipline ЕПП-0','15','no');
INSERT INTO discipline (id,nameOfDiscipline,countOfLessons,exam) VALUES ('3297','Discipline ЕПП-1','15','no');
INSERT INTO discipline (id,nameOfDiscipline,countOfLessons,exam) VALUES ('3298','Discipline ЕПП-2','15','no');
INSERT INTO discipline (id,nameOfDiscipline,countOfLessons,exam) VALUES ('3299','Discipline ЕПП-3','15','no');
INSERT INTO discipline (id,nameOfDiscipline,countOfLessons,exam) VALUES ('3300','Discipline ЕПП-4','15','no');
INSERT INTO discipline (id,nameOfDiscipline,countOfLessons,exam) VALUES ('3301','Discipline ЕПП-5','15','no');
INSERT INTO discipline (id,nameOfDiscipline,countOfLessons,exam) VALUES ('3302','Discipline ЕПП-6','15','no');
INSERT INTO discipline (id,nameOfDiscipline,countOfLessons,exam) VALUES ('3303','Discipline ЕПП-7','15','no');
INSERT INTO discipline (id,nameOfDiscipline,countOfLessons,exam) VALUES ('3304','Discipline ЕПП-8','15','no');
INSERT INTO discipline (id,nameOfDiscipline,countOfLessons,exam) VALUES ('3305','Discipline ЕПП-9','15','no');
INSERT INTO discipline (id,nameOfDiscipline,countOfLessons,exam) VALUES ('3306','Discipline ЕПП-10','15','no');
INSERT INTO discipline (id,nameOfDiscipline,countOfLessons,exam) VALUES ('3307','Discipline ЕПП-11','15','no');
INSERT INTO discipline (id,nameOfDiscipline,countOfLessons,exam) VALUES ('3308','Discipline ЕПП-12','15','no');
INSERT INTO discipline (id,nameOfDiscipline,countOfLessons,exam) VALUES ('3309','Discipline ЕПП-13','15','no');
INSERT INTO discipline (id,nameOfDiscipline,countOfLessons,exam) VALUES ('3310','Discipline ЕПП-14','15','no');
INSERT INTO discipline (id,nameOfDiscipline,countOfLessons,exam) VALUES ('3311','Discipline ЕПП-15','15','no');
INSERT INTO discipline (id,nameOfDiscipline,countOfLessons,exam) VALUES ('3312','Discipline ЕПП-16','15','no');
INSERT INTO discipline (id,nameOfDiscipline,countOfLessons,exam) VALUES ('3313','Discipline ЕПП-17','15','no');
INSERT INTO discipline (id,nameOfDiscipline,countOfLessons,exam) VALUES ('3314','Discipline ЕПП-18','15','no');
INSERT INTO discipline (id,nameOfDiscipline,countOfLessons,exam) VALUES ('3315','Discipline ЕПП-19','15','no');
INSERT INTO discipline (id,nameOfDiscipline,countOfLessons,exam) VALUES ('3316','Discipline ЕПП-20','15','no');
INSERT INTO discipline (id,nameOfDiscipline,countOfLessons,exam) VALUES ('3317','Discipline ЕПП-21','15','no');
INSERT INTO discipline (id,nameOfDiscipline,countOfLessons,exam) VALUES ('3318','Discipline ЕПП-22','15','no');
INSERT INTO discipline (id,nameOfDiscipline,countOfLessons,exam) VALUES ('3319','Discipline ЕПП-23','15','no');
INSERT INTO discipline (id,nameOfDiscipline,countOfLessons,exam) VALUES ('3320','Discipline ЕПП-24','15','no');
INSERT INTO discipline (id,nameOfDiscipline,countOfLessons,exam) VALUES ('3321','Discipline ЕПП-25','15','no');
INSERT INTO discipline (id,nameOfDiscipline,countOfLessons,exam) VALUES ('3322','Discipline ЕПП-26','15','no');
INSERT INTO discipline (id,nameOfDiscipline,countOfLessons,exam) VALUES ('3323','Discipline ЕПП-27','15','no');
INSERT INTO discipline (id,nameOfDiscipline,countOfLessons,exam) VALUES ('3324','Discipline ЕПП-28','15','no');
INSERT INTO discipline (id,nameOfDiscipline,countOfLessons,exam) VALUES ('3325','Discipline ЕПП-29','15','no');
INSERT INTO discipline (id,nameOfDiscipline,countOfLessons,exam) VALUES ('3326','Discipline ЕПП-30','15','no');
INSERT INTO discipline (id,nameOfDiscipline,countOfLessons,exam) VALUES ('3327','Discipline ЕПП-31','15','no');
INSERT INTO discipline (id,nameOfDiscipline,countOfLessons,exam) VALUES ('3328','Discipline ЕПП-32','15','no');
INSERT INTO discipline (id,nameOfDiscipline,countOfLessons,exam) VALUES ('3329','Discipline ЕПП-33','15','no');
INSERT INTO discipline (id,nameOfDiscipline,countOfLessons,exam) VALUES ('3330','Discipline ЕПП-34','15','no');
INSERT INTO discipline (id,nameOfDiscipline,countOfLessons,exam) VALUES ('3331','Discipline ЕПП-35','15','no');
INSERT INTO discipline (id,nameOfDiscipline,countOfLessons,exam) VALUES ('3332','Discipline ЕПП-36','15','no');
INSERT INTO discipline (id,nameOfDiscipline,countOfLessons,exam) VALUES ('3333','Discipline ЕПП-37','15','no');
INSERT INTO discipline (id,nameOfDiscipline,countOfLessons,exam) VALUES ('3334','Discipline ЕПП-38','15','no');
INSERT INTO discipline (id,nameOfDiscipline,countOfLessons,exam) VALUES ('3335','Discipline ЕПП-39','15','no');
INSERT INTO discipline (id,nameOfDiscipline,countOfLessons,exam) VALUES ('3336','Discipline ЕПП-40','15','no');
INSERT INTO discipline (id,nameOfDiscipline,countOfLessons,exam) VALUES ('3337','Discipline ЕПП-41','15','no');
INSERT INTO discipline (id,nameOfDiscipline,countOfLessons,exam) VALUES ('3338','Discipline ЕПП-42','15','no');
INSERT INTO discipline (id,nameOfDiscipline,countOfLessons,exam) VALUES ('3339','Discipline ЕПП-43','15','no');
INSERT INTO discipline (id,nameOfDiscipline,countOfLessons,exam) VALUES ('3340','Discipline ЕПП-44','15','no');
INSERT INTO discipline (id,nameOfDiscipline,countOfLessons,exam) VALUES ('3341','Discipline ЕПП-45','15','no');
INSERT INTO discipline (id,nameOfDiscipline,countOfLessons,exam) VALUES ('3342','Discipline ЕПП-46','15','no');
INSERT INTO discipline (id,nameOfDiscipline,countOfLessons,exam) VALUES ('3343','Discipline ЕПП-47','15','no');
INSERT INTO discipline (id,nameOfDiscipline,countOfLessons,exam) VALUES ('3344','Discipline ЕПП-48','15','no');
INSERT INTO discipline (id,nameOfDiscipline,countOfLessons,exam) VALUES ('3345','Discipline ЕПП-49','15','no');
INSERT INTO discipline (id,nameOfDiscipline,countOfLessons,exam) VALUES ('3346','Discipline ЕПП-50','15','no');
INSERT INTO discipline (id,nameOfDiscipline,countOfLessons,exam) VALUES ('3347','Discipline ЕПП-51','15','no');
INSERT INTO discipline (id,nameOfDiscipline,countOfLessons,exam) VALUES ('3348','Discipline ЕПП-52','15','no');
INSERT INTO discipline (id,nameOfDiscipline,countOfLessons,exam) VALUES ('3349','Discipline ЕПП-53','15','no');
INSERT INTO discipline (id,nameOfDiscipline,countOfLessons,exam) VALUES ('3350','Discipline ЕПП-54','15','no');
INSERT INTO discipline (id,nameOfDiscipline,countOfLessons,exam) VALUES ('3351','Discipline ЕПП-55','15','no');
INSERT INTO discipline (id,nameOfDiscipline,countOfLessons,exam) VALUES ('3352','Discipline ЕПП-56','15','no');
INSERT INTO discipline (id,nameOfDiscipline,countOfLessons,exam) VALUES ('3353','Discipline ЕПП-57','15','no');
INSERT INTO discipline (id,nameOfDiscipline,countOfLessons,exam) VALUES ('3354','Discipline ЕПП-58','15','no');
INSERT INTO discipline (id,nameOfDiscipline,countOfLessons,exam) VALUES ('3355','Discipline ЕПП-59','15','no');
INSERT INTO discipline (id,nameOfDiscipline,countOfLessons,exam) VALUES ('3356','Discipline ЕПП-60','15','no');
INSERT INTO discipline (id,nameOfDiscipline,countOfLessons,exam) VALUES ('3357','Discipline ЕПП-61','15','no');
INSERT INTO discipline (id,nameOfDiscipline,countOfLessons,exam) VALUES ('3358','Discipline ЕПП-62','15','no');
INSERT INTO discipline (id,nameOfDiscipline,countOfLessons,exam) VALUES ('3359','Discipline ЕПП-63','15','no');
INSERT INTO discipline (id,nameOfDiscipline,countOfLessons,exam) VALUES ('3360','Discipline ЕПП-64','15','no');
INSERT INTO discipline (id,nameOfDiscipline,countOfLessons,exam) VALUES ('3361','Discipline ЕПП-65','15','no');
INSERT INTO discipline (id,nameOfDiscipline,countOfLessons,exam) VALUES ('3362','Discipline ЕПП-66','15','no');
INSERT INTO discipline (id,nameOfDiscipline,countOfLessons,exam) VALUES ('3363','Discipline ЕПП-67','15','no');
INSERT INTO discipline (id,nameOfDiscipline,countOfLessons,exam) VALUES ('3364','Discipline ЕПП-68','15','no');
INSERT INTO discipline (id,nameOfDiscipline,countOfLessons,exam) VALUES ('3365','Discipline ЕПП-69','15','no');
INSERT INTO discipline (id,nameOfDiscipline,countOfLessons,exam) VALUES ('3366','Discipline ЕПП-70','15','no');
INSERT INTO discipline (id,nameOfDiscipline,countOfLessons,exam) VALUES ('3367','Discipline ЕПП-71','15','no');
INSERT INTO discipline (id,nameOfDiscipline,countOfLessons,exam) VALUES ('3368','Discipline ЕПП-72','15','no');
INSERT INTO discipline (id,nameOfDiscipline,countOfLessons,exam) VALUES ('3369','Discipline ЕПП-73','15','no');
INSERT INTO discipline (id,nameOfDiscipline,countOfLessons,exam) VALUES ('3370','Discipline ЕПП-74','15','no');
INSERT INTO discipline (id,nameOfDiscipline,countOfLessons,exam) VALUES ('3371','Discipline ЕПП-75','15','no');
INSERT INTO discipline (id,nameOfDiscipline,countOfLessons,exam) VALUES ('3372','Discipline ЕПП-76','15','no');
INSERT INTO discipline (id,nameOfDiscipline,countOfLessons,exam) VALUES ('3373','Discipline ЕПП-77','15','no');
INSERT INTO discipline (id,nameOfDiscipline,countOfLessons,exam) VALUES ('3374','Discipline ЕПП-78','15','no');
INSERT INTO discipline (id,nameOfDiscipline,countOfLessons,exam) VALUES ('3375','Discipline ЕПП-79','15','no');
INSERT INTO discipline (id,nameOfDiscipline,countOfLessons,exam) VALUES ('3376','Discipline ЕПП-80','15','no');
INSERT INTO discipline (id,nameOfDiscipline,countOfLessons,exam) VALUES ('3377','Discipline ЕПП-81','15','no');
INSERT INTO discipline (id,nameOfDiscipline,countOfLessons,exam) VALUES ('3378','Discipline ЕПП-82','15','no');
INSERT INTO discipline (id,nameOfDiscipline,countOfLessons,exam) VALUES ('3379','Discipline ЕПП-83','15','no');
INSERT INTO discipline (id,nameOfDiscipline,countOfLessons,exam) VALUES ('3380','Discipline ЕПП-84','15','no');
INSERT INTO discipline (id,nameOfDiscipline,countOfLessons,exam) VALUES ('3381','Discipline ЕПП-85','15','no');
INSERT INTO discipline (id,nameOfDiscipline,countOfLessons,exam) VALUES ('3382','Discipline ЕПП-86','15','no');
INSERT INTO discipline (id,nameOfDiscipline,countOfLessons,exam) VALUES ('3383','Discipline ЕПП-87','15','no');
INSERT INTO disciplineDepartmentDependency (ID,disciplineID,departmentID,courseNumber,semesterNumber) VALUES ('3296','3296','46','1','1');
INSERT INTO disciplineDepartmentDependency (ID,disciplineID,departmentID,courseNumber,semesterNumber) VALUES ('3297','3297','46','2','2');
INSERT INTO disciplineDepartmentDependency (ID,disciplineID,departmentID,courseNumber,semesterNumber) VALUES ('3298','3298','46','3','1');
INSERT INTO disciplineDepartmentDependency (ID,disciplineID,departmentID,courseNumber,semesterNumber) VALUES ('3299','3299','46','4','2');
INSERT INTO disciplineDepartmentDependency (ID,disciplineID,departmentID,courseNumber,semesterNumber) VALUES ('3300','3300','46','5','1');
INSERT INTO disciplineDepartmentDependency (ID,disciplineID,departmentID,courseNumber,semesterNumber) VALUES ('3301','3301','46','6','2');
INSERT INTO disciplineDepartmentDependency (ID,disciplineID,departmentID,courseNumber,semesterNumber) VALUES ('3302','3302','46','1','1');
INSERT INTO disciplineDepartmentDependency (ID,disciplineID,departmentID,courseNumber,semesterNumber) VALUES ('3303','3303','46','2','2');
INSERT INTO disciplineDepartmentDependency (ID,disciplineID,departmentID,courseNumber,semesterNumber) VALUES ('3304','3304','46','3','1');
INSERT INTO disciplineDepartmentDependency (ID,disciplineID,departmentID,courseNumber,semesterNumber) VALUES ('3305','3305','46','4','2');
INSERT INTO disciplineDepartmentDependency (ID,disciplineID,departmentID,courseNumber,semesterNumber) VALUES ('3306','3306','46','5','1');
INSERT INTO disciplineDepartmentDependency (ID,disciplineID,departmentID,courseNumber,semesterNumber) VALUES ('3307','3307','46','6','2');
INSERT INTO disciplineDepartmentDependency (ID,disciplineID,departmentID,courseNumber,semesterNumber) VALUES ('3308','3308','46','1','1');
INSERT INTO disciplineDepartmentDependency (ID,disciplineID,departmentID,courseNumber,semesterNumber) VALUES ('3309','3309','46','2','2');
INSERT INTO disciplineDepartmentDependency (ID,disciplineID,departmentID,courseNumber,semesterNumber) VALUES ('3310','3310','46','3','1');
INSERT INTO disciplineDepartmentDependency (ID,disciplineID,departmentID,courseNumber,semesterNumber) VALUES ('3311','3311','46','4','2');
INSERT INTO disciplineDepartmentDependency (ID,disciplineID,departmentID,courseNumber,semesterNumber) VALUES ('3312','3312','46','5','1');
INSERT INTO disciplineDepartmentDependency (ID,disciplineID,departmentID,courseNumber,semesterNumber) VALUES ('3313','3313','46','6','2');
INSERT INTO disciplineDepartmentDependency (ID,disciplineID,departmentID,courseNumber,semesterNumber) VALUES ('3314','3314','46','1','1');
INSERT INTO disciplineDepartmentDependency (ID,disciplineID,departmentID,courseNumber,semesterNumber) VALUES ('3315','3315','46','2','2');
INSERT INTO disciplineDepartmentDependency (ID,disciplineID,departmentID,courseNumber,semesterNumber) VALUES ('3316','3316','46','3','1');
INSERT INTO disciplineDepartmentDependency (ID,disciplineID,departmentID,courseNumber,semesterNumber) VALUES ('3317','3317','46','4','2');
INSERT INTO disciplineDepartmentDependency (ID,disciplineID,departmentID,courseNumber,semesterNumber) VALUES ('3318','3318','46','5','1');
INSERT INTO disciplineDepartmentDependency (ID,disciplineID,departmentID,courseNumber,semesterNumber) VALUES ('3319','3319','46','6','2');
INSERT INTO disciplineDepartmentDependency (ID,disciplineID,departmentID,courseNumber,semesterNumber) VALUES ('3320','3320','46','1','1');
INSERT INTO disciplineDepartmentDependency (ID,disciplineID,departmentID,courseNumber,semesterNumber) VALUES ('3321','3321','46','2','2');
INSERT INTO disciplineDepartmentDependency (ID,disciplineID,departmentID,courseNumber,semesterNumber) VALUES ('3322','3322','46','3','1');
INSERT INTO disciplineDepartmentDependency (ID,disciplineID,departmentID,courseNumber,semesterNumber) VALUES ('3323','3323','46','4','2');
INSERT INTO disciplineDepartmentDependency (ID,disciplineID,departmentID,courseNumber,semesterNumber) VALUES ('3324','3324','46','5','1');
INSERT INTO disciplineDepartmentDependency (ID,disciplineID,departmentID,courseNumber,semesterNumber) VALUES ('3325','3325','46','6','2');
INSERT INTO disciplineDepartmentDependency (ID,disciplineID,departmentID,courseNumber,semesterNumber) VALUES ('3326','3326','46','1','1');
INSERT INTO disciplineDepartmentDependency (ID,disciplineID,departmentID,courseNumber,semesterNumber) VALUES ('3327','3327','46','2','2');
INSERT INTO disciplineDepartmentDependency (ID,disciplineID,departmentID,courseNumber,semesterNumber) VALUES ('3328','3328','46','3','1');
INSERT INTO disciplineDepartmentDependency (ID,disciplineID,departmentID,courseNumber,semesterNumber) VALUES ('3329','3329','46','4','2');
INSERT INTO disciplineDepartmentDependency (ID,disciplineID,departmentID,courseNumber,semesterNumber) VALUES ('3330','3330','46','5','1');
INSERT INTO disciplineDepartmentDependency (ID,disciplineID,departmentID,courseNumber,semesterNumber) VALUES ('3331','3331','46','6','2');
INSERT INTO disciplineDepartmentDependency (ID,disciplineID,departmentID,courseNumber,semesterNumber) VALUES ('3332','3332','46','1','1');
INSERT INTO disciplineDepartmentDependency (ID,disciplineID,departmentID,courseNumber,semesterNumber) VALUES ('3333','3333','46','2','2');
INSERT INTO disciplineDepartmentDependency (ID,disciplineID,departmentID,courseNumber,semesterNumber) VALUES ('3334','3334','46','3','1');
INSERT INTO disciplineDepartmentDependency (ID,disciplineID,departmentID,courseNumber,semesterNumber) VALUES ('3335','3335','46','4','2');
INSERT INTO disciplineDepartmentDependency (ID,disciplineID,departmentID,courseNumber,semesterNumber) VALUES ('3336','3336','46','5','1');
INSERT INTO disciplineDepartmentDependency (ID,disciplineID,departmentID,courseNumber,semesterNumber) VALUES ('3337','3337','46','6','2');
INSERT INTO disciplineDepartmentDependency (ID,disciplineID,departmentID,courseNumber,semesterNumber) VALUES ('3338','3338','46','1','1');
INSERT INTO disciplineDepartmentDependency (ID,disciplineID,departmentID,courseNumber,semesterNumber) VALUES ('3339','3339','46','2','2');
INSERT INTO disciplineDepartmentDependency (ID,disciplineID,departmentID,courseNumber,semesterNumber) VALUES ('3340','3340','46','3','1');
INSERT INTO disciplineDepartmentDependency (ID,disciplineID,departmentID,courseNumber,semesterNumber) VALUES ('3341','3341','46','4','2');
INSERT INTO disciplineDepartmentDependency (ID,disciplineID,departmentID,courseNumber,semesterNumber) VALUES ('3342','3342','46','5','1');
INSERT INTO disciplineDepartmentDependency (ID,disciplineID,departmentID,courseNumber,semesterNumber) VALUES ('3343','3343','46','6','2');
INSERT INTO disciplineDepartmentDependency (ID,disciplineID,departmentID,courseNumber,semesterNumber) VALUES ('3344','3344','46','1','1');
INSERT INTO disciplineDepartmentDependency (ID,disciplineID,departmentID,courseNumber,semesterNumber) VALUES ('3345','3345','46','2','2');
INSERT INTO disciplineDepartmentDependency (ID,disciplineID,departmentID,courseNumber,semesterNumber) VALUES ('3346','3346','46','3','1');
INSERT INTO disciplineDepartmentDependency (ID,disciplineID,departmentID,courseNumber,semesterNumber) VALUES ('3347','3347','46','4','2');
INSERT INTO disciplineDepartmentDependency (ID,disciplineID,departmentID,courseNumber,semesterNumber) VALUES ('3348','3348','46','5','1');
INSERT INTO disciplineDepartmentDependency (ID,disciplineID,departmentID,courseNumber,semesterNumber) VALUES ('3349','3349','46','6','2');
INSERT INTO disciplineDepartmentDependency (ID,disciplineID,departmentID,courseNumber,semesterNumber) VALUES ('3350','3350','46','1','1');
INSERT INTO disciplineDepartmentDependency (ID,disciplineID,departmentID,courseNumber,semesterNumber) VALUES ('3351','3351','46','2','2');
INSERT INTO disciplineDepartmentDependency (ID,disciplineID,departmentID,courseNumber,semesterNumber) VALUES ('3352','3352','46','3','1');
INSERT INTO disciplineDepartmentDependency (ID,disciplineID,departmentID,courseNumber,semesterNumber) VALUES ('3353','3353','46','4','2');
INSERT INTO disciplineDepartmentDependency (ID,disciplineID,departmentID,courseNumber,semesterNumber) VALUES ('3354','3354','46','5','1');
INSERT INTO disciplineDepartmentDependency (ID,disciplineID,departmentID,courseNumber,semesterNumber) VALUES ('3355','3355','46','6','2');
INSERT INTO disciplineDepartmentDependency (ID,disciplineID,departmentID,courseNumber,semesterNumber) VALUES ('3356','3356','46','1','1');
INSERT INTO disciplineDepartmentDependency (ID,disciplineID,departmentID,courseNumber,semesterNumber) VALUES ('3357','3357','46','2','2');
INSERT INTO disciplineDepartmentDependency (ID,disciplineID,departmentID,courseNumber,semesterNumber) VALUES ('3358','3358','46','3','1');
INSERT INTO disciplineDepartmentDependency (ID,disciplineID,departmentID,courseNumber,semesterNumber) VALUES ('3359','3359','46','4','2');
INSERT INTO disciplineDepartmentDependency (ID,disciplineID,departmentID,courseNumber,semesterNumber) VALUES ('3360','3360','46','5','1');
INSERT INTO disciplineDepartmentDependency (ID,disciplineID,departmentID,courseNumber,semesterNumber) VALUES ('3361','3361','46','6','2');
INSERT INTO disciplineDepartmentDependency (ID,disciplineID,departmentID,courseNumber,semesterNumber) VALUES ('3362','3362','46','1','1');
INSERT INTO disciplineDepartmentDependency (ID,disciplineID,departmentID,courseNumber,semesterNumber) VALUES ('3363','3363','46','2','2');
INSERT INTO disciplineDepartmentDependency (ID,disciplineID,departmentID,courseNumber,semesterNumber) VALUES ('3364','3364','46','3','1');
INSERT INTO disciplineDepartmentDependency (ID,disciplineID,departmentID,courseNumber,semesterNumber) VALUES ('3365','3365','46','4','2');
INSERT INTO disciplineDepartmentDependency (ID,disciplineID,departmentID,courseNumber,semesterNumber) VALUES ('3366','3366','46','5','1');
INSERT INTO disciplineDepartmentDependency (ID,disciplineID,departmentID,courseNumber,semesterNumber) VALUES ('3367','3367','46','6','2');
INSERT INTO disciplineDepartmentDependency (ID,disciplineID,departmentID,courseNumber,semesterNumber) VALUES ('3368','3368','46','1','1');
INSERT INTO disciplineDepartmentDependency (ID,disciplineID,departmentID,courseNumber,semesterNumber) VALUES ('3369','3369','46','2','2');
INSERT INTO disciplineDepartmentDependency (ID,disciplineID,departmentID,courseNumber,semesterNumber) VALUES ('3370','3370','46','3','1');
INSERT INTO disciplineDepartmentDependency (ID,disciplineID,departmentID,courseNumber,semesterNumber) VALUES ('3371','3371','46','4','2');
INSERT INTO disciplineDepartmentDependency (ID,disciplineID,departmentID,courseNumber,semesterNumber) VALUES ('3372','3372','46','5','1');
INSERT INTO disciplineDepartmentDependency (ID,disciplineID,departmentID,courseNumber,semesterNumber) VALUES ('3373','3373','46','6','2');
INSERT INTO disciplineDepartmentDependency (ID,disciplineID,departmentID,courseNumber,semesterNumber) VALUES ('3374','3374','46','1','1');
INSERT INTO disciplineDepartmentDependency (ID,disciplineID,departmentID,courseNumber,semesterNumber) VALUES ('3375','3375','46','2','2');
INSERT INTO disciplineDepartmentDependency (ID,disciplineID,departmentID,courseNumber,semesterNumber) VALUES ('3376','3376','46','3','1');
INSERT INTO disciplineDepartmentDependency (ID,disciplineID,departmentID,courseNumber,semesterNumber) VALUES ('3377','3377','46','4','2');
INSERT INTO disciplineDepartmentDependency (ID,disciplineID,departmentID,courseNumber,semesterNumber) VALUES ('3378','3378','46','5','1');
INSERT INTO disciplineDepartmentDependency (ID,disciplineID,departmentID,courseNumber,semesterNumber) VALUES ('3379','3379','46','6','2');
INSERT INTO disciplineDepartmentDependency (ID,disciplineID,departmentID,courseNumber,semesterNumber) VALUES ('3380','3380','46','1','1');
INSERT INTO disciplineDepartmentDependency (ID,disciplineID,departmentID,courseNumber,semesterNumber) VALUES ('3381','3381','46','2','2');
INSERT INTO disciplineDepartmentDependency (ID,disciplineID,departmentID,courseNumber,semesterNumber) VALUES ('3382','3382','46','3','1');
INSERT INTO disciplineDepartmentDependency (ID,disciplineID,departmentID,courseNumber,semesterNumber) VALUES ('3383','3383','46','4','2');
INSERT INTO loginpass (ID,login,password,access_type) VALUES ('119','VOLQQEVZENKO@blueyonder.co.uk','YXyULWEI','employee');
INSERT INTO employee (name,lastName,fathersName,personalID,sex,email,phoneNumber,dateOfBorn,address,passport,login,office,ID,departmentID) VALUES ('Воля','ШЕВЧЕНКО','Іллівна','7230685057','f','VOLQQEVZENKO@blueyonder.co.uk','0954374887','1967-04-03','75825 Львів Богданівський 41, 285','BO715875 ГУМВС 33','VOLQQEVZENKO@blueyonder.co.uk','HR','114','46');
INSERT INTO gtgroup (id,fullGroupName,courseNumber,departmentID) VALUES ('522','ЕПП-10','1','46');
INSERT INTO gtgroup (id,fullGroupName,courseNumber,departmentID) VALUES ('523','ЕПП-20','2','46');
INSERT INTO gtgroup (id,fullGroupName,courseNumber,departmentID) VALUES ('524','ЕПП-30','3','46');
INSERT INTO gtgroup (id,fullGroupName,courseNumber,departmentID) VALUES ('525','ЕПП-40','4','46');
INSERT INTO gtgroup (id,fullGroupName,courseNumber,departmentID) VALUES ('526','ЕПП-50','5','46');
INSERT INTO gtgroup (id,fullGroupName,courseNumber,departmentID) VALUES ('527','ЕПП-60','6','46');
INSERT INTO dayRequirements (id,departmentID,countOfDaysInWeek,countOfLessonsInADay) VALUES ('46','47','6','5');
INSERT INTO discipline (id,nameOfDiscipline,countOfLessons,exam) VALUES ('3384','Discipline ПЕ-0','15','no');
INSERT INTO discipline (id,nameOfDiscipline,countOfLessons,exam) VALUES ('3385','Discipline ПЕ-1','15','no');
INSERT INTO discipline (id,nameOfDiscipline,countOfLessons,exam) VALUES ('3386','Discipline ПЕ-2','15','no');
INSERT INTO discipline (id,nameOfDiscipline,countOfLessons,exam) VALUES ('3387','Discipline ПЕ-3','15','no');
INSERT INTO discipline (id,nameOfDiscipline,countOfLessons,exam) VALUES ('3388','Discipline ПЕ-4','15','no');
INSERT INTO discipline (id,nameOfDiscipline,countOfLessons,exam) VALUES ('3389','Discipline ПЕ-5','15','no');
INSERT INTO discipline (id,nameOfDiscipline,countOfLessons,exam) VALUES ('3390','Discipline ПЕ-6','15','no');
INSERT INTO discipline (id,nameOfDiscipline,countOfLessons,exam) VALUES ('3391','Discipline ПЕ-7','15','no');
INSERT INTO discipline (id,nameOfDiscipline,countOfLessons,exam) VALUES ('3392','Discipline ПЕ-8','15','no');
INSERT INTO discipline (id,nameOfDiscipline,countOfLessons,exam) VALUES ('3393','Discipline ПЕ-9','15','no');
INSERT INTO discipline (id,nameOfDiscipline,countOfLessons,exam) VALUES ('3394','Discipline ПЕ-10','15','no');
INSERT INTO discipline (id,nameOfDiscipline,countOfLessons,exam) VALUES ('3395','Discipline ПЕ-11','15','no');
INSERT INTO discipline (id,nameOfDiscipline,countOfLessons,exam) VALUES ('3396','Discipline ПЕ-12','15','no');
INSERT INTO discipline (id,nameOfDiscipline,countOfLessons,exam) VALUES ('3397','Discipline ПЕ-13','15','no');
INSERT INTO discipline (id,nameOfDiscipline,countOfLessons,exam) VALUES ('3398','Discipline ПЕ-14','15','no');
INSERT INTO discipline (id,nameOfDiscipline,countOfLessons,exam) VALUES ('3399','Discipline ПЕ-15','15','no');
INSERT INTO discipline (id,nameOfDiscipline,countOfLessons,exam) VALUES ('3400','Discipline ПЕ-16','15','no');
INSERT INTO discipline (id,nameOfDiscipline,countOfLessons,exam) VALUES ('3401','Discipline ПЕ-17','15','no');
INSERT INTO discipline (id,nameOfDiscipline,countOfLessons,exam) VALUES ('3402','Discipline ПЕ-18','15','no');
INSERT INTO discipline (id,nameOfDiscipline,countOfLessons,exam) VALUES ('3403','Discipline ПЕ-19','15','no');
INSERT INTO discipline (id,nameOfDiscipline,countOfLessons,exam) VALUES ('3404','Discipline ПЕ-20','15','no');
INSERT INTO discipline (id,nameOfDiscipline,countOfLessons,exam) VALUES ('3405','Discipline ПЕ-21','15','no');
INSERT INTO discipline (id,nameOfDiscipline,countOfLessons,exam) VALUES ('3406','Discipline ПЕ-22','15','no');
INSERT INTO discipline (id,nameOfDiscipline,countOfLessons,exam) VALUES ('3407','Discipline ПЕ-23','15','no');
INSERT INTO discipline (id,nameOfDiscipline,countOfLessons,exam) VALUES ('3408','Discipline ПЕ-24','15','no');
INSERT INTO discipline (id,nameOfDiscipline,countOfLessons,exam) VALUES ('3409','Discipline ПЕ-25','15','no');
INSERT INTO discipline (id,nameOfDiscipline,countOfLessons,exam) VALUES ('3410','Discipline ПЕ-26','15','no');
INSERT INTO discipline (id,nameOfDiscipline,countOfLessons,exam) VALUES ('3411','Discipline ПЕ-27','15','no');
INSERT INTO discipline (id,nameOfDiscipline,countOfLessons,exam) VALUES ('3412','Discipline ПЕ-28','15','no');
INSERT INTO discipline (id,nameOfDiscipline,countOfLessons,exam) VALUES ('3413','Discipline ПЕ-29','15','no');
INSERT INTO discipline (id,nameOfDiscipline,countOfLessons,exam) VALUES ('3414','Discipline ПЕ-30','15','no');
INSERT INTO discipline (id,nameOfDiscipline,countOfLessons,exam) VALUES ('3415','Discipline ПЕ-31','15','no');
INSERT INTO discipline (id,nameOfDiscipline,countOfLessons,exam) VALUES ('3416','Discipline ПЕ-32','15','no');
INSERT INTO discipline (id,nameOfDiscipline,countOfLessons,exam) VALUES ('3417','Discipline ПЕ-33','15','no');
INSERT INTO discipline (id,nameOfDiscipline,countOfLessons,exam) VALUES ('3418','Discipline ПЕ-34','15','no');
INSERT INTO discipline (id,nameOfDiscipline,countOfLessons,exam) VALUES ('3419','Discipline ПЕ-35','15','no');
INSERT INTO discipline (id,nameOfDiscipline,countOfLessons,exam) VALUES ('3420','Discipline ПЕ-36','15','no');
INSERT INTO discipline (id,nameOfDiscipline,countOfLessons,exam) VALUES ('3421','Discipline ПЕ-37','15','no');
INSERT INTO discipline (id,nameOfDiscipline,countOfLessons,exam) VALUES ('3422','Discipline ПЕ-38','15','no');
INSERT INTO discipline (id,nameOfDiscipline,countOfLessons,exam) VALUES ('3423','Discipline ПЕ-39','15','no');
INSERT INTO discipline (id,nameOfDiscipline,countOfLessons,exam) VALUES ('3424','Discipline ПЕ-40','15','no');
INSERT INTO discipline (id,nameOfDiscipline,countOfLessons,exam) VALUES ('3425','Discipline ПЕ-41','15','no');
INSERT INTO discipline (id,nameOfDiscipline,countOfLessons,exam) VALUES ('3426','Discipline ПЕ-42','15','no');
INSERT INTO discipline (id,nameOfDiscipline,countOfLessons,exam) VALUES ('3427','Discipline ПЕ-43','15','no');
INSERT INTO discipline (id,nameOfDiscipline,countOfLessons,exam) VALUES ('3428','Discipline ПЕ-44','15','no');
INSERT INTO discipline (id,nameOfDiscipline,countOfLessons,exam) VALUES ('3429','Discipline ПЕ-45','15','no');
INSERT INTO discipline (id,nameOfDiscipline,countOfLessons,exam) VALUES ('3430','Discipline ПЕ-46','15','no');
INSERT INTO discipline (id,nameOfDiscipline,countOfLessons,exam) VALUES ('3431','Discipline ПЕ-47','15','no');
INSERT INTO discipline (id,nameOfDiscipline,countOfLessons,exam) VALUES ('3432','Discipline ПЕ-48','15','no');
INSERT INTO discipline (id,nameOfDiscipline,countOfLessons,exam) VALUES ('3433','Discipline ПЕ-49','15','no');
INSERT INTO discipline (id,nameOfDiscipline,countOfLessons,exam) VALUES ('3434','Discipline ПЕ-50','15','no');
INSERT INTO discipline (id,nameOfDiscipline,countOfLessons,exam) VALUES ('3435','Discipline ПЕ-51','15','no');
INSERT INTO discipline (id,nameOfDiscipline,countOfLessons,exam) VALUES ('3436','Discipline ПЕ-52','15','no');
INSERT INTO discipline (id,nameOfDiscipline,countOfLessons,exam) VALUES ('3437','Discipline ПЕ-53','15','no');
INSERT INTO discipline (id,nameOfDiscipline,countOfLessons,exam) VALUES ('3438','Discipline ПЕ-54','15','no');
INSERT INTO discipline (id,nameOfDiscipline,countOfLessons,exam) VALUES ('3439','Discipline ПЕ-55','15','no');
INSERT INTO discipline (id,nameOfDiscipline,countOfLessons,exam) VALUES ('3440','Discipline ПЕ-56','15','no');
INSERT INTO discipline (id,nameOfDiscipline,countOfLessons,exam) VALUES ('3441','Discipline ПЕ-57','15','no');
INSERT INTO discipline (id,nameOfDiscipline,countOfLessons,exam) VALUES ('3442','Discipline ПЕ-58','15','no');
INSERT INTO discipline (id,nameOfDiscipline,countOfLessons,exam) VALUES ('3443','Discipline ПЕ-59','15','no');
INSERT INTO discipline (id,nameOfDiscipline,countOfLessons,exam) VALUES ('3444','Discipline ПЕ-60','15','no');
INSERT INTO discipline (id,nameOfDiscipline,countOfLessons,exam) VALUES ('3445','Discipline ПЕ-61','15','no');
INSERT INTO discipline (id,nameOfDiscipline,countOfLessons,exam) VALUES ('3446','Discipline ПЕ-62','15','no');
INSERT INTO discipline (id,nameOfDiscipline,countOfLessons,exam) VALUES ('3447','Discipline ПЕ-63','15','no');
INSERT INTO discipline (id,nameOfDiscipline,countOfLessons,exam) VALUES ('3448','Discipline ПЕ-64','15','no');
INSERT INTO discipline (id,nameOfDiscipline,countOfLessons,exam) VALUES ('3449','Discipline ПЕ-65','15','no');
INSERT INTO discipline (id,nameOfDiscipline,countOfLessons,exam) VALUES ('3450','Discipline ПЕ-66','15','no');
INSERT INTO discipline (id,nameOfDiscipline,countOfLessons,exam) VALUES ('3451','Discipline ПЕ-67','15','no');
INSERT INTO discipline (id,nameOfDiscipline,countOfLessons,exam) VALUES ('3452','Discipline ПЕ-68','15','no');
INSERT INTO discipline (id,nameOfDiscipline,countOfLessons,exam) VALUES ('3453','Discipline ПЕ-69','15','no');
INSERT INTO discipline (id,nameOfDiscipline,countOfLessons,exam) VALUES ('3454','Discipline ПЕ-70','15','no');
INSERT INTO discipline (id,nameOfDiscipline,countOfLessons,exam) VALUES ('3455','Discipline ПЕ-71','15','no');
INSERT INTO discipline (id,nameOfDiscipline,countOfLessons,exam) VALUES ('3456','Discipline ПЕ-72','15','no');
INSERT INTO discipline (id,nameOfDiscipline,countOfLessons,exam) VALUES ('3457','Discipline ПЕ-73','15','no');
INSERT INTO discipline (id,nameOfDiscipline,countOfLessons,exam) VALUES ('3458','Discipline ПЕ-74','15','no');
INSERT INTO discipline (id,nameOfDiscipline,countOfLessons,exam) VALUES ('3459','Discipline ПЕ-75','15','no');
INSERT INTO disciplineDepartmentDependency (ID,disciplineID,departmentID,courseNumber,semesterNumber) VALUES ('3384','3384','47','1','1');
INSERT INTO disciplineDepartmentDependency (ID,disciplineID,departmentID,courseNumber,semesterNumber) VALUES ('3385','3385','47','2','2');
INSERT INTO disciplineDepartmentDependency (ID,disciplineID,departmentID,courseNumber,semesterNumber) VALUES ('3386','3386','47','3','1');
INSERT INTO disciplineDepartmentDependency (ID,disciplineID,departmentID,courseNumber,semesterNumber) VALUES ('3387','3387','47','4','2');
INSERT INTO disciplineDepartmentDependency (ID,disciplineID,departmentID,courseNumber,semesterNumber) VALUES ('3388','3388','47','5','1');
INSERT INTO disciplineDepartmentDependency (ID,disciplineID,departmentID,courseNumber,semesterNumber) VALUES ('3389','3389','47','6','2');
INSERT INTO disciplineDepartmentDependency (ID,disciplineID,departmentID,courseNumber,semesterNumber) VALUES ('3390','3390','47','1','1');
INSERT INTO disciplineDepartmentDependency (ID,disciplineID,departmentID,courseNumber,semesterNumber) VALUES ('3391','3391','47','2','2');
INSERT INTO disciplineDepartmentDependency (ID,disciplineID,departmentID,courseNumber,semesterNumber) VALUES ('3392','3392','47','3','1');
INSERT INTO disciplineDepartmentDependency (ID,disciplineID,departmentID,courseNumber,semesterNumber) VALUES ('3393','3393','47','4','2');
INSERT INTO disciplineDepartmentDependency (ID,disciplineID,departmentID,courseNumber,semesterNumber) VALUES ('3394','3394','47','5','1');
INSERT INTO disciplineDepartmentDependency (ID,disciplineID,departmentID,courseNumber,semesterNumber) VALUES ('3395','3395','47','6','2');
INSERT INTO disciplineDepartmentDependency (ID,disciplineID,departmentID,courseNumber,semesterNumber) VALUES ('3396','3396','47','1','1');
INSERT INTO disciplineDepartmentDependency (ID,disciplineID,departmentID,courseNumber,semesterNumber) VALUES ('3397','3397','47','2','2');
INSERT INTO disciplineDepartmentDependency (ID,disciplineID,departmentID,courseNumber,semesterNumber) VALUES ('3398','3398','47','3','1');
INSERT INTO disciplineDepartmentDependency (ID,disciplineID,departmentID,courseNumber,semesterNumber) VALUES ('3399','3399','47','4','2');
INSERT INTO disciplineDepartmentDependency (ID,disciplineID,departmentID,courseNumber,semesterNumber) VALUES ('3400','3400','47','5','1');
INSERT INTO disciplineDepartmentDependency (ID,disciplineID,departmentID,courseNumber,semesterNumber) VALUES ('3401','3401','47','6','2');
INSERT INTO disciplineDepartmentDependency (ID,disciplineID,departmentID,courseNumber,semesterNumber) VALUES ('3402','3402','47','1','1');
INSERT INTO disciplineDepartmentDependency (ID,disciplineID,departmentID,courseNumber,semesterNumber) VALUES ('3403','3403','47','2','2');
INSERT INTO disciplineDepartmentDependency (ID,disciplineID,departmentID,courseNumber,semesterNumber) VALUES ('3404','3404','47','3','1');
INSERT INTO disciplineDepartmentDependency (ID,disciplineID,departmentID,courseNumber,semesterNumber) VALUES ('3405','3405','47','4','2');
INSERT INTO disciplineDepartmentDependency (ID,disciplineID,departmentID,courseNumber,semesterNumber) VALUES ('3406','3406','47','5','1');
INSERT INTO disciplineDepartmentDependency (ID,disciplineID,departmentID,courseNumber,semesterNumber) VALUES ('3407','3407','47','6','2');
INSERT INTO disciplineDepartmentDependency (ID,disciplineID,departmentID,courseNumber,semesterNumber) VALUES ('3408','3408','47','1','1');
INSERT INTO disciplineDepartmentDependency (ID,disciplineID,departmentID,courseNumber,semesterNumber) VALUES ('3409','3409','47','2','2');
INSERT INTO disciplineDepartmentDependency (ID,disciplineID,departmentID,courseNumber,semesterNumber) VALUES ('3410','3410','47','3','1');
INSERT INTO disciplineDepartmentDependency (ID,disciplineID,departmentID,courseNumber,semesterNumber) VALUES ('3411','3411','47','4','2');
INSERT INTO disciplineDepartmentDependency (ID,disciplineID,departmentID,courseNumber,semesterNumber) VALUES ('3412','3412','47','5','1');
INSERT INTO disciplineDepartmentDependency (ID,disciplineID,departmentID,courseNumber,semesterNumber) VALUES ('3413','3413','47','6','2');
INSERT INTO disciplineDepartmentDependency (ID,disciplineID,departmentID,courseNumber,semesterNumber) VALUES ('3414','3414','47','1','1');
INSERT INTO disciplineDepartmentDependency (ID,disciplineID,departmentID,courseNumber,semesterNumber) VALUES ('3415','3415','47','2','2');
INSERT INTO disciplineDepartmentDependency (ID,disciplineID,departmentID,courseNumber,semesterNumber) VALUES ('3416','3416','47','3','1');
INSERT INTO disciplineDepartmentDependency (ID,disciplineID,departmentID,courseNumber,semesterNumber) VALUES ('3417','3417','47','4','2');
INSERT INTO disciplineDepartmentDependency (ID,disciplineID,departmentID,courseNumber,semesterNumber) VALUES ('3418','3418','47','5','1');
INSERT INTO disciplineDepartmentDependency (ID,disciplineID,departmentID,courseNumber,semesterNumber) VALUES ('3419','3419','47','6','2');
INSERT INTO disciplineDepartmentDependency (ID,disciplineID,departmentID,courseNumber,semesterNumber) VALUES ('3420','3420','47','1','1');
INSERT INTO disciplineDepartmentDependency (ID,disciplineID,departmentID,courseNumber,semesterNumber) VALUES ('3421','3421','47','2','2');
INSERT INTO disciplineDepartmentDependency (ID,disciplineID,departmentID,courseNumber,semesterNumber) VALUES ('3422','3422','47','3','1');
INSERT INTO disciplineDepartmentDependency (ID,disciplineID,departmentID,courseNumber,semesterNumber) VALUES ('3423','3423','47','4','2');
INSERT INTO disciplineDepartmentDependency (ID,disciplineID,departmentID,courseNumber,semesterNumber) VALUES ('3424','3424','47','5','1');
INSERT INTO disciplineDepartmentDependency (ID,disciplineID,departmentID,courseNumber,semesterNumber) VALUES ('3425','3425','47','6','2');
INSERT INTO disciplineDepartmentDependency (ID,disciplineID,departmentID,courseNumber,semesterNumber) VALUES ('3426','3426','47','1','1');
INSERT INTO disciplineDepartmentDependency (ID,disciplineID,departmentID,courseNumber,semesterNumber) VALUES ('3427','3427','47','2','2');
INSERT INTO disciplineDepartmentDependency (ID,disciplineID,departmentID,courseNumber,semesterNumber) VALUES ('3428','3428','47','3','1');
INSERT INTO disciplineDepartmentDependency (ID,disciplineID,departmentID,courseNumber,semesterNumber) VALUES ('3429','3429','47','4','2');
INSERT INTO disciplineDepartmentDependency (ID,disciplineID,departmentID,courseNumber,semesterNumber) VALUES ('3430','3430','47','5','1');
INSERT INTO disciplineDepartmentDependency (ID,disciplineID,departmentID,courseNumber,semesterNumber) VALUES ('3431','3431','47','6','2');
INSERT INTO disciplineDepartmentDependency (ID,disciplineID,departmentID,courseNumber,semesterNumber) VALUES ('3432','3432','47','1','1');
INSERT INTO disciplineDepartmentDependency (ID,disciplineID,departmentID,courseNumber,semesterNumber) VALUES ('3433','3433','47','2','2');
INSERT INTO disciplineDepartmentDependency (ID,disciplineID,departmentID,courseNumber,semesterNumber) VALUES ('3434','3434','47','3','1');
INSERT INTO disciplineDepartmentDependency (ID,disciplineID,departmentID,courseNumber,semesterNumber) VALUES ('3435','3435','47','4','2');
INSERT INTO disciplineDepartmentDependency (ID,disciplineID,departmentID,courseNumber,semesterNumber) VALUES ('3436','3436','47','5','1');
INSERT INTO disciplineDepartmentDependency (ID,disciplineID,departmentID,courseNumber,semesterNumber) VALUES ('3437','3437','47','6','2');
INSERT INTO disciplineDepartmentDependency (ID,disciplineID,departmentID,courseNumber,semesterNumber) VALUES ('3438','3438','47','1','1');
INSERT INTO disciplineDepartmentDependency (ID,disciplineID,departmentID,courseNumber,semesterNumber) VALUES ('3439','3439','47','2','2');
INSERT INTO disciplineDepartmentDependency (ID,disciplineID,departmentID,courseNumber,semesterNumber) VALUES ('3440','3440','47','3','1');
INSERT INTO disciplineDepartmentDependency (ID,disciplineID,departmentID,courseNumber,semesterNumber) VALUES ('3441','3441','47','4','2');
INSERT INTO disciplineDepartmentDependency (ID,disciplineID,departmentID,courseNumber,semesterNumber) VALUES ('3442','3442','47','5','1');
INSERT INTO disciplineDepartmentDependency (ID,disciplineID,departmentID,courseNumber,semesterNumber) VALUES ('3443','3443','47','6','2');
INSERT INTO disciplineDepartmentDependency (ID,disciplineID,departmentID,courseNumber,semesterNumber) VALUES ('3444','3444','47','1','1');
INSERT INTO disciplineDepartmentDependency (ID,disciplineID,departmentID,courseNumber,semesterNumber) VALUES ('3445','3445','47','2','2');
INSERT INTO disciplineDepartmentDependency (ID,disciplineID,departmentID,courseNumber,semesterNumber) VALUES ('3446','3446','47','3','1');
INSERT INTO disciplineDepartmentDependency (ID,disciplineID,departmentID,courseNumber,semesterNumber) VALUES ('3447','3447','47','4','2');
INSERT INTO disciplineDepartmentDependency (ID,disciplineID,departmentID,courseNumber,semesterNumber) VALUES ('3448','3448','47','5','1');
INSERT INTO disciplineDepartmentDependency (ID,disciplineID,departmentID,courseNumber,semesterNumber) VALUES ('3449','3449','47','6','2');
INSERT INTO disciplineDepartmentDependency (ID,disciplineID,departmentID,courseNumber,semesterNumber) VALUES ('3450','3450','47','1','1');
INSERT INTO disciplineDepartmentDependency (ID,disciplineID,departmentID,courseNumber,semesterNumber) VALUES ('3451','3451','47','2','2');
INSERT INTO disciplineDepartmentDependency (ID,disciplineID,departmentID,courseNumber,semesterNumber) VALUES ('3452','3452','47','3','1');
INSERT INTO disciplineDepartmentDependency (ID,disciplineID,departmentID,courseNumber,semesterNumber) VALUES ('3453','3453','47','4','2');
INSERT INTO disciplineDepartmentDependency (ID,disciplineID,departmentID,courseNumber,semesterNumber) VALUES ('3454','3454','47','5','1');
INSERT INTO disciplineDepartmentDependency (ID,disciplineID,departmentID,courseNumber,semesterNumber) VALUES ('3455','3455','47','6','2');
INSERT INTO disciplineDepartmentDependency (ID,disciplineID,departmentID,courseNumber,semesterNumber) VALUES ('3456','3456','47','1','1');
INSERT INTO disciplineDepartmentDependency (ID,disciplineID,departmentID,courseNumber,semesterNumber) VALUES ('3457','3457','47','2','2');
INSERT INTO disciplineDepartmentDependency (ID,disciplineID,departmentID,courseNumber,semesterNumber) VALUES ('3458','3458','47','3','1');
INSERT INTO disciplineDepartmentDependency (ID,disciplineID,departmentID,courseNumber,semesterNumber) VALUES ('3459','3459','47','4','2');
INSERT INTO loginpass (ID,login,password,access_type) VALUES ('120','VISTAVOVK@freeserve.co.uk','kfxsETZO','employee');
INSERT INTO employee (name,lastName,fathersName,personalID,sex,email,phoneNumber,dateOfBorn,address,passport,login,office,ID,departmentID) VALUES ('Віста','ВОВК','Савівна','4851217102','f','VISTAVOVK@freeserve.co.uk','0966651168','1981-03-21','25416 Керч Будіндустрії 28, 90','NC441666 ГУМВС 21','VISTAVOVK@freeserve.co.uk','HR','115','47');
INSERT INTO loginpass (ID,login,password,access_type) VALUES ('121','BOGUSLAVAKLXMENKO@hotmail.fr','vrT&Lq#b','employee');
INSERT INTO employee (name,lastName,fathersName,personalID,sex,email,phoneNumber,dateOfBorn,address,passport,login,office,ID,departmentID) VALUES ('Богуслава','КЛИМЕНКО','Миколаївна','7534422645','f','BOGUSLAVAKLXMENKO@hotmail.fr','0502821701','1994-03-24','50353 Сторожинець Грибоєдова 29, 44','MU626813 ГУМВС 38','BOGUSLAVAKLXMENKO@hotmail.fr','HR','116','47');
INSERT INTO loginpass (ID,login,password,access_type) VALUES ('122','BOGUSLAVAQRZENKO@gmx.fr','cu7!aty9','employee');
INSERT INTO employee (name,lastName,fathersName,personalID,sex,email,phoneNumber,dateOfBorn,address,passport,login,office,ID,departmentID) VALUES ('Богуслава','ЮРЧЕНКО','Луківна','7881786173','f','BOGUSLAVAQRZENKO@gmx.fr','0927674584','1982-02-10','60101 Рівне Комсомольський ІІ-й 31, 79','JT422642 ГУМВС 47','BOGUSLAVAQRZENKO@gmx.fr','HR','117','47');
INSERT INTO loginpass (ID,login,password,access_type) VALUES ('123','BRATANSTEPANENKO@wanadoo.co.uk','OAW2v!Rn','employee');
INSERT INTO employee (name,lastName,fathersName,personalID,sex,email,phoneNumber,dateOfBorn,address,passport,login,office,ID,departmentID) VALUES ('Братан','СТЕПАНЕНКО','Савич','6647608118','m','BRATANSTEPANENKO@wanadoo.co.uk','0637572700','1992-05-25','87820 Алушта Байди Вишневецького 77, 230','PC264142 ГУМВС 5','BRATANSTEPANENKO@wanadoo.co.uk','HR','118','47');
INSERT INTO gtgroup (id,fullGroupName,courseNumber,departmentID) VALUES ('528','ПЕ-10','1','47');
INSERT INTO gtgroup (id,fullGroupName,courseNumber,departmentID) VALUES ('529','ПЕ-11','1','47');
INSERT INTO gtgroup (id,fullGroupName,courseNumber,departmentID) VALUES ('530','ПЕ-12','1','47');
INSERT INTO gtgroup (id,fullGroupName,courseNumber,departmentID) VALUES ('531','ПЕ-20','2','47');
INSERT INTO gtgroup (id,fullGroupName,courseNumber,departmentID) VALUES ('532','ПЕ-21','2','47');
INSERT INTO gtgroup (id,fullGroupName,courseNumber,departmentID) VALUES ('533','ПЕ-22','2','47');
INSERT INTO gtgroup (id,fullGroupName,courseNumber,departmentID) VALUES ('534','ПЕ-30','3','47');
INSERT INTO gtgroup (id,fullGroupName,courseNumber,departmentID) VALUES ('535','ПЕ-31','3','47');
INSERT INTO gtgroup (id,fullGroupName,courseNumber,departmentID) VALUES ('536','ПЕ-32','3','47');
INSERT INTO gtgroup (id,fullGroupName,courseNumber,departmentID) VALUES ('537','ПЕ-40','4','47');
INSERT INTO gtgroup (id,fullGroupName,courseNumber,departmentID) VALUES ('538','ПЕ-41','4','47');
INSERT INTO gtgroup (id,fullGroupName,courseNumber,departmentID) VALUES ('539','ПЕ-42','4','47');
INSERT INTO gtgroup (id,fullGroupName,courseNumber,departmentID) VALUES ('540','ПЕ-50','5','47');
INSERT INTO gtgroup (id,fullGroupName,courseNumber,departmentID) VALUES ('541','ПЕ-51','5','47');
INSERT INTO gtgroup (id,fullGroupName,courseNumber,departmentID) VALUES ('542','ПЕ-52','5','47');
INSERT INTO gtgroup (id,fullGroupName,courseNumber,departmentID) VALUES ('543','ПЕ-60','6','47');
INSERT INTO gtgroup (id,fullGroupName,courseNumber,departmentID) VALUES ('544','ПЕ-61','6','47');
INSERT INTO gtgroup (id,fullGroupName,courseNumber,departmentID) VALUES ('545','ПЕ-62','6','47');
INSERT INTO dayRequirements (id,departmentID,countOfDaysInWeek,countOfLessonsInADay) VALUES ('47','48','6','5');
INSERT INTO discipline (id,nameOfDiscipline,countOfLessons,exam) VALUES ('3460','Discipline ФБМЕ-0','15','no');
INSERT INTO discipline (id,nameOfDiscipline,countOfLessons,exam) VALUES ('3461','Discipline ФБМЕ-1','15','no');
INSERT INTO discipline (id,nameOfDiscipline,countOfLessons,exam) VALUES ('3462','Discipline ФБМЕ-2','15','no');
INSERT INTO discipline (id,nameOfDiscipline,countOfLessons,exam) VALUES ('3463','Discipline ФБМЕ-3','15','no');
INSERT INTO discipline (id,nameOfDiscipline,countOfLessons,exam) VALUES ('3464','Discipline ФБМЕ-4','15','no');
INSERT INTO discipline (id,nameOfDiscipline,countOfLessons,exam) VALUES ('3465','Discipline ФБМЕ-5','15','no');
INSERT INTO discipline (id,nameOfDiscipline,countOfLessons,exam) VALUES ('3466','Discipline ФБМЕ-6','15','no');
INSERT INTO discipline (id,nameOfDiscipline,countOfLessons,exam) VALUES ('3467','Discipline ФБМЕ-7','15','no');
INSERT INTO discipline (id,nameOfDiscipline,countOfLessons,exam) VALUES ('3468','Discipline ФБМЕ-8','15','no');
INSERT INTO discipline (id,nameOfDiscipline,countOfLessons,exam) VALUES ('3469','Discipline ФБМЕ-9','15','no');
INSERT INTO discipline (id,nameOfDiscipline,countOfLessons,exam) VALUES ('3470','Discipline ФБМЕ-10','15','no');
INSERT INTO discipline (id,nameOfDiscipline,countOfLessons,exam) VALUES ('3471','Discipline ФБМЕ-11','15','no');
INSERT INTO discipline (id,nameOfDiscipline,countOfLessons,exam) VALUES ('3472','Discipline ФБМЕ-12','15','no');
INSERT INTO discipline (id,nameOfDiscipline,countOfLessons,exam) VALUES ('3473','Discipline ФБМЕ-13','15','no');
INSERT INTO discipline (id,nameOfDiscipline,countOfLessons,exam) VALUES ('3474','Discipline ФБМЕ-14','15','no');
INSERT INTO discipline (id,nameOfDiscipline,countOfLessons,exam) VALUES ('3475','Discipline ФБМЕ-15','15','no');
INSERT INTO discipline (id,nameOfDiscipline,countOfLessons,exam) VALUES ('3476','Discipline ФБМЕ-16','15','no');
INSERT INTO discipline (id,nameOfDiscipline,countOfLessons,exam) VALUES ('3477','Discipline ФБМЕ-17','15','no');
INSERT INTO discipline (id,nameOfDiscipline,countOfLessons,exam) VALUES ('3478','Discipline ФБМЕ-18','15','no');
INSERT INTO discipline (id,nameOfDiscipline,countOfLessons,exam) VALUES ('3479','Discipline ФБМЕ-19','15','no');
INSERT INTO discipline (id,nameOfDiscipline,countOfLessons,exam) VALUES ('3480','Discipline ФБМЕ-20','15','no');
INSERT INTO discipline (id,nameOfDiscipline,countOfLessons,exam) VALUES ('3481','Discipline ФБМЕ-21','15','no');
INSERT INTO discipline (id,nameOfDiscipline,countOfLessons,exam) VALUES ('3482','Discipline ФБМЕ-22','15','no');
INSERT INTO discipline (id,nameOfDiscipline,countOfLessons,exam) VALUES ('3483','Discipline ФБМЕ-23','15','no');
INSERT INTO discipline (id,nameOfDiscipline,countOfLessons,exam) VALUES ('3484','Discipline ФБМЕ-24','15','no');
INSERT INTO discipline (id,nameOfDiscipline,countOfLessons,exam) VALUES ('3485','Discipline ФБМЕ-25','15','no');
INSERT INTO discipline (id,nameOfDiscipline,countOfLessons,exam) VALUES ('3486','Discipline ФБМЕ-26','15','no');
INSERT INTO discipline (id,nameOfDiscipline,countOfLessons,exam) VALUES ('3487','Discipline ФБМЕ-27','15','no');
INSERT INTO discipline (id,nameOfDiscipline,countOfLessons,exam) VALUES ('3488','Discipline ФБМЕ-28','15','no');
INSERT INTO discipline (id,nameOfDiscipline,countOfLessons,exam) VALUES ('3489','Discipline ФБМЕ-29','15','no');
INSERT INTO discipline (id,nameOfDiscipline,countOfLessons,exam) VALUES ('3490','Discipline ФБМЕ-30','15','no');
INSERT INTO discipline (id,nameOfDiscipline,countOfLessons,exam) VALUES ('3491','Discipline ФБМЕ-31','15','no');
INSERT INTO discipline (id,nameOfDiscipline,countOfLessons,exam) VALUES ('3492','Discipline ФБМЕ-32','15','no');
INSERT INTO discipline (id,nameOfDiscipline,countOfLessons,exam) VALUES ('3493','Discipline ФБМЕ-33','15','no');
INSERT INTO discipline (id,nameOfDiscipline,countOfLessons,exam) VALUES ('3494','Discipline ФБМЕ-34','15','no');
INSERT INTO discipline (id,nameOfDiscipline,countOfLessons,exam) VALUES ('3495','Discipline ФБМЕ-35','15','no');
INSERT INTO discipline (id,nameOfDiscipline,countOfLessons,exam) VALUES ('3496','Discipline ФБМЕ-36','15','no');
INSERT INTO discipline (id,nameOfDiscipline,countOfLessons,exam) VALUES ('3497','Discipline ФБМЕ-37','15','no');
INSERT INTO discipline (id,nameOfDiscipline,countOfLessons,exam) VALUES ('3498','Discipline ФБМЕ-38','15','no');
INSERT INTO discipline (id,nameOfDiscipline,countOfLessons,exam) VALUES ('3499','Discipline ФБМЕ-39','15','no');
INSERT INTO discipline (id,nameOfDiscipline,countOfLessons,exam) VALUES ('3500','Discipline ФБМЕ-40','15','no');
INSERT INTO discipline (id,nameOfDiscipline,countOfLessons,exam) VALUES ('3501','Discipline ФБМЕ-41','15','no');
INSERT INTO discipline (id,nameOfDiscipline,countOfLessons,exam) VALUES ('3502','Discipline ФБМЕ-42','15','no');
INSERT INTO discipline (id,nameOfDiscipline,countOfLessons,exam) VALUES ('3503','Discipline ФБМЕ-43','15','no');
INSERT INTO discipline (id,nameOfDiscipline,countOfLessons,exam) VALUES ('3504','Discipline ФБМЕ-44','15','no');
INSERT INTO discipline (id,nameOfDiscipline,countOfLessons,exam) VALUES ('3505','Discipline ФБМЕ-45','15','no');
INSERT INTO discipline (id,nameOfDiscipline,countOfLessons,exam) VALUES ('3506','Discipline ФБМЕ-46','15','no');
INSERT INTO discipline (id,nameOfDiscipline,countOfLessons,exam) VALUES ('3507','Discipline ФБМЕ-47','15','no');
INSERT INTO discipline (id,nameOfDiscipline,countOfLessons,exam) VALUES ('3508','Discipline ФБМЕ-48','15','no');
INSERT INTO discipline (id,nameOfDiscipline,countOfLessons,exam) VALUES ('3509','Discipline ФБМЕ-49','15','no');
INSERT INTO discipline (id,nameOfDiscipline,countOfLessons,exam) VALUES ('3510','Discipline ФБМЕ-50','15','no');
INSERT INTO discipline (id,nameOfDiscipline,countOfLessons,exam) VALUES ('3511','Discipline ФБМЕ-51','15','no');
INSERT INTO discipline (id,nameOfDiscipline,countOfLessons,exam) VALUES ('3512','Discipline ФБМЕ-52','15','no');
INSERT INTO discipline (id,nameOfDiscipline,countOfLessons,exam) VALUES ('3513','Discipline ФБМЕ-53','15','no');
INSERT INTO discipline (id,nameOfDiscipline,countOfLessons,exam) VALUES ('3514','Discipline ФБМЕ-54','15','no');
INSERT INTO discipline (id,nameOfDiscipline,countOfLessons,exam) VALUES ('3515','Discipline ФБМЕ-55','15','no');
INSERT INTO discipline (id,nameOfDiscipline,countOfLessons,exam) VALUES ('3516','Discipline ФБМЕ-56','15','no');
INSERT INTO discipline (id,nameOfDiscipline,countOfLessons,exam) VALUES ('3517','Discipline ФБМЕ-57','15','no');
INSERT INTO discipline (id,nameOfDiscipline,countOfLessons,exam) VALUES ('3518','Discipline ФБМЕ-58','15','no');
INSERT INTO discipline (id,nameOfDiscipline,countOfLessons,exam) VALUES ('3519','Discipline ФБМЕ-59','15','no');
INSERT INTO discipline (id,nameOfDiscipline,countOfLessons,exam) VALUES ('3520','Discipline ФБМЕ-60','15','no');
INSERT INTO discipline (id,nameOfDiscipline,countOfLessons,exam) VALUES ('3521','Discipline ФБМЕ-61','15','no');
INSERT INTO discipline (id,nameOfDiscipline,countOfLessons,exam) VALUES ('3522','Discipline ФБМЕ-62','15','no');
INSERT INTO discipline (id,nameOfDiscipline,countOfLessons,exam) VALUES ('3523','Discipline ФБМЕ-63','15','no');
INSERT INTO discipline (id,nameOfDiscipline,countOfLessons,exam) VALUES ('3524','Discipline ФБМЕ-64','15','no');
INSERT INTO discipline (id,nameOfDiscipline,countOfLessons,exam) VALUES ('3525','Discipline ФБМЕ-65','15','no');
INSERT INTO discipline (id,nameOfDiscipline,countOfLessons,exam) VALUES ('3526','Discipline ФБМЕ-66','15','no');
INSERT INTO discipline (id,nameOfDiscipline,countOfLessons,exam) VALUES ('3527','Discipline ФБМЕ-67','15','no');
INSERT INTO discipline (id,nameOfDiscipline,countOfLessons,exam) VALUES ('3528','Discipline ФБМЕ-68','15','no');
INSERT INTO discipline (id,nameOfDiscipline,countOfLessons,exam) VALUES ('3529','Discipline ФБМЕ-69','15','no');
INSERT INTO discipline (id,nameOfDiscipline,countOfLessons,exam) VALUES ('3530','Discipline ФБМЕ-70','15','no');
INSERT INTO discipline (id,nameOfDiscipline,countOfLessons,exam) VALUES ('3531','Discipline ФБМЕ-71','15','no');
INSERT INTO discipline (id,nameOfDiscipline,countOfLessons,exam) VALUES ('3532','Discipline ФБМЕ-72','15','no');
INSERT INTO discipline (id,nameOfDiscipline,countOfLessons,exam) VALUES ('3533','Discipline ФБМЕ-73','15','no');
INSERT INTO discipline (id,nameOfDiscipline,countOfLessons,exam) VALUES ('3534','Discipline ФБМЕ-74','15','no');
INSERT INTO discipline (id,nameOfDiscipline,countOfLessons,exam) VALUES ('3535','Discipline ФБМЕ-75','15','no');
INSERT INTO discipline (id,nameOfDiscipline,countOfLessons,exam) VALUES ('3536','Discipline ФБМЕ-76','15','no');
INSERT INTO discipline (id,nameOfDiscipline,countOfLessons,exam) VALUES ('3537','Discipline ФБМЕ-77','15','no');
INSERT INTO discipline (id,nameOfDiscipline,countOfLessons,exam) VALUES ('3538','Discipline ФБМЕ-78','15','no');
INSERT INTO discipline (id,nameOfDiscipline,countOfLessons,exam) VALUES ('3539','Discipline ФБМЕ-79','15','no');
INSERT INTO discipline (id,nameOfDiscipline,countOfLessons,exam) VALUES ('3540','Discipline ФБМЕ-80','15','no');
INSERT INTO disciplineDepartmentDependency (ID,disciplineID,departmentID,courseNumber,semesterNumber) VALUES ('3460','3460','48','1','1');
INSERT INTO disciplineDepartmentDependency (ID,disciplineID,departmentID,courseNumber,semesterNumber) VALUES ('3461','3461','48','2','2');
INSERT INTO disciplineDepartmentDependency (ID,disciplineID,departmentID,courseNumber,semesterNumber) VALUES ('3462','3462','48','3','1');
INSERT INTO disciplineDepartmentDependency (ID,disciplineID,departmentID,courseNumber,semesterNumber) VALUES ('3463','3463','48','4','2');
INSERT INTO disciplineDepartmentDependency (ID,disciplineID,departmentID,courseNumber,semesterNumber) VALUES ('3464','3464','48','5','1');
INSERT INTO disciplineDepartmentDependency (ID,disciplineID,departmentID,courseNumber,semesterNumber) VALUES ('3465','3465','48','6','2');
INSERT INTO disciplineDepartmentDependency (ID,disciplineID,departmentID,courseNumber,semesterNumber) VALUES ('3466','3466','48','1','1');
INSERT INTO disciplineDepartmentDependency (ID,disciplineID,departmentID,courseNumber,semesterNumber) VALUES ('3467','3467','48','2','2');
INSERT INTO disciplineDepartmentDependency (ID,disciplineID,departmentID,courseNumber,semesterNumber) VALUES ('3468','3468','48','3','1');
INSERT INTO disciplineDepartmentDependency (ID,disciplineID,departmentID,courseNumber,semesterNumber) VALUES ('3469','3469','48','4','2');
INSERT INTO disciplineDepartmentDependency (ID,disciplineID,departmentID,courseNumber,semesterNumber) VALUES ('3470','3470','48','5','1');
INSERT INTO disciplineDepartmentDependency (ID,disciplineID,departmentID,courseNumber,semesterNumber) VALUES ('3471','3471','48','6','2');
INSERT INTO disciplineDepartmentDependency (ID,disciplineID,departmentID,courseNumber,semesterNumber) VALUES ('3472','3472','48','1','1');
INSERT INTO disciplineDepartmentDependency (ID,disciplineID,departmentID,courseNumber,semesterNumber) VALUES ('3473','3473','48','2','2');
INSERT INTO disciplineDepartmentDependency (ID,disciplineID,departmentID,courseNumber,semesterNumber) VALUES ('3474','3474','48','3','1');
INSERT INTO disciplineDepartmentDependency (ID,disciplineID,departmentID,courseNumber,semesterNumber) VALUES ('3475','3475','48','4','2');
INSERT INTO disciplineDepartmentDependency (ID,disciplineID,departmentID,courseNumber,semesterNumber) VALUES ('3476','3476','48','5','1');
INSERT INTO disciplineDepartmentDependency (ID,disciplineID,departmentID,courseNumber,semesterNumber) VALUES ('3477','3477','48','6','2');
INSERT INTO disciplineDepartmentDependency (ID,disciplineID,departmentID,courseNumber,semesterNumber) VALUES ('3478','3478','48','1','1');
INSERT INTO disciplineDepartmentDependency (ID,disciplineID,departmentID,courseNumber,semesterNumber) VALUES ('3479','3479','48','2','2');
INSERT INTO disciplineDepartmentDependency (ID,disciplineID,departmentID,courseNumber,semesterNumber) VALUES ('3480','3480','48','3','1');
INSERT INTO disciplineDepartmentDependency (ID,disciplineID,departmentID,courseNumber,semesterNumber) VALUES ('3481','3481','48','4','2');
INSERT INTO disciplineDepartmentDependency (ID,disciplineID,departmentID,courseNumber,semesterNumber) VALUES ('3482','3482','48','5','1');
INSERT INTO disciplineDepartmentDependency (ID,disciplineID,departmentID,courseNumber,semesterNumber) VALUES ('3483','3483','48','6','2');
INSERT INTO disciplineDepartmentDependency (ID,disciplineID,departmentID,courseNumber,semesterNumber) VALUES ('3484','3484','48','1','1');
INSERT INTO disciplineDepartmentDependency (ID,disciplineID,departmentID,courseNumber,semesterNumber) VALUES ('3485','3485','48','2','2');
INSERT INTO disciplineDepartmentDependency (ID,disciplineID,departmentID,courseNumber,semesterNumber) VALUES ('3486','3486','48','3','1');
INSERT INTO disciplineDepartmentDependency (ID,disciplineID,departmentID,courseNumber,semesterNumber) VALUES ('3487','3487','48','4','2');
INSERT INTO disciplineDepartmentDependency (ID,disciplineID,departmentID,courseNumber,semesterNumber) VALUES ('3488','3488','48','5','1');
INSERT INTO disciplineDepartmentDependency (ID,disciplineID,departmentID,courseNumber,semesterNumber) VALUES ('3489','3489','48','6','2');
INSERT INTO disciplineDepartmentDependency (ID,disciplineID,departmentID,courseNumber,semesterNumber) VALUES ('3490','3490','48','1','1');
INSERT INTO disciplineDepartmentDependency (ID,disciplineID,departmentID,courseNumber,semesterNumber) VALUES ('3491','3491','48','2','2');
INSERT INTO disciplineDepartmentDependency (ID,disciplineID,departmentID,courseNumber,semesterNumber) VALUES ('3492','3492','48','3','1');
INSERT INTO disciplineDepartmentDependency (ID,disciplineID,departmentID,courseNumber,semesterNumber) VALUES ('3493','3493','48','4','2');
INSERT INTO disciplineDepartmentDependency (ID,disciplineID,departmentID,courseNumber,semesterNumber) VALUES ('3494','3494','48','5','1');
INSERT INTO disciplineDepartmentDependency (ID,disciplineID,departmentID,courseNumber,semesterNumber) VALUES ('3495','3495','48','6','2');
INSERT INTO disciplineDepartmentDependency (ID,disciplineID,departmentID,courseNumber,semesterNumber) VALUES ('3496','3496','48','1','1');
INSERT INTO disciplineDepartmentDependency (ID,disciplineID,departmentID,courseNumber,semesterNumber) VALUES ('3497','3497','48','2','2');
INSERT INTO disciplineDepartmentDependency (ID,disciplineID,departmentID,courseNumber,semesterNumber) VALUES ('3498','3498','48','3','1');
INSERT INTO disciplineDepartmentDependency (ID,disciplineID,departmentID,courseNumber,semesterNumber) VALUES ('3499','3499','48','4','2');
INSERT INTO disciplineDepartmentDependency (ID,disciplineID,departmentID,courseNumber,semesterNumber) VALUES ('3500','3500','48','5','1');
INSERT INTO disciplineDepartmentDependency (ID,disciplineID,departmentID,courseNumber,semesterNumber) VALUES ('3501','3501','48','6','2');
INSERT INTO disciplineDepartmentDependency (ID,disciplineID,departmentID,courseNumber,semesterNumber) VALUES ('3502','3502','48','1','1');
INSERT INTO disciplineDepartmentDependency (ID,disciplineID,departmentID,courseNumber,semesterNumber) VALUES ('3503','3503','48','2','2');
INSERT INTO disciplineDepartmentDependency (ID,disciplineID,departmentID,courseNumber,semesterNumber) VALUES ('3504','3504','48','3','1');
INSERT INTO disciplineDepartmentDependency (ID,disciplineID,departmentID,courseNumber,semesterNumber) VALUES ('3505','3505','48','4','2');
INSERT INTO disciplineDepartmentDependency (ID,disciplineID,departmentID,courseNumber,semesterNumber) VALUES ('3506','3506','48','5','1');
INSERT INTO disciplineDepartmentDependency (ID,disciplineID,departmentID,courseNumber,semesterNumber) VALUES ('3507','3507','48','6','2');
INSERT INTO disciplineDepartmentDependency (ID,disciplineID,departmentID,courseNumber,semesterNumber) VALUES ('3508','3508','48','1','1');
INSERT INTO disciplineDepartmentDependency (ID,disciplineID,departmentID,courseNumber,semesterNumber) VALUES ('3509','3509','48','2','2');
INSERT INTO disciplineDepartmentDependency (ID,disciplineID,departmentID,courseNumber,semesterNumber) VALUES ('3510','3510','48','3','1');
INSERT INTO disciplineDepartmentDependency (ID,disciplineID,departmentID,courseNumber,semesterNumber) VALUES ('3511','3511','48','4','2');
INSERT INTO disciplineDepartmentDependency (ID,disciplineID,departmentID,courseNumber,semesterNumber) VALUES ('3512','3512','48','5','1');
INSERT INTO disciplineDepartmentDependency (ID,disciplineID,departmentID,courseNumber,semesterNumber) VALUES ('3513','3513','48','6','2');
INSERT INTO disciplineDepartmentDependency (ID,disciplineID,departmentID,courseNumber,semesterNumber) VALUES ('3514','3514','48','1','1');
INSERT INTO disciplineDepartmentDependency (ID,disciplineID,departmentID,courseNumber,semesterNumber) VALUES ('3515','3515','48','2','2');
INSERT INTO disciplineDepartmentDependency (ID,disciplineID,departmentID,courseNumber,semesterNumber) VALUES ('3516','3516','48','3','1');
INSERT INTO disciplineDepartmentDependency (ID,disciplineID,departmentID,courseNumber,semesterNumber) VALUES ('3517','3517','48','4','2');
INSERT INTO disciplineDepartmentDependency (ID,disciplineID,departmentID,courseNumber,semesterNumber) VALUES ('3518','3518','48','5','1');
INSERT INTO disciplineDepartmentDependency (ID,disciplineID,departmentID,courseNumber,semesterNumber) VALUES ('3519','3519','48','6','2');
INSERT INTO disciplineDepartmentDependency (ID,disciplineID,departmentID,courseNumber,semesterNumber) VALUES ('3520','3520','48','1','1');
INSERT INTO disciplineDepartmentDependency (ID,disciplineID,departmentID,courseNumber,semesterNumber) VALUES ('3521','3521','48','2','2');
INSERT INTO disciplineDepartmentDependency (ID,disciplineID,departmentID,courseNumber,semesterNumber) VALUES ('3522','3522','48','3','1');
INSERT INTO disciplineDepartmentDependency (ID,disciplineID,departmentID,courseNumber,semesterNumber) VALUES ('3523','3523','48','4','2');
INSERT INTO disciplineDepartmentDependency (ID,disciplineID,departmentID,courseNumber,semesterNumber) VALUES ('3524','3524','48','5','1');
INSERT INTO disciplineDepartmentDependency (ID,disciplineID,departmentID,courseNumber,semesterNumber) VALUES ('3525','3525','48','6','2');
INSERT INTO disciplineDepartmentDependency (ID,disciplineID,departmentID,courseNumber,semesterNumber) VALUES ('3526','3526','48','1','1');
INSERT INTO disciplineDepartmentDependency (ID,disciplineID,departmentID,courseNumber,semesterNumber) VALUES ('3527','3527','48','2','2');
INSERT INTO disciplineDepartmentDependency (ID,disciplineID,departmentID,courseNumber,semesterNumber) VALUES ('3528','3528','48','3','1');
INSERT INTO disciplineDepartmentDependency (ID,disciplineID,departmentID,courseNumber,semesterNumber) VALUES ('3529','3529','48','4','2');
INSERT INTO disciplineDepartmentDependency (ID,disciplineID,departmentID,courseNumber,semesterNumber) VALUES ('3530','3530','48','5','1');
INSERT INTO disciplineDepartmentDependency (ID,disciplineID,departmentID,courseNumber,semesterNumber) VALUES ('3531','3531','48','6','2');
INSERT INTO disciplineDepartmentDependency (ID,disciplineID,departmentID,courseNumber,semesterNumber) VALUES ('3532','3532','48','1','1');
INSERT INTO disciplineDepartmentDependency (ID,disciplineID,departmentID,courseNumber,semesterNumber) VALUES ('3533','3533','48','2','2');
INSERT INTO disciplineDepartmentDependency (ID,disciplineID,departmentID,courseNumber,semesterNumber) VALUES ('3534','3534','48','3','1');
INSERT INTO disciplineDepartmentDependency (ID,disciplineID,departmentID,courseNumber,semesterNumber) VALUES ('3535','3535','48','4','2');
INSERT INTO disciplineDepartmentDependency (ID,disciplineID,departmentID,courseNumber,semesterNumber) VALUES ('3536','3536','48','5','1');
INSERT INTO disciplineDepartmentDependency (ID,disciplineID,departmentID,courseNumber,semesterNumber) VALUES ('3537','3537','48','6','2');
INSERT INTO disciplineDepartmentDependency (ID,disciplineID,departmentID,courseNumber,semesterNumber) VALUES ('3538','3538','48','1','1');
INSERT INTO disciplineDepartmentDependency (ID,disciplineID,departmentID,courseNumber,semesterNumber) VALUES ('3539','3539','48','2','2');
INSERT INTO disciplineDepartmentDependency (ID,disciplineID,departmentID,courseNumber,semesterNumber) VALUES ('3540','3540','48','3','1');
INSERT INTO loginpass (ID,login,password,access_type) VALUES ('124','BOLESLAVADANXLQK@laposte.net','gf2A8g!b','employee');
INSERT INTO employee (name,lastName,fathersName,personalID,sex,email,phoneNumber,dateOfBorn,address,passport,login,office,ID,departmentID) VALUES ('Болеслава','ДАНИЛЮК','Григорівна','7846788782','f','BOLESLAVADANXLQK@laposte.net','0680745508','1965-10-22','42852 Дунаївці 700-річчя Черкас 72, 168','TM687447 ГУМВС 45','BOLESLAVADANXLQK@laposte.net','HR','119','48');
INSERT INTO loginpass (ID,login,password,access_type) VALUES ('125','BOGDANAMAKARENKO@orange.net','RN6Kd!22','employee');
INSERT INTO employee (name,lastName,fathersName,personalID,sex,email,phoneNumber,dateOfBorn,address,passport,login,office,ID,departmentID) VALUES ('Богдана','МАКАРЕНКО','Хомівна','1627117682','f','BOGDANAMAKARENKO@orange.net','0933281012','1966-06-12','02568 Луцьк  80, 290','LY183545 ГУМВС 26','BOGDANAMAKARENKO@orange.net','HR','120','48');
INSERT INTO loginpass (ID,login,password,access_type) VALUES ('126','BUDXVXDGUMENQK@laposte.net','s5ieJK$7','employee');
INSERT INTO employee (name,lastName,fathersName,personalID,sex,email,phoneNumber,dateOfBorn,address,passport,login,office,ID,departmentID) VALUES ('Будивид','ГУМЕНЮК','Григорович','1284458366','m','BUDXVXDGUMENQK@laposte.net','0672168487','1984-08-16','16548 Алчевськ Весела 73, 73','DL581871 ГУМВС 45','BUDXVXDGUMENQK@laposte.net','HR','121','48');
INSERT INTO gtgroup (id,fullGroupName,courseNumber,departmentID) VALUES ('546','ФБМЕ-10','1','48');
INSERT INTO gtgroup (id,fullGroupName,courseNumber,departmentID) VALUES ('547','ФБМЕ-11','1','48');
INSERT INTO gtgroup (id,fullGroupName,courseNumber,departmentID) VALUES ('548','ФБМЕ-20','2','48');
INSERT INTO gtgroup (id,fullGroupName,courseNumber,departmentID) VALUES ('549','ФБМЕ-21','2','48');
INSERT INTO gtgroup (id,fullGroupName,courseNumber,departmentID) VALUES ('550','ФБМЕ-30','3','48');
INSERT INTO gtgroup (id,fullGroupName,courseNumber,departmentID) VALUES ('551','ФБМЕ-31','3','48');
INSERT INTO gtgroup (id,fullGroupName,courseNumber,departmentID) VALUES ('552','ФБМЕ-40','4','48');
INSERT INTO gtgroup (id,fullGroupName,courseNumber,departmentID) VALUES ('553','ФБМЕ-41','4','48');
INSERT INTO gtgroup (id,fullGroupName,courseNumber,departmentID) VALUES ('554','ФБМЕ-50','5','48');
INSERT INTO gtgroup (id,fullGroupName,courseNumber,departmentID) VALUES ('555','ФБМЕ-51','5','48');
INSERT INTO gtgroup (id,fullGroupName,courseNumber,departmentID) VALUES ('556','ФБМЕ-60','6','48');
INSERT INTO gtgroup (id,fullGroupName,courseNumber,departmentID) VALUES ('557','ФБМЕ-61','6','48');
INSERT INTO dayRequirements (id,departmentID,countOfDaysInWeek,countOfLessonsInADay) VALUES ('48','49','6','5');
INSERT INTO discipline (id,nameOfDiscipline,countOfLessons,exam) VALUES ('3541','Discipline КЕОА-0','15','no');
INSERT INTO discipline (id,nameOfDiscipline,countOfLessons,exam) VALUES ('3542','Discipline КЕОА-1','15','no');
INSERT INTO discipline (id,nameOfDiscipline,countOfLessons,exam) VALUES ('3543','Discipline КЕОА-2','15','no');
INSERT INTO discipline (id,nameOfDiscipline,countOfLessons,exam) VALUES ('3544','Discipline КЕОА-3','15','no');
INSERT INTO discipline (id,nameOfDiscipline,countOfLessons,exam) VALUES ('3545','Discipline КЕОА-4','15','no');
INSERT INTO discipline (id,nameOfDiscipline,countOfLessons,exam) VALUES ('3546','Discipline КЕОА-5','15','no');
INSERT INTO discipline (id,nameOfDiscipline,countOfLessons,exam) VALUES ('3547','Discipline КЕОА-6','15','no');
INSERT INTO discipline (id,nameOfDiscipline,countOfLessons,exam) VALUES ('3548','Discipline КЕОА-7','15','no');
INSERT INTO discipline (id,nameOfDiscipline,countOfLessons,exam) VALUES ('3549','Discipline КЕОА-8','15','no');
INSERT INTO discipline (id,nameOfDiscipline,countOfLessons,exam) VALUES ('3550','Discipline КЕОА-9','15','no');
INSERT INTO discipline (id,nameOfDiscipline,countOfLessons,exam) VALUES ('3551','Discipline КЕОА-10','15','no');
INSERT INTO discipline (id,nameOfDiscipline,countOfLessons,exam) VALUES ('3552','Discipline КЕОА-11','15','no');
INSERT INTO discipline (id,nameOfDiscipline,countOfLessons,exam) VALUES ('3553','Discipline КЕОА-12','15','no');
INSERT INTO discipline (id,nameOfDiscipline,countOfLessons,exam) VALUES ('3554','Discipline КЕОА-13','15','no');
INSERT INTO discipline (id,nameOfDiscipline,countOfLessons,exam) VALUES ('3555','Discipline КЕОА-14','15','no');
INSERT INTO discipline (id,nameOfDiscipline,countOfLessons,exam) VALUES ('3556','Discipline КЕОА-15','15','no');
INSERT INTO discipline (id,nameOfDiscipline,countOfLessons,exam) VALUES ('3557','Discipline КЕОА-16','15','no');
INSERT INTO discipline (id,nameOfDiscipline,countOfLessons,exam) VALUES ('3558','Discipline КЕОА-17','15','no');
INSERT INTO discipline (id,nameOfDiscipline,countOfLessons,exam) VALUES ('3559','Discipline КЕОА-18','15','no');
INSERT INTO discipline (id,nameOfDiscipline,countOfLessons,exam) VALUES ('3560','Discipline КЕОА-19','15','no');
INSERT INTO discipline (id,nameOfDiscipline,countOfLessons,exam) VALUES ('3561','Discipline КЕОА-20','15','no');
INSERT INTO discipline (id,nameOfDiscipline,countOfLessons,exam) VALUES ('3562','Discipline КЕОА-21','15','no');
INSERT INTO discipline (id,nameOfDiscipline,countOfLessons,exam) VALUES ('3563','Discipline КЕОА-22','15','no');
INSERT INTO discipline (id,nameOfDiscipline,countOfLessons,exam) VALUES ('3564','Discipline КЕОА-23','15','no');
INSERT INTO discipline (id,nameOfDiscipline,countOfLessons,exam) VALUES ('3565','Discipline КЕОА-24','15','no');
INSERT INTO discipline (id,nameOfDiscipline,countOfLessons,exam) VALUES ('3566','Discipline КЕОА-25','15','no');
INSERT INTO discipline (id,nameOfDiscipline,countOfLessons,exam) VALUES ('3567','Discipline КЕОА-26','15','no');
INSERT INTO discipline (id,nameOfDiscipline,countOfLessons,exam) VALUES ('3568','Discipline КЕОА-27','15','no');
INSERT INTO discipline (id,nameOfDiscipline,countOfLessons,exam) VALUES ('3569','Discipline КЕОА-28','15','no');
INSERT INTO discipline (id,nameOfDiscipline,countOfLessons,exam) VALUES ('3570','Discipline КЕОА-29','15','no');
INSERT INTO discipline (id,nameOfDiscipline,countOfLessons,exam) VALUES ('3571','Discipline КЕОА-30','15','no');
INSERT INTO discipline (id,nameOfDiscipline,countOfLessons,exam) VALUES ('3572','Discipline КЕОА-31','15','no');
INSERT INTO discipline (id,nameOfDiscipline,countOfLessons,exam) VALUES ('3573','Discipline КЕОА-32','15','no');
INSERT INTO discipline (id,nameOfDiscipline,countOfLessons,exam) VALUES ('3574','Discipline КЕОА-33','15','no');
INSERT INTO discipline (id,nameOfDiscipline,countOfLessons,exam) VALUES ('3575','Discipline КЕОА-34','15','no');
INSERT INTO discipline (id,nameOfDiscipline,countOfLessons,exam) VALUES ('3576','Discipline КЕОА-35','15','no');
INSERT INTO discipline (id,nameOfDiscipline,countOfLessons,exam) VALUES ('3577','Discipline КЕОА-36','15','no');
INSERT INTO discipline (id,nameOfDiscipline,countOfLessons,exam) VALUES ('3578','Discipline КЕОА-37','15','no');
INSERT INTO discipline (id,nameOfDiscipline,countOfLessons,exam) VALUES ('3579','Discipline КЕОА-38','15','no');
INSERT INTO discipline (id,nameOfDiscipline,countOfLessons,exam) VALUES ('3580','Discipline КЕОА-39','15','no');
INSERT INTO discipline (id,nameOfDiscipline,countOfLessons,exam) VALUES ('3581','Discipline КЕОА-40','15','no');
INSERT INTO discipline (id,nameOfDiscipline,countOfLessons,exam) VALUES ('3582','Discipline КЕОА-41','15','no');
INSERT INTO discipline (id,nameOfDiscipline,countOfLessons,exam) VALUES ('3583','Discipline КЕОА-42','15','no');
INSERT INTO discipline (id,nameOfDiscipline,countOfLessons,exam) VALUES ('3584','Discipline КЕОА-43','15','no');
INSERT INTO discipline (id,nameOfDiscipline,countOfLessons,exam) VALUES ('3585','Discipline КЕОА-44','15','no');
INSERT INTO discipline (id,nameOfDiscipline,countOfLessons,exam) VALUES ('3586','Discipline КЕОА-45','15','no');
INSERT INTO discipline (id,nameOfDiscipline,countOfLessons,exam) VALUES ('3587','Discipline КЕОА-46','15','no');
INSERT INTO discipline (id,nameOfDiscipline,countOfLessons,exam) VALUES ('3588','Discipline КЕОА-47','15','no');
INSERT INTO discipline (id,nameOfDiscipline,countOfLessons,exam) VALUES ('3589','Discipline КЕОА-48','15','no');
INSERT INTO discipline (id,nameOfDiscipline,countOfLessons,exam) VALUES ('3590','Discipline КЕОА-49','15','no');
INSERT INTO discipline (id,nameOfDiscipline,countOfLessons,exam) VALUES ('3591','Discipline КЕОА-50','15','no');
INSERT INTO discipline (id,nameOfDiscipline,countOfLessons,exam) VALUES ('3592','Discipline КЕОА-51','15','no');
INSERT INTO discipline (id,nameOfDiscipline,countOfLessons,exam) VALUES ('3593','Discipline КЕОА-52','15','no');
INSERT INTO discipline (id,nameOfDiscipline,countOfLessons,exam) VALUES ('3594','Discipline КЕОА-53','15','no');
INSERT INTO discipline (id,nameOfDiscipline,countOfLessons,exam) VALUES ('3595','Discipline КЕОА-54','15','no');
INSERT INTO discipline (id,nameOfDiscipline,countOfLessons,exam) VALUES ('3596','Discipline КЕОА-55','15','no');
INSERT INTO discipline (id,nameOfDiscipline,countOfLessons,exam) VALUES ('3597','Discipline КЕОА-56','15','no');
INSERT INTO discipline (id,nameOfDiscipline,countOfLessons,exam) VALUES ('3598','Discipline КЕОА-57','15','no');
INSERT INTO discipline (id,nameOfDiscipline,countOfLessons,exam) VALUES ('3599','Discipline КЕОА-58','15','no');
INSERT INTO discipline (id,nameOfDiscipline,countOfLessons,exam) VALUES ('3600','Discipline КЕОА-59','15','no');
INSERT INTO discipline (id,nameOfDiscipline,countOfLessons,exam) VALUES ('3601','Discipline КЕОА-60','15','no');
INSERT INTO discipline (id,nameOfDiscipline,countOfLessons,exam) VALUES ('3602','Discipline КЕОА-61','15','no');
INSERT INTO discipline (id,nameOfDiscipline,countOfLessons,exam) VALUES ('3603','Discipline КЕОА-62','15','no');
INSERT INTO discipline (id,nameOfDiscipline,countOfLessons,exam) VALUES ('3604','Discipline КЕОА-63','15','no');
INSERT INTO discipline (id,nameOfDiscipline,countOfLessons,exam) VALUES ('3605','Discipline КЕОА-64','15','no');
INSERT INTO discipline (id,nameOfDiscipline,countOfLessons,exam) VALUES ('3606','Discipline КЕОА-65','15','no');
INSERT INTO discipline (id,nameOfDiscipline,countOfLessons,exam) VALUES ('3607','Discipline КЕОА-66','15','no');
INSERT INTO discipline (id,nameOfDiscipline,countOfLessons,exam) VALUES ('3608','Discipline КЕОА-67','15','no');
INSERT INTO discipline (id,nameOfDiscipline,countOfLessons,exam) VALUES ('3609','Discipline КЕОА-68','15','no');
INSERT INTO discipline (id,nameOfDiscipline,countOfLessons,exam) VALUES ('3610','Discipline КЕОА-69','15','no');
INSERT INTO discipline (id,nameOfDiscipline,countOfLessons,exam) VALUES ('3611','Discipline КЕОА-70','15','no');
INSERT INTO discipline (id,nameOfDiscipline,countOfLessons,exam) VALUES ('3612','Discipline КЕОА-71','15','no');
INSERT INTO discipline (id,nameOfDiscipline,countOfLessons,exam) VALUES ('3613','Discipline КЕОА-72','15','no');
INSERT INTO discipline (id,nameOfDiscipline,countOfLessons,exam) VALUES ('3614','Discipline КЕОА-73','15','no');
INSERT INTO discipline (id,nameOfDiscipline,countOfLessons,exam) VALUES ('3615','Discipline КЕОА-74','15','no');
INSERT INTO discipline (id,nameOfDiscipline,countOfLessons,exam) VALUES ('3616','Discipline КЕОА-75','15','no');
INSERT INTO disciplineDepartmentDependency (ID,disciplineID,departmentID,courseNumber,semesterNumber) VALUES ('3541','3541','49','1','1');
INSERT INTO disciplineDepartmentDependency (ID,disciplineID,departmentID,courseNumber,semesterNumber) VALUES ('3542','3542','49','2','2');
INSERT INTO disciplineDepartmentDependency (ID,disciplineID,departmentID,courseNumber,semesterNumber) VALUES ('3543','3543','49','3','1');
INSERT INTO disciplineDepartmentDependency (ID,disciplineID,departmentID,courseNumber,semesterNumber) VALUES ('3544','3544','49','4','2');
INSERT INTO disciplineDepartmentDependency (ID,disciplineID,departmentID,courseNumber,semesterNumber) VALUES ('3545','3545','49','5','1');
INSERT INTO disciplineDepartmentDependency (ID,disciplineID,departmentID,courseNumber,semesterNumber) VALUES ('3546','3546','49','6','2');
INSERT INTO disciplineDepartmentDependency (ID,disciplineID,departmentID,courseNumber,semesterNumber) VALUES ('3547','3547','49','1','1');
INSERT INTO disciplineDepartmentDependency (ID,disciplineID,departmentID,courseNumber,semesterNumber) VALUES ('3548','3548','49','2','2');
INSERT INTO disciplineDepartmentDependency (ID,disciplineID,departmentID,courseNumber,semesterNumber) VALUES ('3549','3549','49','3','1');
INSERT INTO disciplineDepartmentDependency (ID,disciplineID,departmentID,courseNumber,semesterNumber) VALUES ('3550','3550','49','4','2');
INSERT INTO disciplineDepartmentDependency (ID,disciplineID,departmentID,courseNumber,semesterNumber) VALUES ('3551','3551','49','5','1');
INSERT INTO disciplineDepartmentDependency (ID,disciplineID,departmentID,courseNumber,semesterNumber) VALUES ('3552','3552','49','6','2');
INSERT INTO disciplineDepartmentDependency (ID,disciplineID,departmentID,courseNumber,semesterNumber) VALUES ('3553','3553','49','1','1');
INSERT INTO disciplineDepartmentDependency (ID,disciplineID,departmentID,courseNumber,semesterNumber) VALUES ('3554','3554','49','2','2');
INSERT INTO disciplineDepartmentDependency (ID,disciplineID,departmentID,courseNumber,semesterNumber) VALUES ('3555','3555','49','3','1');
INSERT INTO disciplineDepartmentDependency (ID,disciplineID,departmentID,courseNumber,semesterNumber) VALUES ('3556','3556','49','4','2');
INSERT INTO disciplineDepartmentDependency (ID,disciplineID,departmentID,courseNumber,semesterNumber) VALUES ('3557','3557','49','5','1');
INSERT INTO disciplineDepartmentDependency (ID,disciplineID,departmentID,courseNumber,semesterNumber) VALUES ('3558','3558','49','6','2');
INSERT INTO disciplineDepartmentDependency (ID,disciplineID,departmentID,courseNumber,semesterNumber) VALUES ('3559','3559','49','1','1');
INSERT INTO disciplineDepartmentDependency (ID,disciplineID,departmentID,courseNumber,semesterNumber) VALUES ('3560','3560','49','2','2');
INSERT INTO disciplineDepartmentDependency (ID,disciplineID,departmentID,courseNumber,semesterNumber) VALUES ('3561','3561','49','3','1');
INSERT INTO disciplineDepartmentDependency (ID,disciplineID,departmentID,courseNumber,semesterNumber) VALUES ('3562','3562','49','4','2');
INSERT INTO disciplineDepartmentDependency (ID,disciplineID,departmentID,courseNumber,semesterNumber) VALUES ('3563','3563','49','5','1');
INSERT INTO disciplineDepartmentDependency (ID,disciplineID,departmentID,courseNumber,semesterNumber) VALUES ('3564','3564','49','6','2');
INSERT INTO disciplineDepartmentDependency (ID,disciplineID,departmentID,courseNumber,semesterNumber) VALUES ('3565','3565','49','1','1');
INSERT INTO disciplineDepartmentDependency (ID,disciplineID,departmentID,courseNumber,semesterNumber) VALUES ('3566','3566','49','2','2');
INSERT INTO disciplineDepartmentDependency (ID,disciplineID,departmentID,courseNumber,semesterNumber) VALUES ('3567','3567','49','3','1');
INSERT INTO disciplineDepartmentDependency (ID,disciplineID,departmentID,courseNumber,semesterNumber) VALUES ('3568','3568','49','4','2');
INSERT INTO disciplineDepartmentDependency (ID,disciplineID,departmentID,courseNumber,semesterNumber) VALUES ('3569','3569','49','5','1');
INSERT INTO disciplineDepartmentDependency (ID,disciplineID,departmentID,courseNumber,semesterNumber) VALUES ('3570','3570','49','6','2');
INSERT INTO disciplineDepartmentDependency (ID,disciplineID,departmentID,courseNumber,semesterNumber) VALUES ('3571','3571','49','1','1');
INSERT INTO disciplineDepartmentDependency (ID,disciplineID,departmentID,courseNumber,semesterNumber) VALUES ('3572','3572','49','2','2');
INSERT INTO disciplineDepartmentDependency (ID,disciplineID,departmentID,courseNumber,semesterNumber) VALUES ('3573','3573','49','3','1');
INSERT INTO disciplineDepartmentDependency (ID,disciplineID,departmentID,courseNumber,semesterNumber) VALUES ('3574','3574','49','4','2');
INSERT INTO disciplineDepartmentDependency (ID,disciplineID,departmentID,courseNumber,semesterNumber) VALUES ('3575','3575','49','5','1');
INSERT INTO disciplineDepartmentDependency (ID,disciplineID,departmentID,courseNumber,semesterNumber) VALUES ('3576','3576','49','6','2');
INSERT INTO disciplineDepartmentDependency (ID,disciplineID,departmentID,courseNumber,semesterNumber) VALUES ('3577','3577','49','1','1');
INSERT INTO disciplineDepartmentDependency (ID,disciplineID,departmentID,courseNumber,semesterNumber) VALUES ('3578','3578','49','2','2');
INSERT INTO disciplineDepartmentDependency (ID,disciplineID,departmentID,courseNumber,semesterNumber) VALUES ('3579','3579','49','3','1');
INSERT INTO disciplineDepartmentDependency (ID,disciplineID,departmentID,courseNumber,semesterNumber) VALUES ('3580','3580','49','4','2');
INSERT INTO disciplineDepartmentDependency (ID,disciplineID,departmentID,courseNumber,semesterNumber) VALUES ('3581','3581','49','5','1');
INSERT INTO disciplineDepartmentDependency (ID,disciplineID,departmentID,courseNumber,semesterNumber) VALUES ('3582','3582','49','6','2');
INSERT INTO disciplineDepartmentDependency (ID,disciplineID,departmentID,courseNumber,semesterNumber) VALUES ('3583','3583','49','1','1');
INSERT INTO disciplineDepartmentDependency (ID,disciplineID,departmentID,courseNumber,semesterNumber) VALUES ('3584','3584','49','2','2');
INSERT INTO disciplineDepartmentDependency (ID,disciplineID,departmentID,courseNumber,semesterNumber) VALUES ('3585','3585','49','3','1');
INSERT INTO disciplineDepartmentDependency (ID,disciplineID,departmentID,courseNumber,semesterNumber) VALUES ('3586','3586','49','4','2');
INSERT INTO disciplineDepartmentDependency (ID,disciplineID,departmentID,courseNumber,semesterNumber) VALUES ('3587','3587','49','5','1');
INSERT INTO disciplineDepartmentDependency (ID,disciplineID,departmentID,courseNumber,semesterNumber) VALUES ('3588','3588','49','6','2');
INSERT INTO disciplineDepartmentDependency (ID,disciplineID,departmentID,courseNumber,semesterNumber) VALUES ('3589','3589','49','1','1');
INSERT INTO disciplineDepartmentDependency (ID,disciplineID,departmentID,courseNumber,semesterNumber) VALUES ('3590','3590','49','2','2');
INSERT INTO disciplineDepartmentDependency (ID,disciplineID,departmentID,courseNumber,semesterNumber) VALUES ('3591','3591','49','3','1');
INSERT INTO disciplineDepartmentDependency (ID,disciplineID,departmentID,courseNumber,semesterNumber) VALUES ('3592','3592','49','4','2');
INSERT INTO disciplineDepartmentDependency (ID,disciplineID,departmentID,courseNumber,semesterNumber) VALUES ('3593','3593','49','5','1');
INSERT INTO disciplineDepartmentDependency (ID,disciplineID,departmentID,courseNumber,semesterNumber) VALUES ('3594','3594','49','6','2');
INSERT INTO disciplineDepartmentDependency (ID,disciplineID,departmentID,courseNumber,semesterNumber) VALUES ('3595','3595','49','1','1');
INSERT INTO disciplineDepartmentDependency (ID,disciplineID,departmentID,courseNumber,semesterNumber) VALUES ('3596','3596','49','2','2');
INSERT INTO disciplineDepartmentDependency (ID,disciplineID,departmentID,courseNumber,semesterNumber) VALUES ('3597','3597','49','3','1');
INSERT INTO disciplineDepartmentDependency (ID,disciplineID,departmentID,courseNumber,semesterNumber) VALUES ('3598','3598','49','4','2');
INSERT INTO disciplineDepartmentDependency (ID,disciplineID,departmentID,courseNumber,semesterNumber) VALUES ('3599','3599','49','5','1');
INSERT INTO disciplineDepartmentDependency (ID,disciplineID,departmentID,courseNumber,semesterNumber) VALUES ('3600','3600','49','6','2');
INSERT INTO disciplineDepartmentDependency (ID,disciplineID,departmentID,courseNumber,semesterNumber) VALUES ('3601','3601','49','1','1');
INSERT INTO disciplineDepartmentDependency (ID,disciplineID,departmentID,courseNumber,semesterNumber) VALUES ('3602','3602','49','2','2');
INSERT INTO disciplineDepartmentDependency (ID,disciplineID,departmentID,courseNumber,semesterNumber) VALUES ('3603','3603','49','3','1');
INSERT INTO disciplineDepartmentDependency (ID,disciplineID,departmentID,courseNumber,semesterNumber) VALUES ('3604','3604','49','4','2');
INSERT INTO disciplineDepartmentDependency (ID,disciplineID,departmentID,courseNumber,semesterNumber) VALUES ('3605','3605','49','5','1');
INSERT INTO disciplineDepartmentDependency (ID,disciplineID,departmentID,courseNumber,semesterNumber) VALUES ('3606','3606','49','6','2');
INSERT INTO disciplineDepartmentDependency (ID,disciplineID,departmentID,courseNumber,semesterNumber) VALUES ('3607','3607','49','1','1');
INSERT INTO disciplineDepartmentDependency (ID,disciplineID,departmentID,courseNumber,semesterNumber) VALUES ('3608','3608','49','2','2');
INSERT INTO disciplineDepartmentDependency (ID,disciplineID,departmentID,courseNumber,semesterNumber) VALUES ('3609','3609','49','3','1');
INSERT INTO disciplineDepartmentDependency (ID,disciplineID,departmentID,courseNumber,semesterNumber) VALUES ('3610','3610','49','4','2');
INSERT INTO disciplineDepartmentDependency (ID,disciplineID,departmentID,courseNumber,semesterNumber) VALUES ('3611','3611','49','5','1');
INSERT INTO disciplineDepartmentDependency (ID,disciplineID,departmentID,courseNumber,semesterNumber) VALUES ('3612','3612','49','6','2');
INSERT INTO disciplineDepartmentDependency (ID,disciplineID,departmentID,courseNumber,semesterNumber) VALUES ('3613','3613','49','1','1');
INSERT INTO disciplineDepartmentDependency (ID,disciplineID,departmentID,courseNumber,semesterNumber) VALUES ('3614','3614','49','2','2');
INSERT INTO disciplineDepartmentDependency (ID,disciplineID,departmentID,courseNumber,semesterNumber) VALUES ('3615','3615','49','3','1');
INSERT INTO disciplineDepartmentDependency (ID,disciplineID,departmentID,courseNumber,semesterNumber) VALUES ('3616','3616','49','4','2');
INSERT INTO loginpass (ID,login,password,access_type) VALUES ('127','GORXSLAVATXMOQENKO@hotmail.fr','5vd3x5F7','employee');
INSERT INTO employee (name,lastName,fathersName,personalID,sex,email,phoneNumber,dateOfBorn,address,passport,login,office,ID,departmentID) VALUES ('Горислава','ТИМОШЕНКО','Миколаївна','7071403653','f','GORXSLAVATXMOQENKO@hotmail.fr','0666744510','1957-05-27','28843 Комсомольськ Генерала Путейка 92, 225','CJ138877 ГУМВС 32','GORXSLAVATXMOQENKO@hotmail.fr','HR','122','49');
INSERT INTO gtgroup (id,fullGroupName,courseNumber,departmentID) VALUES ('558','КЕОА-10','1','49');
INSERT INTO gtgroup (id,fullGroupName,courseNumber,departmentID) VALUES ('559','КЕОА-20','2','49');
INSERT INTO gtgroup (id,fullGroupName,courseNumber,departmentID) VALUES ('560','КЕОА-30','3','49');
INSERT INTO gtgroup (id,fullGroupName,courseNumber,departmentID) VALUES ('561','КЕОА-40','4','49');
INSERT INTO gtgroup (id,fullGroupName,courseNumber,departmentID) VALUES ('562','КЕОА-50','5','49');
INSERT INTO gtgroup (id,fullGroupName,courseNumber,departmentID) VALUES ('563','КЕОА-60','6','49');
INSERT INTO dayRequirements (id,departmentID,countOfDaysInWeek,countOfLessonsInADay) VALUES ('49','50','6','5');
INSERT INTO discipline (id,nameOfDiscipline,countOfLessons,exam) VALUES ('3617','Discipline ААЕ-0','15','no');
INSERT INTO discipline (id,nameOfDiscipline,countOfLessons,exam) VALUES ('3618','Discipline ААЕ-1','15','no');
INSERT INTO discipline (id,nameOfDiscipline,countOfLessons,exam) VALUES ('3619','Discipline ААЕ-2','15','no');
INSERT INTO discipline (id,nameOfDiscipline,countOfLessons,exam) VALUES ('3620','Discipline ААЕ-3','15','no');
INSERT INTO discipline (id,nameOfDiscipline,countOfLessons,exam) VALUES ('3621','Discipline ААЕ-4','15','no');
INSERT INTO discipline (id,nameOfDiscipline,countOfLessons,exam) VALUES ('3622','Discipline ААЕ-5','15','no');
INSERT INTO discipline (id,nameOfDiscipline,countOfLessons,exam) VALUES ('3623','Discipline ААЕ-6','15','no');
INSERT INTO discipline (id,nameOfDiscipline,countOfLessons,exam) VALUES ('3624','Discipline ААЕ-7','15','no');
INSERT INTO discipline (id,nameOfDiscipline,countOfLessons,exam) VALUES ('3625','Discipline ААЕ-8','15','no');
INSERT INTO discipline (id,nameOfDiscipline,countOfLessons,exam) VALUES ('3626','Discipline ААЕ-9','15','no');
INSERT INTO discipline (id,nameOfDiscipline,countOfLessons,exam) VALUES ('3627','Discipline ААЕ-10','15','no');
INSERT INTO discipline (id,nameOfDiscipline,countOfLessons,exam) VALUES ('3628','Discipline ААЕ-11','15','no');
INSERT INTO discipline (id,nameOfDiscipline,countOfLessons,exam) VALUES ('3629','Discipline ААЕ-12','15','no');
INSERT INTO discipline (id,nameOfDiscipline,countOfLessons,exam) VALUES ('3630','Discipline ААЕ-13','15','no');
INSERT INTO discipline (id,nameOfDiscipline,countOfLessons,exam) VALUES ('3631','Discipline ААЕ-14','15','no');
INSERT INTO discipline (id,nameOfDiscipline,countOfLessons,exam) VALUES ('3632','Discipline ААЕ-15','15','no');
INSERT INTO discipline (id,nameOfDiscipline,countOfLessons,exam) VALUES ('3633','Discipline ААЕ-16','15','no');
INSERT INTO discipline (id,nameOfDiscipline,countOfLessons,exam) VALUES ('3634','Discipline ААЕ-17','15','no');
INSERT INTO discipline (id,nameOfDiscipline,countOfLessons,exam) VALUES ('3635','Discipline ААЕ-18','15','no');
INSERT INTO discipline (id,nameOfDiscipline,countOfLessons,exam) VALUES ('3636','Discipline ААЕ-19','15','no');
INSERT INTO discipline (id,nameOfDiscipline,countOfLessons,exam) VALUES ('3637','Discipline ААЕ-20','15','no');
INSERT INTO discipline (id,nameOfDiscipline,countOfLessons,exam) VALUES ('3638','Discipline ААЕ-21','15','no');
INSERT INTO discipline (id,nameOfDiscipline,countOfLessons,exam) VALUES ('3639','Discipline ААЕ-22','15','no');
INSERT INTO discipline (id,nameOfDiscipline,countOfLessons,exam) VALUES ('3640','Discipline ААЕ-23','15','no');
INSERT INTO discipline (id,nameOfDiscipline,countOfLessons,exam) VALUES ('3641','Discipline ААЕ-24','15','no');
INSERT INTO discipline (id,nameOfDiscipline,countOfLessons,exam) VALUES ('3642','Discipline ААЕ-25','15','no');
INSERT INTO discipline (id,nameOfDiscipline,countOfLessons,exam) VALUES ('3643','Discipline ААЕ-26','15','no');
INSERT INTO discipline (id,nameOfDiscipline,countOfLessons,exam) VALUES ('3644','Discipline ААЕ-27','15','no');
INSERT INTO discipline (id,nameOfDiscipline,countOfLessons,exam) VALUES ('3645','Discipline ААЕ-28','15','no');
INSERT INTO discipline (id,nameOfDiscipline,countOfLessons,exam) VALUES ('3646','Discipline ААЕ-29','15','no');
INSERT INTO discipline (id,nameOfDiscipline,countOfLessons,exam) VALUES ('3647','Discipline ААЕ-30','15','no');
INSERT INTO discipline (id,nameOfDiscipline,countOfLessons,exam) VALUES ('3648','Discipline ААЕ-31','15','no');
INSERT INTO discipline (id,nameOfDiscipline,countOfLessons,exam) VALUES ('3649','Discipline ААЕ-32','15','no');
INSERT INTO discipline (id,nameOfDiscipline,countOfLessons,exam) VALUES ('3650','Discipline ААЕ-33','15','no');
INSERT INTO discipline (id,nameOfDiscipline,countOfLessons,exam) VALUES ('3651','Discipline ААЕ-34','15','no');
INSERT INTO discipline (id,nameOfDiscipline,countOfLessons,exam) VALUES ('3652','Discipline ААЕ-35','15','no');
INSERT INTO discipline (id,nameOfDiscipline,countOfLessons,exam) VALUES ('3653','Discipline ААЕ-36','15','no');
INSERT INTO discipline (id,nameOfDiscipline,countOfLessons,exam) VALUES ('3654','Discipline ААЕ-37','15','no');
INSERT INTO discipline (id,nameOfDiscipline,countOfLessons,exam) VALUES ('3655','Discipline ААЕ-38','15','no');
INSERT INTO discipline (id,nameOfDiscipline,countOfLessons,exam) VALUES ('3656','Discipline ААЕ-39','15','no');
INSERT INTO discipline (id,nameOfDiscipline,countOfLessons,exam) VALUES ('3657','Discipline ААЕ-40','15','no');
INSERT INTO discipline (id,nameOfDiscipline,countOfLessons,exam) VALUES ('3658','Discipline ААЕ-41','15','no');
INSERT INTO discipline (id,nameOfDiscipline,countOfLessons,exam) VALUES ('3659','Discipline ААЕ-42','15','no');
INSERT INTO discipline (id,nameOfDiscipline,countOfLessons,exam) VALUES ('3660','Discipline ААЕ-43','15','no');
INSERT INTO discipline (id,nameOfDiscipline,countOfLessons,exam) VALUES ('3661','Discipline ААЕ-44','15','no');
INSERT INTO discipline (id,nameOfDiscipline,countOfLessons,exam) VALUES ('3662','Discipline ААЕ-45','15','no');
INSERT INTO discipline (id,nameOfDiscipline,countOfLessons,exam) VALUES ('3663','Discipline ААЕ-46','15','no');
INSERT INTO discipline (id,nameOfDiscipline,countOfLessons,exam) VALUES ('3664','Discipline ААЕ-47','15','no');
INSERT INTO discipline (id,nameOfDiscipline,countOfLessons,exam) VALUES ('3665','Discipline ААЕ-48','15','no');
INSERT INTO discipline (id,nameOfDiscipline,countOfLessons,exam) VALUES ('3666','Discipline ААЕ-49','15','no');
INSERT INTO discipline (id,nameOfDiscipline,countOfLessons,exam) VALUES ('3667','Discipline ААЕ-50','15','no');
INSERT INTO discipline (id,nameOfDiscipline,countOfLessons,exam) VALUES ('3668','Discipline ААЕ-51','15','no');
INSERT INTO discipline (id,nameOfDiscipline,countOfLessons,exam) VALUES ('3669','Discipline ААЕ-52','15','no');
INSERT INTO discipline (id,nameOfDiscipline,countOfLessons,exam) VALUES ('3670','Discipline ААЕ-53','15','no');
INSERT INTO discipline (id,nameOfDiscipline,countOfLessons,exam) VALUES ('3671','Discipline ААЕ-54','15','no');
INSERT INTO discipline (id,nameOfDiscipline,countOfLessons,exam) VALUES ('3672','Discipline ААЕ-55','15','no');
INSERT INTO discipline (id,nameOfDiscipline,countOfLessons,exam) VALUES ('3673','Discipline ААЕ-56','15','no');
INSERT INTO discipline (id,nameOfDiscipline,countOfLessons,exam) VALUES ('3674','Discipline ААЕ-57','15','no');
INSERT INTO discipline (id,nameOfDiscipline,countOfLessons,exam) VALUES ('3675','Discipline ААЕ-58','15','no');
INSERT INTO discipline (id,nameOfDiscipline,countOfLessons,exam) VALUES ('3676','Discipline ААЕ-59','15','no');
INSERT INTO disciplineDepartmentDependency (ID,disciplineID,departmentID,courseNumber,semesterNumber) VALUES ('3617','3617','50','1','1');
INSERT INTO disciplineDepartmentDependency (ID,disciplineID,departmentID,courseNumber,semesterNumber) VALUES ('3618','3618','50','2','2');
INSERT INTO disciplineDepartmentDependency (ID,disciplineID,departmentID,courseNumber,semesterNumber) VALUES ('3619','3619','50','3','1');
INSERT INTO disciplineDepartmentDependency (ID,disciplineID,departmentID,courseNumber,semesterNumber) VALUES ('3620','3620','50','4','2');
INSERT INTO disciplineDepartmentDependency (ID,disciplineID,departmentID,courseNumber,semesterNumber) VALUES ('3621','3621','50','5','1');
INSERT INTO disciplineDepartmentDependency (ID,disciplineID,departmentID,courseNumber,semesterNumber) VALUES ('3622','3622','50','6','2');
INSERT INTO disciplineDepartmentDependency (ID,disciplineID,departmentID,courseNumber,semesterNumber) VALUES ('3623','3623','50','1','1');
INSERT INTO disciplineDepartmentDependency (ID,disciplineID,departmentID,courseNumber,semesterNumber) VALUES ('3624','3624','50','2','2');
INSERT INTO disciplineDepartmentDependency (ID,disciplineID,departmentID,courseNumber,semesterNumber) VALUES ('3625','3625','50','3','1');
INSERT INTO disciplineDepartmentDependency (ID,disciplineID,departmentID,courseNumber,semesterNumber) VALUES ('3626','3626','50','4','2');
INSERT INTO disciplineDepartmentDependency (ID,disciplineID,departmentID,courseNumber,semesterNumber) VALUES ('3627','3627','50','5','1');
INSERT INTO disciplineDepartmentDependency (ID,disciplineID,departmentID,courseNumber,semesterNumber) VALUES ('3628','3628','50','6','2');
INSERT INTO disciplineDepartmentDependency (ID,disciplineID,departmentID,courseNumber,semesterNumber) VALUES ('3629','3629','50','1','1');
INSERT INTO disciplineDepartmentDependency (ID,disciplineID,departmentID,courseNumber,semesterNumber) VALUES ('3630','3630','50','2','2');
INSERT INTO disciplineDepartmentDependency (ID,disciplineID,departmentID,courseNumber,semesterNumber) VALUES ('3631','3631','50','3','1');
INSERT INTO disciplineDepartmentDependency (ID,disciplineID,departmentID,courseNumber,semesterNumber) VALUES ('3632','3632','50','4','2');
INSERT INTO disciplineDepartmentDependency (ID,disciplineID,departmentID,courseNumber,semesterNumber) VALUES ('3633','3633','50','5','1');
INSERT INTO disciplineDepartmentDependency (ID,disciplineID,departmentID,courseNumber,semesterNumber) VALUES ('3634','3634','50','6','2');
INSERT INTO disciplineDepartmentDependency (ID,disciplineID,departmentID,courseNumber,semesterNumber) VALUES ('3635','3635','50','1','1');
INSERT INTO disciplineDepartmentDependency (ID,disciplineID,departmentID,courseNumber,semesterNumber) VALUES ('3636','3636','50','2','2');
INSERT INTO disciplineDepartmentDependency (ID,disciplineID,departmentID,courseNumber,semesterNumber) VALUES ('3637','3637','50','3','1');
INSERT INTO disciplineDepartmentDependency (ID,disciplineID,departmentID,courseNumber,semesterNumber) VALUES ('3638','3638','50','4','2');
INSERT INTO disciplineDepartmentDependency (ID,disciplineID,departmentID,courseNumber,semesterNumber) VALUES ('3639','3639','50','5','1');
INSERT INTO disciplineDepartmentDependency (ID,disciplineID,departmentID,courseNumber,semesterNumber) VALUES ('3640','3640','50','6','2');
INSERT INTO disciplineDepartmentDependency (ID,disciplineID,departmentID,courseNumber,semesterNumber) VALUES ('3641','3641','50','1','1');
INSERT INTO disciplineDepartmentDependency (ID,disciplineID,departmentID,courseNumber,semesterNumber) VALUES ('3642','3642','50','2','2');
INSERT INTO disciplineDepartmentDependency (ID,disciplineID,departmentID,courseNumber,semesterNumber) VALUES ('3643','3643','50','3','1');
INSERT INTO disciplineDepartmentDependency (ID,disciplineID,departmentID,courseNumber,semesterNumber) VALUES ('3644','3644','50','4','2');
INSERT INTO disciplineDepartmentDependency (ID,disciplineID,departmentID,courseNumber,semesterNumber) VALUES ('3645','3645','50','5','1');
INSERT INTO disciplineDepartmentDependency (ID,disciplineID,departmentID,courseNumber,semesterNumber) VALUES ('3646','3646','50','6','2');
INSERT INTO disciplineDepartmentDependency (ID,disciplineID,departmentID,courseNumber,semesterNumber) VALUES ('3647','3647','50','1','1');
INSERT INTO disciplineDepartmentDependency (ID,disciplineID,departmentID,courseNumber,semesterNumber) VALUES ('3648','3648','50','2','2');
INSERT INTO disciplineDepartmentDependency (ID,disciplineID,departmentID,courseNumber,semesterNumber) VALUES ('3649','3649','50','3','1');
INSERT INTO disciplineDepartmentDependency (ID,disciplineID,departmentID,courseNumber,semesterNumber) VALUES ('3650','3650','50','4','2');
INSERT INTO disciplineDepartmentDependency (ID,disciplineID,departmentID,courseNumber,semesterNumber) VALUES ('3651','3651','50','5','1');
INSERT INTO disciplineDepartmentDependency (ID,disciplineID,departmentID,courseNumber,semesterNumber) VALUES ('3652','3652','50','6','2');
INSERT INTO disciplineDepartmentDependency (ID,disciplineID,departmentID,courseNumber,semesterNumber) VALUES ('3653','3653','50','1','1');
INSERT INTO disciplineDepartmentDependency (ID,disciplineID,departmentID,courseNumber,semesterNumber) VALUES ('3654','3654','50','2','2');
INSERT INTO disciplineDepartmentDependency (ID,disciplineID,departmentID,courseNumber,semesterNumber) VALUES ('3655','3655','50','3','1');
INSERT INTO disciplineDepartmentDependency (ID,disciplineID,departmentID,courseNumber,semesterNumber) VALUES ('3656','3656','50','4','2');
INSERT INTO disciplineDepartmentDependency (ID,disciplineID,departmentID,courseNumber,semesterNumber) VALUES ('3657','3657','50','5','1');
INSERT INTO disciplineDepartmentDependency (ID,disciplineID,departmentID,courseNumber,semesterNumber) VALUES ('3658','3658','50','6','2');
INSERT INTO disciplineDepartmentDependency (ID,disciplineID,departmentID,courseNumber,semesterNumber) VALUES ('3659','3659','50','1','1');
INSERT INTO disciplineDepartmentDependency (ID,disciplineID,departmentID,courseNumber,semesterNumber) VALUES ('3660','3660','50','2','2');
INSERT INTO disciplineDepartmentDependency (ID,disciplineID,departmentID,courseNumber,semesterNumber) VALUES ('3661','3661','50','3','1');
INSERT INTO disciplineDepartmentDependency (ID,disciplineID,departmentID,courseNumber,semesterNumber) VALUES ('3662','3662','50','4','2');
INSERT INTO disciplineDepartmentDependency (ID,disciplineID,departmentID,courseNumber,semesterNumber) VALUES ('3663','3663','50','5','1');
INSERT INTO disciplineDepartmentDependency (ID,disciplineID,departmentID,courseNumber,semesterNumber) VALUES ('3664','3664','50','6','2');
INSERT INTO disciplineDepartmentDependency (ID,disciplineID,departmentID,courseNumber,semesterNumber) VALUES ('3665','3665','50','1','1');
INSERT INTO disciplineDepartmentDependency (ID,disciplineID,departmentID,courseNumber,semesterNumber) VALUES ('3666','3666','50','2','2');
INSERT INTO disciplineDepartmentDependency (ID,disciplineID,departmentID,courseNumber,semesterNumber) VALUES ('3667','3667','50','3','1');
INSERT INTO disciplineDepartmentDependency (ID,disciplineID,departmentID,courseNumber,semesterNumber) VALUES ('3668','3668','50','4','2');
INSERT INTO disciplineDepartmentDependency (ID,disciplineID,departmentID,courseNumber,semesterNumber) VALUES ('3669','3669','50','5','1');
INSERT INTO disciplineDepartmentDependency (ID,disciplineID,departmentID,courseNumber,semesterNumber) VALUES ('3670','3670','50','6','2');
INSERT INTO disciplineDepartmentDependency (ID,disciplineID,departmentID,courseNumber,semesterNumber) VALUES ('3671','3671','50','1','1');
INSERT INTO disciplineDepartmentDependency (ID,disciplineID,departmentID,courseNumber,semesterNumber) VALUES ('3672','3672','50','2','2');
INSERT INTO disciplineDepartmentDependency (ID,disciplineID,departmentID,courseNumber,semesterNumber) VALUES ('3673','3673','50','3','1');
INSERT INTO disciplineDepartmentDependency (ID,disciplineID,departmentID,courseNumber,semesterNumber) VALUES ('3674','3674','50','4','2');
INSERT INTO disciplineDepartmentDependency (ID,disciplineID,departmentID,courseNumber,semesterNumber) VALUES ('3675','3675','50','5','1');
INSERT INTO disciplineDepartmentDependency (ID,disciplineID,departmentID,courseNumber,semesterNumber) VALUES ('3676','3676','50','6','2');
INSERT INTO loginpass (ID,login,password,access_type) VALUES ('128','DIQNAKOVTUN@orange.net','$l9SO9EM','employee');
INSERT INTO employee (name,lastName,fathersName,personalID,sex,email,phoneNumber,dateOfBorn,address,passport,login,office,ID,departmentID) VALUES ('Діяна','КОВТУН','Миколаївна','3353478361','f','DIQNAKOVTUN@orange.net','0393118315','1968-05-23','60368 Лубни Зоряна 44, 35','HK216147 ГУМВС 47','DIQNAKOVTUN@orange.net','HR','123','50');
INSERT INTO loginpass (ID,login,password,access_type) VALUES ('129','VOLELQBAMAWUR@t-online.de','BmvyicYB','employee');
INSERT INTO employee (name,lastName,fathersName,personalID,sex,email,phoneNumber,dateOfBorn,address,passport,login,office,ID,departmentID) VALUES ('Волелюба','МАЗУР','Савівна','8717732555','f','VOLELQBAMAWUR@t-online.de','0962722121','1974-10-30','04706 Обухів Генерала Коротєєва 10, 265','JO717712 ГУМВС 6','VOLELQBAMAWUR@t-online.de','HR','124','50');
INSERT INTO gtgroup (id,fullGroupName,courseNumber,departmentID) VALUES ('564','ААЕ-10','1','50');
INSERT INTO gtgroup (id,fullGroupName,courseNumber,departmentID) VALUES ('565','ААЕ-11','1','50');
INSERT INTO gtgroup (id,fullGroupName,courseNumber,departmentID) VALUES ('566','ААЕ-12','1','50');
INSERT INTO gtgroup (id,fullGroupName,courseNumber,departmentID) VALUES ('567','ААЕ-20','2','50');
INSERT INTO gtgroup (id,fullGroupName,courseNumber,departmentID) VALUES ('568','ААЕ-21','2','50');
INSERT INTO gtgroup (id,fullGroupName,courseNumber,departmentID) VALUES ('569','ААЕ-22','2','50');
INSERT INTO gtgroup (id,fullGroupName,courseNumber,departmentID) VALUES ('570','ААЕ-30','3','50');
INSERT INTO gtgroup (id,fullGroupName,courseNumber,departmentID) VALUES ('571','ААЕ-31','3','50');
INSERT INTO gtgroup (id,fullGroupName,courseNumber,departmentID) VALUES ('572','ААЕ-32','3','50');
INSERT INTO gtgroup (id,fullGroupName,courseNumber,departmentID) VALUES ('573','ААЕ-40','4','50');
INSERT INTO gtgroup (id,fullGroupName,courseNumber,departmentID) VALUES ('574','ААЕ-41','4','50');
INSERT INTO gtgroup (id,fullGroupName,courseNumber,departmentID) VALUES ('575','ААЕ-42','4','50');
INSERT INTO gtgroup (id,fullGroupName,courseNumber,departmentID) VALUES ('576','ААЕ-50','5','50');
INSERT INTO gtgroup (id,fullGroupName,courseNumber,departmentID) VALUES ('577','ААЕ-51','5','50');
INSERT INTO gtgroup (id,fullGroupName,courseNumber,departmentID) VALUES ('578','ААЕ-52','5','50');
INSERT INTO gtgroup (id,fullGroupName,courseNumber,departmentID) VALUES ('579','ААЕ-60','6','50');
INSERT INTO gtgroup (id,fullGroupName,courseNumber,departmentID) VALUES ('580','ААЕ-61','6','50');
INSERT INTO gtgroup (id,fullGroupName,courseNumber,departmentID) VALUES ('581','ААЕ-62','6','50');
INSERT INTO dayRequirements (id,departmentID,countOfDaysInWeek,countOfLessonsInADay) VALUES ('50','51','6','5');
INSERT INTO discipline (id,nameOfDiscipline,countOfLessons,exam) VALUES ('3677','Discipline ЗТРІ-0','15','no');
INSERT INTO discipline (id,nameOfDiscipline,countOfLessons,exam) VALUES ('3678','Discipline ЗТРІ-1','15','no');
INSERT INTO discipline (id,nameOfDiscipline,countOfLessons,exam) VALUES ('3679','Discipline ЗТРІ-2','15','no');
INSERT INTO discipline (id,nameOfDiscipline,countOfLessons,exam) VALUES ('3680','Discipline ЗТРІ-3','15','no');
INSERT INTO discipline (id,nameOfDiscipline,countOfLessons,exam) VALUES ('3681','Discipline ЗТРІ-4','15','no');
INSERT INTO discipline (id,nameOfDiscipline,countOfLessons,exam) VALUES ('3682','Discipline ЗТРІ-5','15','no');
INSERT INTO discipline (id,nameOfDiscipline,countOfLessons,exam) VALUES ('3683','Discipline ЗТРІ-6','15','no');
INSERT INTO discipline (id,nameOfDiscipline,countOfLessons,exam) VALUES ('3684','Discipline ЗТРІ-7','15','no');
INSERT INTO discipline (id,nameOfDiscipline,countOfLessons,exam) VALUES ('3685','Discipline ЗТРІ-8','15','no');
INSERT INTO discipline (id,nameOfDiscipline,countOfLessons,exam) VALUES ('3686','Discipline ЗТРІ-9','15','no');
INSERT INTO discipline (id,nameOfDiscipline,countOfLessons,exam) VALUES ('3687','Discipline ЗТРІ-10','15','no');
INSERT INTO discipline (id,nameOfDiscipline,countOfLessons,exam) VALUES ('3688','Discipline ЗТРІ-11','15','no');
INSERT INTO discipline (id,nameOfDiscipline,countOfLessons,exam) VALUES ('3689','Discipline ЗТРІ-12','15','no');
INSERT INTO discipline (id,nameOfDiscipline,countOfLessons,exam) VALUES ('3690','Discipline ЗТРІ-13','15','no');
INSERT INTO discipline (id,nameOfDiscipline,countOfLessons,exam) VALUES ('3691','Discipline ЗТРІ-14','15','no');
INSERT INTO discipline (id,nameOfDiscipline,countOfLessons,exam) VALUES ('3692','Discipline ЗТРІ-15','15','no');
INSERT INTO discipline (id,nameOfDiscipline,countOfLessons,exam) VALUES ('3693','Discipline ЗТРІ-16','15','no');
INSERT INTO discipline (id,nameOfDiscipline,countOfLessons,exam) VALUES ('3694','Discipline ЗТРІ-17','15','no');
INSERT INTO discipline (id,nameOfDiscipline,countOfLessons,exam) VALUES ('3695','Discipline ЗТРІ-18','15','no');
INSERT INTO discipline (id,nameOfDiscipline,countOfLessons,exam) VALUES ('3696','Discipline ЗТРІ-19','15','no');
INSERT INTO discipline (id,nameOfDiscipline,countOfLessons,exam) VALUES ('3697','Discipline ЗТРІ-20','15','no');
INSERT INTO discipline (id,nameOfDiscipline,countOfLessons,exam) VALUES ('3698','Discipline ЗТРІ-21','15','no');
INSERT INTO discipline (id,nameOfDiscipline,countOfLessons,exam) VALUES ('3699','Discipline ЗТРІ-22','15','no');
INSERT INTO discipline (id,nameOfDiscipline,countOfLessons,exam) VALUES ('3700','Discipline ЗТРІ-23','15','no');
INSERT INTO discipline (id,nameOfDiscipline,countOfLessons,exam) VALUES ('3701','Discipline ЗТРІ-24','15','no');
INSERT INTO discipline (id,nameOfDiscipline,countOfLessons,exam) VALUES ('3702','Discipline ЗТРІ-25','15','no');
INSERT INTO discipline (id,nameOfDiscipline,countOfLessons,exam) VALUES ('3703','Discipline ЗТРІ-26','15','no');
INSERT INTO discipline (id,nameOfDiscipline,countOfLessons,exam) VALUES ('3704','Discipline ЗТРІ-27','15','no');
INSERT INTO discipline (id,nameOfDiscipline,countOfLessons,exam) VALUES ('3705','Discipline ЗТРІ-28','15','no');
INSERT INTO discipline (id,nameOfDiscipline,countOfLessons,exam) VALUES ('3706','Discipline ЗТРІ-29','15','no');
INSERT INTO discipline (id,nameOfDiscipline,countOfLessons,exam) VALUES ('3707','Discipline ЗТРІ-30','15','no');
INSERT INTO discipline (id,nameOfDiscipline,countOfLessons,exam) VALUES ('3708','Discipline ЗТРІ-31','15','no');
INSERT INTO discipline (id,nameOfDiscipline,countOfLessons,exam) VALUES ('3709','Discipline ЗТРІ-32','15','no');
INSERT INTO discipline (id,nameOfDiscipline,countOfLessons,exam) VALUES ('3710','Discipline ЗТРІ-33','15','no');
INSERT INTO discipline (id,nameOfDiscipline,countOfLessons,exam) VALUES ('3711','Discipline ЗТРІ-34','15','no');
INSERT INTO discipline (id,nameOfDiscipline,countOfLessons,exam) VALUES ('3712','Discipline ЗТРІ-35','15','no');
INSERT INTO discipline (id,nameOfDiscipline,countOfLessons,exam) VALUES ('3713','Discipline ЗТРІ-36','15','no');
INSERT INTO discipline (id,nameOfDiscipline,countOfLessons,exam) VALUES ('3714','Discipline ЗТРІ-37','15','no');
INSERT INTO discipline (id,nameOfDiscipline,countOfLessons,exam) VALUES ('3715','Discipline ЗТРІ-38','15','no');
INSERT INTO discipline (id,nameOfDiscipline,countOfLessons,exam) VALUES ('3716','Discipline ЗТРІ-39','15','no');
INSERT INTO discipline (id,nameOfDiscipline,countOfLessons,exam) VALUES ('3717','Discipline ЗТРІ-40','15','no');
INSERT INTO discipline (id,nameOfDiscipline,countOfLessons,exam) VALUES ('3718','Discipline ЗТРІ-41','15','no');
INSERT INTO discipline (id,nameOfDiscipline,countOfLessons,exam) VALUES ('3719','Discipline ЗТРІ-42','15','no');
INSERT INTO discipline (id,nameOfDiscipline,countOfLessons,exam) VALUES ('3720','Discipline ЗТРІ-43','15','no');
INSERT INTO discipline (id,nameOfDiscipline,countOfLessons,exam) VALUES ('3721','Discipline ЗТРІ-44','15','no');
INSERT INTO discipline (id,nameOfDiscipline,countOfLessons,exam) VALUES ('3722','Discipline ЗТРІ-45','15','no');
INSERT INTO discipline (id,nameOfDiscipline,countOfLessons,exam) VALUES ('3723','Discipline ЗТРІ-46','15','no');
INSERT INTO discipline (id,nameOfDiscipline,countOfLessons,exam) VALUES ('3724','Discipline ЗТРІ-47','15','no');
INSERT INTO discipline (id,nameOfDiscipline,countOfLessons,exam) VALUES ('3725','Discipline ЗТРІ-48','15','no');
INSERT INTO discipline (id,nameOfDiscipline,countOfLessons,exam) VALUES ('3726','Discipline ЗТРІ-49','15','no');
INSERT INTO discipline (id,nameOfDiscipline,countOfLessons,exam) VALUES ('3727','Discipline ЗТРІ-50','15','no');
INSERT INTO discipline (id,nameOfDiscipline,countOfLessons,exam) VALUES ('3728','Discipline ЗТРІ-51','15','no');
INSERT INTO discipline (id,nameOfDiscipline,countOfLessons,exam) VALUES ('3729','Discipline ЗТРІ-52','15','no');
INSERT INTO discipline (id,nameOfDiscipline,countOfLessons,exam) VALUES ('3730','Discipline ЗТРІ-53','15','no');
INSERT INTO discipline (id,nameOfDiscipline,countOfLessons,exam) VALUES ('3731','Discipline ЗТРІ-54','15','no');
INSERT INTO discipline (id,nameOfDiscipline,countOfLessons,exam) VALUES ('3732','Discipline ЗТРІ-55','15','no');
INSERT INTO discipline (id,nameOfDiscipline,countOfLessons,exam) VALUES ('3733','Discipline ЗТРІ-56','15','no');
INSERT INTO discipline (id,nameOfDiscipline,countOfLessons,exam) VALUES ('3734','Discipline ЗТРІ-57','15','no');
INSERT INTO discipline (id,nameOfDiscipline,countOfLessons,exam) VALUES ('3735','Discipline ЗТРІ-58','15','no');
INSERT INTO discipline (id,nameOfDiscipline,countOfLessons,exam) VALUES ('3736','Discipline ЗТРІ-59','15','no');
INSERT INTO disciplineDepartmentDependency (ID,disciplineID,departmentID,courseNumber,semesterNumber) VALUES ('3677','3677','51','1','1');
INSERT INTO disciplineDepartmentDependency (ID,disciplineID,departmentID,courseNumber,semesterNumber) VALUES ('3678','3678','51','2','2');
INSERT INTO disciplineDepartmentDependency (ID,disciplineID,departmentID,courseNumber,semesterNumber) VALUES ('3679','3679','51','3','1');
INSERT INTO disciplineDepartmentDependency (ID,disciplineID,departmentID,courseNumber,semesterNumber) VALUES ('3680','3680','51','4','2');
INSERT INTO disciplineDepartmentDependency (ID,disciplineID,departmentID,courseNumber,semesterNumber) VALUES ('3681','3681','51','5','1');
INSERT INTO disciplineDepartmentDependency (ID,disciplineID,departmentID,courseNumber,semesterNumber) VALUES ('3682','3682','51','6','2');
INSERT INTO disciplineDepartmentDependency (ID,disciplineID,departmentID,courseNumber,semesterNumber) VALUES ('3683','3683','51','1','1');
INSERT INTO disciplineDepartmentDependency (ID,disciplineID,departmentID,courseNumber,semesterNumber) VALUES ('3684','3684','51','2','2');
INSERT INTO disciplineDepartmentDependency (ID,disciplineID,departmentID,courseNumber,semesterNumber) VALUES ('3685','3685','51','3','1');
INSERT INTO disciplineDepartmentDependency (ID,disciplineID,departmentID,courseNumber,semesterNumber) VALUES ('3686','3686','51','4','2');
INSERT INTO disciplineDepartmentDependency (ID,disciplineID,departmentID,courseNumber,semesterNumber) VALUES ('3687','3687','51','5','1');
INSERT INTO disciplineDepartmentDependency (ID,disciplineID,departmentID,courseNumber,semesterNumber) VALUES ('3688','3688','51','6','2');
INSERT INTO disciplineDepartmentDependency (ID,disciplineID,departmentID,courseNumber,semesterNumber) VALUES ('3689','3689','51','1','1');
INSERT INTO disciplineDepartmentDependency (ID,disciplineID,departmentID,courseNumber,semesterNumber) VALUES ('3690','3690','51','2','2');
INSERT INTO disciplineDepartmentDependency (ID,disciplineID,departmentID,courseNumber,semesterNumber) VALUES ('3691','3691','51','3','1');
INSERT INTO disciplineDepartmentDependency (ID,disciplineID,departmentID,courseNumber,semesterNumber) VALUES ('3692','3692','51','4','2');
INSERT INTO disciplineDepartmentDependency (ID,disciplineID,departmentID,courseNumber,semesterNumber) VALUES ('3693','3693','51','5','1');
INSERT INTO disciplineDepartmentDependency (ID,disciplineID,departmentID,courseNumber,semesterNumber) VALUES ('3694','3694','51','6','2');
INSERT INTO disciplineDepartmentDependency (ID,disciplineID,departmentID,courseNumber,semesterNumber) VALUES ('3695','3695','51','1','1');
INSERT INTO disciplineDepartmentDependency (ID,disciplineID,departmentID,courseNumber,semesterNumber) VALUES ('3696','3696','51','2','2');
INSERT INTO disciplineDepartmentDependency (ID,disciplineID,departmentID,courseNumber,semesterNumber) VALUES ('3697','3697','51','3','1');
INSERT INTO disciplineDepartmentDependency (ID,disciplineID,departmentID,courseNumber,semesterNumber) VALUES ('3698','3698','51','4','2');
INSERT INTO disciplineDepartmentDependency (ID,disciplineID,departmentID,courseNumber,semesterNumber) VALUES ('3699','3699','51','5','1');
INSERT INTO disciplineDepartmentDependency (ID,disciplineID,departmentID,courseNumber,semesterNumber) VALUES ('3700','3700','51','6','2');
INSERT INTO disciplineDepartmentDependency (ID,disciplineID,departmentID,courseNumber,semesterNumber) VALUES ('3701','3701','51','1','1');
INSERT INTO disciplineDepartmentDependency (ID,disciplineID,departmentID,courseNumber,semesterNumber) VALUES ('3702','3702','51','2','2');
INSERT INTO disciplineDepartmentDependency (ID,disciplineID,departmentID,courseNumber,semesterNumber) VALUES ('3703','3703','51','3','1');
INSERT INTO disciplineDepartmentDependency (ID,disciplineID,departmentID,courseNumber,semesterNumber) VALUES ('3704','3704','51','4','2');
INSERT INTO disciplineDepartmentDependency (ID,disciplineID,departmentID,courseNumber,semesterNumber) VALUES ('3705','3705','51','5','1');
INSERT INTO disciplineDepartmentDependency (ID,disciplineID,departmentID,courseNumber,semesterNumber) VALUES ('3706','3706','51','6','2');
INSERT INTO disciplineDepartmentDependency (ID,disciplineID,departmentID,courseNumber,semesterNumber) VALUES ('3707','3707','51','1','1');
INSERT INTO disciplineDepartmentDependency (ID,disciplineID,departmentID,courseNumber,semesterNumber) VALUES ('3708','3708','51','2','2');
INSERT INTO disciplineDepartmentDependency (ID,disciplineID,departmentID,courseNumber,semesterNumber) VALUES ('3709','3709','51','3','1');
INSERT INTO disciplineDepartmentDependency (ID,disciplineID,departmentID,courseNumber,semesterNumber) VALUES ('3710','3710','51','4','2');
INSERT INTO disciplineDepartmentDependency (ID,disciplineID,departmentID,courseNumber,semesterNumber) VALUES ('3711','3711','51','5','1');
INSERT INTO disciplineDepartmentDependency (ID,disciplineID,departmentID,courseNumber,semesterNumber) VALUES ('3712','3712','51','6','2');
INSERT INTO disciplineDepartmentDependency (ID,disciplineID,departmentID,courseNumber,semesterNumber) VALUES ('3713','3713','51','1','1');
INSERT INTO disciplineDepartmentDependency (ID,disciplineID,departmentID,courseNumber,semesterNumber) VALUES ('3714','3714','51','2','2');
INSERT INTO disciplineDepartmentDependency (ID,disciplineID,departmentID,courseNumber,semesterNumber) VALUES ('3715','3715','51','3','1');
INSERT INTO disciplineDepartmentDependency (ID,disciplineID,departmentID,courseNumber,semesterNumber) VALUES ('3716','3716','51','4','2');
INSERT INTO disciplineDepartmentDependency (ID,disciplineID,departmentID,courseNumber,semesterNumber) VALUES ('3717','3717','51','5','1');
INSERT INTO disciplineDepartmentDependency (ID,disciplineID,departmentID,courseNumber,semesterNumber) VALUES ('3718','3718','51','6','2');
INSERT INTO disciplineDepartmentDependency (ID,disciplineID,departmentID,courseNumber,semesterNumber) VALUES ('3719','3719','51','1','1');
INSERT INTO disciplineDepartmentDependency (ID,disciplineID,departmentID,courseNumber,semesterNumber) VALUES ('3720','3720','51','2','2');
INSERT INTO disciplineDepartmentDependency (ID,disciplineID,departmentID,courseNumber,semesterNumber) VALUES ('3721','3721','51','3','1');
INSERT INTO disciplineDepartmentDependency (ID,disciplineID,departmentID,courseNumber,semesterNumber) VALUES ('3722','3722','51','4','2');
INSERT INTO disciplineDepartmentDependency (ID,disciplineID,departmentID,courseNumber,semesterNumber) VALUES ('3723','3723','51','5','1');
INSERT INTO disciplineDepartmentDependency (ID,disciplineID,departmentID,courseNumber,semesterNumber) VALUES ('3724','3724','51','6','2');
INSERT INTO disciplineDepartmentDependency (ID,disciplineID,departmentID,courseNumber,semesterNumber) VALUES ('3725','3725','51','1','1');
INSERT INTO disciplineDepartmentDependency (ID,disciplineID,departmentID,courseNumber,semesterNumber) VALUES ('3726','3726','51','2','2');
INSERT INTO disciplineDepartmentDependency (ID,disciplineID,departmentID,courseNumber,semesterNumber) VALUES ('3727','3727','51','3','1');
INSERT INTO disciplineDepartmentDependency (ID,disciplineID,departmentID,courseNumber,semesterNumber) VALUES ('3728','3728','51','4','2');
INSERT INTO disciplineDepartmentDependency (ID,disciplineID,departmentID,courseNumber,semesterNumber) VALUES ('3729','3729','51','5','1');
INSERT INTO disciplineDepartmentDependency (ID,disciplineID,departmentID,courseNumber,semesterNumber) VALUES ('3730','3730','51','6','2');
INSERT INTO disciplineDepartmentDependency (ID,disciplineID,departmentID,courseNumber,semesterNumber) VALUES ('3731','3731','51','1','1');
INSERT INTO disciplineDepartmentDependency (ID,disciplineID,departmentID,courseNumber,semesterNumber) VALUES ('3732','3732','51','2','2');
INSERT INTO disciplineDepartmentDependency (ID,disciplineID,departmentID,courseNumber,semesterNumber) VALUES ('3733','3733','51','3','1');
INSERT INTO disciplineDepartmentDependency (ID,disciplineID,departmentID,courseNumber,semesterNumber) VALUES ('3734','3734','51','4','2');
INSERT INTO disciplineDepartmentDependency (ID,disciplineID,departmentID,courseNumber,semesterNumber) VALUES ('3735','3735','51','5','1');
INSERT INTO disciplineDepartmentDependency (ID,disciplineID,departmentID,courseNumber,semesterNumber) VALUES ('3736','3736','51','6','2');
INSERT INTO loginpass (ID,login,password,access_type) VALUES ('130','GORDXSLAVMAWUR@live.de','AqJ91o&V','employee');
INSERT INTO employee (name,lastName,fathersName,personalID,sex,email,phoneNumber,dateOfBorn,address,passport,login,office,ID,departmentID) VALUES ('Гордислав','МАЗУР','Миколайович','1854885725','m','GORDXSLAVMAWUR@live.de','0936110782','1961-02-20','20520 Сімферополь Галана Ярослава 52, 192','IW551673 ГУМВС 24','GORDXSLAVMAWUR@live.de','HR','125','51');
INSERT INTO loginpass (ID,login,password,access_type) VALUES ('131','BUREVIYGONZAR@orange.net','lF94!04Q','employee');
INSERT INTO employee (name,lastName,fathersName,personalID,sex,email,phoneNumber,dateOfBorn,address,passport,login,office,ID,departmentID) VALUES ('Буревій','ГОНЧАР','Кузьмич','7176705638','m','BUREVIYGONZAR@orange.net','0680256236','1982-10-15','03066 Євпаторія Героїв Дніпра 18, 253','MW586587 ГУМВС 38','BUREVIYGONZAR@orange.net','HR','126','51');
INSERT INTO loginpass (ID,login,password,access_type) VALUES ('132','BAJANBONDAR@hotmail.fr','edDNnmz#','employee');
INSERT INTO employee (name,lastName,fathersName,personalID,sex,email,phoneNumber,dateOfBorn,address,passport,login,office,ID,departmentID) VALUES ('Бажан','БОНДАР','Ілліч','7734453268','m','BAJANBONDAR@hotmail.fr','0634067306','1969-08-28','88784 Нікополь Віктора Бабанського 56, 289','JN347256 ГУМВС 32','BAJANBONDAR@hotmail.fr','HR','127','51');
INSERT INTO gtgroup (id,fullGroupName,courseNumber,departmentID) VALUES ('582','ЗТРІ-10','1','51');
INSERT INTO gtgroup (id,fullGroupName,courseNumber,departmentID) VALUES ('583','ЗТРІ-11','1','51');
INSERT INTO gtgroup (id,fullGroupName,courseNumber,departmentID) VALUES ('584','ЗТРІ-20','2','51');
INSERT INTO gtgroup (id,fullGroupName,courseNumber,departmentID) VALUES ('585','ЗТРІ-21','2','51');
INSERT INTO gtgroup (id,fullGroupName,courseNumber,departmentID) VALUES ('586','ЗТРІ-30','3','51');
INSERT INTO gtgroup (id,fullGroupName,courseNumber,departmentID) VALUES ('587','ЗТРІ-31','3','51');
INSERT INTO gtgroup (id,fullGroupName,courseNumber,departmentID) VALUES ('588','ЗТРІ-40','4','51');
INSERT INTO gtgroup (id,fullGroupName,courseNumber,departmentID) VALUES ('589','ЗТРІ-41','4','51');
INSERT INTO gtgroup (id,fullGroupName,courseNumber,departmentID) VALUES ('590','ЗТРІ-50','5','51');
INSERT INTO gtgroup (id,fullGroupName,courseNumber,departmentID) VALUES ('591','ЗТРІ-51','5','51');
INSERT INTO gtgroup (id,fullGroupName,courseNumber,departmentID) VALUES ('592','ЗТРІ-60','6','51');
INSERT INTO gtgroup (id,fullGroupName,courseNumber,departmentID) VALUES ('593','ЗТРІ-61','6','51');
INSERT INTO dayRequirements (id,departmentID,countOfDaysInWeek,countOfLessonsInADay) VALUES ('51','52','6','5');
INSERT INTO discipline (id,nameOfDiscipline,countOfLessons,exam) VALUES ('3737','Discipline АУТС-0','15','no');
INSERT INTO discipline (id,nameOfDiscipline,countOfLessons,exam) VALUES ('3738','Discipline АУТС-1','15','no');
INSERT INTO discipline (id,nameOfDiscipline,countOfLessons,exam) VALUES ('3739','Discipline АУТС-2','15','no');
INSERT INTO discipline (id,nameOfDiscipline,countOfLessons,exam) VALUES ('3740','Discipline АУТС-3','15','no');
INSERT INTO discipline (id,nameOfDiscipline,countOfLessons,exam) VALUES ('3741','Discipline АУТС-4','15','no');
INSERT INTO discipline (id,nameOfDiscipline,countOfLessons,exam) VALUES ('3742','Discipline АУТС-5','15','no');
INSERT INTO discipline (id,nameOfDiscipline,countOfLessons,exam) VALUES ('3743','Discipline АУТС-6','15','no');
INSERT INTO discipline (id,nameOfDiscipline,countOfLessons,exam) VALUES ('3744','Discipline АУТС-7','15','no');
INSERT INTO discipline (id,nameOfDiscipline,countOfLessons,exam) VALUES ('3745','Discipline АУТС-8','15','no');
INSERT INTO discipline (id,nameOfDiscipline,countOfLessons,exam) VALUES ('3746','Discipline АУТС-9','15','no');
INSERT INTO discipline (id,nameOfDiscipline,countOfLessons,exam) VALUES ('3747','Discipline АУТС-10','15','no');
INSERT INTO discipline (id,nameOfDiscipline,countOfLessons,exam) VALUES ('3748','Discipline АУТС-11','15','no');
INSERT INTO discipline (id,nameOfDiscipline,countOfLessons,exam) VALUES ('3749','Discipline АУТС-12','15','no');
INSERT INTO discipline (id,nameOfDiscipline,countOfLessons,exam) VALUES ('3750','Discipline АУТС-13','15','no');
INSERT INTO discipline (id,nameOfDiscipline,countOfLessons,exam) VALUES ('3751','Discipline АУТС-14','15','no');
INSERT INTO discipline (id,nameOfDiscipline,countOfLessons,exam) VALUES ('3752','Discipline АУТС-15','15','no');
INSERT INTO discipline (id,nameOfDiscipline,countOfLessons,exam) VALUES ('3753','Discipline АУТС-16','15','no');
INSERT INTO discipline (id,nameOfDiscipline,countOfLessons,exam) VALUES ('3754','Discipline АУТС-17','15','no');
INSERT INTO discipline (id,nameOfDiscipline,countOfLessons,exam) VALUES ('3755','Discipline АУТС-18','15','no');
INSERT INTO discipline (id,nameOfDiscipline,countOfLessons,exam) VALUES ('3756','Discipline АУТС-19','15','no');
INSERT INTO discipline (id,nameOfDiscipline,countOfLessons,exam) VALUES ('3757','Discipline АУТС-20','15','no');
INSERT INTO discipline (id,nameOfDiscipline,countOfLessons,exam) VALUES ('3758','Discipline АУТС-21','15','no');
INSERT INTO discipline (id,nameOfDiscipline,countOfLessons,exam) VALUES ('3759','Discipline АУТС-22','15','no');
INSERT INTO discipline (id,nameOfDiscipline,countOfLessons,exam) VALUES ('3760','Discipline АУТС-23','15','no');
INSERT INTO discipline (id,nameOfDiscipline,countOfLessons,exam) VALUES ('3761','Discipline АУТС-24','15','no');
INSERT INTO discipline (id,nameOfDiscipline,countOfLessons,exam) VALUES ('3762','Discipline АУТС-25','15','no');
INSERT INTO discipline (id,nameOfDiscipline,countOfLessons,exam) VALUES ('3763','Discipline АУТС-26','15','no');
INSERT INTO discipline (id,nameOfDiscipline,countOfLessons,exam) VALUES ('3764','Discipline АУТС-27','15','no');
INSERT INTO discipline (id,nameOfDiscipline,countOfLessons,exam) VALUES ('3765','Discipline АУТС-28','15','no');
INSERT INTO discipline (id,nameOfDiscipline,countOfLessons,exam) VALUES ('3766','Discipline АУТС-29','15','no');
INSERT INTO discipline (id,nameOfDiscipline,countOfLessons,exam) VALUES ('3767','Discipline АУТС-30','15','no');
INSERT INTO discipline (id,nameOfDiscipline,countOfLessons,exam) VALUES ('3768','Discipline АУТС-31','15','no');
INSERT INTO discipline (id,nameOfDiscipline,countOfLessons,exam) VALUES ('3769','Discipline АУТС-32','15','no');
INSERT INTO discipline (id,nameOfDiscipline,countOfLessons,exam) VALUES ('3770','Discipline АУТС-33','15','no');
INSERT INTO discipline (id,nameOfDiscipline,countOfLessons,exam) VALUES ('3771','Discipline АУТС-34','15','no');
INSERT INTO discipline (id,nameOfDiscipline,countOfLessons,exam) VALUES ('3772','Discipline АУТС-35','15','no');
INSERT INTO discipline (id,nameOfDiscipline,countOfLessons,exam) VALUES ('3773','Discipline АУТС-36','15','no');
INSERT INTO discipline (id,nameOfDiscipline,countOfLessons,exam) VALUES ('3774','Discipline АУТС-37','15','no');
INSERT INTO discipline (id,nameOfDiscipline,countOfLessons,exam) VALUES ('3775','Discipline АУТС-38','15','no');
INSERT INTO discipline (id,nameOfDiscipline,countOfLessons,exam) VALUES ('3776','Discipline АУТС-39','15','no');
INSERT INTO discipline (id,nameOfDiscipline,countOfLessons,exam) VALUES ('3777','Discipline АУТС-40','15','no');
INSERT INTO discipline (id,nameOfDiscipline,countOfLessons,exam) VALUES ('3778','Discipline АУТС-41','15','no');
INSERT INTO discipline (id,nameOfDiscipline,countOfLessons,exam) VALUES ('3779','Discipline АУТС-42','15','no');
INSERT INTO discipline (id,nameOfDiscipline,countOfLessons,exam) VALUES ('3780','Discipline АУТС-43','15','no');
INSERT INTO discipline (id,nameOfDiscipline,countOfLessons,exam) VALUES ('3781','Discipline АУТС-44','15','no');
INSERT INTO discipline (id,nameOfDiscipline,countOfLessons,exam) VALUES ('3782','Discipline АУТС-45','15','no');
INSERT INTO discipline (id,nameOfDiscipline,countOfLessons,exam) VALUES ('3783','Discipline АУТС-46','15','no');
INSERT INTO discipline (id,nameOfDiscipline,countOfLessons,exam) VALUES ('3784','Discipline АУТС-47','15','no');
INSERT INTO discipline (id,nameOfDiscipline,countOfLessons,exam) VALUES ('3785','Discipline АУТС-48','15','no');
INSERT INTO discipline (id,nameOfDiscipline,countOfLessons,exam) VALUES ('3786','Discipline АУТС-49','15','no');
INSERT INTO discipline (id,nameOfDiscipline,countOfLessons,exam) VALUES ('3787','Discipline АУТС-50','15','no');
INSERT INTO discipline (id,nameOfDiscipline,countOfLessons,exam) VALUES ('3788','Discipline АУТС-51','15','no');
INSERT INTO discipline (id,nameOfDiscipline,countOfLessons,exam) VALUES ('3789','Discipline АУТС-52','15','no');
INSERT INTO discipline (id,nameOfDiscipline,countOfLessons,exam) VALUES ('3790','Discipline АУТС-53','15','no');
INSERT INTO discipline (id,nameOfDiscipline,countOfLessons,exam) VALUES ('3791','Discipline АУТС-54','15','no');
INSERT INTO discipline (id,nameOfDiscipline,countOfLessons,exam) VALUES ('3792','Discipline АУТС-55','15','no');
INSERT INTO discipline (id,nameOfDiscipline,countOfLessons,exam) VALUES ('3793','Discipline АУТС-56','15','no');
INSERT INTO discipline (id,nameOfDiscipline,countOfLessons,exam) VALUES ('3794','Discipline АУТС-57','15','no');
INSERT INTO discipline (id,nameOfDiscipline,countOfLessons,exam) VALUES ('3795','Discipline АУТС-58','15','no');
INSERT INTO discipline (id,nameOfDiscipline,countOfLessons,exam) VALUES ('3796','Discipline АУТС-59','15','no');
INSERT INTO discipline (id,nameOfDiscipline,countOfLessons,exam) VALUES ('3797','Discipline АУТС-60','15','no');
INSERT INTO discipline (id,nameOfDiscipline,countOfLessons,exam) VALUES ('3798','Discipline АУТС-61','15','no');
INSERT INTO discipline (id,nameOfDiscipline,countOfLessons,exam) VALUES ('3799','Discipline АУТС-62','15','no');
INSERT INTO discipline (id,nameOfDiscipline,countOfLessons,exam) VALUES ('3800','Discipline АУТС-63','15','no');
INSERT INTO discipline (id,nameOfDiscipline,countOfLessons,exam) VALUES ('3801','Discipline АУТС-64','15','no');
INSERT INTO discipline (id,nameOfDiscipline,countOfLessons,exam) VALUES ('3802','Discipline АУТС-65','15','no');
INSERT INTO discipline (id,nameOfDiscipline,countOfLessons,exam) VALUES ('3803','Discipline АУТС-66','15','no');
INSERT INTO discipline (id,nameOfDiscipline,countOfLessons,exam) VALUES ('3804','Discipline АУТС-67','15','no');
INSERT INTO disciplineDepartmentDependency (ID,disciplineID,departmentID,courseNumber,semesterNumber) VALUES ('3737','3737','52','1','1');
INSERT INTO disciplineDepartmentDependency (ID,disciplineID,departmentID,courseNumber,semesterNumber) VALUES ('3738','3738','52','2','2');
INSERT INTO disciplineDepartmentDependency (ID,disciplineID,departmentID,courseNumber,semesterNumber) VALUES ('3739','3739','52','3','1');
INSERT INTO disciplineDepartmentDependency (ID,disciplineID,departmentID,courseNumber,semesterNumber) VALUES ('3740','3740','52','4','2');
INSERT INTO disciplineDepartmentDependency (ID,disciplineID,departmentID,courseNumber,semesterNumber) VALUES ('3741','3741','52','5','1');
INSERT INTO disciplineDepartmentDependency (ID,disciplineID,departmentID,courseNumber,semesterNumber) VALUES ('3742','3742','52','6','2');
INSERT INTO disciplineDepartmentDependency (ID,disciplineID,departmentID,courseNumber,semesterNumber) VALUES ('3743','3743','52','1','1');
INSERT INTO disciplineDepartmentDependency (ID,disciplineID,departmentID,courseNumber,semesterNumber) VALUES ('3744','3744','52','2','2');
INSERT INTO disciplineDepartmentDependency (ID,disciplineID,departmentID,courseNumber,semesterNumber) VALUES ('3745','3745','52','3','1');
INSERT INTO disciplineDepartmentDependency (ID,disciplineID,departmentID,courseNumber,semesterNumber) VALUES ('3746','3746','52','4','2');
INSERT INTO disciplineDepartmentDependency (ID,disciplineID,departmentID,courseNumber,semesterNumber) VALUES ('3747','3747','52','5','1');
INSERT INTO disciplineDepartmentDependency (ID,disciplineID,departmentID,courseNumber,semesterNumber) VALUES ('3748','3748','52','6','2');
INSERT INTO disciplineDepartmentDependency (ID,disciplineID,departmentID,courseNumber,semesterNumber) VALUES ('3749','3749','52','1','1');
INSERT INTO disciplineDepartmentDependency (ID,disciplineID,departmentID,courseNumber,semesterNumber) VALUES ('3750','3750','52','2','2');
INSERT INTO disciplineDepartmentDependency (ID,disciplineID,departmentID,courseNumber,semesterNumber) VALUES ('3751','3751','52','3','1');
INSERT INTO disciplineDepartmentDependency (ID,disciplineID,departmentID,courseNumber,semesterNumber) VALUES ('3752','3752','52','4','2');
INSERT INTO disciplineDepartmentDependency (ID,disciplineID,departmentID,courseNumber,semesterNumber) VALUES ('3753','3753','52','5','1');
INSERT INTO disciplineDepartmentDependency (ID,disciplineID,departmentID,courseNumber,semesterNumber) VALUES ('3754','3754','52','6','2');
INSERT INTO disciplineDepartmentDependency (ID,disciplineID,departmentID,courseNumber,semesterNumber) VALUES ('3755','3755','52','1','1');
INSERT INTO disciplineDepartmentDependency (ID,disciplineID,departmentID,courseNumber,semesterNumber) VALUES ('3756','3756','52','2','2');
INSERT INTO disciplineDepartmentDependency (ID,disciplineID,departmentID,courseNumber,semesterNumber) VALUES ('3757','3757','52','3','1');
INSERT INTO disciplineDepartmentDependency (ID,disciplineID,departmentID,courseNumber,semesterNumber) VALUES ('3758','3758','52','4','2');
INSERT INTO disciplineDepartmentDependency (ID,disciplineID,departmentID,courseNumber,semesterNumber) VALUES ('3759','3759','52','5','1');
INSERT INTO disciplineDepartmentDependency (ID,disciplineID,departmentID,courseNumber,semesterNumber) VALUES ('3760','3760','52','6','2');
INSERT INTO disciplineDepartmentDependency (ID,disciplineID,departmentID,courseNumber,semesterNumber) VALUES ('3761','3761','52','1','1');
INSERT INTO disciplineDepartmentDependency (ID,disciplineID,departmentID,courseNumber,semesterNumber) VALUES ('3762','3762','52','2','2');
INSERT INTO disciplineDepartmentDependency (ID,disciplineID,departmentID,courseNumber,semesterNumber) VALUES ('3763','3763','52','3','1');
INSERT INTO disciplineDepartmentDependency (ID,disciplineID,departmentID,courseNumber,semesterNumber) VALUES ('3764','3764','52','4','2');
INSERT INTO disciplineDepartmentDependency (ID,disciplineID,departmentID,courseNumber,semesterNumber) VALUES ('3765','3765','52','5','1');
INSERT INTO disciplineDepartmentDependency (ID,disciplineID,departmentID,courseNumber,semesterNumber) VALUES ('3766','3766','52','6','2');
INSERT INTO disciplineDepartmentDependency (ID,disciplineID,departmentID,courseNumber,semesterNumber) VALUES ('3767','3767','52','1','1');
INSERT INTO disciplineDepartmentDependency (ID,disciplineID,departmentID,courseNumber,semesterNumber) VALUES ('3768','3768','52','2','2');
INSERT INTO disciplineDepartmentDependency (ID,disciplineID,departmentID,courseNumber,semesterNumber) VALUES ('3769','3769','52','3','1');
INSERT INTO disciplineDepartmentDependency (ID,disciplineID,departmentID,courseNumber,semesterNumber) VALUES ('3770','3770','52','4','2');
INSERT INTO disciplineDepartmentDependency (ID,disciplineID,departmentID,courseNumber,semesterNumber) VALUES ('3771','3771','52','5','1');
INSERT INTO disciplineDepartmentDependency (ID,disciplineID,departmentID,courseNumber,semesterNumber) VALUES ('3772','3772','52','6','2');
INSERT INTO disciplineDepartmentDependency (ID,disciplineID,departmentID,courseNumber,semesterNumber) VALUES ('3773','3773','52','1','1');
INSERT INTO disciplineDepartmentDependency (ID,disciplineID,departmentID,courseNumber,semesterNumber) VALUES ('3774','3774','52','2','2');
INSERT INTO disciplineDepartmentDependency (ID,disciplineID,departmentID,courseNumber,semesterNumber) VALUES ('3775','3775','52','3','1');
INSERT INTO disciplineDepartmentDependency (ID,disciplineID,departmentID,courseNumber,semesterNumber) VALUES ('3776','3776','52','4','2');
INSERT INTO disciplineDepartmentDependency (ID,disciplineID,departmentID,courseNumber,semesterNumber) VALUES ('3777','3777','52','5','1');
INSERT INTO disciplineDepartmentDependency (ID,disciplineID,departmentID,courseNumber,semesterNumber) VALUES ('3778','3778','52','6','2');
INSERT INTO disciplineDepartmentDependency (ID,disciplineID,departmentID,courseNumber,semesterNumber) VALUES ('3779','3779','52','1','1');
INSERT INTO disciplineDepartmentDependency (ID,disciplineID,departmentID,courseNumber,semesterNumber) VALUES ('3780','3780','52','2','2');
INSERT INTO disciplineDepartmentDependency (ID,disciplineID,departmentID,courseNumber,semesterNumber) VALUES ('3781','3781','52','3','1');
INSERT INTO disciplineDepartmentDependency (ID,disciplineID,departmentID,courseNumber,semesterNumber) VALUES ('3782','3782','52','4','2');
INSERT INTO disciplineDepartmentDependency (ID,disciplineID,departmentID,courseNumber,semesterNumber) VALUES ('3783','3783','52','5','1');
INSERT INTO disciplineDepartmentDependency (ID,disciplineID,departmentID,courseNumber,semesterNumber) VALUES ('3784','3784','52','6','2');
INSERT INTO disciplineDepartmentDependency (ID,disciplineID,departmentID,courseNumber,semesterNumber) VALUES ('3785','3785','52','1','1');
INSERT INTO disciplineDepartmentDependency (ID,disciplineID,departmentID,courseNumber,semesterNumber) VALUES ('3786','3786','52','2','2');
INSERT INTO disciplineDepartmentDependency (ID,disciplineID,departmentID,courseNumber,semesterNumber) VALUES ('3787','3787','52','3','1');
INSERT INTO disciplineDepartmentDependency (ID,disciplineID,departmentID,courseNumber,semesterNumber) VALUES ('3788','3788','52','4','2');
INSERT INTO disciplineDepartmentDependency (ID,disciplineID,departmentID,courseNumber,semesterNumber) VALUES ('3789','3789','52','5','1');
INSERT INTO disciplineDepartmentDependency (ID,disciplineID,departmentID,courseNumber,semesterNumber) VALUES ('3790','3790','52','6','2');
INSERT INTO disciplineDepartmentDependency (ID,disciplineID,departmentID,courseNumber,semesterNumber) VALUES ('3791','3791','52','1','1');
INSERT INTO disciplineDepartmentDependency (ID,disciplineID,departmentID,courseNumber,semesterNumber) VALUES ('3792','3792','52','2','2');
INSERT INTO disciplineDepartmentDependency (ID,disciplineID,departmentID,courseNumber,semesterNumber) VALUES ('3793','3793','52','3','1');
INSERT INTO disciplineDepartmentDependency (ID,disciplineID,departmentID,courseNumber,semesterNumber) VALUES ('3794','3794','52','4','2');
INSERT INTO disciplineDepartmentDependency (ID,disciplineID,departmentID,courseNumber,semesterNumber) VALUES ('3795','3795','52','5','1');
INSERT INTO disciplineDepartmentDependency (ID,disciplineID,departmentID,courseNumber,semesterNumber) VALUES ('3796','3796','52','6','2');
INSERT INTO disciplineDepartmentDependency (ID,disciplineID,departmentID,courseNumber,semesterNumber) VALUES ('3797','3797','52','1','1');
INSERT INTO disciplineDepartmentDependency (ID,disciplineID,departmentID,courseNumber,semesterNumber) VALUES ('3798','3798','52','2','2');
INSERT INTO disciplineDepartmentDependency (ID,disciplineID,departmentID,courseNumber,semesterNumber) VALUES ('3799','3799','52','3','1');
INSERT INTO disciplineDepartmentDependency (ID,disciplineID,departmentID,courseNumber,semesterNumber) VALUES ('3800','3800','52','4','2');
INSERT INTO disciplineDepartmentDependency (ID,disciplineID,departmentID,courseNumber,semesterNumber) VALUES ('3801','3801','52','5','1');
INSERT INTO disciplineDepartmentDependency (ID,disciplineID,departmentID,courseNumber,semesterNumber) VALUES ('3802','3802','52','6','2');
INSERT INTO disciplineDepartmentDependency (ID,disciplineID,departmentID,courseNumber,semesterNumber) VALUES ('3803','3803','52','1','1');
INSERT INTO disciplineDepartmentDependency (ID,disciplineID,departmentID,courseNumber,semesterNumber) VALUES ('3804','3804','52','2','2');
INSERT INTO loginpass (ID,login,password,access_type) VALUES ('133','DOBROSLAVSTEPANENKO@live.co.uk','5vCG&4X0','employee');
INSERT INTO employee (name,lastName,fathersName,personalID,sex,email,phoneNumber,dateOfBorn,address,passport,login,office,ID,departmentID) VALUES ('Доброслав','СТЕПАНЕНКО','Кузьмич','4840246410','m','DOBROSLAVSTEPANENKO@live.co.uk','0506283766','1990-06-06','15474 Кам'янець-Подільський Бєлінського 16, 30','XP322725 ГУМВС 4','DOBROSLAVSTEPANENKO@live.co.uk','HR','128','52');
INSERT INTO loginpass (ID,login,password,access_type) VALUES ('134','DOBRXNKABONDARZUK@talktalk.co.uk','8nLzWNXs','employee');
INSERT INTO employee (name,lastName,fathersName,personalID,sex,email,phoneNumber,dateOfBorn,address,passport,login,office,ID,departmentID) VALUES ('Добринка','БОНДАРЧУК','Луківна','5877242085','f','DOBRXNKABONDARZUK@talktalk.co.uk','0926624668','1967-06-02','12407 Горлівка Гвардійська 16, 214','UE158758 ГУМВС 34','DOBRXNKABONDARZUK@talktalk.co.uk','HR','128','52');
INSERT INTO loginpass (ID,login,password,access_type) VALUES ('135','VOLQPONOMARENKO@orange.net','ioC5Z75o','employee');
INSERT INTO employee (name,lastName,fathersName,personalID,sex,email,phoneNumber,dateOfBorn,address,passport,login,office,ID,departmentID) VALUES ('Воля','ПОНОМАРЕНКО','Миколаївна','3673224662','f','VOLQPONOMARENKO@orange.net','0686377425','1986-07-29','54386 Керч  28, 140','QG711564 ГУМВС 38','VOLQPONOMARENKO@orange.net','HR','129','52');
INSERT INTO gtgroup (id,fullGroupName,courseNumber,departmentID) VALUES ('594','АУТС-10','1','52');
INSERT INTO gtgroup (id,fullGroupName,courseNumber,departmentID) VALUES ('595','АУТС-20','2','52');
INSERT INTO gtgroup (id,fullGroupName,courseNumber,departmentID) VALUES ('596','АУТС-30','3','52');
INSERT INTO gtgroup (id,fullGroupName,courseNumber,departmentID) VALUES ('597','АУТС-40','4','52');
INSERT INTO gtgroup (id,fullGroupName,courseNumber,departmentID) VALUES ('598','АУТС-50','5','52');
INSERT INTO gtgroup (id,fullGroupName,courseNumber,departmentID) VALUES ('599','АУТС-60','6','52');
INSERT INTO dayRequirements (id,departmentID,countOfDaysInWeek,countOfLessonsInADay) VALUES ('52','53','6','5');
INSERT INTO discipline (id,nameOfDiscipline,countOfLessons,exam) VALUES ('3805','Discipline ОТ-0','15','no');
INSERT INTO discipline (id,nameOfDiscipline,countOfLessons,exam) VALUES ('3806','Discipline ОТ-1','15','no');
INSERT INTO discipline (id,nameOfDiscipline,countOfLessons,exam) VALUES ('3807','Discipline ОТ-2','15','no');
INSERT INTO discipline (id,nameOfDiscipline,countOfLessons,exam) VALUES ('3808','Discipline ОТ-3','15','no');
INSERT INTO discipline (id,nameOfDiscipline,countOfLessons,exam) VALUES ('3809','Discipline ОТ-4','15','no');
INSERT INTO discipline (id,nameOfDiscipline,countOfLessons,exam) VALUES ('3810','Discipline ОТ-5','15','no');
INSERT INTO discipline (id,nameOfDiscipline,countOfLessons,exam) VALUES ('3811','Discipline ОТ-6','15','no');
INSERT INTO discipline (id,nameOfDiscipline,countOfLessons,exam) VALUES ('3812','Discipline ОТ-7','15','no');
INSERT INTO discipline (id,nameOfDiscipline,countOfLessons,exam) VALUES ('3813','Discipline ОТ-8','15','no');
INSERT INTO discipline (id,nameOfDiscipline,countOfLessons,exam) VALUES ('3814','Discipline ОТ-9','15','no');
INSERT INTO discipline (id,nameOfDiscipline,countOfLessons,exam) VALUES ('3815','Discipline ОТ-10','15','no');
INSERT INTO discipline (id,nameOfDiscipline,countOfLessons,exam) VALUES ('3816','Discipline ОТ-11','15','no');
INSERT INTO discipline (id,nameOfDiscipline,countOfLessons,exam) VALUES ('3817','Discipline ОТ-12','15','no');
INSERT INTO discipline (id,nameOfDiscipline,countOfLessons,exam) VALUES ('3818','Discipline ОТ-13','15','no');
INSERT INTO discipline (id,nameOfDiscipline,countOfLessons,exam) VALUES ('3819','Discipline ОТ-14','15','no');
INSERT INTO discipline (id,nameOfDiscipline,countOfLessons,exam) VALUES ('3820','Discipline ОТ-15','15','no');
INSERT INTO discipline (id,nameOfDiscipline,countOfLessons,exam) VALUES ('3821','Discipline ОТ-16','15','no');
INSERT INTO discipline (id,nameOfDiscipline,countOfLessons,exam) VALUES ('3822','Discipline ОТ-17','15','no');
INSERT INTO discipline (id,nameOfDiscipline,countOfLessons,exam) VALUES ('3823','Discipline ОТ-18','15','no');
INSERT INTO discipline (id,nameOfDiscipline,countOfLessons,exam) VALUES ('3824','Discipline ОТ-19','15','no');
INSERT INTO discipline (id,nameOfDiscipline,countOfLessons,exam) VALUES ('3825','Discipline ОТ-20','15','no');
INSERT INTO discipline (id,nameOfDiscipline,countOfLessons,exam) VALUES ('3826','Discipline ОТ-21','15','no');
INSERT INTO discipline (id,nameOfDiscipline,countOfLessons,exam) VALUES ('3827','Discipline ОТ-22','15','no');
INSERT INTO discipline (id,nameOfDiscipline,countOfLessons,exam) VALUES ('3828','Discipline ОТ-23','15','no');
INSERT INTO discipline (id,nameOfDiscipline,countOfLessons,exam) VALUES ('3829','Discipline ОТ-24','15','no');
INSERT INTO discipline (id,nameOfDiscipline,countOfLessons,exam) VALUES ('3830','Discipline ОТ-25','15','no');
INSERT INTO discipline (id,nameOfDiscipline,countOfLessons,exam) VALUES ('3831','Discipline ОТ-26','15','no');
INSERT INTO discipline (id,nameOfDiscipline,countOfLessons,exam) VALUES ('3832','Discipline ОТ-27','15','no');
INSERT INTO discipline (id,nameOfDiscipline,countOfLessons,exam) VALUES ('3833','Discipline ОТ-28','15','no');
INSERT INTO discipline (id,nameOfDiscipline,countOfLessons,exam) VALUES ('3834','Discipline ОТ-29','15','no');
INSERT INTO discipline (id,nameOfDiscipline,countOfLessons,exam) VALUES ('3835','Discipline ОТ-30','15','no');
INSERT INTO discipline (id,nameOfDiscipline,countOfLessons,exam) VALUES ('3836','Discipline ОТ-31','15','no');
INSERT INTO discipline (id,nameOfDiscipline,countOfLessons,exam) VALUES ('3837','Discipline ОТ-32','15','no');
INSERT INTO discipline (id,nameOfDiscipline,countOfLessons,exam) VALUES ('3838','Discipline ОТ-33','15','no');
INSERT INTO discipline (id,nameOfDiscipline,countOfLessons,exam) VALUES ('3839','Discipline ОТ-34','15','no');
INSERT INTO discipline (id,nameOfDiscipline,countOfLessons,exam) VALUES ('3840','Discipline ОТ-35','15','no');
INSERT INTO discipline (id,nameOfDiscipline,countOfLessons,exam) VALUES ('3841','Discipline ОТ-36','15','no');
INSERT INTO discipline (id,nameOfDiscipline,countOfLessons,exam) VALUES ('3842','Discipline ОТ-37','15','no');
INSERT INTO discipline (id,nameOfDiscipline,countOfLessons,exam) VALUES ('3843','Discipline ОТ-38','15','no');
INSERT INTO discipline (id,nameOfDiscipline,countOfLessons,exam) VALUES ('3844','Discipline ОТ-39','15','no');
INSERT INTO discipline (id,nameOfDiscipline,countOfLessons,exam) VALUES ('3845','Discipline ОТ-40','15','no');
INSERT INTO discipline (id,nameOfDiscipline,countOfLessons,exam) VALUES ('3846','Discipline ОТ-41','15','no');
INSERT INTO discipline (id,nameOfDiscipline,countOfLessons,exam) VALUES ('3847','Discipline ОТ-42','15','no');
INSERT INTO discipline (id,nameOfDiscipline,countOfLessons,exam) VALUES ('3848','Discipline ОТ-43','15','no');
INSERT INTO discipline (id,nameOfDiscipline,countOfLessons,exam) VALUES ('3849','Discipline ОТ-44','15','no');
INSERT INTO discipline (id,nameOfDiscipline,countOfLessons,exam) VALUES ('3850','Discipline ОТ-45','15','no');
INSERT INTO discipline (id,nameOfDiscipline,countOfLessons,exam) VALUES ('3851','Discipline ОТ-46','15','no');
INSERT INTO discipline (id,nameOfDiscipline,countOfLessons,exam) VALUES ('3852','Discipline ОТ-47','15','no');
INSERT INTO discipline (id,nameOfDiscipline,countOfLessons,exam) VALUES ('3853','Discipline ОТ-48','15','no');
INSERT INTO discipline (id,nameOfDiscipline,countOfLessons,exam) VALUES ('3854','Discipline ОТ-49','15','no');
INSERT INTO discipline (id,nameOfDiscipline,countOfLessons,exam) VALUES ('3855','Discipline ОТ-50','15','no');
INSERT INTO discipline (id,nameOfDiscipline,countOfLessons,exam) VALUES ('3856','Discipline ОТ-51','15','no');
INSERT INTO discipline (id,nameOfDiscipline,countOfLessons,exam) VALUES ('3857','Discipline ОТ-52','15','no');
INSERT INTO discipline (id,nameOfDiscipline,countOfLessons,exam) VALUES ('3858','Discipline ОТ-53','15','no');
INSERT INTO discipline (id,nameOfDiscipline,countOfLessons,exam) VALUES ('3859','Discipline ОТ-54','15','no');
INSERT INTO discipline (id,nameOfDiscipline,countOfLessons,exam) VALUES ('3860','Discipline ОТ-55','15','no');
INSERT INTO discipline (id,nameOfDiscipline,countOfLessons,exam) VALUES ('3861','Discipline ОТ-56','15','no');
INSERT INTO discipline (id,nameOfDiscipline,countOfLessons,exam) VALUES ('3862','Discipline ОТ-57','15','no');
INSERT INTO discipline (id,nameOfDiscipline,countOfLessons,exam) VALUES ('3863','Discipline ОТ-58','15','no');
INSERT INTO discipline (id,nameOfDiscipline,countOfLessons,exam) VALUES ('3864','Discipline ОТ-59','15','no');
INSERT INTO discipline (id,nameOfDiscipline,countOfLessons,exam) VALUES ('3865','Discipline ОТ-60','15','no');
INSERT INTO discipline (id,nameOfDiscipline,countOfLessons,exam) VALUES ('3866','Discipline ОТ-61','15','no');
INSERT INTO discipline (id,nameOfDiscipline,countOfLessons,exam) VALUES ('3867','Discipline ОТ-62','15','no');
INSERT INTO discipline (id,nameOfDiscipline,countOfLessons,exam) VALUES ('3868','Discipline ОТ-63','15','no');
INSERT INTO discipline (id,nameOfDiscipline,countOfLessons,exam) VALUES ('3869','Discipline ОТ-64','15','no');
INSERT INTO discipline (id,nameOfDiscipline,countOfLessons,exam) VALUES ('3870','Discipline ОТ-65','15','no');
INSERT INTO discipline (id,nameOfDiscipline,countOfLessons,exam) VALUES ('3871','Discipline ОТ-66','15','no');
INSERT INTO discipline (id,nameOfDiscipline,countOfLessons,exam) VALUES ('3872','Discipline ОТ-67','15','no');
INSERT INTO discipline (id,nameOfDiscipline,countOfLessons,exam) VALUES ('3873','Discipline ОТ-68','15','no');
INSERT INTO disciplineDepartmentDependency (ID,disciplineID,departmentID,courseNumber,semesterNumber) VALUES ('3805','3805','53','1','1');
INSERT INTO disciplineDepartmentDependency (ID,disciplineID,departmentID,courseNumber,semesterNumber) VALUES ('3806','3806','53','2','2');
INSERT INTO disciplineDepartmentDependency (ID,disciplineID,departmentID,courseNumber,semesterNumber) VALUES ('3807','3807','53','3','1');
INSERT INTO disciplineDepartmentDependency (ID,disciplineID,departmentID,courseNumber,semesterNumber) VALUES ('3808','3808','53','4','2');
INSERT INTO disciplineDepartmentDependency (ID,disciplineID,departmentID,courseNumber,semesterNumber) VALUES ('3809','3809','53','5','1');
INSERT INTO disciplineDepartmentDependency (ID,disciplineID,departmentID,courseNumber,semesterNumber) VALUES ('3810','3810','53','6','2');
INSERT INTO disciplineDepartmentDependency (ID,disciplineID,departmentID,courseNumber,semesterNumber) VALUES ('3811','3811','53','1','1');
INSERT INTO disciplineDepartmentDependency (ID,disciplineID,departmentID,courseNumber,semesterNumber) VALUES ('3812','3812','53','2','2');
INSERT INTO disciplineDepartmentDependency (ID,disciplineID,departmentID,courseNumber,semesterNumber) VALUES ('3813','3813','53','3','1');
INSERT INTO disciplineDepartmentDependency (ID,disciplineID,departmentID,courseNumber,semesterNumber) VALUES ('3814','3814','53','4','2');
INSERT INTO disciplineDepartmentDependency (ID,disciplineID,departmentID,courseNumber,semesterNumber) VALUES ('3815','3815','53','5','1');
INSERT INTO disciplineDepartmentDependency (ID,disciplineID,departmentID,courseNumber,semesterNumber) VALUES ('3816','3816','53','6','2');
INSERT INTO disciplineDepartmentDependency (ID,disciplineID,departmentID,courseNumber,semesterNumber) VALUES ('3817','3817','53','1','1');
INSERT INTO disciplineDepartmentDependency (ID,disciplineID,departmentID,courseNumber,semesterNumber) VALUES ('3818','3818','53','2','2');
INSERT INTO disciplineDepartmentDependency (ID,disciplineID,departmentID,courseNumber,semesterNumber) VALUES ('3819','3819','53','3','1');
INSERT INTO disciplineDepartmentDependency (ID,disciplineID,departmentID,courseNumber,semesterNumber) VALUES ('3820','3820','53','4','2');
INSERT INTO disciplineDepartmentDependency (ID,disciplineID,departmentID,courseNumber,semesterNumber) VALUES ('3821','3821','53','5','1');
INSERT INTO disciplineDepartmentDependency (ID,disciplineID,departmentID,courseNumber,semesterNumber) VALUES ('3822','3822','53','6','2');
INSERT INTO disciplineDepartmentDependency (ID,disciplineID,departmentID,courseNumber,semesterNumber) VALUES ('3823','3823','53','1','1');
INSERT INTO disciplineDepartmentDependency (ID,disciplineID,departmentID,courseNumber,semesterNumber) VALUES ('3824','3824','53','2','2');
INSERT INTO disciplineDepartmentDependency (ID,disciplineID,departmentID,courseNumber,semesterNumber) VALUES ('3825','3825','53','3','1');
INSERT INTO disciplineDepartmentDependency (ID,disciplineID,departmentID,courseNumber,semesterNumber) VALUES ('3826','3826','53','4','2');
INSERT INTO disciplineDepartmentDependency (ID,disciplineID,departmentID,courseNumber,semesterNumber) VALUES ('3827','3827','53','5','1');
INSERT INTO disciplineDepartmentDependency (ID,disciplineID,departmentID,courseNumber,semesterNumber) VALUES ('3828','3828','53','6','2');
INSERT INTO disciplineDepartmentDependency (ID,disciplineID,departmentID,courseNumber,semesterNumber) VALUES ('3829','3829','53','1','1');
INSERT INTO disciplineDepartmentDependency (ID,disciplineID,departmentID,courseNumber,semesterNumber) VALUES ('3830','3830','53','2','2');
INSERT INTO disciplineDepartmentDependency (ID,disciplineID,departmentID,courseNumber,semesterNumber) VALUES ('3831','3831','53','3','1');
INSERT INTO disciplineDepartmentDependency (ID,disciplineID,departmentID,courseNumber,semesterNumber) VALUES ('3832','3832','53','4','2');
INSERT INTO disciplineDepartmentDependency (ID,disciplineID,departmentID,courseNumber,semesterNumber) VALUES ('3833','3833','53','5','1');
INSERT INTO disciplineDepartmentDependency (ID,disciplineID,departmentID,courseNumber,semesterNumber) VALUES ('3834','3834','53','6','2');
INSERT INTO disciplineDepartmentDependency (ID,disciplineID,departmentID,courseNumber,semesterNumber) VALUES ('3835','3835','53','1','1');
INSERT INTO disciplineDepartmentDependency (ID,disciplineID,departmentID,courseNumber,semesterNumber) VALUES ('3836','3836','53','2','2');
INSERT INTO disciplineDepartmentDependency (ID,disciplineID,departmentID,courseNumber,semesterNumber) VALUES ('3837','3837','53','3','1');
INSERT INTO disciplineDepartmentDependency (ID,disciplineID,departmentID,courseNumber,semesterNumber) VALUES ('3838','3838','53','4','2');
INSERT INTO disciplineDepartmentDependency (ID,disciplineID,departmentID,courseNumber,semesterNumber) VALUES ('3839','3839','53','5','1');
INSERT INTO disciplineDepartmentDependency (ID,disciplineID,departmentID,courseNumber,semesterNumber) VALUES ('3840','3840','53','6','2');
INSERT INTO disciplineDepartmentDependency (ID,disciplineID,departmentID,courseNumber,semesterNumber) VALUES ('3841','3841','53','1','1');
INSERT INTO disciplineDepartmentDependency (ID,disciplineID,departmentID,courseNumber,semesterNumber) VALUES ('3842','3842','53','2','2');
INSERT INTO disciplineDepartmentDependency (ID,disciplineID,departmentID,courseNumber,semesterNumber) VALUES ('3843','3843','53','3','1');
INSERT INTO disciplineDepartmentDependency (ID,disciplineID,departmentID,courseNumber,semesterNumber) VALUES ('3844','3844','53','4','2');
INSERT INTO disciplineDepartmentDependency (ID,disciplineID,departmentID,courseNumber,semesterNumber) VALUES ('3845','3845','53','5','1');
INSERT INTO disciplineDepartmentDependency (ID,disciplineID,departmentID,courseNumber,semesterNumber) VALUES ('3846','3846','53','6','2');
INSERT INTO disciplineDepartmentDependency (ID,disciplineID,departmentID,courseNumber,semesterNumber) VALUES ('3847','3847','53','1','1');
INSERT INTO disciplineDepartmentDependency (ID,disciplineID,departmentID,courseNumber,semesterNumber) VALUES ('3848','3848','53','2','2');
INSERT INTO disciplineDepartmentDependency (ID,disciplineID,departmentID,courseNumber,semesterNumber) VALUES ('3849','3849','53','3','1');
INSERT INTO disciplineDepartmentDependency (ID,disciplineID,departmentID,courseNumber,semesterNumber) VALUES ('3850','3850','53','4','2');
INSERT INTO disciplineDepartmentDependency (ID,disciplineID,departmentID,courseNumber,semesterNumber) VALUES ('3851','3851','53','5','1');
INSERT INTO disciplineDepartmentDependency (ID,disciplineID,departmentID,courseNumber,semesterNumber) VALUES ('3852','3852','53','6','2');
INSERT INTO disciplineDepartmentDependency (ID,disciplineID,departmentID,courseNumber,semesterNumber) VALUES ('3853','3853','53','1','1');
INSERT INTO disciplineDepartmentDependency (ID,disciplineID,departmentID,courseNumber,semesterNumber) VALUES ('3854','3854','53','2','2');
INSERT INTO disciplineDepartmentDependency (ID,disciplineID,departmentID,courseNumber,semesterNumber) VALUES ('3855','3855','53','3','1');
INSERT INTO disciplineDepartmentDependency (ID,disciplineID,departmentID,courseNumber,semesterNumber) VALUES ('3856','3856','53','4','2');
INSERT INTO disciplineDepartmentDependency (ID,disciplineID,departmentID,courseNumber,semesterNumber) VALUES ('3857','3857','53','5','1');
INSERT INTO disciplineDepartmentDependency (ID,disciplineID,departmentID,courseNumber,semesterNumber) VALUES ('3858','3858','53','6','2');
INSERT INTO disciplineDepartmentDependency (ID,disciplineID,departmentID,courseNumber,semesterNumber) VALUES ('3859','3859','53','1','1');
INSERT INTO disciplineDepartmentDependency (ID,disciplineID,departmentID,courseNumber,semesterNumber) VALUES ('3860','3860','53','2','2');
INSERT INTO disciplineDepartmentDependency (ID,disciplineID,departmentID,courseNumber,semesterNumber) VALUES ('3861','3861','53','3','1');
INSERT INTO disciplineDepartmentDependency (ID,disciplineID,departmentID,courseNumber,semesterNumber) VALUES ('3862','3862','53','4','2');
INSERT INTO disciplineDepartmentDependency (ID,disciplineID,departmentID,courseNumber,semesterNumber) VALUES ('3863','3863','53','5','1');
INSERT INTO disciplineDepartmentDependency (ID,disciplineID,departmentID,courseNumber,semesterNumber) VALUES ('3864','3864','53','6','2');
INSERT INTO disciplineDepartmentDependency (ID,disciplineID,departmentID,courseNumber,semesterNumber) VALUES ('3865','3865','53','1','1');
INSERT INTO disciplineDepartmentDependency (ID,disciplineID,departmentID,courseNumber,semesterNumber) VALUES ('3866','3866','53','2','2');
INSERT INTO disciplineDepartmentDependency (ID,disciplineID,departmentID,courseNumber,semesterNumber) VALUES ('3867','3867','53','3','1');
INSERT INTO disciplineDepartmentDependency (ID,disciplineID,departmentID,courseNumber,semesterNumber) VALUES ('3868','3868','53','4','2');
INSERT INTO disciplineDepartmentDependency (ID,disciplineID,departmentID,courseNumber,semesterNumber) VALUES ('3869','3869','53','5','1');
INSERT INTO disciplineDepartmentDependency (ID,disciplineID,departmentID,courseNumber,semesterNumber) VALUES ('3870','3870','53','6','2');
INSERT INTO disciplineDepartmentDependency (ID,disciplineID,departmentID,courseNumber,semesterNumber) VALUES ('3871','3871','53','1','1');
INSERT INTO disciplineDepartmentDependency (ID,disciplineID,departmentID,courseNumber,semesterNumber) VALUES ('3872','3872','53','2','2');
INSERT INTO disciplineDepartmentDependency (ID,disciplineID,departmentID,courseNumber,semesterNumber) VALUES ('3873','3873','53','3','1');
INSERT INTO loginpass (ID,login,password,access_type) VALUES ('136','DOBROMXLAHARZENKO@live.de','DwcCZGVA','employee');
INSERT INTO employee (name,lastName,fathersName,personalID,sex,email,phoneNumber,dateOfBorn,address,passport,login,office,ID,departmentID) VALUES ('Добромила','ХАРЧЕНКО','Іллівна','4842672816','f','DOBROMXLAHARZENKO@live.de','0920152066','1993-08-30','05775 Харків Абрикосова 12, 23','JI814527 ГУМВС 3','DOBROMXLAHARZENKO@live.de','HR','130','53');
INSERT INTO loginpass (ID,login,password,access_type) VALUES ('137','VQZESLAVAGOLUB@live.de','o$HOq5Z4','employee');
INSERT INTO employee (name,lastName,fathersName,personalID,sex,email,phoneNumber,dateOfBorn,address,passport,login,office,ID,departmentID) VALUES ('В’ячеслава','ГОЛУБ','Іллівна','8408101888','f','VQZESLAVAGOLUB@live.de','0391321018','1994-06-03','07875 Володимир-Волинський Айвазовського 42, 298','LC271313 ГУМВС 43','VQZESLAVAGOLUB@live.de','HR','131','53');
INSERT INTO loginpass (ID,login,password,access_type) VALUES ('138','VLADSXDORENKO@gmx.fr','lAzmMiFm','employee');
INSERT INTO employee (name,lastName,fathersName,personalID,sex,email,phoneNumber,dateOfBorn,address,passport,login,office,ID,departmentID) VALUES ('Влад','СИДОРЕНКО','Григорович','1443731217','m','VLADSXDORENKO@gmx.fr','0506028367','1967-04-04','67883 Суми Комунальний 80, 187','GG377157 ГУМВС 26','VLADSXDORENKO@gmx.fr','HR','132','53');
INSERT INTO gtgroup (id,fullGroupName,courseNumber,departmentID) VALUES ('600','ОТ-10','1','53');
INSERT INTO gtgroup (id,fullGroupName,courseNumber,departmentID) VALUES ('601','ОТ-11','1','53');
INSERT INTO gtgroup (id,fullGroupName,courseNumber,departmentID) VALUES ('602','ОТ-20','2','53');
INSERT INTO gtgroup (id,fullGroupName,courseNumber,departmentID) VALUES ('603','ОТ-21','2','53');
INSERT INTO gtgroup (id,fullGroupName,courseNumber,departmentID) VALUES ('604','ОТ-30','3','53');
INSERT INTO gtgroup (id,fullGroupName,courseNumber,departmentID) VALUES ('605','ОТ-31','3','53');
INSERT INTO gtgroup (id,fullGroupName,courseNumber,departmentID) VALUES ('606','ОТ-40','4','53');
INSERT INTO gtgroup (id,fullGroupName,courseNumber,departmentID) VALUES ('607','ОТ-41','4','53');
INSERT INTO gtgroup (id,fullGroupName,courseNumber,departmentID) VALUES ('608','ОТ-50','5','53');
INSERT INTO gtgroup (id,fullGroupName,courseNumber,departmentID) VALUES ('609','ОТ-51','5','53');
INSERT INTO gtgroup (id,fullGroupName,courseNumber,departmentID) VALUES ('610','ОТ-60','6','53');
INSERT INTO gtgroup (id,fullGroupName,courseNumber,departmentID) VALUES ('611','ОТ-61','6','53');
INSERT INTO dayRequirements (id,departmentID,countOfDaysInWeek,countOfLessonsInADay) VALUES ('53','54','6','5');
INSERT INTO discipline (id,nameOfDiscipline,countOfLessons,exam) VALUES ('3874','Discipline TK-0','15','no');
INSERT INTO discipline (id,nameOfDiscipline,countOfLessons,exam) VALUES ('3875','Discipline TK-1','15','no');
INSERT INTO discipline (id,nameOfDiscipline,countOfLessons,exam) VALUES ('3876','Discipline TK-2','15','no');
INSERT INTO discipline (id,nameOfDiscipline,countOfLessons,exam) VALUES ('3877','Discipline TK-3','15','no');
INSERT INTO discipline (id,nameOfDiscipline,countOfLessons,exam) VALUES ('3878','Discipline TK-4','15','no');
INSERT INTO discipline (id,nameOfDiscipline,countOfLessons,exam) VALUES ('3879','Discipline TK-5','15','no');
INSERT INTO discipline (id,nameOfDiscipline,countOfLessons,exam) VALUES ('3880','Discipline TK-6','15','no');
INSERT INTO discipline (id,nameOfDiscipline,countOfLessons,exam) VALUES ('3881','Discipline TK-7','15','no');
INSERT INTO discipline (id,nameOfDiscipline,countOfLessons,exam) VALUES ('3882','Discipline TK-8','15','no');
INSERT INTO discipline (id,nameOfDiscipline,countOfLessons,exam) VALUES ('3883','Discipline TK-9','15','no');
INSERT INTO discipline (id,nameOfDiscipline,countOfLessons,exam) VALUES ('3884','Discipline TK-10','15','no');
INSERT INTO discipline (id,nameOfDiscipline,countOfLessons,exam) VALUES ('3885','Discipline TK-11','15','no');
INSERT INTO discipline (id,nameOfDiscipline,countOfLessons,exam) VALUES ('3886','Discipline TK-12','15','no');
INSERT INTO discipline (id,nameOfDiscipline,countOfLessons,exam) VALUES ('3887','Discipline TK-13','15','no');
INSERT INTO discipline (id,nameOfDiscipline,countOfLessons,exam) VALUES ('3888','Discipline TK-14','15','no');
INSERT INTO discipline (id,nameOfDiscipline,countOfLessons,exam) VALUES ('3889','Discipline TK-15','15','no');
INSERT INTO discipline (id,nameOfDiscipline,countOfLessons,exam) VALUES ('3890','Discipline TK-16','15','no');
INSERT INTO discipline (id,nameOfDiscipline,countOfLessons,exam) VALUES ('3891','Discipline TK-17','15','no');
INSERT INTO discipline (id,nameOfDiscipline,countOfLessons,exam) VALUES ('3892','Discipline TK-18','15','no');
INSERT INTO discipline (id,nameOfDiscipline,countOfLessons,exam) VALUES ('3893','Discipline TK-19','15','no');
INSERT INTO discipline (id,nameOfDiscipline,countOfLessons,exam) VALUES ('3894','Discipline TK-20','15','no');
INSERT INTO discipline (id,nameOfDiscipline,countOfLessons,exam) VALUES ('3895','Discipline TK-21','15','no');
INSERT INTO discipline (id,nameOfDiscipline,countOfLessons,exam) VALUES ('3896','Discipline TK-22','15','no');
INSERT INTO discipline (id,nameOfDiscipline,countOfLessons,exam) VALUES ('3897','Discipline TK-23','15','no');
INSERT INTO discipline (id,nameOfDiscipline,countOfLessons,exam) VALUES ('3898','Discipline TK-24','15','no');
INSERT INTO discipline (id,nameOfDiscipline,countOfLessons,exam) VALUES ('3899','Discipline TK-25','15','no');
INSERT INTO discipline (id,nameOfDiscipline,countOfLessons,exam) VALUES ('3900','Discipline TK-26','15','no');
INSERT INTO discipline (id,nameOfDiscipline,countOfLessons,exam) VALUES ('3901','Discipline TK-27','15','no');
INSERT INTO discipline (id,nameOfDiscipline,countOfLessons,exam) VALUES ('3902','Discipline TK-28','15','no');
INSERT INTO discipline (id,nameOfDiscipline,countOfLessons,exam) VALUES ('3903','Discipline TK-29','15','no');
INSERT INTO discipline (id,nameOfDiscipline,countOfLessons,exam) VALUES ('3904','Discipline TK-30','15','no');
INSERT INTO discipline (id,nameOfDiscipline,countOfLessons,exam) VALUES ('3905','Discipline TK-31','15','no');
INSERT INTO discipline (id,nameOfDiscipline,countOfLessons,exam) VALUES ('3906','Discipline TK-32','15','no');
INSERT INTO discipline (id,nameOfDiscipline,countOfLessons,exam) VALUES ('3907','Discipline TK-33','15','no');
INSERT INTO discipline (id,nameOfDiscipline,countOfLessons,exam) VALUES ('3908','Discipline TK-34','15','no');
INSERT INTO discipline (id,nameOfDiscipline,countOfLessons,exam) VALUES ('3909','Discipline TK-35','15','no');
INSERT INTO discipline (id,nameOfDiscipline,countOfLessons,exam) VALUES ('3910','Discipline TK-36','15','no');
INSERT INTO discipline (id,nameOfDiscipline,countOfLessons,exam) VALUES ('3911','Discipline TK-37','15','no');
INSERT INTO discipline (id,nameOfDiscipline,countOfLessons,exam) VALUES ('3912','Discipline TK-38','15','no');
INSERT INTO discipline (id,nameOfDiscipline,countOfLessons,exam) VALUES ('3913','Discipline TK-39','15','no');
INSERT INTO discipline (id,nameOfDiscipline,countOfLessons,exam) VALUES ('3914','Discipline TK-40','15','no');
INSERT INTO discipline (id,nameOfDiscipline,countOfLessons,exam) VALUES ('3915','Discipline TK-41','15','no');
INSERT INTO discipline (id,nameOfDiscipline,countOfLessons,exam) VALUES ('3916','Discipline TK-42','15','no');
INSERT INTO discipline (id,nameOfDiscipline,countOfLessons,exam) VALUES ('3917','Discipline TK-43','15','no');
INSERT INTO discipline (id,nameOfDiscipline,countOfLessons,exam) VALUES ('3918','Discipline TK-44','15','no');
INSERT INTO discipline (id,nameOfDiscipline,countOfLessons,exam) VALUES ('3919','Discipline TK-45','15','no');
INSERT INTO discipline (id,nameOfDiscipline,countOfLessons,exam) VALUES ('3920','Discipline TK-46','15','no');
INSERT INTO discipline (id,nameOfDiscipline,countOfLessons,exam) VALUES ('3921','Discipline TK-47','15','no');
INSERT INTO discipline (id,nameOfDiscipline,countOfLessons,exam) VALUES ('3922','Discipline TK-48','15','no');
INSERT INTO discipline (id,nameOfDiscipline,countOfLessons,exam) VALUES ('3923','Discipline TK-49','15','no');
INSERT INTO discipline (id,nameOfDiscipline,countOfLessons,exam) VALUES ('3924','Discipline TK-50','15','no');
INSERT INTO discipline (id,nameOfDiscipline,countOfLessons,exam) VALUES ('3925','Discipline TK-51','15','no');
INSERT INTO discipline (id,nameOfDiscipline,countOfLessons,exam) VALUES ('3926','Discipline TK-52','15','no');
INSERT INTO discipline (id,nameOfDiscipline,countOfLessons,exam) VALUES ('3927','Discipline TK-53','15','no');
INSERT INTO discipline (id,nameOfDiscipline,countOfLessons,exam) VALUES ('3928','Discipline TK-54','15','no');
INSERT INTO discipline (id,nameOfDiscipline,countOfLessons,exam) VALUES ('3929','Discipline TK-55','15','no');
INSERT INTO discipline (id,nameOfDiscipline,countOfLessons,exam) VALUES ('3930','Discipline TK-56','15','no');
INSERT INTO discipline (id,nameOfDiscipline,countOfLessons,exam) VALUES ('3931','Discipline TK-57','15','no');
INSERT INTO discipline (id,nameOfDiscipline,countOfLessons,exam) VALUES ('3932','Discipline TK-58','15','no');
INSERT INTO discipline (id,nameOfDiscipline,countOfLessons,exam) VALUES ('3933','Discipline TK-59','15','no');
INSERT INTO discipline (id,nameOfDiscipline,countOfLessons,exam) VALUES ('3934','Discipline TK-60','15','no');
INSERT INTO discipline (id,nameOfDiscipline,countOfLessons,exam) VALUES ('3935','Discipline TK-61','15','no');
INSERT INTO discipline (id,nameOfDiscipline,countOfLessons,exam) VALUES ('3936','Discipline TK-62','15','no');
INSERT INTO discipline (id,nameOfDiscipline,countOfLessons,exam) VALUES ('3937','Discipline TK-63','15','no');
INSERT INTO discipline (id,nameOfDiscipline,countOfLessons,exam) VALUES ('3938','Discipline TK-64','15','no');
INSERT INTO discipline (id,nameOfDiscipline,countOfLessons,exam) VALUES ('3939','Discipline TK-65','15','no');
INSERT INTO discipline (id,nameOfDiscipline,countOfLessons,exam) VALUES ('3940','Discipline TK-66','15','no');
INSERT INTO discipline (id,nameOfDiscipline,countOfLessons,exam) VALUES ('3941','Discipline TK-67','15','no');
INSERT INTO discipline (id,nameOfDiscipline,countOfLessons,exam) VALUES ('3942','Discipline TK-68','15','no');
INSERT INTO discipline (id,nameOfDiscipline,countOfLessons,exam) VALUES ('3943','Discipline TK-69','15','no');
INSERT INTO discipline (id,nameOfDiscipline,countOfLessons,exam) VALUES ('3944','Discipline TK-70','15','no');
INSERT INTO discipline (id,nameOfDiscipline,countOfLessons,exam) VALUES ('3945','Discipline TK-71','15','no');
INSERT INTO discipline (id,nameOfDiscipline,countOfLessons,exam) VALUES ('3946','Discipline TK-72','15','no');
INSERT INTO discipline (id,nameOfDiscipline,countOfLessons,exam) VALUES ('3947','Discipline TK-73','15','no');
INSERT INTO discipline (id,nameOfDiscipline,countOfLessons,exam) VALUES ('3948','Discipline TK-74','15','no');
INSERT INTO disciplineDepartmentDependency (ID,disciplineID,departmentID,courseNumber,semesterNumber) VALUES ('3874','3874','54','1','1');
INSERT INTO disciplineDepartmentDependency (ID,disciplineID,departmentID,courseNumber,semesterNumber) VALUES ('3875','3875','54','2','2');
INSERT INTO disciplineDepartmentDependency (ID,disciplineID,departmentID,courseNumber,semesterNumber) VALUES ('3876','3876','54','3','1');
INSERT INTO disciplineDepartmentDependency (ID,disciplineID,departmentID,courseNumber,semesterNumber) VALUES ('3877','3877','54','4','2');
INSERT INTO disciplineDepartmentDependency (ID,disciplineID,departmentID,courseNumber,semesterNumber) VALUES ('3878','3878','54','5','1');
INSERT INTO disciplineDepartmentDependency (ID,disciplineID,departmentID,courseNumber,semesterNumber) VALUES ('3879','3879','54','6','2');
INSERT INTO disciplineDepartmentDependency (ID,disciplineID,departmentID,courseNumber,semesterNumber) VALUES ('3880','3880','54','1','1');
INSERT INTO disciplineDepartmentDependency (ID,disciplineID,departmentID,courseNumber,semesterNumber) VALUES ('3881','3881','54','2','2');
INSERT INTO disciplineDepartmentDependency (ID,disciplineID,departmentID,courseNumber,semesterNumber) VALUES ('3882','3882','54','3','1');
INSERT INTO disciplineDepartmentDependency (ID,disciplineID,departmentID,courseNumber,semesterNumber) VALUES ('3883','3883','54','4','2');
INSERT INTO disciplineDepartmentDependency (ID,disciplineID,departmentID,courseNumber,semesterNumber) VALUES ('3884','3884','54','5','1');
INSERT INTO disciplineDepartmentDependency (ID,disciplineID,departmentID,courseNumber,semesterNumber) VALUES ('3885','3885','54','6','2');
INSERT INTO disciplineDepartmentDependency (ID,disciplineID,departmentID,courseNumber,semesterNumber) VALUES ('3886','3886','54','1','1');
INSERT INTO disciplineDepartmentDependency (ID,disciplineID,departmentID,courseNumber,semesterNumber) VALUES ('3887','3887','54','2','2');
INSERT INTO disciplineDepartmentDependency (ID,disciplineID,departmentID,courseNumber,semesterNumber) VALUES ('3888','3888','54','3','1');
INSERT INTO disciplineDepartmentDependency (ID,disciplineID,departmentID,courseNumber,semesterNumber) VALUES ('3889','3889','54','4','2');
INSERT INTO disciplineDepartmentDependency (ID,disciplineID,departmentID,courseNumber,semesterNumber) VALUES ('3890','3890','54','5','1');
INSERT INTO disciplineDepartmentDependency (ID,disciplineID,departmentID,courseNumber,semesterNumber) VALUES ('3891','3891','54','6','2');
INSERT INTO disciplineDepartmentDependency (ID,disciplineID,departmentID,courseNumber,semesterNumber) VALUES ('3892','3892','54','1','1');
INSERT INTO disciplineDepartmentDependency (ID,disciplineID,departmentID,courseNumber,semesterNumber) VALUES ('3893','3893','54','2','2');
INSERT INTO disciplineDepartmentDependency (ID,disciplineID,departmentID,courseNumber,semesterNumber) VALUES ('3894','3894','54','3','1');
INSERT INTO disciplineDepartmentDependency (ID,disciplineID,departmentID,courseNumber,semesterNumber) VALUES ('3895','3895','54','4','2');
INSERT INTO disciplineDepartmentDependency (ID,disciplineID,departmentID,courseNumber,semesterNumber) VALUES ('3896','3896','54','5','1');
INSERT INTO disciplineDepartmentDependency (ID,disciplineID,departmentID,courseNumber,semesterNumber) VALUES ('3897','3897','54','6','2');
INSERT INTO disciplineDepartmentDependency (ID,disciplineID,departmentID,courseNumber,semesterNumber) VALUES ('3898','3898','54','1','1');
INSERT INTO disciplineDepartmentDependency (ID,disciplineID,departmentID,courseNumber,semesterNumber) VALUES ('3899','3899','54','2','2');
INSERT INTO disciplineDepartmentDependency (ID,disciplineID,departmentID,courseNumber,semesterNumber) VALUES ('3900','3900','54','3','1');
INSERT INTO disciplineDepartmentDependency (ID,disciplineID,departmentID,courseNumber,semesterNumber) VALUES ('3901','3901','54','4','2');
INSERT INTO disciplineDepartmentDependency (ID,disciplineID,departmentID,courseNumber,semesterNumber) VALUES ('3902','3902','54','5','1');
INSERT INTO disciplineDepartmentDependency (ID,disciplineID,departmentID,courseNumber,semesterNumber) VALUES ('3903','3903','54','6','2');
INSERT INTO disciplineDepartmentDependency (ID,disciplineID,departmentID,courseNumber,semesterNumber) VALUES ('3904','3904','54','1','1');
INSERT INTO disciplineDepartmentDependency (ID,disciplineID,departmentID,courseNumber,semesterNumber) VALUES ('3905','3905','54','2','2');
INSERT INTO disciplineDepartmentDependency (ID,disciplineID,departmentID,courseNumber,semesterNumber) VALUES ('3906','3906','54','3','1');
INSERT INTO disciplineDepartmentDependency (ID,disciplineID,departmentID,courseNumber,semesterNumber) VALUES ('3907','3907','54','4','2');
INSERT INTO disciplineDepartmentDependency (ID,disciplineID,departmentID,courseNumber,semesterNumber) VALUES ('3908','3908','54','5','1');
INSERT INTO disciplineDepartmentDependency (ID,disciplineID,departmentID,courseNumber,semesterNumber) VALUES ('3909','3909','54','6','2');
INSERT INTO disciplineDepartmentDependency (ID,disciplineID,departmentID,courseNumber,semesterNumber) VALUES ('3910','3910','54','1','1');
INSERT INTO disciplineDepartmentDependency (ID,disciplineID,departmentID,courseNumber,semesterNumber) VALUES ('3911','3911','54','2','2');
INSERT INTO disciplineDepartmentDependency (ID,disciplineID,departmentID,courseNumber,semesterNumber) VALUES ('3912','3912','54','3','1');
INSERT INTO disciplineDepartmentDependency (ID,disciplineID,departmentID,courseNumber,semesterNumber) VALUES ('3913','3913','54','4','2');
INSERT INTO disciplineDepartmentDependency (ID,disciplineID,departmentID,courseNumber,semesterNumber) VALUES ('3914','3914','54','5','1');
INSERT INTO disciplineDepartmentDependency (ID,disciplineID,departmentID,courseNumber,semesterNumber) VALUES ('3915','3915','54','6','2');
INSERT INTO disciplineDepartmentDependency (ID,disciplineID,departmentID,courseNumber,semesterNumber) VALUES ('3916','3916','54','1','1');
INSERT INTO disciplineDepartmentDependency (ID,disciplineID,departmentID,courseNumber,semesterNumber) VALUES ('3917','3917','54','2','2');
INSERT INTO disciplineDepartmentDependency (ID,disciplineID,departmentID,courseNumber,semesterNumber) VALUES ('3918','3918','54','3','1');
INSERT INTO disciplineDepartmentDependency (ID,disciplineID,departmentID,courseNumber,semesterNumber) VALUES ('3919','3919','54','4','2');
INSERT INTO disciplineDepartmentDependency (ID,disciplineID,departmentID,courseNumber,semesterNumber) VALUES ('3920','3920','54','5','1');
INSERT INTO disciplineDepartmentDependency (ID,disciplineID,departmentID,courseNumber,semesterNumber) VALUES ('3921','3921','54','6','2');
INSERT INTO disciplineDepartmentDependency (ID,disciplineID,departmentID,courseNumber,semesterNumber) VALUES ('3922','3922','54','1','1');
INSERT INTO disciplineDepartmentDependency (ID,disciplineID,departmentID,courseNumber,semesterNumber) VALUES ('3923','3923','54','2','2');
INSERT INTO disciplineDepartmentDependency (ID,disciplineID,departmentID,courseNumber,semesterNumber) VALUES ('3924','3924','54','3','1');
INSERT INTO disciplineDepartmentDependency (ID,disciplineID,departmentID,courseNumber,semesterNumber) VALUES ('3925','3925','54','4','2');
INSERT INTO disciplineDepartmentDependency (ID,disciplineID,departmentID,courseNumber,semesterNumber) VALUES ('3926','3926','54','5','1');
INSERT INTO disciplineDepartmentDependency (ID,disciplineID,departmentID,courseNumber,semesterNumber) VALUES ('3927','3927','54','6','2');
INSERT INTO disciplineDepartmentDependency (ID,disciplineID,departmentID,courseNumber,semesterNumber) VALUES ('3928','3928','54','1','1');
INSERT INTO disciplineDepartmentDependency (ID,disciplineID,departmentID,courseNumber,semesterNumber) VALUES ('3929','3929','54','2','2');
INSERT INTO disciplineDepartmentDependency (ID,disciplineID,departmentID,courseNumber,semesterNumber) VALUES ('3930','3930','54','3','1');
INSERT INTO disciplineDepartmentDependency (ID,disciplineID,departmentID,courseNumber,semesterNumber) VALUES ('3931','3931','54','4','2');
INSERT INTO disciplineDepartmentDependency (ID,disciplineID,departmentID,courseNumber,semesterNumber) VALUES ('3932','3932','54','5','1');
INSERT INTO disciplineDepartmentDependency (ID,disciplineID,departmentID,courseNumber,semesterNumber) VALUES ('3933','3933','54','6','2');
INSERT INTO disciplineDepartmentDependency (ID,disciplineID,departmentID,courseNumber,semesterNumber) VALUES ('3934','3934','54','1','1');
INSERT INTO disciplineDepartmentDependency (ID,disciplineID,departmentID,courseNumber,semesterNumber) VALUES ('3935','3935','54','2','2');
INSERT INTO disciplineDepartmentDependency (ID,disciplineID,departmentID,courseNumber,semesterNumber) VALUES ('3936','3936','54','3','1');
INSERT INTO disciplineDepartmentDependency (ID,disciplineID,departmentID,courseNumber,semesterNumber) VALUES ('3937','3937','54','4','2');
INSERT INTO disciplineDepartmentDependency (ID,disciplineID,departmentID,courseNumber,semesterNumber) VALUES ('3938','3938','54','5','1');
INSERT INTO disciplineDepartmentDependency (ID,disciplineID,departmentID,courseNumber,semesterNumber) VALUES ('3939','3939','54','6','2');
INSERT INTO disciplineDepartmentDependency (ID,disciplineID,departmentID,courseNumber,semesterNumber) VALUES ('3940','3940','54','1','1');
INSERT INTO disciplineDepartmentDependency (ID,disciplineID,departmentID,courseNumber,semesterNumber) VALUES ('3941','3941','54','2','2');
INSERT INTO disciplineDepartmentDependency (ID,disciplineID,departmentID,courseNumber,semesterNumber) VALUES ('3942','3942','54','3','1');
INSERT INTO disciplineDepartmentDependency (ID,disciplineID,departmentID,courseNumber,semesterNumber) VALUES ('3943','3943','54','4','2');
INSERT INTO disciplineDepartmentDependency (ID,disciplineID,departmentID,courseNumber,semesterNumber) VALUES ('3944','3944','54','5','1');
INSERT INTO disciplineDepartmentDependency (ID,disciplineID,departmentID,courseNumber,semesterNumber) VALUES ('3945','3945','54','6','2');
INSERT INTO disciplineDepartmentDependency (ID,disciplineID,departmentID,courseNumber,semesterNumber) VALUES ('3946','3946','54','1','1');
INSERT INTO disciplineDepartmentDependency (ID,disciplineID,departmentID,courseNumber,semesterNumber) VALUES ('3947','3947','54','2','2');
INSERT INTO disciplineDepartmentDependency (ID,disciplineID,departmentID,courseNumber,semesterNumber) VALUES ('3948','3948','54','3','1');
INSERT INTO loginpass (ID,login,password,access_type) VALUES ('139','BOGOSVQTAKOSTQK@live.fr','CZH9t8QN','employee');
INSERT INTO employee (name,lastName,fathersName,personalID,sex,email,phoneNumber,dateOfBorn,address,passport,login,office,ID,departmentID) VALUES ('Богосвята','КОСТЮК','Іллівна','2867667088','f','BOGOSVQTAKOSTQK@live.fr','0956266870','1985-11-04','51424 Новоград-Волинський Декабристів 90, 226','AG871116 ГУМВС 31','BOGOSVQTAKOSTQK@live.fr','HR','133','54');
INSERT INTO loginpass (ID,login,password,access_type) VALUES ('140','DOBROMXRAKOVALQZUK@hotmail.de','wIzgwgoe','employee');
INSERT INTO employee (name,lastName,fathersName,personalID,sex,email,phoneNumber,dateOfBorn,address,passport,login,office,ID,departmentID) VALUES ('Добромира','КОВАЛЬЧУК','Хомівна','3770286688','f','DOBROMXRAKOVALQZUK@hotmail.de','0942317816','1979-01-12','37544 Сторожинець Бориса Захарченка 11, 275','EH483116 ГУМВС 49','DOBROMXRAKOVALQZUK@hotmail.de','HR','134','54');
INSERT INTO loginpass (ID,login,password,access_type) VALUES ('141','VITANGERASXMENKO@yahoo.fr','mrtbE#zg','employee');
INSERT INTO employee (name,lastName,fathersName,personalID,sex,email,phoneNumber,dateOfBorn,address,passport,login,office,ID,departmentID) VALUES ('Вітан','ГЕРАСИМЕНКО','Григорович','1431686413','m','VITANGERASXMENKO@yahoo.fr','0501568150','1976-05-02','15252 Кривий Ріг Вишневий 29, 150','HA236215 ГУМВС 36','VITANGERASXMENKO@yahoo.fr','HR','135','54');
INSERT INTO gtgroup (id,fullGroupName,courseNumber,departmentID) VALUES ('612','TK-10','1','54');
INSERT INTO gtgroup (id,fullGroupName,courseNumber,departmentID) VALUES ('613','TK-11','1','54');
INSERT INTO gtgroup (id,fullGroupName,courseNumber,departmentID) VALUES ('614','TK-12','1','54');
INSERT INTO gtgroup (id,fullGroupName,courseNumber,departmentID) VALUES ('615','TK-20','2','54');
INSERT INTO gtgroup (id,fullGroupName,courseNumber,departmentID) VALUES ('616','TK-21','2','54');
INSERT INTO gtgroup (id,fullGroupName,courseNumber,departmentID) VALUES ('617','TK-22','2','54');
INSERT INTO gtgroup (id,fullGroupName,courseNumber,departmentID) VALUES ('618','TK-30','3','54');
INSERT INTO gtgroup (id,fullGroupName,courseNumber,departmentID) VALUES ('619','TK-31','3','54');
INSERT INTO gtgroup (id,fullGroupName,courseNumber,departmentID) VALUES ('620','TK-32','3','54');
INSERT INTO gtgroup (id,fullGroupName,courseNumber,departmentID) VALUES ('621','TK-40','4','54');
INSERT INTO gtgroup (id,fullGroupName,courseNumber,departmentID) VALUES ('622','TK-41','4','54');
INSERT INTO gtgroup (id,fullGroupName,courseNumber,departmentID) VALUES ('623','TK-42','4','54');
INSERT INTO gtgroup (id,fullGroupName,courseNumber,departmentID) VALUES ('624','TK-50','5','54');
INSERT INTO gtgroup (id,fullGroupName,courseNumber,departmentID) VALUES ('625','TK-51','5','54');
INSERT INTO gtgroup (id,fullGroupName,courseNumber,departmentID) VALUES ('626','TK-52','5','54');
INSERT INTO gtgroup (id,fullGroupName,courseNumber,departmentID) VALUES ('627','TK-60','6','54');
INSERT INTO gtgroup (id,fullGroupName,courseNumber,departmentID) VALUES ('628','TK-61','6','54');
INSERT INTO gtgroup (id,fullGroupName,courseNumber,departmentID) VALUES ('629','TK-62','6','54');
INSERT INTO dayRequirements (id,departmentID,countOfDaysInWeek,countOfLessonsInADay) VALUES ('54','55','6','5');
INSERT INTO discipline (id,nameOfDiscipline,countOfLessons,exam) VALUES ('3949','Discipline АСОІУ-0','15','no');
INSERT INTO discipline (id,nameOfDiscipline,countOfLessons,exam) VALUES ('3950','Discipline АСОІУ-1','15','no');
INSERT INTO discipline (id,nameOfDiscipline,countOfLessons,exam) VALUES ('3951','Discipline АСОІУ-2','15','no');
INSERT INTO discipline (id,nameOfDiscipline,countOfLessons,exam) VALUES ('3952','Discipline АСОІУ-3','15','no');
INSERT INTO discipline (id,nameOfDiscipline,countOfLessons,exam) VALUES ('3953','Discipline АСОІУ-4','15','no');
INSERT INTO discipline (id,nameOfDiscipline,countOfLessons,exam) VALUES ('3954','Discipline АСОІУ-5','15','no');
INSERT INTO discipline (id,nameOfDiscipline,countOfLessons,exam) VALUES ('3955','Discipline АСОІУ-6','15','no');
INSERT INTO discipline (id,nameOfDiscipline,countOfLessons,exam) VALUES ('3956','Discipline АСОІУ-7','15','no');
INSERT INTO discipline (id,nameOfDiscipline,countOfLessons,exam) VALUES ('3957','Discipline АСОІУ-8','15','no');
INSERT INTO discipline (id,nameOfDiscipline,countOfLessons,exam) VALUES ('3958','Discipline АСОІУ-9','15','no');
INSERT INTO discipline (id,nameOfDiscipline,countOfLessons,exam) VALUES ('3959','Discipline АСОІУ-10','15','no');
INSERT INTO discipline (id,nameOfDiscipline,countOfLessons,exam) VALUES ('3960','Discipline АСОІУ-11','15','no');
INSERT INTO discipline (id,nameOfDiscipline,countOfLessons,exam) VALUES ('3961','Discipline АСОІУ-12','15','no');
INSERT INTO discipline (id,nameOfDiscipline,countOfLessons,exam) VALUES ('3962','Discipline АСОІУ-13','15','no');
INSERT INTO discipline (id,nameOfDiscipline,countOfLessons,exam) VALUES ('3963','Discipline АСОІУ-14','15','no');
INSERT INTO discipline (id,nameOfDiscipline,countOfLessons,exam) VALUES ('3964','Discipline АСОІУ-15','15','no');
INSERT INTO discipline (id,nameOfDiscipline,countOfLessons,exam) VALUES ('3965','Discipline АСОІУ-16','15','no');
INSERT INTO discipline (id,nameOfDiscipline,countOfLessons,exam) VALUES ('3966','Discipline АСОІУ-17','15','no');
INSERT INTO discipline (id,nameOfDiscipline,countOfLessons,exam) VALUES ('3967','Discipline АСОІУ-18','15','no');
INSERT INTO discipline (id,nameOfDiscipline,countOfLessons,exam) VALUES ('3968','Discipline АСОІУ-19','15','no');
INSERT INTO discipline (id,nameOfDiscipline,countOfLessons,exam) VALUES ('3969','Discipline АСОІУ-20','15','no');
INSERT INTO discipline (id,nameOfDiscipline,countOfLessons,exam) VALUES ('3970','Discipline АСОІУ-21','15','no');
INSERT INTO discipline (id,nameOfDiscipline,countOfLessons,exam) VALUES ('3971','Discipline АСОІУ-22','15','no');
INSERT INTO discipline (id,nameOfDiscipline,countOfLessons,exam) VALUES ('3972','Discipline АСОІУ-23','15','no');
INSERT INTO discipline (id,nameOfDiscipline,countOfLessons,exam) VALUES ('3973','Discipline АСОІУ-24','15','no');
INSERT INTO discipline (id,nameOfDiscipline,countOfLessons,exam) VALUES ('3974','Discipline АСОІУ-25','15','no');
INSERT INTO discipline (id,nameOfDiscipline,countOfLessons,exam) VALUES ('3975','Discipline АСОІУ-26','15','no');
INSERT INTO discipline (id,nameOfDiscipline,countOfLessons,exam) VALUES ('3976','Discipline АСОІУ-27','15','no');
INSERT INTO discipline (id,nameOfDiscipline,countOfLessons,exam) VALUES ('3977','Discipline АСОІУ-28','15','no');
INSERT INTO discipline (id,nameOfDiscipline,countOfLessons,exam) VALUES ('3978','Discipline АСОІУ-29','15','no');
INSERT INTO discipline (id,nameOfDiscipline,countOfLessons,exam) VALUES ('3979','Discipline АСОІУ-30','15','no');
INSERT INTO discipline (id,nameOfDiscipline,countOfLessons,exam) VALUES ('3980','Discipline АСОІУ-31','15','no');
INSERT INTO discipline (id,nameOfDiscipline,countOfLessons,exam) VALUES ('3981','Discipline АСОІУ-32','15','no');
INSERT INTO discipline (id,nameOfDiscipline,countOfLessons,exam) VALUES ('3982','Discipline АСОІУ-33','15','no');
INSERT INTO discipline (id,nameOfDiscipline,countOfLessons,exam) VALUES ('3983','Discipline АСОІУ-34','15','no');
INSERT INTO discipline (id,nameOfDiscipline,countOfLessons,exam) VALUES ('3984','Discipline АСОІУ-35','15','no');
INSERT INTO discipline (id,nameOfDiscipline,countOfLessons,exam) VALUES ('3985','Discipline АСОІУ-36','15','no');
INSERT INTO discipline (id,nameOfDiscipline,countOfLessons,exam) VALUES ('3986','Discipline АСОІУ-37','15','no');
INSERT INTO discipline (id,nameOfDiscipline,countOfLessons,exam) VALUES ('3987','Discipline АСОІУ-38','15','no');
INSERT INTO discipline (id,nameOfDiscipline,countOfLessons,exam) VALUES ('3988','Discipline АСОІУ-39','15','no');
INSERT INTO discipline (id,nameOfDiscipline,countOfLessons,exam) VALUES ('3989','Discipline АСОІУ-40','15','no');
INSERT INTO discipline (id,nameOfDiscipline,countOfLessons,exam) VALUES ('3990','Discipline АСОІУ-41','15','no');
INSERT INTO discipline (id,nameOfDiscipline,countOfLessons,exam) VALUES ('3991','Discipline АСОІУ-42','15','no');
INSERT INTO discipline (id,nameOfDiscipline,countOfLessons,exam) VALUES ('3992','Discipline АСОІУ-43','15','no');
INSERT INTO discipline (id,nameOfDiscipline,countOfLessons,exam) VALUES ('3993','Discipline АСОІУ-44','15','no');
INSERT INTO discipline (id,nameOfDiscipline,countOfLessons,exam) VALUES ('3994','Discipline АСОІУ-45','15','no');
INSERT INTO discipline (id,nameOfDiscipline,countOfLessons,exam) VALUES ('3995','Discipline АСОІУ-46','15','no');
INSERT INTO discipline (id,nameOfDiscipline,countOfLessons,exam) VALUES ('3996','Discipline АСОІУ-47','15','no');
INSERT INTO discipline (id,nameOfDiscipline,countOfLessons,exam) VALUES ('3997','Discipline АСОІУ-48','15','no');
INSERT INTO discipline (id,nameOfDiscipline,countOfLessons,exam) VALUES ('3998','Discipline АСОІУ-49','15','no');
INSERT INTO discipline (id,nameOfDiscipline,countOfLessons,exam) VALUES ('3999','Discipline АСОІУ-50','15','no');
INSERT INTO discipline (id,nameOfDiscipline,countOfLessons,exam) VALUES ('4000','Discipline АСОІУ-51','15','no');
INSERT INTO discipline (id,nameOfDiscipline,countOfLessons,exam) VALUES ('4001','Discipline АСОІУ-52','15','no');
INSERT INTO discipline (id,nameOfDiscipline,countOfLessons,exam) VALUES ('4002','Discipline АСОІУ-53','15','no');
INSERT INTO discipline (id,nameOfDiscipline,countOfLessons,exam) VALUES ('4003','Discipline АСОІУ-54','15','no');
INSERT INTO discipline (id,nameOfDiscipline,countOfLessons,exam) VALUES ('4004','Discipline АСОІУ-55','15','no');
INSERT INTO discipline (id,nameOfDiscipline,countOfLessons,exam) VALUES ('4005','Discipline АСОІУ-56','15','no');
INSERT INTO discipline (id,nameOfDiscipline,countOfLessons,exam) VALUES ('4006','Discipline АСОІУ-57','15','no');
INSERT INTO discipline (id,nameOfDiscipline,countOfLessons,exam) VALUES ('4007','Discipline АСОІУ-58','15','no');
INSERT INTO discipline (id,nameOfDiscipline,countOfLessons,exam) VALUES ('4008','Discipline АСОІУ-59','15','no');
INSERT INTO discipline (id,nameOfDiscipline,countOfLessons,exam) VALUES ('4009','Discipline АСОІУ-60','15','no');
INSERT INTO discipline (id,nameOfDiscipline,countOfLessons,exam) VALUES ('4010','Discipline АСОІУ-61','15','no');
INSERT INTO discipline (id,nameOfDiscipline,countOfLessons,exam) VALUES ('4011','Discipline АСОІУ-62','15','no');
INSERT INTO discipline (id,nameOfDiscipline,countOfLessons,exam) VALUES ('4012','Discipline АСОІУ-63','15','no');
INSERT INTO discipline (id,nameOfDiscipline,countOfLessons,exam) VALUES ('4013','Discipline АСОІУ-64','15','no');
INSERT INTO discipline (id,nameOfDiscipline,countOfLessons,exam) VALUES ('4014','Discipline АСОІУ-65','15','no');
INSERT INTO discipline (id,nameOfDiscipline,countOfLessons,exam) VALUES ('4015','Discipline АСОІУ-66','15','no');
INSERT INTO discipline (id,nameOfDiscipline,countOfLessons,exam) VALUES ('4016','Discipline АСОІУ-67','15','no');
INSERT INTO discipline (id,nameOfDiscipline,countOfLessons,exam) VALUES ('4017','Discipline АСОІУ-68','15','no');
INSERT INTO discipline (id,nameOfDiscipline,countOfLessons,exam) VALUES ('4018','Discipline АСОІУ-69','15','no');
INSERT INTO discipline (id,nameOfDiscipline,countOfLessons,exam) VALUES ('4019','Discipline АСОІУ-70','15','no');
INSERT INTO discipline (id,nameOfDiscipline,countOfLessons,exam) VALUES ('4020','Discipline АСОІУ-71','15','no');
INSERT INTO discipline (id,nameOfDiscipline,countOfLessons,exam) VALUES ('4021','Discipline АСОІУ-72','15','no');
INSERT INTO discipline (id,nameOfDiscipline,countOfLessons,exam) VALUES ('4022','Discipline АСОІУ-73','15','no');
INSERT INTO discipline (id,nameOfDiscipline,countOfLessons,exam) VALUES ('4023','Discipline АСОІУ-74','15','no');
INSERT INTO discipline (id,nameOfDiscipline,countOfLessons,exam) VALUES ('4024','Discipline АСОІУ-75','15','no');
INSERT INTO discipline (id,nameOfDiscipline,countOfLessons,exam) VALUES ('4025','Discipline АСОІУ-76','15','no');
INSERT INTO discipline (id,nameOfDiscipline,countOfLessons,exam) VALUES ('4026','Discipline АСОІУ-77','15','no');
INSERT INTO discipline (id,nameOfDiscipline,countOfLessons,exam) VALUES ('4027','Discipline АСОІУ-78','15','no');
INSERT INTO discipline (id,nameOfDiscipline,countOfLessons,exam) VALUES ('4028','Discipline АСОІУ-79','15','no');
INSERT INTO discipline (id,nameOfDiscipline,countOfLessons,exam) VALUES ('4029','Discipline АСОІУ-80','15','no');
INSERT INTO disciplineDepartmentDependency (ID,disciplineID,departmentID,courseNumber,semesterNumber) VALUES ('3949','3949','55','1','1');
INSERT INTO disciplineDepartmentDependency (ID,disciplineID,departmentID,courseNumber,semesterNumber) VALUES ('3950','3950','55','2','2');
INSERT INTO disciplineDepartmentDependency (ID,disciplineID,departmentID,courseNumber,semesterNumber) VALUES ('3951','3951','55','3','1');
INSERT INTO disciplineDepartmentDependency (ID,disciplineID,departmentID,courseNumber,semesterNumber) VALUES ('3952','3952','55','4','2');
INSERT INTO disciplineDepartmentDependency (ID,disciplineID,departmentID,courseNumber,semesterNumber) VALUES ('3953','3953','55','5','1');
INSERT INTO disciplineDepartmentDependency (ID,disciplineID,departmentID,courseNumber,semesterNumber) VALUES ('3954','3954','55','6','2');
INSERT INTO disciplineDepartmentDependency (ID,disciplineID,departmentID,courseNumber,semesterNumber) VALUES ('3955','3955','55','1','1');
INSERT INTO disciplineDepartmentDependency (ID,disciplineID,departmentID,courseNumber,semesterNumber) VALUES ('3956','3956','55','2','2');
INSERT INTO disciplineDepartmentDependency (ID,disciplineID,departmentID,courseNumber,semesterNumber) VALUES ('3957','3957','55','3','1');
INSERT INTO disciplineDepartmentDependency (ID,disciplineID,departmentID,courseNumber,semesterNumber) VALUES ('3958','3958','55','4','2');
INSERT INTO disciplineDepartmentDependency (ID,disciplineID,departmentID,courseNumber,semesterNumber) VALUES ('3959','3959','55','5','1');
INSERT INTO disciplineDepartmentDependency (ID,disciplineID,departmentID,courseNumber,semesterNumber) VALUES ('3960','3960','55','6','2');
INSERT INTO disciplineDepartmentDependency (ID,disciplineID,departmentID,courseNumber,semesterNumber) VALUES ('3961','3961','55','1','1');
INSERT INTO disciplineDepartmentDependency (ID,disciplineID,departmentID,courseNumber,semesterNumber) VALUES ('3962','3962','55','2','2');
INSERT INTO disciplineDepartmentDependency (ID,disciplineID,departmentID,courseNumber,semesterNumber) VALUES ('3963','3963','55','3','1');
INSERT INTO disciplineDepartmentDependency (ID,disciplineID,departmentID,courseNumber,semesterNumber) VALUES ('3964','3964','55','4','2');
INSERT INTO disciplineDepartmentDependency (ID,disciplineID,departmentID,courseNumber,semesterNumber) VALUES ('3965','3965','55','5','1');
INSERT INTO disciplineDepartmentDependency (ID,disciplineID,departmentID,courseNumber,semesterNumber) VALUES ('3966','3966','55','6','2');
INSERT INTO disciplineDepartmentDependency (ID,disciplineID,departmentID,courseNumber,semesterNumber) VALUES ('3967','3967','55','1','1');
INSERT INTO disciplineDepartmentDependency (ID,disciplineID,departmentID,courseNumber,semesterNumber) VALUES ('3968','3968','55','2','2');
INSERT INTO disciplineDepartmentDependency (ID,disciplineID,departmentID,courseNumber,semesterNumber) VALUES ('3969','3969','55','3','1');
INSERT INTO disciplineDepartmentDependency (ID,disciplineID,departmentID,courseNumber,semesterNumber) VALUES ('3970','3970','55','4','2');
INSERT INTO disciplineDepartmentDependency (ID,disciplineID,departmentID,courseNumber,semesterNumber) VALUES ('3971','3971','55','5','1');
INSERT INTO disciplineDepartmentDependency (ID,disciplineID,departmentID,courseNumber,semesterNumber) VALUES ('3972','3972','55','6','2');
INSERT INTO disciplineDepartmentDependency (ID,disciplineID,departmentID,courseNumber,semesterNumber) VALUES ('3973','3973','55','1','1');
INSERT INTO disciplineDepartmentDependency (ID,disciplineID,departmentID,courseNumber,semesterNumber) VALUES ('3974','3974','55','2','2');
INSERT INTO disciplineDepartmentDependency (ID,disciplineID,departmentID,courseNumber,semesterNumber) VALUES ('3975','3975','55','3','1');
INSERT INTO disciplineDepartmentDependency (ID,disciplineID,departmentID,courseNumber,semesterNumber) VALUES ('3976','3976','55','4','2');
INSERT INTO disciplineDepartmentDependency (ID,disciplineID,departmentID,courseNumber,semesterNumber) VALUES ('3977','3977','55','5','1');
INSERT INTO disciplineDepartmentDependency (ID,disciplineID,departmentID,courseNumber,semesterNumber) VALUES ('3978','3978','55','6','2');
INSERT INTO disciplineDepartmentDependency (ID,disciplineID,departmentID,courseNumber,semesterNumber) VALUES ('3979','3979','55','1','1');
INSERT INTO disciplineDepartmentDependency (ID,disciplineID,departmentID,courseNumber,semesterNumber) VALUES ('3980','3980','55','2','2');
INSERT INTO disciplineDepartmentDependency (ID,disciplineID,departmentID,courseNumber,semesterNumber) VALUES ('3981','3981','55','3','1');
INSERT INTO disciplineDepartmentDependency (ID,disciplineID,departmentID,courseNumber,semesterNumber) VALUES ('3982','3982','55','4','2');
INSERT INTO disciplineDepartmentDependency (ID,disciplineID,departmentID,courseNumber,semesterNumber) VALUES ('3983','3983','55','5','1');
INSERT INTO disciplineDepartmentDependency (ID,disciplineID,departmentID,courseNumber,semesterNumber) VALUES ('3984','3984','55','6','2');
INSERT INTO disciplineDepartmentDependency (ID,disciplineID,departmentID,courseNumber,semesterNumber) VALUES ('3985','3985','55','1','1');
INSERT INTO disciplineDepartmentDependency (ID,disciplineID,departmentID,courseNumber,semesterNumber) VALUES ('3986','3986','55','2','2');
INSERT INTO disciplineDepartmentDependency (ID,disciplineID,departmentID,courseNumber,semesterNumber) VALUES ('3987','3987','55','3','1');
INSERT INTO disciplineDepartmentDependency (ID,disciplineID,departmentID,courseNumber,semesterNumber) VALUES ('3988','3988','55','4','2');
INSERT INTO disciplineDepartmentDependency (ID,disciplineID,departmentID,courseNumber,semesterNumber) VALUES ('3989','3989','55','5','1');
INSERT INTO disciplineDepartmentDependency (ID,disciplineID,departmentID,courseNumber,semesterNumber) VALUES ('3990','3990','55','6','2');
INSERT INTO disciplineDepartmentDependency (ID,disciplineID,departmentID,courseNumber,semesterNumber) VALUES ('3991','3991','55','1','1');
INSERT INTO disciplineDepartmentDependency (ID,disciplineID,departmentID,courseNumber,semesterNumber) VALUES ('3992','3992','55','2','2');
INSERT INTO disciplineDepartmentDependency (ID,disciplineID,departmentID,courseNumber,semesterNumber) VALUES ('3993','3993','55','3','1');
INSERT INTO disciplineDepartmentDependency (ID,disciplineID,departmentID,courseNumber,semesterNumber) VALUES ('3994','3994','55','4','2');
INSERT INTO disciplineDepartmentDependency (ID,disciplineID,departmentID,courseNumber,semesterNumber) VALUES ('3995','3995','55','5','1');
INSERT INTO disciplineDepartmentDependency (ID,disciplineID,departmentID,courseNumber,semesterNumber) VALUES ('3996','3996','55','6','2');
INSERT INTO disciplineDepartmentDependency (ID,disciplineID,departmentID,courseNumber,semesterNumber) VALUES ('3997','3997','55','1','1');
INSERT INTO disciplineDepartmentDependency (ID,disciplineID,departmentID,courseNumber,semesterNumber) VALUES ('3998','3998','55','2','2');
INSERT INTO disciplineDepartmentDependency (ID,disciplineID,departmentID,courseNumber,semesterNumber) VALUES ('3999','3999','55','3','1');
INSERT INTO disciplineDepartmentDependency (ID,disciplineID,departmentID,courseNumber,semesterNumber) VALUES ('4000','4000','55','4','2');
INSERT INTO disciplineDepartmentDependency (ID,disciplineID,departmentID,courseNumber,semesterNumber) VALUES ('4001','4001','55','5','1');
INSERT INTO disciplineDepartmentDependency (ID,disciplineID,departmentID,courseNumber,semesterNumber) VALUES ('4002','4002','55','6','2');
INSERT INTO disciplineDepartmentDependency (ID,disciplineID,departmentID,courseNumber,semesterNumber) VALUES ('4003','4003','55','1','1');
INSERT INTO disciplineDepartmentDependency (ID,disciplineID,departmentID,courseNumber,semesterNumber) VALUES ('4004','4004','55','2','2');
INSERT INTO disciplineDepartmentDependency (ID,disciplineID,departmentID,courseNumber,semesterNumber) VALUES ('4005','4005','55','3','1');
INSERT INTO disciplineDepartmentDependency (ID,disciplineID,departmentID,courseNumber,semesterNumber) VALUES ('4006','4006','55','4','2');
INSERT INTO disciplineDepartmentDependency (ID,disciplineID,departmentID,courseNumber,semesterNumber) VALUES ('4007','4007','55','5','1');
INSERT INTO disciplineDepartmentDependency (ID,disciplineID,departmentID,courseNumber,semesterNumber) VALUES ('4008','4008','55','6','2');
INSERT INTO disciplineDepartmentDependency (ID,disciplineID,departmentID,courseNumber,semesterNumber) VALUES ('4009','4009','55','1','1');
INSERT INTO disciplineDepartmentDependency (ID,disciplineID,departmentID,courseNumber,semesterNumber) VALUES ('4010','4010','55','2','2');
INSERT INTO disciplineDepartmentDependency (ID,disciplineID,departmentID,courseNumber,semesterNumber) VALUES ('4011','4011','55','3','1');
INSERT INTO disciplineDepartmentDependency (ID,disciplineID,departmentID,courseNumber,semesterNumber) VALUES ('4012','4012','55','4','2');
INSERT INTO disciplineDepartmentDependency (ID,disciplineID,departmentID,courseNumber,semesterNumber) VALUES ('4013','4013','55','5','1');
INSERT INTO disciplineDepartmentDependency (ID,disciplineID,departmentID,courseNumber,semesterNumber) VALUES ('4014','4014','55','6','2');
INSERT INTO disciplineDepartmentDependency (ID,disciplineID,departmentID,courseNumber,semesterNumber) VALUES ('4015','4015','55','1','1');
INSERT INTO disciplineDepartmentDependency (ID,disciplineID,departmentID,courseNumber,semesterNumber) VALUES ('4016','4016','55','2','2');
INSERT INTO disciplineDepartmentDependency (ID,disciplineID,departmentID,courseNumber,semesterNumber) VALUES ('4017','4017','55','3','1');
INSERT INTO disciplineDepartmentDependency (ID,disciplineID,departmentID,courseNumber,semesterNumber) VALUES ('4018','4018','55','4','2');
INSERT INTO disciplineDepartmentDependency (ID,disciplineID,departmentID,courseNumber,semesterNumber) VALUES ('4019','4019','55','5','1');
INSERT INTO disciplineDepartmentDependency (ID,disciplineID,departmentID,courseNumber,semesterNumber) VALUES ('4020','4020','55','6','2');
INSERT INTO disciplineDepartmentDependency (ID,disciplineID,departmentID,courseNumber,semesterNumber) VALUES ('4021','4021','55','1','1');
INSERT INTO disciplineDepartmentDependency (ID,disciplineID,departmentID,courseNumber,semesterNumber) VALUES ('4022','4022','55','2','2');
INSERT INTO disciplineDepartmentDependency (ID,disciplineID,departmentID,courseNumber,semesterNumber) VALUES ('4023','4023','55','3','1');
INSERT INTO disciplineDepartmentDependency (ID,disciplineID,departmentID,courseNumber,semesterNumber) VALUES ('4024','4024','55','4','2');
INSERT INTO disciplineDepartmentDependency (ID,disciplineID,departmentID,courseNumber,semesterNumber) VALUES ('4025','4025','55','5','1');
INSERT INTO disciplineDepartmentDependency (ID,disciplineID,departmentID,courseNumber,semesterNumber) VALUES ('4026','4026','55','6','2');
INSERT INTO disciplineDepartmentDependency (ID,disciplineID,departmentID,courseNumber,semesterNumber) VALUES ('4027','4027','55','1','1');
INSERT INTO disciplineDepartmentDependency (ID,disciplineID,departmentID,courseNumber,semesterNumber) VALUES ('4028','4028','55','2','2');
INSERT INTO disciplineDepartmentDependency (ID,disciplineID,departmentID,courseNumber,semesterNumber) VALUES ('4029','4029','55','3','1');
INSERT INTO loginpass (ID,login,password,access_type) VALUES ('142','BUDXMXRDANXLQK@live.co.uk','DU1s2JIc','employee');
INSERT INTO employee (name,lastName,fathersName,personalID,sex,email,phoneNumber,dateOfBorn,address,passport,login,office,ID,departmentID) VALUES ('Будимир','ДАНИЛЮК','Кузьмич','4643684028','m','BUDXMXRDANXLQK@live.co.uk','0635685044','1958-01-18','34651 Кіровоград Залізничний 98, 202','RY677536 ГУМВС 41','BUDXMXRDANXLQK@live.co.uk','HR','136','55');
INSERT INTO loginpass (ID,login,password,access_type) VALUES ('143','DOBROLQBTKAZUK@web.de','!PxJVUPf','employee');
INSERT INTO employee (name,lastName,fathersName,personalID,sex,email,phoneNumber,dateOfBorn,address,passport,login,office,ID,departmentID) VALUES ('Добролюб','ТКАЧУК','Кузьмич','2024700735','m','DOBROLQBTKAZUK@web.de','0914065232','1981-01-02','82035 Умань Авіаційний 95, 72','WH761668 ГУМВС 38','DOBROLQBTKAZUK@web.de','HR','137','55');
INSERT INTO loginpass (ID,login,password,access_type) VALUES ('144','BOGORODQEVZUK@t-online.de','UP&IVBqX','employee');
INSERT INTO employee (name,lastName,fathersName,personalID,sex,email,phoneNumber,dateOfBorn,address,passport,login,office,ID,departmentID) VALUES ('Богород','ШЕВЧУК','Савич','4866012768','m','BOGORODQEVZUK@t-online.de','0965864757','1956-03-17','54086 Жовті Води Грузиненка 71, 198','SJ621584 ГУМВС 41','BOGORODQEVZUK@t-online.de','HR','138','55');
INSERT INTO loginpass (ID,login,password,access_type) VALUES ('145','BOGDANGAVRXLQK@orange.fr','WUPJHf6R','employee');
INSERT INTO employee (name,lastName,fathersName,personalID,sex,email,phoneNumber,dateOfBorn,address,passport,login,office,ID,departmentID) VALUES ('Богдан','ГАВРИЛЮК','Хомич','2887735376','m','BOGDANGAVRXLQK@orange.fr','0932070344','1963-02-06','16858 Одеса Горького 49, 242','CL761817 ГУМВС 9','BOGDANGAVRXLQK@orange.fr','HR','139','55');
INSERT INTO gtgroup (id,fullGroupName,courseNumber,departmentID) VALUES ('630','АСОІУ-10','1','55');
INSERT INTO gtgroup (id,fullGroupName,courseNumber,departmentID) VALUES ('631','АСОІУ-20','2','55');
INSERT INTO gtgroup (id,fullGroupName,courseNumber,departmentID) VALUES ('632','АСОІУ-30','3','55');
INSERT INTO gtgroup (id,fullGroupName,courseNumber,departmentID) VALUES ('633','АСОІУ-40','4','55');
INSERT INTO gtgroup (id,fullGroupName,courseNumber,departmentID) VALUES ('634','АСОІУ-50','5','55');
INSERT INTO gtgroup (id,fullGroupName,courseNumber,departmentID) VALUES ('635','АСОІУ-60','6','55');
INSERT INTO dayRequirements (id,departmentID,countOfDaysInWeek,countOfLessonsInADay) VALUES ('55','56','6','5');
INSERT INTO discipline (id,nameOfDiscipline,countOfLessons,exam) VALUES ('4030','Discipline КТППАМ-0','15','no');
INSERT INTO discipline (id,nameOfDiscipline,countOfLessons,exam) VALUES ('4031','Discipline КТППАМ-1','15','no');
INSERT INTO discipline (id,nameOfDiscipline,countOfLessons,exam) VALUES ('4032','Discipline КТППАМ-2','15','no');
INSERT INTO discipline (id,nameOfDiscipline,countOfLessons,exam) VALUES ('4033','Discipline КТППАМ-3','15','no');
INSERT INTO discipline (id,nameOfDiscipline,countOfLessons,exam) VALUES ('4034','Discipline КТППАМ-4','15','no');
INSERT INTO discipline (id,nameOfDiscipline,countOfLessons,exam) VALUES ('4035','Discipline КТППАМ-5','15','no');
INSERT INTO discipline (id,nameOfDiscipline,countOfLessons,exam) VALUES ('4036','Discipline КТППАМ-6','15','no');
INSERT INTO discipline (id,nameOfDiscipline,countOfLessons,exam) VALUES ('4037','Discipline КТППАМ-7','15','no');
INSERT INTO discipline (id,nameOfDiscipline,countOfLessons,exam) VALUES ('4038','Discipline КТППАМ-8','15','no');
INSERT INTO discipline (id,nameOfDiscipline,countOfLessons,exam) VALUES ('4039','Discipline КТППАМ-9','15','no');
INSERT INTO discipline (id,nameOfDiscipline,countOfLessons,exam) VALUES ('4040','Discipline КТППАМ-10','15','no');
INSERT INTO discipline (id,nameOfDiscipline,countOfLessons,exam) VALUES ('4041','Discipline КТППАМ-11','15','no');
INSERT INTO discipline (id,nameOfDiscipline,countOfLessons,exam) VALUES ('4042','Discipline КТППАМ-12','15','no');
INSERT INTO discipline (id,nameOfDiscipline,countOfLessons,exam) VALUES ('4043','Discipline КТППАМ-13','15','no');
INSERT INTO discipline (id,nameOfDiscipline,countOfLessons,exam) VALUES ('4044','Discipline КТППАМ-14','15','no');
INSERT INTO discipline (id,nameOfDiscipline,countOfLessons,exam) VALUES ('4045','Discipline КТППАМ-15','15','no');
INSERT INTO discipline (id,nameOfDiscipline,countOfLessons,exam) VALUES ('4046','Discipline КТППАМ-16','15','no');
INSERT INTO discipline (id,nameOfDiscipline,countOfLessons,exam) VALUES ('4047','Discipline КТППАМ-17','15','no');
INSERT INTO discipline (id,nameOfDiscipline,countOfLessons,exam) VALUES ('4048','Discipline КТППАМ-18','15','no');
INSERT INTO discipline (id,nameOfDiscipline,countOfLessons,exam) VALUES ('4049','Discipline КТППАМ-19','15','no');
INSERT INTO discipline (id,nameOfDiscipline,countOfLessons,exam) VALUES ('4050','Discipline КТППАМ-20','15','no');
INSERT INTO discipline (id,nameOfDiscipline,countOfLessons,exam) VALUES ('4051','Discipline КТППАМ-21','15','no');
INSERT INTO discipline (id,nameOfDiscipline,countOfLessons,exam) VALUES ('4052','Discipline КТППАМ-22','15','no');
INSERT INTO discipline (id,nameOfDiscipline,countOfLessons,exam) VALUES ('4053','Discipline КТППАМ-23','15','no');
INSERT INTO discipline (id,nameOfDiscipline,countOfLessons,exam) VALUES ('4054','Discipline КТППАМ-24','15','no');
INSERT INTO discipline (id,nameOfDiscipline,countOfLessons,exam) VALUES ('4055','Discipline КТППАМ-25','15','no');
INSERT INTO discipline (id,nameOfDiscipline,countOfLessons,exam) VALUES ('4056','Discipline КТППАМ-26','15','no');
INSERT INTO discipline (id,nameOfDiscipline,countOfLessons,exam) VALUES ('4057','Discipline КТППАМ-27','15','no');
INSERT INTO discipline (id,nameOfDiscipline,countOfLessons,exam) VALUES ('4058','Discipline КТППАМ-28','15','no');
INSERT INTO discipline (id,nameOfDiscipline,countOfLessons,exam) VALUES ('4059','Discipline КТППАМ-29','15','no');
INSERT INTO discipline (id,nameOfDiscipline,countOfLessons,exam) VALUES ('4060','Discipline КТППАМ-30','15','no');
INSERT INTO discipline (id,nameOfDiscipline,countOfLessons,exam) VALUES ('4061','Discipline КТППАМ-31','15','no');
INSERT INTO discipline (id,nameOfDiscipline,countOfLessons,exam) VALUES ('4062','Discipline КТППАМ-32','15','no');
INSERT INTO discipline (id,nameOfDiscipline,countOfLessons,exam) VALUES ('4063','Discipline КТППАМ-33','15','no');
INSERT INTO discipline (id,nameOfDiscipline,countOfLessons,exam) VALUES ('4064','Discipline КТППАМ-34','15','no');
INSERT INTO discipline (id,nameOfDiscipline,countOfLessons,exam) VALUES ('4065','Discipline КТППАМ-35','15','no');
INSERT INTO discipline (id,nameOfDiscipline,countOfLessons,exam) VALUES ('4066','Discipline КТППАМ-36','15','no');
INSERT INTO discipline (id,nameOfDiscipline,countOfLessons,exam) VALUES ('4067','Discipline КТППАМ-37','15','no');
INSERT INTO discipline (id,nameOfDiscipline,countOfLessons,exam) VALUES ('4068','Discipline КТППАМ-38','15','no');
INSERT INTO discipline (id,nameOfDiscipline,countOfLessons,exam) VALUES ('4069','Discipline КТППАМ-39','15','no');
INSERT INTO discipline (id,nameOfDiscipline,countOfLessons,exam) VALUES ('4070','Discipline КТППАМ-40','15','no');
INSERT INTO discipline (id,nameOfDiscipline,countOfLessons,exam) VALUES ('4071','Discipline КТППАМ-41','15','no');
INSERT INTO discipline (id,nameOfDiscipline,countOfLessons,exam) VALUES ('4072','Discipline КТППАМ-42','15','no');
INSERT INTO discipline (id,nameOfDiscipline,countOfLessons,exam) VALUES ('4073','Discipline КТППАМ-43','15','no');
INSERT INTO discipline (id,nameOfDiscipline,countOfLessons,exam) VALUES ('4074','Discipline КТППАМ-44','15','no');
INSERT INTO discipline (id,nameOfDiscipline,countOfLessons,exam) VALUES ('4075','Discipline КТППАМ-45','15','no');
INSERT INTO discipline (id,nameOfDiscipline,countOfLessons,exam) VALUES ('4076','Discipline КТППАМ-46','15','no');
INSERT INTO discipline (id,nameOfDiscipline,countOfLessons,exam) VALUES ('4077','Discipline КТППАМ-47','15','no');
INSERT INTO discipline (id,nameOfDiscipline,countOfLessons,exam) VALUES ('4078','Discipline КТППАМ-48','15','no');
INSERT INTO discipline (id,nameOfDiscipline,countOfLessons,exam) VALUES ('4079','Discipline КТППАМ-49','15','no');
INSERT INTO discipline (id,nameOfDiscipline,countOfLessons,exam) VALUES ('4080','Discipline КТППАМ-50','15','no');
INSERT INTO discipline (id,nameOfDiscipline,countOfLessons,exam) VALUES ('4081','Discipline КТППАМ-51','15','no');
INSERT INTO discipline (id,nameOfDiscipline,countOfLessons,exam) VALUES ('4082','Discipline КТППАМ-52','15','no');
INSERT INTO discipline (id,nameOfDiscipline,countOfLessons,exam) VALUES ('4083','Discipline КТППАМ-53','15','no');
INSERT INTO discipline (id,nameOfDiscipline,countOfLessons,exam) VALUES ('4084','Discipline КТППАМ-54','15','no');
INSERT INTO discipline (id,nameOfDiscipline,countOfLessons,exam) VALUES ('4085','Discipline КТППАМ-55','15','no');
INSERT INTO discipline (id,nameOfDiscipline,countOfLessons,exam) VALUES ('4086','Discipline КТППАМ-56','15','no');
INSERT INTO discipline (id,nameOfDiscipline,countOfLessons,exam) VALUES ('4087','Discipline КТППАМ-57','15','no');
INSERT INTO discipline (id,nameOfDiscipline,countOfLessons,exam) VALUES ('4088','Discipline КТППАМ-58','15','no');
INSERT INTO discipline (id,nameOfDiscipline,countOfLessons,exam) VALUES ('4089','Discipline КТППАМ-59','15','no');
INSERT INTO discipline (id,nameOfDiscipline,countOfLessons,exam) VALUES ('4090','Discipline КТППАМ-60','15','no');
INSERT INTO discipline (id,nameOfDiscipline,countOfLessons,exam) VALUES ('4091','Discipline КТППАМ-61','15','no');
INSERT INTO discipline (id,nameOfDiscipline,countOfLessons,exam) VALUES ('4092','Discipline КТППАМ-62','15','no');
INSERT INTO discipline (id,nameOfDiscipline,countOfLessons,exam) VALUES ('4093','Discipline КТППАМ-63','15','no');
INSERT INTO discipline (id,nameOfDiscipline,countOfLessons,exam) VALUES ('4094','Discipline КТППАМ-64','15','no');
INSERT INTO discipline (id,nameOfDiscipline,countOfLessons,exam) VALUES ('4095','Discipline КТППАМ-65','15','no');
INSERT INTO discipline (id,nameOfDiscipline,countOfLessons,exam) VALUES ('4096','Discipline КТППАМ-66','15','no');
INSERT INTO discipline (id,nameOfDiscipline,countOfLessons,exam) VALUES ('4097','Discipline КТППАМ-67','15','no');
INSERT INTO discipline (id,nameOfDiscipline,countOfLessons,exam) VALUES ('4098','Discipline КТППАМ-68','15','no');
INSERT INTO disciplineDepartmentDependency (ID,disciplineID,departmentID,courseNumber,semesterNumber) VALUES ('4030','4030','56','1','1');
INSERT INTO disciplineDepartmentDependency (ID,disciplineID,departmentID,courseNumber,semesterNumber) VALUES ('4031','4031','56','2','2');
INSERT INTO disciplineDepartmentDependency (ID,disciplineID,departmentID,courseNumber,semesterNumber) VALUES ('4032','4032','56','3','1');
INSERT INTO disciplineDepartmentDependency (ID,disciplineID,departmentID,courseNumber,semesterNumber) VALUES ('4033','4033','56','4','2');
INSERT INTO disciplineDepartmentDependency (ID,disciplineID,departmentID,courseNumber,semesterNumber) VALUES ('4034','4034','56','5','1');
INSERT INTO disciplineDepartmentDependency (ID,disciplineID,departmentID,courseNumber,semesterNumber) VALUES ('4035','4035','56','6','2');
INSERT INTO disciplineDepartmentDependency (ID,disciplineID,departmentID,courseNumber,semesterNumber) VALUES ('4036','4036','56','1','1');
INSERT INTO disciplineDepartmentDependency (ID,disciplineID,departmentID,courseNumber,semesterNumber) VALUES ('4037','4037','56','2','2');
INSERT INTO disciplineDepartmentDependency (ID,disciplineID,departmentID,courseNumber,semesterNumber) VALUES ('4038','4038','56','3','1');
INSERT INTO disciplineDepartmentDependency (ID,disciplineID,departmentID,courseNumber,semesterNumber) VALUES ('4039','4039','56','4','2');
INSERT INTO disciplineDepartmentDependency (ID,disciplineID,departmentID,courseNumber,semesterNumber) VALUES ('4040','4040','56','5','1');
INSERT INTO disciplineDepartmentDependency (ID,disciplineID,departmentID,courseNumber,semesterNumber) VALUES ('4041','4041','56','6','2');
INSERT INTO disciplineDepartmentDependency (ID,disciplineID,departmentID,courseNumber,semesterNumber) VALUES ('4042','4042','56','1','1');
INSERT INTO disciplineDepartmentDependency (ID,disciplineID,departmentID,courseNumber,semesterNumber) VALUES ('4043','4043','56','2','2');
INSERT INTO disciplineDepartmentDependency (ID,disciplineID,departmentID,courseNumber,semesterNumber) VALUES ('4044','4044','56','3','1');
INSERT INTO disciplineDepartmentDependency (ID,disciplineID,departmentID,courseNumber,semesterNumber) VALUES ('4045','4045','56','4','2');
INSERT INTO disciplineDepartmentDependency (ID,disciplineID,departmentID,courseNumber,semesterNumber) VALUES ('4046','4046','56','5','1');
INSERT INTO disciplineDepartmentDependency (ID,disciplineID,departmentID,courseNumber,semesterNumber) VALUES ('4047','4047','56','6','2');
INSERT INTO disciplineDepartmentDependency (ID,disciplineID,departmentID,courseNumber,semesterNumber) VALUES ('4048','4048','56','1','1');
INSERT INTO disciplineDepartmentDependency (ID,disciplineID,departmentID,courseNumber,semesterNumber) VALUES ('4049','4049','56','2','2');
INSERT INTO disciplineDepartmentDependency (ID,disciplineID,departmentID,courseNumber,semesterNumber) VALUES ('4050','4050','56','3','1');
INSERT INTO disciplineDepartmentDependency (ID,disciplineID,departmentID,courseNumber,semesterNumber) VALUES ('4051','4051','56','4','2');
INSERT INTO disciplineDepartmentDependency (ID,disciplineID,departmentID,courseNumber,semesterNumber) VALUES ('4052','4052','56','5','1');
INSERT INTO disciplineDepartmentDependency (ID,disciplineID,departmentID,courseNumber,semesterNumber) VALUES ('4053','4053','56','6','2');
INSERT INTO disciplineDepartmentDependency (ID,disciplineID,departmentID,courseNumber,semesterNumber) VALUES ('4054','4054','56','1','1');
INSERT INTO disciplineDepartmentDependency (ID,disciplineID,departmentID,courseNumber,semesterNumber) VALUES ('4055','4055','56','2','2');
INSERT INTO disciplineDepartmentDependency (ID,disciplineID,departmentID,courseNumber,semesterNumber) VALUES ('4056','4056','56','3','1');
INSERT INTO disciplineDepartmentDependency (ID,disciplineID,departmentID,courseNumber,semesterNumber) VALUES ('4057','4057','56','4','2');
INSERT INTO disciplineDepartmentDependency (ID,disciplineID,departmentID,courseNumber,semesterNumber) VALUES ('4058','4058','56','5','1');
INSERT INTO disciplineDepartmentDependency (ID,disciplineID,departmentID,courseNumber,semesterNumber) VALUES ('4059','4059','56','6','2');
INSERT INTO disciplineDepartmentDependency (ID,disciplineID,departmentID,courseNumber,semesterNumber) VALUES ('4060','4060','56','1','1');
INSERT INTO disciplineDepartmentDependency (ID,disciplineID,departmentID,courseNumber,semesterNumber) VALUES ('4061','4061','56','2','2');
INSERT INTO disciplineDepartmentDependency (ID,disciplineID,departmentID,courseNumber,semesterNumber) VALUES ('4062','4062','56','3','1');
INSERT INTO disciplineDepartmentDependency (ID,disciplineID,departmentID,courseNumber,semesterNumber) VALUES ('4063','4063','56','4','2');
INSERT INTO disciplineDepartmentDependency (ID,disciplineID,departmentID,courseNumber,semesterNumber) VALUES ('4064','4064','56','5','1');
INSERT INTO disciplineDepartmentDependency (ID,disciplineID,departmentID,courseNumber,semesterNumber) VALUES ('4065','4065','56','6','2');
INSERT INTO disciplineDepartmentDependency (ID,disciplineID,departmentID,courseNumber,semesterNumber) VALUES ('4066','4066','56','1','1');
INSERT INTO disciplineDepartmentDependency (ID,disciplineID,departmentID,courseNumber,semesterNumber) VALUES ('4067','4067','56','2','2');
INSERT INTO disciplineDepartmentDependency (ID,disciplineID,departmentID,courseNumber,semesterNumber) VALUES ('4068','4068','56','3','1');
INSERT INTO disciplineDepartmentDependency (ID,disciplineID,departmentID,courseNumber,semesterNumber) VALUES ('4069','4069','56','4','2');
INSERT INTO disciplineDepartmentDependency (ID,disciplineID,departmentID,courseNumber,semesterNumber) VALUES ('4070','4070','56','5','1');
INSERT INTO disciplineDepartmentDependency (ID,disciplineID,departmentID,courseNumber,semesterNumber) VALUES ('4071','4071','56','6','2');
INSERT INTO disciplineDepartmentDependency (ID,disciplineID,departmentID,courseNumber,semesterNumber) VALUES ('4072','4072','56','1','1');
INSERT INTO disciplineDepartmentDependency (ID,disciplineID,departmentID,courseNumber,semesterNumber) VALUES ('4073','4073','56','2','2');
INSERT INTO disciplineDepartmentDependency (ID,disciplineID,departmentID,courseNumber,semesterNumber) VALUES ('4074','4074','56','3','1');
INSERT INTO disciplineDepartmentDependency (ID,disciplineID,departmentID,courseNumber,semesterNumber) VALUES ('4075','4075','56','4','2');
INSERT INTO disciplineDepartmentDependency (ID,disciplineID,departmentID,courseNumber,semesterNumber) VALUES ('4076','4076','56','5','1');
INSERT INTO disciplineDepartmentDependency (ID,disciplineID,departmentID,courseNumber,semesterNumber) VALUES ('4077','4077','56','6','2');
INSERT INTO disciplineDepartmentDependency (ID,disciplineID,departmentID,courseNumber,semesterNumber) VALUES ('4078','4078','56','1','1');
INSERT INTO disciplineDepartmentDependency (ID,disciplineID,departmentID,courseNumber,semesterNumber) VALUES ('4079','4079','56','2','2');
INSERT INTO disciplineDepartmentDependency (ID,disciplineID,departmentID,courseNumber,semesterNumber) VALUES ('4080','4080','56','3','1');
INSERT INTO disciplineDepartmentDependency (ID,disciplineID,departmentID,courseNumber,semesterNumber) VALUES ('4081','4081','56','4','2');
INSERT INTO disciplineDepartmentDependency (ID,disciplineID,departmentID,courseNumber,semesterNumber) VALUES ('4082','4082','56','5','1');
INSERT INTO disciplineDepartmentDependency (ID,disciplineID,departmentID,courseNumber,semesterNumber) VALUES ('4083','4083','56','6','2');
INSERT INTO disciplineDepartmentDependency (ID,disciplineID,departmentID,courseNumber,semesterNumber) VALUES ('4084','4084','56','1','1');
INSERT INTO disciplineDepartmentDependency (ID,disciplineID,departmentID,courseNumber,semesterNumber) VALUES ('4085','4085','56','2','2');
INSERT INTO disciplineDepartmentDependency (ID,disciplineID,departmentID,courseNumber,semesterNumber) VALUES ('4086','4086','56','3','1');
INSERT INTO disciplineDepartmentDependency (ID,disciplineID,departmentID,courseNumber,semesterNumber) VALUES ('4087','4087','56','4','2');
INSERT INTO disciplineDepartmentDependency (ID,disciplineID,departmentID,courseNumber,semesterNumber) VALUES ('4088','4088','56','5','1');
INSERT INTO disciplineDepartmentDependency (ID,disciplineID,departmentID,courseNumber,semesterNumber) VALUES ('4089','4089','56','6','2');
INSERT INTO disciplineDepartmentDependency (ID,disciplineID,departmentID,courseNumber,semesterNumber) VALUES ('4090','4090','56','1','1');
INSERT INTO disciplineDepartmentDependency (ID,disciplineID,departmentID,courseNumber,semesterNumber) VALUES ('4091','4091','56','2','2');
INSERT INTO disciplineDepartmentDependency (ID,disciplineID,departmentID,courseNumber,semesterNumber) VALUES ('4092','4092','56','3','1');
INSERT INTO disciplineDepartmentDependency (ID,disciplineID,departmentID,courseNumber,semesterNumber) VALUES ('4093','4093','56','4','2');
INSERT INTO disciplineDepartmentDependency (ID,disciplineID,departmentID,courseNumber,semesterNumber) VALUES ('4094','4094','56','5','1');
INSERT INTO disciplineDepartmentDependency (ID,disciplineID,departmentID,courseNumber,semesterNumber) VALUES ('4095','4095','56','6','2');
INSERT INTO disciplineDepartmentDependency (ID,disciplineID,departmentID,courseNumber,semesterNumber) VALUES ('4096','4096','56','1','1');
INSERT INTO disciplineDepartmentDependency (ID,disciplineID,departmentID,courseNumber,semesterNumber) VALUES ('4097','4097','56','2','2');
INSERT INTO disciplineDepartmentDependency (ID,disciplineID,departmentID,courseNumber,semesterNumber) VALUES ('4098','4098','56','3','1');
INSERT INTO loginpass (ID,login,password,access_type) VALUES ('146','BOJEDARAKARPENKO@sky.com','U!VRrGDH','employee');
INSERT INTO employee (name,lastName,fathersName,personalID,sex,email,phoneNumber,dateOfBorn,address,passport,login,office,ID,departmentID) VALUES ('Божедара,','КАРПЕНКО','Миколаївна','8351728572','f','BOJEDARAKARPENKO@sky.com','0506370066','1985-03-21','37447 Луцьк Клубний 12, 173','GQ181348 ГУМВС 21','BOJEDARAKARPENKO@sky.com','HR','140','56');
INSERT INTO loginpass (ID,login,password,access_type) VALUES ('147','GATUSXLAFOP@t-online.de','N7M6f6sm','employee');
INSERT INTO employee (name,lastName,fathersName,personalID,sex,email,phoneNumber,dateOfBorn,address,passport,login,office,ID,departmentID) VALUES ('Гатусила','ФОП','Хомівна','5570245178','f','GATUSXLAFOP@t-online.de','0663024506','1977-06-06','45311 Бориспіль Жовтневий 74, 147','QU234248 ГУМВС 23','GATUSXLAFOP@t-online.de','HR','141','56');
INSERT INTO loginpass (ID,login,password,access_type) VALUES ('148','DOBROLQBAPANZENKO@gmx.de','gyOfqyHs','employee');
INSERT INTO employee (name,lastName,fathersName,personalID,sex,email,phoneNumber,dateOfBorn,address,passport,login,office,ID,departmentID) VALUES ('Добролюба','ПАНЧЕНКО','Луківна','1180646086','f','DOBROLQBAPANZENKO@gmx.de','0630750712','1980-08-02','85033 Ужгород Бидгощська 96, 61','DB775134 ГУМВС 38','DOBROLQBAPANZENKO@gmx.de','HR','142','56');
INSERT INTO loginpass (ID,login,password,access_type) VALUES ('149','VXQESLAVKOLOMIQCQ@gmx.fr','Bwdp9MfR','employee');
INSERT INTO employee (name,lastName,fathersName,personalID,sex,email,phoneNumber,dateOfBorn,address,passport,login,office,ID,departmentID) VALUES ('Вишеслав','КОЛОМІЄЦЬ','Лукич','7064021200','m','VXQESLAVKOLOMIQCQ@gmx.fr','0946481722','1977-01-20','30107 Дунаївці Галини Буркацької 38, 153','KE312351 ГУМВС 5','VXQESLAVKOLOMIQCQ@gmx.fr','HR','143','56');
INSERT INTO gtgroup (id,fullGroupName,courseNumber,departmentID) VALUES ('636','КТППАМ-10','1','56');
INSERT INTO gtgroup (id,fullGroupName,courseNumber,departmentID) VALUES ('637','КТППАМ-11','1','56');
INSERT INTO gtgroup (id,fullGroupName,courseNumber,departmentID) VALUES ('638','КТППАМ-20','2','56');
INSERT INTO gtgroup (id,fullGroupName,courseNumber,departmentID) VALUES ('639','КТППАМ-21','2','56');
INSERT INTO gtgroup (id,fullGroupName,courseNumber,departmentID) VALUES ('640','КТППАМ-30','3','56');
INSERT INTO gtgroup (id,fullGroupName,courseNumber,departmentID) VALUES ('641','КТППАМ-31','3','56');
INSERT INTO gtgroup (id,fullGroupName,courseNumber,departmentID) VALUES ('642','КТППАМ-40','4','56');
INSERT INTO gtgroup (id,fullGroupName,courseNumber,departmentID) VALUES ('643','КТППАМ-41','4','56');
INSERT INTO gtgroup (id,fullGroupName,courseNumber,departmentID) VALUES ('644','КТППАМ-50','5','56');
INSERT INTO gtgroup (id,fullGroupName,courseNumber,departmentID) VALUES ('645','КТППАМ-51','5','56');
INSERT INTO gtgroup (id,fullGroupName,courseNumber,departmentID) VALUES ('646','КТППАМ-60','6','56');
INSERT INTO gtgroup (id,fullGroupName,courseNumber,departmentID) VALUES ('647','КТППАМ-61','6','56');
INSERT INTO dayRequirements (id,departmentID,countOfDaysInWeek,countOfLessonsInADay) VALUES ('56','57','6','5');
INSERT INTO discipline (id,nameOfDiscipline,countOfLessons,exam) VALUES ('4099','Discipline КТППФМ-0','15','no');
INSERT INTO discipline (id,nameOfDiscipline,countOfLessons,exam) VALUES ('4100','Discipline КТППФМ-1','15','no');
INSERT INTO discipline (id,nameOfDiscipline,countOfLessons,exam) VALUES ('4101','Discipline КТППФМ-2','15','no');
INSERT INTO discipline (id,nameOfDiscipline,countOfLessons,exam) VALUES ('4102','Discipline КТППФМ-3','15','no');
INSERT INTO discipline (id,nameOfDiscipline,countOfLessons,exam) VALUES ('4103','Discipline КТППФМ-4','15','no');
INSERT INTO discipline (id,nameOfDiscipline,countOfLessons,exam) VALUES ('4104','Discipline КТППФМ-5','15','no');
INSERT INTO discipline (id,nameOfDiscipline,countOfLessons,exam) VALUES ('4105','Discipline КТППФМ-6','15','no');
INSERT INTO discipline (id,nameOfDiscipline,countOfLessons,exam) VALUES ('4106','Discipline КТППФМ-7','15','no');
INSERT INTO discipline (id,nameOfDiscipline,countOfLessons,exam) VALUES ('4107','Discipline КТППФМ-8','15','no');
INSERT INTO discipline (id,nameOfDiscipline,countOfLessons,exam) VALUES ('4108','Discipline КТППФМ-9','15','no');
INSERT INTO discipline (id,nameOfDiscipline,countOfLessons,exam) VALUES ('4109','Discipline КТППФМ-10','15','no');
INSERT INTO discipline (id,nameOfDiscipline,countOfLessons,exam) VALUES ('4110','Discipline КТППФМ-11','15','no');
INSERT INTO discipline (id,nameOfDiscipline,countOfLessons,exam) VALUES ('4111','Discipline КТППФМ-12','15','no');
INSERT INTO discipline (id,nameOfDiscipline,countOfLessons,exam) VALUES ('4112','Discipline КТППФМ-13','15','no');
INSERT INTO discipline (id,nameOfDiscipline,countOfLessons,exam) VALUES ('4113','Discipline КТППФМ-14','15','no');
INSERT INTO discipline (id,nameOfDiscipline,countOfLessons,exam) VALUES ('4114','Discipline КТППФМ-15','15','no');
INSERT INTO discipline (id,nameOfDiscipline,countOfLessons,exam) VALUES ('4115','Discipline КТППФМ-16','15','no');
INSERT INTO discipline (id,nameOfDiscipline,countOfLessons,exam) VALUES ('4116','Discipline КТППФМ-17','15','no');
INSERT INTO discipline (id,nameOfDiscipline,countOfLessons,exam) VALUES ('4117','Discipline КТППФМ-18','15','no');
INSERT INTO discipline (id,nameOfDiscipline,countOfLessons,exam) VALUES ('4118','Discipline КТППФМ-19','15','no');
INSERT INTO discipline (id,nameOfDiscipline,countOfLessons,exam) VALUES ('4119','Discipline КТППФМ-20','15','no');
INSERT INTO discipline (id,nameOfDiscipline,countOfLessons,exam) VALUES ('4120','Discipline КТППФМ-21','15','no');
INSERT INTO discipline (id,nameOfDiscipline,countOfLessons,exam) VALUES ('4121','Discipline КТППФМ-22','15','no');
INSERT INTO discipline (id,nameOfDiscipline,countOfLessons,exam) VALUES ('4122','Discipline КТППФМ-23','15','no');
INSERT INTO discipline (id,nameOfDiscipline,countOfLessons,exam) VALUES ('4123','Discipline КТППФМ-24','15','no');
INSERT INTO discipline (id,nameOfDiscipline,countOfLessons,exam) VALUES ('4124','Discipline КТППФМ-25','15','no');
INSERT INTO discipline (id,nameOfDiscipline,countOfLessons,exam) VALUES ('4125','Discipline КТППФМ-26','15','no');
INSERT INTO discipline (id,nameOfDiscipline,countOfLessons,exam) VALUES ('4126','Discipline КТППФМ-27','15','no');
INSERT INTO discipline (id,nameOfDiscipline,countOfLessons,exam) VALUES ('4127','Discipline КТППФМ-28','15','no');
INSERT INTO discipline (id,nameOfDiscipline,countOfLessons,exam) VALUES ('4128','Discipline КТППФМ-29','15','no');
INSERT INTO discipline (id,nameOfDiscipline,countOfLessons,exam) VALUES ('4129','Discipline КТППФМ-30','15','no');
INSERT INTO discipline (id,nameOfDiscipline,countOfLessons,exam) VALUES ('4130','Discipline КТППФМ-31','15','no');
INSERT INTO discipline (id,nameOfDiscipline,countOfLessons,exam) VALUES ('4131','Discipline КТППФМ-32','15','no');
INSERT INTO discipline (id,nameOfDiscipline,countOfLessons,exam) VALUES ('4132','Discipline КТППФМ-33','15','no');
INSERT INTO discipline (id,nameOfDiscipline,countOfLessons,exam) VALUES ('4133','Discipline КТППФМ-34','15','no');
INSERT INTO discipline (id,nameOfDiscipline,countOfLessons,exam) VALUES ('4134','Discipline КТППФМ-35','15','no');
INSERT INTO discipline (id,nameOfDiscipline,countOfLessons,exam) VALUES ('4135','Discipline КТППФМ-36','15','no');
INSERT INTO discipline (id,nameOfDiscipline,countOfLessons,exam) VALUES ('4136','Discipline КТППФМ-37','15','no');
INSERT INTO discipline (id,nameOfDiscipline,countOfLessons,exam) VALUES ('4137','Discipline КТППФМ-38','15','no');
INSERT INTO discipline (id,nameOfDiscipline,countOfLessons,exam) VALUES ('4138','Discipline КТППФМ-39','15','no');
INSERT INTO discipline (id,nameOfDiscipline,countOfLessons,exam) VALUES ('4139','Discipline КТППФМ-40','15','no');
INSERT INTO discipline (id,nameOfDiscipline,countOfLessons,exam) VALUES ('4140','Discipline КТППФМ-41','15','no');
INSERT INTO discipline (id,nameOfDiscipline,countOfLessons,exam) VALUES ('4141','Discipline КТППФМ-42','15','no');
INSERT INTO discipline (id,nameOfDiscipline,countOfLessons,exam) VALUES ('4142','Discipline КТППФМ-43','15','no');
INSERT INTO discipline (id,nameOfDiscipline,countOfLessons,exam) VALUES ('4143','Discipline КТППФМ-44','15','no');
INSERT INTO discipline (id,nameOfDiscipline,countOfLessons,exam) VALUES ('4144','Discipline КТППФМ-45','15','no');
INSERT INTO discipline (id,nameOfDiscipline,countOfLessons,exam) VALUES ('4145','Discipline КТППФМ-46','15','no');
INSERT INTO discipline (id,nameOfDiscipline,countOfLessons,exam) VALUES ('4146','Discipline КТППФМ-47','15','no');
INSERT INTO discipline (id,nameOfDiscipline,countOfLessons,exam) VALUES ('4147','Discipline КТППФМ-48','15','no');
INSERT INTO discipline (id,nameOfDiscipline,countOfLessons,exam) VALUES ('4148','Discipline КТППФМ-49','15','no');
INSERT INTO discipline (id,nameOfDiscipline,countOfLessons,exam) VALUES ('4149','Discipline КТППФМ-50','15','no');
INSERT INTO discipline (id,nameOfDiscipline,countOfLessons,exam) VALUES ('4150','Discipline КТППФМ-51','15','no');
INSERT INTO discipline (id,nameOfDiscipline,countOfLessons,exam) VALUES ('4151','Discipline КТППФМ-52','15','no');
INSERT INTO discipline (id,nameOfDiscipline,countOfLessons,exam) VALUES ('4152','Discipline КТППФМ-53','15','no');
INSERT INTO discipline (id,nameOfDiscipline,countOfLessons,exam) VALUES ('4153','Discipline КТППФМ-54','15','no');
INSERT INTO discipline (id,nameOfDiscipline,countOfLessons,exam) VALUES ('4154','Discipline КТППФМ-55','15','no');
INSERT INTO discipline (id,nameOfDiscipline,countOfLessons,exam) VALUES ('4155','Discipline КТППФМ-56','15','no');
INSERT INTO discipline (id,nameOfDiscipline,countOfLessons,exam) VALUES ('4156','Discipline КТППФМ-57','15','no');
INSERT INTO discipline (id,nameOfDiscipline,countOfLessons,exam) VALUES ('4157','Discipline КТППФМ-58','15','no');
INSERT INTO discipline (id,nameOfDiscipline,countOfLessons,exam) VALUES ('4158','Discipline КТППФМ-59','15','no');
INSERT INTO disciplineDepartmentDependency (ID,disciplineID,departmentID,courseNumber,semesterNumber) VALUES ('4099','4099','57','1','1');
INSERT INTO disciplineDepartmentDependency (ID,disciplineID,departmentID,courseNumber,semesterNumber) VALUES ('4100','4100','57','2','2');
INSERT INTO disciplineDepartmentDependency (ID,disciplineID,departmentID,courseNumber,semesterNumber) VALUES ('4101','4101','57','3','1');
INSERT INTO disciplineDepartmentDependency (ID,disciplineID,departmentID,courseNumber,semesterNumber) VALUES ('4102','4102','57','4','2');
INSERT INTO disciplineDepartmentDependency (ID,disciplineID,departmentID,courseNumber,semesterNumber) VALUES ('4103','4103','57','5','1');
INSERT INTO disciplineDepartmentDependency (ID,disciplineID,departmentID,courseNumber,semesterNumber) VALUES ('4104','4104','57','6','2');
INSERT INTO disciplineDepartmentDependency (ID,disciplineID,departmentID,courseNumber,semesterNumber) VALUES ('4105','4105','57','1','1');
INSERT INTO disciplineDepartmentDependency (ID,disciplineID,departmentID,courseNumber,semesterNumber) VALUES ('4106','4106','57','2','2');
INSERT INTO disciplineDepartmentDependency (ID,disciplineID,departmentID,courseNumber,semesterNumber) VALUES ('4107','4107','57','3','1');
INSERT INTO disciplineDepartmentDependency (ID,disciplineID,departmentID,courseNumber,semesterNumber) VALUES ('4108','4108','57','4','2');
INSERT INTO disciplineDepartmentDependency (ID,disciplineID,departmentID,courseNumber,semesterNumber) VALUES ('4109','4109','57','5','1');
INSERT INTO disciplineDepartmentDependency (ID,disciplineID,departmentID,courseNumber,semesterNumber) VALUES ('4110','4110','57','6','2');
INSERT INTO disciplineDepartmentDependency (ID,disciplineID,departmentID,courseNumber,semesterNumber) VALUES ('4111','4111','57','1','1');
INSERT INTO disciplineDepartmentDependency (ID,disciplineID,departmentID,courseNumber,semesterNumber) VALUES ('4112','4112','57','2','2');
INSERT INTO disciplineDepartmentDependency (ID,disciplineID,departmentID,courseNumber,semesterNumber) VALUES ('4113','4113','57','3','1');
INSERT INTO disciplineDepartmentDependency (ID,disciplineID,departmentID,courseNumber,semesterNumber) VALUES ('4114','4114','57','4','2');
INSERT INTO disciplineDepartmentDependency (ID,disciplineID,departmentID,courseNumber,semesterNumber) VALUES ('4115','4115','57','5','1');
INSERT INTO disciplineDepartmentDependency (ID,disciplineID,departmentID,courseNumber,semesterNumber) VALUES ('4116','4116','57','6','2');
INSERT INTO disciplineDepartmentDependency (ID,disciplineID,departmentID,courseNumber,semesterNumber) VALUES ('4117','4117','57','1','1');
INSERT INTO disciplineDepartmentDependency (ID,disciplineID,departmentID,courseNumber,semesterNumber) VALUES ('4118','4118','57','2','2');
INSERT INTO disciplineDepartmentDependency (ID,disciplineID,departmentID,courseNumber,semesterNumber) VALUES ('4119','4119','57','3','1');
INSERT INTO disciplineDepartmentDependency (ID,disciplineID,departmentID,courseNumber,semesterNumber) VALUES ('4120','4120','57','4','2');
INSERT INTO disciplineDepartmentDependency (ID,disciplineID,departmentID,courseNumber,semesterNumber) VALUES ('4121','4121','57','5','1');
INSERT INTO disciplineDepartmentDependency (ID,disciplineID,departmentID,courseNumber,semesterNumber) VALUES ('4122','4122','57','6','2');
INSERT INTO disciplineDepartmentDependency (ID,disciplineID,departmentID,courseNumber,semesterNumber) VALUES ('4123','4123','57','1','1');
INSERT INTO disciplineDepartmentDependency (ID,disciplineID,departmentID,courseNumber,semesterNumber) VALUES ('4124','4124','57','2','2');
INSERT INTO disciplineDepartmentDependency (ID,disciplineID,departmentID,courseNumber,semesterNumber) VALUES ('4125','4125','57','3','1');
INSERT INTO disciplineDepartmentDependency (ID,disciplineID,departmentID,courseNumber,semesterNumber) VALUES ('4126','4126','57','4','2');
INSERT INTO disciplineDepartmentDependency (ID,disciplineID,departmentID,courseNumber,semesterNumber) VALUES ('4127','4127','57','5','1');
INSERT INTO disciplineDepartmentDependency (ID,disciplineID,departmentID,courseNumber,semesterNumber) VALUES ('4128','4128','57','6','2');
INSERT INTO disciplineDepartmentDependency (ID,disciplineID,departmentID,courseNumber,semesterNumber) VALUES ('4129','4129','57','1','1');
INSERT INTO disciplineDepartmentDependency (ID,disciplineID,departmentID,courseNumber,semesterNumber) VALUES ('4130','4130','57','2','2');
INSERT INTO disciplineDepartmentDependency (ID,disciplineID,departmentID,courseNumber,semesterNumber) VALUES ('4131','4131','57','3','1');
INSERT INTO disciplineDepartmentDependency (ID,disciplineID,departmentID,courseNumber,semesterNumber) VALUES ('4132','4132','57','4','2');
INSERT INTO disciplineDepartmentDependency (ID,disciplineID,departmentID,courseNumber,semesterNumber) VALUES ('4133','4133','57','5','1');
INSERT INTO disciplineDepartmentDependency (ID,disciplineID,departmentID,courseNumber,semesterNumber) VALUES ('4134','4134','57','6','2');
INSERT INTO disciplineDepartmentDependency (ID,disciplineID,departmentID,courseNumber,semesterNumber) VALUES ('4135','4135','57','1','1');
INSERT INTO disciplineDepartmentDependency (ID,disciplineID,departmentID,courseNumber,semesterNumber) VALUES ('4136','4136','57','2','2');
INSERT INTO disciplineDepartmentDependency (ID,disciplineID,departmentID,courseNumber,semesterNumber) VALUES ('4137','4137','57','3','1');
INSERT INTO disciplineDepartmentDependency (ID,disciplineID,departmentID,courseNumber,semesterNumber) VALUES ('4138','4138','57','4','2');
INSERT INTO disciplineDepartmentDependency (ID,disciplineID,departmentID,courseNumber,semesterNumber) VALUES ('4139','4139','57','5','1');
INSERT INTO disciplineDepartmentDependency (ID,disciplineID,departmentID,courseNumber,semesterNumber) VALUES ('4140','4140','57','6','2');
INSERT INTO disciplineDepartmentDependency (ID,disciplineID,departmentID,courseNumber,semesterNumber) VALUES ('4141','4141','57','1','1');
INSERT INTO disciplineDepartmentDependency (ID,disciplineID,departmentID,courseNumber,semesterNumber) VALUES ('4142','4142','57','2','2');
INSERT INTO disciplineDepartmentDependency (ID,disciplineID,departmentID,courseNumber,semesterNumber) VALUES ('4143','4143','57','3','1');
INSERT INTO disciplineDepartmentDependency (ID,disciplineID,departmentID,courseNumber,semesterNumber) VALUES ('4144','4144','57','4','2');
INSERT INTO disciplineDepartmentDependency (ID,disciplineID,departmentID,courseNumber,semesterNumber) VALUES ('4145','4145','57','5','1');
INSERT INTO disciplineDepartmentDependency (ID,disciplineID,departmentID,courseNumber,semesterNumber) VALUES ('4146','4146','57','6','2');
INSERT INTO disciplineDepartmentDependency (ID,disciplineID,departmentID,courseNumber,semesterNumber) VALUES ('4147','4147','57','1','1');
INSERT INTO disciplineDepartmentDependency (ID,disciplineID,departmentID,courseNumber,semesterNumber) VALUES ('4148','4148','57','2','2');
INSERT INTO disciplineDepartmentDependency (ID,disciplineID,departmentID,courseNumber,semesterNumber) VALUES ('4149','4149','57','3','1');
INSERT INTO disciplineDepartmentDependency (ID,disciplineID,departmentID,courseNumber,semesterNumber) VALUES ('4150','4150','57','4','2');
INSERT INTO disciplineDepartmentDependency (ID,disciplineID,departmentID,courseNumber,semesterNumber) VALUES ('4151','4151','57','5','1');
INSERT INTO disciplineDepartmentDependency (ID,disciplineID,departmentID,courseNumber,semesterNumber) VALUES ('4152','4152','57','6','2');
INSERT INTO disciplineDepartmentDependency (ID,disciplineID,departmentID,courseNumber,semesterNumber) VALUES ('4153','4153','57','1','1');
INSERT INTO disciplineDepartmentDependency (ID,disciplineID,departmentID,courseNumber,semesterNumber) VALUES ('4154','4154','57','2','2');
INSERT INTO disciplineDepartmentDependency (ID,disciplineID,departmentID,courseNumber,semesterNumber) VALUES ('4155','4155','57','3','1');
INSERT INTO disciplineDepartmentDependency (ID,disciplineID,departmentID,courseNumber,semesterNumber) VALUES ('4156','4156','57','4','2');
INSERT INTO disciplineDepartmentDependency (ID,disciplineID,departmentID,courseNumber,semesterNumber) VALUES ('4157','4157','57','5','1');
INSERT INTO disciplineDepartmentDependency (ID,disciplineID,departmentID,courseNumber,semesterNumber) VALUES ('4158','4158','57','6','2');
INSERT INTO loginpass (ID,login,password,access_type) VALUES ('150','VOLOQKAVASXLENKO@live.fr','Y80t!L63','employee');
INSERT INTO employee (name,lastName,fathersName,personalID,sex,email,phoneNumber,dateOfBorn,address,passport,login,office,ID,departmentID) VALUES ('Волошка','ВАСИЛЕНКО','Кузьмівна','6000281417','f','VOLOQKAVASXLENKO@live.fr','0930037115','1960-09-02','56851 Ізмаїл Володарського 98, 292','CS315141 ГУМВС 48','VOLOQKAVASXLENKO@live.fr','HR','144','57');
INSERT INTO gtgroup (id,fullGroupName,courseNumber,departmentID) VALUES ('648','КТППФМ-10','1','57');
INSERT INTO gtgroup (id,fullGroupName,courseNumber,departmentID) VALUES ('649','КТППФМ-11','1','57');
INSERT INTO gtgroup (id,fullGroupName,courseNumber,departmentID) VALUES ('650','КТППФМ-12','1','57');
INSERT INTO gtgroup (id,fullGroupName,courseNumber,departmentID) VALUES ('651','КТППФМ-20','2','57');
INSERT INTO gtgroup (id,fullGroupName,courseNumber,departmentID) VALUES ('652','КТППФМ-21','2','57');
INSERT INTO gtgroup (id,fullGroupName,courseNumber,departmentID) VALUES ('653','КТППФМ-22','2','57');
INSERT INTO gtgroup (id,fullGroupName,courseNumber,departmentID) VALUES ('654','КТППФМ-30','3','57');
INSERT INTO gtgroup (id,fullGroupName,courseNumber,departmentID) VALUES ('655','КТППФМ-31','3','57');
INSERT INTO gtgroup (id,fullGroupName,courseNumber,departmentID) VALUES ('656','КТППФМ-32','3','57');
INSERT INTO gtgroup (id,fullGroupName,courseNumber,departmentID) VALUES ('657','КТППФМ-40','4','57');
INSERT INTO gtgroup (id,fullGroupName,courseNumber,departmentID) VALUES ('658','КТППФМ-41','4','57');
INSERT INTO gtgroup (id,fullGroupName,courseNumber,departmentID) VALUES ('659','КТППФМ-42','4','57');
INSERT INTO gtgroup (id,fullGroupName,courseNumber,departmentID) VALUES ('660','КТППФМ-50','5','57');
INSERT INTO gtgroup (id,fullGroupName,courseNumber,departmentID) VALUES ('661','КТППФМ-51','5','57');
INSERT INTO gtgroup (id,fullGroupName,courseNumber,departmentID) VALUES ('662','КТППФМ-52','5','57');
INSERT INTO gtgroup (id,fullGroupName,courseNumber,departmentID) VALUES ('663','КТППФМ-60','6','57');
INSERT INTO gtgroup (id,fullGroupName,courseNumber,departmentID) VALUES ('664','КТППФМ-61','6','57');
INSERT INTO gtgroup (id,fullGroupName,courseNumber,departmentID) VALUES ('665','КТППФМ-62','6','57');
INSERT INTO dayRequirements (id,departmentID,countOfDaysInWeek,countOfLessonsInADay) VALUES ('57','58','6','5');
INSERT INTO discipline (id,nameOfDiscipline,countOfLessons,exam) VALUES ('4159','Discipline КТППНМ-0','15','no');
INSERT INTO discipline (id,nameOfDiscipline,countOfLessons,exam) VALUES ('4160','Discipline КТППНМ-1','15','no');
INSERT INTO discipline (id,nameOfDiscipline,countOfLessons,exam) VALUES ('4161','Discipline КТППНМ-2','15','no');
INSERT INTO discipline (id,nameOfDiscipline,countOfLessons,exam) VALUES ('4162','Discipline КТППНМ-3','15','no');
INSERT INTO discipline (id,nameOfDiscipline,countOfLessons,exam) VALUES ('4163','Discipline КТППНМ-4','15','no');
INSERT INTO discipline (id,nameOfDiscipline,countOfLessons,exam) VALUES ('4164','Discipline КТППНМ-5','15','no');
INSERT INTO discipline (id,nameOfDiscipline,countOfLessons,exam) VALUES ('4165','Discipline КТППНМ-6','15','no');
INSERT INTO discipline (id,nameOfDiscipline,countOfLessons,exam) VALUES ('4166','Discipline КТППНМ-7','15','no');
INSERT INTO discipline (id,nameOfDiscipline,countOfLessons,exam) VALUES ('4167','Discipline КТППНМ-8','15','no');
INSERT INTO discipline (id,nameOfDiscipline,countOfLessons,exam) VALUES ('4168','Discipline КТППНМ-9','15','no');
INSERT INTO discipline (id,nameOfDiscipline,countOfLessons,exam) VALUES ('4169','Discipline КТППНМ-10','15','no');
INSERT INTO discipline (id,nameOfDiscipline,countOfLessons,exam) VALUES ('4170','Discipline КТППНМ-11','15','no');
INSERT INTO discipline (id,nameOfDiscipline,countOfLessons,exam) VALUES ('4171','Discipline КТППНМ-12','15','no');
INSERT INTO discipline (id,nameOfDiscipline,countOfLessons,exam) VALUES ('4172','Discipline КТППНМ-13','15','no');
INSERT INTO discipline (id,nameOfDiscipline,countOfLessons,exam) VALUES ('4173','Discipline КТППНМ-14','15','no');
INSERT INTO discipline (id,nameOfDiscipline,countOfLessons,exam) VALUES ('4174','Discipline КТППНМ-15','15','no');
INSERT INTO discipline (id,nameOfDiscipline,countOfLessons,exam) VALUES ('4175','Discipline КТППНМ-16','15','no');
INSERT INTO discipline (id,nameOfDiscipline,countOfLessons,exam) VALUES ('4176','Discipline КТППНМ-17','15','no');
INSERT INTO discipline (id,nameOfDiscipline,countOfLessons,exam) VALUES ('4177','Discipline КТППНМ-18','15','no');
INSERT INTO discipline (id,nameOfDiscipline,countOfLessons,exam) VALUES ('4178','Discipline КТППНМ-19','15','no');
INSERT INTO discipline (id,nameOfDiscipline,countOfLessons,exam) VALUES ('4179','Discipline КТППНМ-20','15','no');
INSERT INTO discipline (id,nameOfDiscipline,countOfLessons,exam) VALUES ('4180','Discipline КТППНМ-21','15','no');
INSERT INTO discipline (id,nameOfDiscipline,countOfLessons,exam) VALUES ('4181','Discipline КТППНМ-22','15','no');
INSERT INTO discipline (id,nameOfDiscipline,countOfLessons,exam) VALUES ('4182','Discipline КТППНМ-23','15','no');
INSERT INTO discipline (id,nameOfDiscipline,countOfLessons,exam) VALUES ('4183','Discipline КТППНМ-24','15','no');
INSERT INTO discipline (id,nameOfDiscipline,countOfLessons,exam) VALUES ('4184','Discipline КТППНМ-25','15','no');
INSERT INTO discipline (id,nameOfDiscipline,countOfLessons,exam) VALUES ('4185','Discipline КТППНМ-26','15','no');
INSERT INTO discipline (id,nameOfDiscipline,countOfLessons,exam) VALUES ('4186','Discipline КТППНМ-27','15','no');
INSERT INTO discipline (id,nameOfDiscipline,countOfLessons,exam) VALUES ('4187','Discipline КТППНМ-28','15','no');
INSERT INTO discipline (id,nameOfDiscipline,countOfLessons,exam) VALUES ('4188','Discipline КТППНМ-29','15','no');
INSERT INTO discipline (id,nameOfDiscipline,countOfLessons,exam) VALUES ('4189','Discipline КТППНМ-30','15','no');
INSERT INTO discipline (id,nameOfDiscipline,countOfLessons,exam) VALUES ('4190','Discipline КТППНМ-31','15','no');
INSERT INTO discipline (id,nameOfDiscipline,countOfLessons,exam) VALUES ('4191','Discipline КТППНМ-32','15','no');
INSERT INTO discipline (id,nameOfDiscipline,countOfLessons,exam) VALUES ('4192','Discipline КТППНМ-33','15','no');
INSERT INTO discipline (id,nameOfDiscipline,countOfLessons,exam) VALUES ('4193','Discipline КТППНМ-34','15','no');
INSERT INTO discipline (id,nameOfDiscipline,countOfLessons,exam) VALUES ('4194','Discipline КТППНМ-35','15','no');
INSERT INTO discipline (id,nameOfDiscipline,countOfLessons,exam) VALUES ('4195','Discipline КТППНМ-36','15','no');
INSERT INTO discipline (id,nameOfDiscipline,countOfLessons,exam) VALUES ('4196','Discipline КТППНМ-37','15','no');
INSERT INTO discipline (id,nameOfDiscipline,countOfLessons,exam) VALUES ('4197','Discipline КТППНМ-38','15','no');
INSERT INTO discipline (id,nameOfDiscipline,countOfLessons,exam) VALUES ('4198','Discipline КТППНМ-39','15','no');
INSERT INTO discipline (id,nameOfDiscipline,countOfLessons,exam) VALUES ('4199','Discipline КТППНМ-40','15','no');
INSERT INTO discipline (id,nameOfDiscipline,countOfLessons,exam) VALUES ('4200','Discipline КТППНМ-41','15','no');
INSERT INTO discipline (id,nameOfDiscipline,countOfLessons,exam) VALUES ('4201','Discipline КТППНМ-42','15','no');
INSERT INTO discipline (id,nameOfDiscipline,countOfLessons,exam) VALUES ('4202','Discipline КТППНМ-43','15','no');
INSERT INTO discipline (id,nameOfDiscipline,countOfLessons,exam) VALUES ('4203','Discipline КТППНМ-44','15','no');
INSERT INTO discipline (id,nameOfDiscipline,countOfLessons,exam) VALUES ('4204','Discipline КТППНМ-45','15','no');
INSERT INTO discipline (id,nameOfDiscipline,countOfLessons,exam) VALUES ('4205','Discipline КТППНМ-46','15','no');
INSERT INTO discipline (id,nameOfDiscipline,countOfLessons,exam) VALUES ('4206','Discipline КТППНМ-47','15','no');
INSERT INTO discipline (id,nameOfDiscipline,countOfLessons,exam) VALUES ('4207','Discipline КТППНМ-48','15','no');
INSERT INTO discipline (id,nameOfDiscipline,countOfLessons,exam) VALUES ('4208','Discipline КТППНМ-49','15','no');
INSERT INTO discipline (id,nameOfDiscipline,countOfLessons,exam) VALUES ('4209','Discipline КТППНМ-50','15','no');
INSERT INTO discipline (id,nameOfDiscipline,countOfLessons,exam) VALUES ('4210','Discipline КТППНМ-51','15','no');
INSERT INTO discipline (id,nameOfDiscipline,countOfLessons,exam) VALUES ('4211','Discipline КТППНМ-52','15','no');
INSERT INTO discipline (id,nameOfDiscipline,countOfLessons,exam) VALUES ('4212','Discipline КТППНМ-53','15','no');
INSERT INTO discipline (id,nameOfDiscipline,countOfLessons,exam) VALUES ('4213','Discipline КТППНМ-54','15','no');
INSERT INTO discipline (id,nameOfDiscipline,countOfLessons,exam) VALUES ('4214','Discipline КТППНМ-55','15','no');
INSERT INTO discipline (id,nameOfDiscipline,countOfLessons,exam) VALUES ('4215','Discipline КТППНМ-56','15','no');
INSERT INTO discipline (id,nameOfDiscipline,countOfLessons,exam) VALUES ('4216','Discipline КТППНМ-57','15','no');
INSERT INTO discipline (id,nameOfDiscipline,countOfLessons,exam) VALUES ('4217','Discipline КТППНМ-58','15','no');
INSERT INTO discipline (id,nameOfDiscipline,countOfLessons,exam) VALUES ('4218','Discipline КТППНМ-59','15','no');
INSERT INTO discipline (id,nameOfDiscipline,countOfLessons,exam) VALUES ('4219','Discipline КТППНМ-60','15','no');
INSERT INTO discipline (id,nameOfDiscipline,countOfLessons,exam) VALUES ('4220','Discipline КТППНМ-61','15','no');
INSERT INTO discipline (id,nameOfDiscipline,countOfLessons,exam) VALUES ('4221','Discipline КТППНМ-62','15','no');
INSERT INTO discipline (id,nameOfDiscipline,countOfLessons,exam) VALUES ('4222','Discipline КТППНМ-63','15','no');
INSERT INTO discipline (id,nameOfDiscipline,countOfLessons,exam) VALUES ('4223','Discipline КТППНМ-64','15','no');
INSERT INTO discipline (id,nameOfDiscipline,countOfLessons,exam) VALUES ('4224','Discipline КТППНМ-65','15','no');
INSERT INTO discipline (id,nameOfDiscipline,countOfLessons,exam) VALUES ('4225','Discipline КТППНМ-66','15','no');
INSERT INTO discipline (id,nameOfDiscipline,countOfLessons,exam) VALUES ('4226','Discipline КТППНМ-67','15','no');
INSERT INTO discipline (id,nameOfDiscipline,countOfLessons,exam) VALUES ('4227','Discipline КТППНМ-68','15','no');
INSERT INTO discipline (id,nameOfDiscipline,countOfLessons,exam) VALUES ('4228','Discipline КТППНМ-69','15','no');
INSERT INTO discipline (id,nameOfDiscipline,countOfLessons,exam) VALUES ('4229','Discipline КТППНМ-70','15','no');
INSERT INTO discipline (id,nameOfDiscipline,countOfLessons,exam) VALUES ('4230','Discipline КТППНМ-71','15','no');
INSERT INTO discipline (id,nameOfDiscipline,countOfLessons,exam) VALUES ('4231','Discipline КТППНМ-72','15','no');
INSERT INTO discipline (id,nameOfDiscipline,countOfLessons,exam) VALUES ('4232','Discipline КТППНМ-73','15','no');
INSERT INTO discipline (id,nameOfDiscipline,countOfLessons,exam) VALUES ('4233','Discipline КТППНМ-74','15','no');
INSERT INTO discipline (id,nameOfDiscipline,countOfLessons,exam) VALUES ('4234','Discipline КТППНМ-75','15','no');
INSERT INTO discipline (id,nameOfDiscipline,countOfLessons,exam) VALUES ('4235','Discipline КТППНМ-76','15','no');
INSERT INTO discipline (id,nameOfDiscipline,countOfLessons,exam) VALUES ('4236','Discipline КТППНМ-77','15','no');
INSERT INTO discipline (id,nameOfDiscipline,countOfLessons,exam) VALUES ('4237','Discipline КТППНМ-78','15','no');
INSERT INTO disciplineDepartmentDependency (ID,disciplineID,departmentID,courseNumber,semesterNumber) VALUES ('4159','4159','58','1','1');
INSERT INTO disciplineDepartmentDependency (ID,disciplineID,departmentID,courseNumber,semesterNumber) VALUES ('4160','4160','58','2','2');
INSERT INTO disciplineDepartmentDependency (ID,disciplineID,departmentID,courseNumber,semesterNumber) VALUES ('4161','4161','58','3','1');
INSERT INTO disciplineDepartmentDependency (ID,disciplineID,departmentID,courseNumber,semesterNumber) VALUES ('4162','4162','58','4','2');
INSERT INTO disciplineDepartmentDependency (ID,disciplineID,departmentID,courseNumber,semesterNumber) VALUES ('4163','4163','58','5','1');
INSERT INTO disciplineDepartmentDependency (ID,disciplineID,departmentID,courseNumber,semesterNumber) VALUES ('4164','4164','58','6','2');
INSERT INTO disciplineDepartmentDependency (ID,disciplineID,departmentID,courseNumber,semesterNumber) VALUES ('4165','4165','58','1','1');
INSERT INTO disciplineDepartmentDependency (ID,disciplineID,departmentID,courseNumber,semesterNumber) VALUES ('4166','4166','58','2','2');
INSERT INTO disciplineDepartmentDependency (ID,disciplineID,departmentID,courseNumber,semesterNumber) VALUES ('4167','4167','58','3','1');
INSERT INTO disciplineDepartmentDependency (ID,disciplineID,departmentID,courseNumber,semesterNumber) VALUES ('4168','4168','58','4','2');
INSERT INTO disciplineDepartmentDependency (ID,disciplineID,departmentID,courseNumber,semesterNumber) VALUES ('4169','4169','58','5','1');
INSERT INTO disciplineDepartmentDependency (ID,disciplineID,departmentID,courseNumber,semesterNumber) VALUES ('4170','4170','58','6','2');
INSERT INTO disciplineDepartmentDependency (ID,disciplineID,departmentID,courseNumber,semesterNumber) VALUES ('4171','4171','58','1','1');
INSERT INTO disciplineDepartmentDependency (ID,disciplineID,departmentID,courseNumber,semesterNumber) VALUES ('4172','4172','58','2','2');
INSERT INTO disciplineDepartmentDependency (ID,disciplineID,departmentID,courseNumber,semesterNumber) VALUES ('4173','4173','58','3','1');
INSERT INTO disciplineDepartmentDependency (ID,disciplineID,departmentID,courseNumber,semesterNumber) VALUES ('4174','4174','58','4','2');
INSERT INTO disciplineDepartmentDependency (ID,disciplineID,departmentID,courseNumber,semesterNumber) VALUES ('4175','4175','58','5','1');
INSERT INTO disciplineDepartmentDependency (ID,disciplineID,departmentID,courseNumber,semesterNumber) VALUES ('4176','4176','58','6','2');
INSERT INTO disciplineDepartmentDependency (ID,disciplineID,departmentID,courseNumber,semesterNumber) VALUES ('4177','4177','58','1','1');
INSERT INTO disciplineDepartmentDependency (ID,disciplineID,departmentID,courseNumber,semesterNumber) VALUES ('4178','4178','58','2','2');
INSERT INTO disciplineDepartmentDependency (ID,disciplineID,departmentID,courseNumber,semesterNumber) VALUES ('4179','4179','58','3','1');
INSERT INTO disciplineDepartmentDependency (ID,disciplineID,departmentID,courseNumber,semesterNumber) VALUES ('4180','4180','58','4','2');
INSERT INTO disciplineDepartmentDependency (ID,disciplineID,departmentID,courseNumber,semesterNumber) VALUES ('4181','4181','58','5','1');
INSERT INTO disciplineDepartmentDependency (ID,disciplineID,departmentID,courseNumber,semesterNumber) VALUES ('4182','4182','58','6','2');
INSERT INTO disciplineDepartmentDependency (ID,disciplineID,departmentID,courseNumber,semesterNumber) VALUES ('4183','4183','58','1','1');
INSERT INTO disciplineDepartmentDependency (ID,disciplineID,departmentID,courseNumber,semesterNumber) VALUES ('4184','4184','58','2','2');
INSERT INTO disciplineDepartmentDependency (ID,disciplineID,departmentID,courseNumber,semesterNumber) VALUES ('4185','4185','58','3','1');
INSERT INTO disciplineDepartmentDependency (ID,disciplineID,departmentID,courseNumber,semesterNumber) VALUES ('4186','4186','58','4','2');
INSERT INTO disciplineDepartmentDependency (ID,disciplineID,departmentID,courseNumber,semesterNumber) VALUES ('4187','4187','58','5','1');
INSERT INTO disciplineDepartmentDependency (ID,disciplineID,departmentID,courseNumber,semesterNumber) VALUES ('4188','4188','58','6','2');
INSERT INTO disciplineDepartmentDependency (ID,disciplineID,departmentID,courseNumber,semesterNumber) VALUES ('4189','4189','58','1','1');
INSERT INTO disciplineDepartmentDependency (ID,disciplineID,departmentID,courseNumber,semesterNumber) VALUES ('4190','4190','58','2','2');
INSERT INTO disciplineDepartmentDependency (ID,disciplineID,departmentID,courseNumber,semesterNumber) VALUES ('4191','4191','58','3','1');
INSERT INTO disciplineDepartmentDependency (ID,disciplineID,departmentID,courseNumber,semesterNumber) VALUES ('4192','4192','58','4','2');
INSERT INTO disciplineDepartmentDependency (ID,disciplineID,departmentID,courseNumber,semesterNumber) VALUES ('4193','4193','58','5','1');
INSERT INTO disciplineDepartmentDependency (ID,disciplineID,departmentID,courseNumber,semesterNumber) VALUES ('4194','4194','58','6','2');
INSERT INTO disciplineDepartmentDependency (ID,disciplineID,departmentID,courseNumber,semesterNumber) VALUES ('4195','4195','58','1','1');
INSERT INTO disciplineDepartmentDependency (ID,disciplineID,departmentID,courseNumber,semesterNumber) VALUES ('4196','4196','58','2','2');
INSERT INTO disciplineDepartmentDependency (ID,disciplineID,departmentID,courseNumber,semesterNumber) VALUES ('4197','4197','58','3','1');
INSERT INTO disciplineDepartmentDependency (ID,disciplineID,departmentID,courseNumber,semesterNumber) VALUES ('4198','4198','58','4','2');
INSERT INTO disciplineDepartmentDependency (ID,disciplineID,departmentID,courseNumber,semesterNumber) VALUES ('4199','4199','58','5','1');
INSERT INTO disciplineDepartmentDependency (ID,disciplineID,departmentID,courseNumber,semesterNumber) VALUES ('4200','4200','58','6','2');
INSERT INTO disciplineDepartmentDependency (ID,disciplineID,departmentID,courseNumber,semesterNumber) VALUES ('4201','4201','58','1','1');
INSERT INTO disciplineDepartmentDependency (ID,disciplineID,departmentID,courseNumber,semesterNumber) VALUES ('4202','4202','58','2','2');
INSERT INTO disciplineDepartmentDependency (ID,disciplineID,departmentID,courseNumber,semesterNumber) VALUES ('4203','4203','58','3','1');
INSERT INTO disciplineDepartmentDependency (ID,disciplineID,departmentID,courseNumber,semesterNumber) VALUES ('4204','4204','58','4','2');
INSERT INTO disciplineDepartmentDependency (ID,disciplineID,departmentID,courseNumber,semesterNumber) VALUES ('4205','4205','58','5','1');
INSERT INTO disciplineDepartmentDependency (ID,disciplineID,departmentID,courseNumber,semesterNumber) VALUES ('4206','4206','58','6','2');
INSERT INTO disciplineDepartmentDependency (ID,disciplineID,departmentID,courseNumber,semesterNumber) VALUES ('4207','4207','58','1','1');
INSERT INTO disciplineDepartmentDependency (ID,disciplineID,departmentID,courseNumber,semesterNumber) VALUES ('4208','4208','58','2','2');
INSERT INTO disciplineDepartmentDependency (ID,disciplineID,departmentID,courseNumber,semesterNumber) VALUES ('4209','4209','58','3','1');
INSERT INTO disciplineDepartmentDependency (ID,disciplineID,departmentID,courseNumber,semesterNumber) VALUES ('4210','4210','58','4','2');
INSERT INTO disciplineDepartmentDependency (ID,disciplineID,departmentID,courseNumber,semesterNumber) VALUES ('4211','4211','58','5','1');
INSERT INTO disciplineDepartmentDependency (ID,disciplineID,departmentID,courseNumber,semesterNumber) VALUES ('4212','4212','58','6','2');
INSERT INTO disciplineDepartmentDependency (ID,disciplineID,departmentID,courseNumber,semesterNumber) VALUES ('4213','4213','58','1','1');
INSERT INTO disciplineDepartmentDependency (ID,disciplineID,departmentID,courseNumber,semesterNumber) VALUES ('4214','4214','58','2','2');
INSERT INTO disciplineDepartmentDependency (ID,disciplineID,departmentID,courseNumber,semesterNumber) VALUES ('4215','4215','58','3','1');
INSERT INTO disciplineDepartmentDependency (ID,disciplineID,departmentID,courseNumber,semesterNumber) VALUES ('4216','4216','58','4','2');
INSERT INTO disciplineDepartmentDependency (ID,disciplineID,departmentID,courseNumber,semesterNumber) VALUES ('4217','4217','58','5','1');
INSERT INTO disciplineDepartmentDependency (ID,disciplineID,departmentID,courseNumber,semesterNumber) VALUES ('4218','4218','58','6','2');
INSERT INTO disciplineDepartmentDependency (ID,disciplineID,departmentID,courseNumber,semesterNumber) VALUES ('4219','4219','58','1','1');
INSERT INTO disciplineDepartmentDependency (ID,disciplineID,departmentID,courseNumber,semesterNumber) VALUES ('4220','4220','58','2','2');
INSERT INTO disciplineDepartmentDependency (ID,disciplineID,departmentID,courseNumber,semesterNumber) VALUES ('4221','4221','58','3','1');
INSERT INTO disciplineDepartmentDependency (ID,disciplineID,departmentID,courseNumber,semesterNumber) VALUES ('4222','4222','58','4','2');
INSERT INTO disciplineDepartmentDependency (ID,disciplineID,departmentID,courseNumber,semesterNumber) VALUES ('4223','4223','58','5','1');
INSERT INTO disciplineDepartmentDependency (ID,disciplineID,departmentID,courseNumber,semesterNumber) VALUES ('4224','4224','58','6','2');
INSERT INTO disciplineDepartmentDependency (ID,disciplineID,departmentID,courseNumber,semesterNumber) VALUES ('4225','4225','58','1','1');
INSERT INTO disciplineDepartmentDependency (ID,disciplineID,departmentID,courseNumber,semesterNumber) VALUES ('4226','4226','58','2','2');
INSERT INTO disciplineDepartmentDependency (ID,disciplineID,departmentID,courseNumber,semesterNumber) VALUES ('4227','4227','58','3','1');
INSERT INTO disciplineDepartmentDependency (ID,disciplineID,departmentID,courseNumber,semesterNumber) VALUES ('4228','4228','58','4','2');
INSERT INTO disciplineDepartmentDependency (ID,disciplineID,departmentID,courseNumber,semesterNumber) VALUES ('4229','4229','58','5','1');
INSERT INTO disciplineDepartmentDependency (ID,disciplineID,departmentID,courseNumber,semesterNumber) VALUES ('4230','4230','58','6','2');
INSERT INTO disciplineDepartmentDependency (ID,disciplineID,departmentID,courseNumber,semesterNumber) VALUES ('4231','4231','58','1','1');
INSERT INTO disciplineDepartmentDependency (ID,disciplineID,departmentID,courseNumber,semesterNumber) VALUES ('4232','4232','58','2','2');
INSERT INTO disciplineDepartmentDependency (ID,disciplineID,departmentID,courseNumber,semesterNumber) VALUES ('4233','4233','58','3','1');
INSERT INTO disciplineDepartmentDependency (ID,disciplineID,departmentID,courseNumber,semesterNumber) VALUES ('4234','4234','58','4','2');
INSERT INTO disciplineDepartmentDependency (ID,disciplineID,departmentID,courseNumber,semesterNumber) VALUES ('4235','4235','58','5','1');
INSERT INTO disciplineDepartmentDependency (ID,disciplineID,departmentID,courseNumber,semesterNumber) VALUES ('4236','4236','58','6','2');
INSERT INTO disciplineDepartmentDependency (ID,disciplineID,departmentID,courseNumber,semesterNumber) VALUES ('4237','4237','58','1','1');
INSERT INTO loginpass (ID,login,password,access_type) VALUES ('151','GLADKODANXLQK@live.fr','6DIKCtKL','employee');
INSERT INTO employee (name,lastName,fathersName,personalID,sex,email,phoneNumber,dateOfBorn,address,passport,login,office,ID,departmentID) VALUES ('Гладко','ДАНИЛЮК','Григорович','2866627853','m','GLADKODANXLQK@live.fr','0964045108','1958-04-10','74368 Кам'янець-Подільський Кібенка 4, 105','QY155481 ГУМВС 49','GLADKODANXLQK@live.fr','HR','145','58');
INSERT INTO loginpass (ID,login,password,access_type) VALUES ('152','GATUSLAVKULXK@freeserve.co.uk','SaCvV3RT','employee');
INSERT INTO employee (name,lastName,fathersName,personalID,sex,email,phoneNumber,dateOfBorn,address,passport,login,office,ID,departmentID) VALUES ('Гатуслав','КУЛИК','Миколайович','7637244381','m','GATUSLAVKULXK@freeserve.co.uk','0931068160','1960-05-28','35772 Суми Кірова 31, 293','BR261654 ГУМВС 29','GATUSLAVKULXK@freeserve.co.uk','HR','145','58');
INSERT INTO loginpass (ID,login,password,access_type) VALUES ('153','VXQENARADZENKO@live.co.uk','b&WecXGX','employee');
INSERT INTO employee (name,lastName,fathersName,personalID,sex,email,phoneNumber,dateOfBorn,address,passport,login,office,ID,departmentID) VALUES ('Вишена','РАДЧЕНКО','Луківна','1708855500','f','VXQENARADZENKO@live.co.uk','0968875110','1965-08-26','03564 Іллічівськ Гречухи 0, 125','IT267636 ГУМВС 47','VXQENARADZENKO@live.co.uk','HR','146','58');
INSERT INTO loginpass (ID,login,password,access_type) VALUES ('154','VERNXDUBKOROLQ@orange.net','h1aoC5#s','employee');
INSERT INTO employee (name,lastName,fathersName,personalID,sex,email,phoneNumber,dateOfBorn,address,passport,login,office,ID,departmentID) VALUES ('Вернидуб','КОРОЛЬ','Лукич','2260506425','m','VERNXDUBKOROLQ@orange.net','0681155301','1979-08-26','27242 Шостка Армії 38-ї 79, 212','JO114286 ГУМВС 43','VERNXDUBKOROLQ@orange.net','HR','147','58');
INSERT INTO gtgroup (id,fullGroupName,courseNumber,departmentID) VALUES ('666','КТППНМ-10','1','58');
INSERT INTO gtgroup (id,fullGroupName,courseNumber,departmentID) VALUES ('667','КТППНМ-11','1','58');
INSERT INTO gtgroup (id,fullGroupName,courseNumber,departmentID) VALUES ('668','КТППНМ-12','1','58');
INSERT INTO gtgroup (id,fullGroupName,courseNumber,departmentID) VALUES ('669','КТППНМ-20','2','58');
INSERT INTO gtgroup (id,fullGroupName,courseNumber,departmentID) VALUES ('670','КТППНМ-21','2','58');
INSERT INTO gtgroup (id,fullGroupName,courseNumber,departmentID) VALUES ('671','КТППНМ-22','2','58');
INSERT INTO gtgroup (id,fullGroupName,courseNumber,departmentID) VALUES ('672','КТППНМ-30','3','58');
INSERT INTO gtgroup (id,fullGroupName,courseNumber,departmentID) VALUES ('673','КТППНМ-31','3','58');
INSERT INTO gtgroup (id,fullGroupName,courseNumber,departmentID) VALUES ('674','КТППНМ-32','3','58');
INSERT INTO gtgroup (id,fullGroupName,courseNumber,departmentID) VALUES ('675','КТППНМ-40','4','58');
INSERT INTO gtgroup (id,fullGroupName,courseNumber,departmentID) VALUES ('676','КТППНМ-41','4','58');
INSERT INTO gtgroup (id,fullGroupName,courseNumber,departmentID) VALUES ('677','КТППНМ-42','4','58');
INSERT INTO gtgroup (id,fullGroupName,courseNumber,departmentID) VALUES ('678','КТППНМ-50','5','58');
INSERT INTO gtgroup (id,fullGroupName,courseNumber,departmentID) VALUES ('679','КТППНМ-51','5','58');
INSERT INTO gtgroup (id,fullGroupName,courseNumber,departmentID) VALUES ('680','КТППНМ-52','5','58');
INSERT INTO gtgroup (id,fullGroupName,courseNumber,departmentID) VALUES ('681','КТППНМ-60','6','58');
INSERT INTO gtgroup (id,fullGroupName,courseNumber,departmentID) VALUES ('682','КТППНМ-61','6','58');
INSERT INTO gtgroup (id,fullGroupName,courseNumber,departmentID) VALUES ('683','КТППНМ-62','6','58');
INSERT INTO dayRequirements (id,departmentID,countOfDaysInWeek,countOfLessonsInADay) VALUES ('58','59','6','5');
INSERT INTO discipline (id,nameOfDiscipline,countOfLessons,exam) VALUES ('4238','Discipline КМ-0','15','no');
INSERT INTO discipline (id,nameOfDiscipline,countOfLessons,exam) VALUES ('4239','Discipline КМ-1','15','no');
INSERT INTO discipline (id,nameOfDiscipline,countOfLessons,exam) VALUES ('4240','Discipline КМ-2','15','no');
INSERT INTO discipline (id,nameOfDiscipline,countOfLessons,exam) VALUES ('4241','Discipline КМ-3','15','no');
INSERT INTO discipline (id,nameOfDiscipline,countOfLessons,exam) VALUES ('4242','Discipline КМ-4','15','no');
INSERT INTO discipline (id,nameOfDiscipline,countOfLessons,exam) VALUES ('4243','Discipline КМ-5','15','no');
INSERT INTO discipline (id,nameOfDiscipline,countOfLessons,exam) VALUES ('4244','Discipline КМ-6','15','no');
INSERT INTO discipline (id,nameOfDiscipline,countOfLessons,exam) VALUES ('4245','Discipline КМ-7','15','no');
INSERT INTO discipline (id,nameOfDiscipline,countOfLessons,exam) VALUES ('4246','Discipline КМ-8','15','no');
INSERT INTO discipline (id,nameOfDiscipline,countOfLessons,exam) VALUES ('4247','Discipline КМ-9','15','no');
INSERT INTO discipline (id,nameOfDiscipline,countOfLessons,exam) VALUES ('4248','Discipline КМ-10','15','no');
INSERT INTO discipline (id,nameOfDiscipline,countOfLessons,exam) VALUES ('4249','Discipline КМ-11','15','no');
INSERT INTO discipline (id,nameOfDiscipline,countOfLessons,exam) VALUES ('4250','Discipline КМ-12','15','no');
INSERT INTO discipline (id,nameOfDiscipline,countOfLessons,exam) VALUES ('4251','Discipline КМ-13','15','no');
INSERT INTO discipline (id,nameOfDiscipline,countOfLessons,exam) VALUES ('4252','Discipline КМ-14','15','no');
INSERT INTO discipline (id,nameOfDiscipline,countOfLessons,exam) VALUES ('4253','Discipline КМ-15','15','no');
INSERT INTO discipline (id,nameOfDiscipline,countOfLessons,exam) VALUES ('4254','Discipline КМ-16','15','no');
INSERT INTO discipline (id,nameOfDiscipline,countOfLessons,exam) VALUES ('4255','Discipline КМ-17','15','no');
INSERT INTO discipline (id,nameOfDiscipline,countOfLessons,exam) VALUES ('4256','Discipline КМ-18','15','no');
INSERT INTO discipline (id,nameOfDiscipline,countOfLessons,exam) VALUES ('4257','Discipline КМ-19','15','no');
INSERT INTO discipline (id,nameOfDiscipline,countOfLessons,exam) VALUES ('4258','Discipline КМ-20','15','no');
INSERT INTO discipline (id,nameOfDiscipline,countOfLessons,exam) VALUES ('4259','Discipline КМ-21','15','no');
INSERT INTO discipline (id,nameOfDiscipline,countOfLessons,exam) VALUES ('4260','Discipline КМ-22','15','no');
INSERT INTO discipline (id,nameOfDiscipline,countOfLessons,exam) VALUES ('4261','Discipline КМ-23','15','no');
INSERT INTO discipline (id,nameOfDiscipline,countOfLessons,exam) VALUES ('4262','Discipline КМ-24','15','no');
INSERT INTO discipline (id,nameOfDiscipline,countOfLessons,exam) VALUES ('4263','Discipline КМ-25','15','no');
INSERT INTO discipline (id,nameOfDiscipline,countOfLessons,exam) VALUES ('4264','Discipline КМ-26','15','no');
INSERT INTO discipline (id,nameOfDiscipline,countOfLessons,exam) VALUES ('4265','Discipline КМ-27','15','no');
INSERT INTO discipline (id,nameOfDiscipline,countOfLessons,exam) VALUES ('4266','Discipline КМ-28','15','no');
INSERT INTO discipline (id,nameOfDiscipline,countOfLessons,exam) VALUES ('4267','Discipline КМ-29','15','no');
INSERT INTO discipline (id,nameOfDiscipline,countOfLessons,exam) VALUES ('4268','Discipline КМ-30','15','no');
INSERT INTO discipline (id,nameOfDiscipline,countOfLessons,exam) VALUES ('4269','Discipline КМ-31','15','no');
INSERT INTO discipline (id,nameOfDiscipline,countOfLessons,exam) VALUES ('4270','Discipline КМ-32','15','no');
INSERT INTO discipline (id,nameOfDiscipline,countOfLessons,exam) VALUES ('4271','Discipline КМ-33','15','no');
INSERT INTO discipline (id,nameOfDiscipline,countOfLessons,exam) VALUES ('4272','Discipline КМ-34','15','no');
INSERT INTO discipline (id,nameOfDiscipline,countOfLessons,exam) VALUES ('4273','Discipline КМ-35','15','no');
INSERT INTO discipline (id,nameOfDiscipline,countOfLessons,exam) VALUES ('4274','Discipline КМ-36','15','no');
INSERT INTO discipline (id,nameOfDiscipline,countOfLessons,exam) VALUES ('4275','Discipline КМ-37','15','no');
INSERT INTO discipline (id,nameOfDiscipline,countOfLessons,exam) VALUES ('4276','Discipline КМ-38','15','no');
INSERT INTO discipline (id,nameOfDiscipline,countOfLessons,exam) VALUES ('4277','Discipline КМ-39','15','no');
INSERT INTO discipline (id,nameOfDiscipline,countOfLessons,exam) VALUES ('4278','Discipline КМ-40','15','no');
INSERT INTO discipline (id,nameOfDiscipline,countOfLessons,exam) VALUES ('4279','Discipline КМ-41','15','no');
INSERT INTO discipline (id,nameOfDiscipline,countOfLessons,exam) VALUES ('4280','Discipline КМ-42','15','no');
INSERT INTO discipline (id,nameOfDiscipline,countOfLessons,exam) VALUES ('4281','Discipline КМ-43','15','no');
INSERT INTO discipline (id,nameOfDiscipline,countOfLessons,exam) VALUES ('4282','Discipline КМ-44','15','no');
INSERT INTO discipline (id,nameOfDiscipline,countOfLessons,exam) VALUES ('4283','Discipline КМ-45','15','no');
INSERT INTO discipline (id,nameOfDiscipline,countOfLessons,exam) VALUES ('4284','Discipline КМ-46','15','no');
INSERT INTO discipline (id,nameOfDiscipline,countOfLessons,exam) VALUES ('4285','Discipline КМ-47','15','no');
INSERT INTO discipline (id,nameOfDiscipline,countOfLessons,exam) VALUES ('4286','Discipline КМ-48','15','no');
INSERT INTO discipline (id,nameOfDiscipline,countOfLessons,exam) VALUES ('4287','Discipline КМ-49','15','no');
INSERT INTO discipline (id,nameOfDiscipline,countOfLessons,exam) VALUES ('4288','Discipline КМ-50','15','no');
INSERT INTO discipline (id,nameOfDiscipline,countOfLessons,exam) VALUES ('4289','Discipline КМ-51','15','no');
INSERT INTO discipline (id,nameOfDiscipline,countOfLessons,exam) VALUES ('4290','Discipline КМ-52','15','no');
INSERT INTO discipline (id,nameOfDiscipline,countOfLessons,exam) VALUES ('4291','Discipline КМ-53','15','no');
INSERT INTO discipline (id,nameOfDiscipline,countOfLessons,exam) VALUES ('4292','Discipline КМ-54','15','no');
INSERT INTO discipline (id,nameOfDiscipline,countOfLessons,exam) VALUES ('4293','Discipline КМ-55','15','no');
INSERT INTO discipline (id,nameOfDiscipline,countOfLessons,exam) VALUES ('4294','Discipline КМ-56','15','no');
INSERT INTO discipline (id,nameOfDiscipline,countOfLessons,exam) VALUES ('4295','Discipline КМ-57','15','no');
INSERT INTO discipline (id,nameOfDiscipline,countOfLessons,exam) VALUES ('4296','Discipline КМ-58','15','no');
INSERT INTO discipline (id,nameOfDiscipline,countOfLessons,exam) VALUES ('4297','Discipline КМ-59','15','no');
INSERT INTO discipline (id,nameOfDiscipline,countOfLessons,exam) VALUES ('4298','Discipline КМ-60','15','no');
INSERT INTO discipline (id,nameOfDiscipline,countOfLessons,exam) VALUES ('4299','Discipline КМ-61','15','no');
INSERT INTO discipline (id,nameOfDiscipline,countOfLessons,exam) VALUES ('4300','Discipline КМ-62','15','no');
INSERT INTO discipline (id,nameOfDiscipline,countOfLessons,exam) VALUES ('4301','Discipline КМ-63','15','no');
INSERT INTO discipline (id,nameOfDiscipline,countOfLessons,exam) VALUES ('4302','Discipline КМ-64','15','no');
INSERT INTO discipline (id,nameOfDiscipline,countOfLessons,exam) VALUES ('4303','Discipline КМ-65','15','no');
INSERT INTO discipline (id,nameOfDiscipline,countOfLessons,exam) VALUES ('4304','Discipline КМ-66','15','no');
INSERT INTO discipline (id,nameOfDiscipline,countOfLessons,exam) VALUES ('4305','Discipline КМ-67','15','no');
INSERT INTO discipline (id,nameOfDiscipline,countOfLessons,exam) VALUES ('4306','Discipline КМ-68','15','no');
INSERT INTO discipline (id,nameOfDiscipline,countOfLessons,exam) VALUES ('4307','Discipline КМ-69','15','no');
INSERT INTO discipline (id,nameOfDiscipline,countOfLessons,exam) VALUES ('4308','Discipline КМ-70','15','no');
INSERT INTO discipline (id,nameOfDiscipline,countOfLessons,exam) VALUES ('4309','Discipline КМ-71','15','no');
INSERT INTO discipline (id,nameOfDiscipline,countOfLessons,exam) VALUES ('4310','Discipline КМ-72','15','no');
INSERT INTO discipline (id,nameOfDiscipline,countOfLessons,exam) VALUES ('4311','Discipline КМ-73','15','no');
INSERT INTO discipline (id,nameOfDiscipline,countOfLessons,exam) VALUES ('4312','Discipline КМ-74','15','no');
INSERT INTO discipline (id,nameOfDiscipline,countOfLessons,exam) VALUES ('4313','Discipline КМ-75','15','no');
INSERT INTO discipline (id,nameOfDiscipline,countOfLessons,exam) VALUES ('4314','Discipline КМ-76','15','no');
INSERT INTO discipline (id,nameOfDiscipline,countOfLessons,exam) VALUES ('4315','Discipline КМ-77','15','no');
INSERT INTO discipline (id,nameOfDiscipline,countOfLessons,exam) VALUES ('4316','Discipline КМ-78','15','no');
INSERT INTO discipline (id,nameOfDiscipline,countOfLessons,exam) VALUES ('4317','Discipline КМ-79','15','no');
INSERT INTO discipline (id,nameOfDiscipline,countOfLessons,exam) VALUES ('4318','Discipline КМ-80','15','no');
INSERT INTO discipline (id,nameOfDiscipline,countOfLessons,exam) VALUES ('4319','Discipline КМ-81','15','no');
INSERT INTO discipline (id,nameOfDiscipline,countOfLessons,exam) VALUES ('4320','Discipline КМ-82','15','no');
INSERT INTO discipline (id,nameOfDiscipline,countOfLessons,exam) VALUES ('4321','Discipline КМ-83','15','no');
INSERT INTO discipline (id,nameOfDiscipline,countOfLessons,exam) VALUES ('4322','Discipline КМ-84','15','no');
INSERT INTO disciplineDepartmentDependency (ID,disciplineID,departmentID,courseNumber,semesterNumber) VALUES ('4238','4238','59','1','1');
INSERT INTO disciplineDepartmentDependency (ID,disciplineID,departmentID,courseNumber,semesterNumber) VALUES ('4239','4239','59','2','2');
INSERT INTO disciplineDepartmentDependency (ID,disciplineID,departmentID,courseNumber,semesterNumber) VALUES ('4240','4240','59','3','1');
INSERT INTO disciplineDepartmentDependency (ID,disciplineID,departmentID,courseNumber,semesterNumber) VALUES ('4241','4241','59','4','2');
INSERT INTO disciplineDepartmentDependency (ID,disciplineID,departmentID,courseNumber,semesterNumber) VALUES ('4242','4242','59','5','1');
INSERT INTO disciplineDepartmentDependency (ID,disciplineID,departmentID,courseNumber,semesterNumber) VALUES ('4243','4243','59','6','2');
INSERT INTO disciplineDepartmentDependency (ID,disciplineID,departmentID,courseNumber,semesterNumber) VALUES ('4244','4244','59','1','1');
INSERT INTO disciplineDepartmentDependency (ID,disciplineID,departmentID,courseNumber,semesterNumber) VALUES ('4245','4245','59','2','2');
INSERT INTO disciplineDepartmentDependency (ID,disciplineID,departmentID,courseNumber,semesterNumber) VALUES ('4246','4246','59','3','1');
INSERT INTO disciplineDepartmentDependency (ID,disciplineID,departmentID,courseNumber,semesterNumber) VALUES ('4247','4247','59','4','2');
INSERT INTO disciplineDepartmentDependency (ID,disciplineID,departmentID,courseNumber,semesterNumber) VALUES ('4248','4248','59','5','1');
INSERT INTO disciplineDepartmentDependency (ID,disciplineID,departmentID,courseNumber,semesterNumber) VALUES ('4249','4249','59','6','2');
INSERT INTO disciplineDepartmentDependency (ID,disciplineID,departmentID,courseNumber,semesterNumber) VALUES ('4250','4250','59','1','1');
INSERT INTO disciplineDepartmentDependency (ID,disciplineID,departmentID,courseNumber,semesterNumber) VALUES ('4251','4251','59','2','2');
INSERT INTO disciplineDepartmentDependency (ID,disciplineID,departmentID,courseNumber,semesterNumber) VALUES ('4252','4252','59','3','1');
INSERT INTO disciplineDepartmentDependency (ID,disciplineID,departmentID,courseNumber,semesterNumber) VALUES ('4253','4253','59','4','2');
INSERT INTO disciplineDepartmentDependency (ID,disciplineID,departmentID,courseNumber,semesterNumber) VALUES ('4254','4254','59','5','1');
INSERT INTO disciplineDepartmentDependency (ID,disciplineID,departmentID,courseNumber,semesterNumber) VALUES ('4255','4255','59','6','2');
INSERT INTO disciplineDepartmentDependency (ID,disciplineID,departmentID,courseNumber,semesterNumber) VALUES ('4256','4256','59','1','1');
INSERT INTO disciplineDepartmentDependency (ID,disciplineID,departmentID,courseNumber,semesterNumber) VALUES ('4257','4257','59','2','2');
INSERT INTO disciplineDepartmentDependency (ID,disciplineID,departmentID,courseNumber,semesterNumber) VALUES ('4258','4258','59','3','1');
INSERT INTO disciplineDepartmentDependency (ID,disciplineID,departmentID,courseNumber,semesterNumber) VALUES ('4259','4259','59','4','2');
INSERT INTO disciplineDepartmentDependency (ID,disciplineID,departmentID,courseNumber,semesterNumber) VALUES ('4260','4260','59','5','1');
INSERT INTO disciplineDepartmentDependency (ID,disciplineID,departmentID,courseNumber,semesterNumber) VALUES ('4261','4261','59','6','2');
INSERT INTO disciplineDepartmentDependency (ID,disciplineID,departmentID,courseNumber,semesterNumber) VALUES ('4262','4262','59','1','1');
INSERT INTO disciplineDepartmentDependency (ID,disciplineID,departmentID,courseNumber,semesterNumber) VALUES ('4263','4263','59','2','2');
INSERT INTO disciplineDepartmentDependency (ID,disciplineID,departmentID,courseNumber,semesterNumber) VALUES ('4264','4264','59','3','1');
INSERT INTO disciplineDepartmentDependency (ID,disciplineID,departmentID,courseNumber,semesterNumber) VALUES ('4265','4265','59','4','2');
INSERT INTO disciplineDepartmentDependency (ID,disciplineID,departmentID,courseNumber,semesterNumber) VALUES ('4266','4266','59','5','1');
INSERT INTO disciplineDepartmentDependency (ID,disciplineID,departmentID,courseNumber,semesterNumber) VALUES ('4267','4267','59','6','2');
INSERT INTO disciplineDepartmentDependency (ID,disciplineID,departmentID,courseNumber,semesterNumber) VALUES ('4268','4268','59','1','1');
INSERT INTO disciplineDepartmentDependency (ID,disciplineID,departmentID,courseNumber,semesterNumber) VALUES ('4269','4269','59','2','2');
INSERT INTO disciplineDepartmentDependency (ID,disciplineID,departmentID,courseNumber,semesterNumber) VALUES ('4270','4270','59','3','1');
INSERT INTO disciplineDepartmentDependency (ID,disciplineID,departmentID,courseNumber,semesterNumber) VALUES ('4271','4271','59','4','2');
INSERT INTO disciplineDepartmentDependency (ID,disciplineID,departmentID,courseNumber,semesterNumber) VALUES ('4272','4272','59','5','1');
INSERT INTO disciplineDepartmentDependency (ID,disciplineID,departmentID,courseNumber,semesterNumber) VALUES ('4273','4273','59','6','2');
INSERT INTO disciplineDepartmentDependency (ID,disciplineID,departmentID,courseNumber,semesterNumber) VALUES ('4274','4274','59','1','1');
INSERT INTO disciplineDepartmentDependency (ID,disciplineID,departmentID,courseNumber,semesterNumber) VALUES ('4275','4275','59','2','2');
INSERT INTO disciplineDepartmentDependency (ID,disciplineID,departmentID,courseNumber,semesterNumber) VALUES ('4276','4276','59','3','1');
INSERT INTO disciplineDepartmentDependency (ID,disciplineID,departmentID,courseNumber,semesterNumber) VALUES ('4277','4277','59','4','2');
INSERT INTO disciplineDepartmentDependency (ID,disciplineID,departmentID,courseNumber,semesterNumber) VALUES ('4278','4278','59','5','1');
INSERT INTO disciplineDepartmentDependency (ID,disciplineID,departmentID,courseNumber,semesterNumber) VALUES ('4279','4279','59','6','2');
INSERT INTO disciplineDepartmentDependency (ID,disciplineID,departmentID,courseNumber,semesterNumber) VALUES ('4280','4280','59','1','1');
INSERT INTO disciplineDepartmentDependency (ID,disciplineID,departmentID,courseNumber,semesterNumber) VALUES ('4281','4281','59','2','2');
INSERT INTO disciplineDepartmentDependency (ID,disciplineID,departmentID,courseNumber,semesterNumber) VALUES ('4282','4282','59','3','1');
INSERT INTO disciplineDepartmentDependency (ID,disciplineID,departmentID,courseNumber,semesterNumber) VALUES ('4283','4283','59','4','2');
INSERT INTO disciplineDepartmentDependency (ID,disciplineID,departmentID,courseNumber,semesterNumber) VALUES ('4284','4284','59','5','1');
INSERT INTO disciplineDepartmentDependency (ID,disciplineID,departmentID,courseNumber,semesterNumber) VALUES ('4285','4285','59','6','2');
INSERT INTO disciplineDepartmentDependency (ID,disciplineID,departmentID,courseNumber,semesterNumber) VALUES ('4286','4286','59','1','1');
INSERT INTO disciplineDepartmentDependency (ID,disciplineID,departmentID,courseNumber,semesterNumber) VALUES ('4287','4287','59','2','2');
INSERT INTO disciplineDepartmentDependency (ID,disciplineID,departmentID,courseNumber,semesterNumber) VALUES ('4288','4288','59','3','1');
INSERT INTO disciplineDepartmentDependency (ID,disciplineID,departmentID,courseNumber,semesterNumber) VALUES ('4289','4289','59','4','2');
INSERT INTO disciplineDepartmentDependency (ID,disciplineID,departmentID,courseNumber,semesterNumber) VALUES ('4290','4290','59','5','1');
INSERT INTO disciplineDepartmentDependency (ID,disciplineID,departmentID,courseNumber,semesterNumber) VALUES ('4291','4291','59','6','2');
INSERT INTO disciplineDepartmentDependency (ID,disciplineID,departmentID,courseNumber,semesterNumber) VALUES ('4292','4292','59','1','1');
INSERT INTO disciplineDepartmentDependency (ID,disciplineID,departmentID,courseNumber,semesterNumber) VALUES ('4293','4293','59','2','2');
INSERT INTO disciplineDepartmentDependency (ID,disciplineID,departmentID,courseNumber,semesterNumber) VALUES ('4294','4294','59','3','1');
INSERT INTO disciplineDepartmentDependency (ID,disciplineID,departmentID,courseNumber,semesterNumber) VALUES ('4295','4295','59','4','2');
INSERT INTO disciplineDepartmentDependency (ID,disciplineID,departmentID,courseNumber,semesterNumber) VALUES ('4296','4296','59','5','1');
INSERT INTO disciplineDepartmentDependency (ID,disciplineID,departmentID,courseNumber,semesterNumber) VALUES ('4297','4297','59','6','2');
INSERT INTO disciplineDepartmentDependency (ID,disciplineID,departmentID,courseNumber,semesterNumber) VALUES ('4298','4298','59','1','1');
INSERT INTO disciplineDepartmentDependency (ID,disciplineID,departmentID,courseNumber,semesterNumber) VALUES ('4299','4299','59','2','2');
INSERT INTO disciplineDepartmentDependency (ID,disciplineID,departmentID,courseNumber,semesterNumber) VALUES ('4300','4300','59','3','1');
INSERT INTO disciplineDepartmentDependency (ID,disciplineID,departmentID,courseNumber,semesterNumber) VALUES ('4301','4301','59','4','2');
INSERT INTO disciplineDepartmentDependency (ID,disciplineID,departmentID,courseNumber,semesterNumber) VALUES ('4302','4302','59','5','1');
INSERT INTO disciplineDepartmentDependency (ID,disciplineID,departmentID,courseNumber,semesterNumber) VALUES ('4303','4303','59','6','2');
INSERT INTO disciplineDepartmentDependency (ID,disciplineID,departmentID,courseNumber,semesterNumber) VALUES ('4304','4304','59','1','1');
INSERT INTO disciplineDepartmentDependency (ID,disciplineID,departmentID,courseNumber,semesterNumber) VALUES ('4305','4305','59','2','2');
INSERT INTO disciplineDepartmentDependency (ID,disciplineID,departmentID,courseNumber,semesterNumber) VALUES ('4306','4306','59','3','1');
INSERT INTO disciplineDepartmentDependency (ID,disciplineID,departmentID,courseNumber,semesterNumber) VALUES ('4307','4307','59','4','2');
INSERT INTO disciplineDepartmentDependency (ID,disciplineID,departmentID,courseNumber,semesterNumber) VALUES ('4308','4308','59','5','1');
INSERT INTO disciplineDepartmentDependency (ID,disciplineID,departmentID,courseNumber,semesterNumber) VALUES ('4309','4309','59','6','2');
INSERT INTO disciplineDepartmentDependency (ID,disciplineID,departmentID,courseNumber,semesterNumber) VALUES ('4310','4310','59','1','1');
INSERT INTO disciplineDepartmentDependency (ID,disciplineID,departmentID,courseNumber,semesterNumber) VALUES ('4311','4311','59','2','2');
INSERT INTO disciplineDepartmentDependency (ID,disciplineID,departmentID,courseNumber,semesterNumber) VALUES ('4312','4312','59','3','1');
INSERT INTO disciplineDepartmentDependency (ID,disciplineID,departmentID,courseNumber,semesterNumber) VALUES ('4313','4313','59','4','2');
INSERT INTO disciplineDepartmentDependency (ID,disciplineID,departmentID,courseNumber,semesterNumber) VALUES ('4314','4314','59','5','1');
INSERT INTO disciplineDepartmentDependency (ID,disciplineID,departmentID,courseNumber,semesterNumber) VALUES ('4315','4315','59','6','2');
INSERT INTO disciplineDepartmentDependency (ID,disciplineID,departmentID,courseNumber,semesterNumber) VALUES ('4316','4316','59','1','1');
INSERT INTO disciplineDepartmentDependency (ID,disciplineID,departmentID,courseNumber,semesterNumber) VALUES ('4317','4317','59','2','2');
INSERT INTO disciplineDepartmentDependency (ID,disciplineID,departmentID,courseNumber,semesterNumber) VALUES ('4318','4318','59','3','1');
INSERT INTO disciplineDepartmentDependency (ID,disciplineID,departmentID,courseNumber,semesterNumber) VALUES ('4319','4319','59','4','2');
INSERT INTO disciplineDepartmentDependency (ID,disciplineID,departmentID,courseNumber,semesterNumber) VALUES ('4320','4320','59','5','1');
INSERT INTO disciplineDepartmentDependency (ID,disciplineID,departmentID,courseNumber,semesterNumber) VALUES ('4321','4321','59','6','2');
INSERT INTO disciplineDepartmentDependency (ID,disciplineID,departmentID,courseNumber,semesterNumber) VALUES ('4322','4322','59','1','1');
INSERT INTO loginpass (ID,login,password,access_type) VALUES ('155','GRXVASAVZENKO@live.co.uk','&uS1ETg&','employee');
INSERT INTO employee (name,lastName,fathersName,personalID,sex,email,phoneNumber,dateOfBorn,address,passport,login,office,ID,departmentID) VALUES ('Грива','САВЧЕНКО','Кузьмич','1818220676','m','GRXVASAVZENKO@live.co.uk','0962216446','1978-08-22','48036 Сміла Василини 1, 169','QN162181 ГУМВС 24','GRXVASAVZENKO@live.co.uk','HR','148','59');
INSERT INTO loginpass (ID,login,password,access_type) VALUES ('156','VIRODARAGORDIQNKO@wanadoo.co.uk','BWOHui$0','employee');
INSERT INTO employee (name,lastName,fathersName,personalID,sex,email,phoneNumber,dateOfBorn,address,passport,login,office,ID,departmentID) VALUES ('Віродара','ГОРДІЄНКО','Хомівна','4612643787','f','VIRODARAGORDIQNKO@wanadoo.co.uk','0670401836','1962-11-26','68173 Жовті Води Квіткова 39, 13','IF833681 ГУМВС 8','VIRODARAGORDIQNKO@wanadoo.co.uk','HR','149','59');
INSERT INTO gtgroup (id,fullGroupName,courseNumber,departmentID) VALUES ('684','КМ-10','1','59');
INSERT INTO gtgroup (id,fullGroupName,courseNumber,departmentID) VALUES ('685','КМ-11','1','59');
INSERT INTO gtgroup (id,fullGroupName,courseNumber,departmentID) VALUES ('686','КМ-12','1','59');
INSERT INTO gtgroup (id,fullGroupName,courseNumber,departmentID) VALUES ('687','КМ-20','2','59');
INSERT INTO gtgroup (id,fullGroupName,courseNumber,departmentID) VALUES ('688','КМ-21','2','59');
INSERT INTO gtgroup (id,fullGroupName,courseNumber,departmentID) VALUES ('689','КМ-22','2','59');
INSERT INTO gtgroup (id,fullGroupName,courseNumber,departmentID) VALUES ('690','КМ-30','3','59');
INSERT INTO gtgroup (id,fullGroupName,courseNumber,departmentID) VALUES ('691','КМ-31','3','59');
INSERT INTO gtgroup (id,fullGroupName,courseNumber,departmentID) VALUES ('692','КМ-32','3','59');
INSERT INTO gtgroup (id,fullGroupName,courseNumber,departmentID) VALUES ('693','КМ-40','4','59');
INSERT INTO gtgroup (id,fullGroupName,courseNumber,departmentID) VALUES ('694','КМ-41','4','59');
INSERT INTO gtgroup (id,fullGroupName,courseNumber,departmentID) VALUES ('695','КМ-42','4','59');
INSERT INTO gtgroup (id,fullGroupName,courseNumber,departmentID) VALUES ('696','КМ-50','5','59');
INSERT INTO gtgroup (id,fullGroupName,courseNumber,departmentID) VALUES ('697','КМ-51','5','59');
INSERT INTO gtgroup (id,fullGroupName,courseNumber,departmentID) VALUES ('698','КМ-52','5','59');
INSERT INTO gtgroup (id,fullGroupName,courseNumber,departmentID) VALUES ('699','КМ-60','6','59');
INSERT INTO gtgroup (id,fullGroupName,courseNumber,departmentID) VALUES ('700','КМ-61','6','59');
INSERT INTO gtgroup (id,fullGroupName,courseNumber,departmentID) VALUES ('701','КМ-62','6','59');
INSERT INTO dayRequirements (id,departmentID,countOfDaysInWeek,countOfLessonsInADay) VALUES ('59','60','6','5');
INSERT INTO discipline (id,nameOfDiscipline,countOfLessons,exam) VALUES ('4323','Discipline КПМ-0','15','no');
INSERT INTO discipline (id,nameOfDiscipline,countOfLessons,exam) VALUES ('4324','Discipline КПМ-1','15','no');
INSERT INTO discipline (id,nameOfDiscipline,countOfLessons,exam) VALUES ('4325','Discipline КПМ-2','15','no');
INSERT INTO discipline (id,nameOfDiscipline,countOfLessons,exam) VALUES ('4326','Discipline КПМ-3','15','no');
INSERT INTO discipline (id,nameOfDiscipline,countOfLessons,exam) VALUES ('4327','Discipline КПМ-4','15','no');
INSERT INTO discipline (id,nameOfDiscipline,countOfLessons,exam) VALUES ('4328','Discipline КПМ-5','15','no');
INSERT INTO discipline (id,nameOfDiscipline,countOfLessons,exam) VALUES ('4329','Discipline КПМ-6','15','no');
INSERT INTO discipline (id,nameOfDiscipline,countOfLessons,exam) VALUES ('4330','Discipline КПМ-7','15','no');
INSERT INTO discipline (id,nameOfDiscipline,countOfLessons,exam) VALUES ('4331','Discipline КПМ-8','15','no');
INSERT INTO discipline (id,nameOfDiscipline,countOfLessons,exam) VALUES ('4332','Discipline КПМ-9','15','no');
INSERT INTO discipline (id,nameOfDiscipline,countOfLessons,exam) VALUES ('4333','Discipline КПМ-10','15','no');
INSERT INTO discipline (id,nameOfDiscipline,countOfLessons,exam) VALUES ('4334','Discipline КПМ-11','15','no');
INSERT INTO discipline (id,nameOfDiscipline,countOfLessons,exam) VALUES ('4335','Discipline КПМ-12','15','no');
INSERT INTO discipline (id,nameOfDiscipline,countOfLessons,exam) VALUES ('4336','Discipline КПМ-13','15','no');
INSERT INTO discipline (id,nameOfDiscipline,countOfLessons,exam) VALUES ('4337','Discipline КПМ-14','15','no');
INSERT INTO discipline (id,nameOfDiscipline,countOfLessons,exam) VALUES ('4338','Discipline КПМ-15','15','no');
INSERT INTO discipline (id,nameOfDiscipline,countOfLessons,exam) VALUES ('4339','Discipline КПМ-16','15','no');
INSERT INTO discipline (id,nameOfDiscipline,countOfLessons,exam) VALUES ('4340','Discipline КПМ-17','15','no');
INSERT INTO discipline (id,nameOfDiscipline,countOfLessons,exam) VALUES ('4341','Discipline КПМ-18','15','no');
INSERT INTO discipline (id,nameOfDiscipline,countOfLessons,exam) VALUES ('4342','Discipline КПМ-19','15','no');
INSERT INTO discipline (id,nameOfDiscipline,countOfLessons,exam) VALUES ('4343','Discipline КПМ-20','15','no');
INSERT INTO discipline (id,nameOfDiscipline,countOfLessons,exam) VALUES ('4344','Discipline КПМ-21','15','no');
INSERT INTO discipline (id,nameOfDiscipline,countOfLessons,exam) VALUES ('4345','Discipline КПМ-22','15','no');
INSERT INTO discipline (id,nameOfDiscipline,countOfLessons,exam) VALUES ('4346','Discipline КПМ-23','15','no');
INSERT INTO discipline (id,nameOfDiscipline,countOfLessons,exam) VALUES ('4347','Discipline КПМ-24','15','no');
INSERT INTO discipline (id,nameOfDiscipline,countOfLessons,exam) VALUES ('4348','Discipline КПМ-25','15','no');
INSERT INTO discipline (id,nameOfDiscipline,countOfLessons,exam) VALUES ('4349','Discipline КПМ-26','15','no');
INSERT INTO discipline (id,nameOfDiscipline,countOfLessons,exam) VALUES ('4350','Discipline КПМ-27','15','no');
INSERT INTO discipline (id,nameOfDiscipline,countOfLessons,exam) VALUES ('4351','Discipline КПМ-28','15','no');
INSERT INTO discipline (id,nameOfDiscipline,countOfLessons,exam) VALUES ('4352','Discipline КПМ-29','15','no');
INSERT INTO discipline (id,nameOfDiscipline,countOfLessons,exam) VALUES ('4353','Discipline КПМ-30','15','no');
INSERT INTO discipline (id,nameOfDiscipline,countOfLessons,exam) VALUES ('4354','Discipline КПМ-31','15','no');
INSERT INTO discipline (id,nameOfDiscipline,countOfLessons,exam) VALUES ('4355','Discipline КПМ-32','15','no');
INSERT INTO discipline (id,nameOfDiscipline,countOfLessons,exam) VALUES ('4356','Discipline КПМ-33','15','no');
INSERT INTO discipline (id,nameOfDiscipline,countOfLessons,exam) VALUES ('4357','Discipline КПМ-34','15','no');
INSERT INTO discipline (id,nameOfDiscipline,countOfLessons,exam) VALUES ('4358','Discipline КПМ-35','15','no');
INSERT INTO discipline (id,nameOfDiscipline,countOfLessons,exam) VALUES ('4359','Discipline КПМ-36','15','no');
INSERT INTO discipline (id,nameOfDiscipline,countOfLessons,exam) VALUES ('4360','Discipline КПМ-37','15','no');
INSERT INTO discipline (id,nameOfDiscipline,countOfLessons,exam) VALUES ('4361','Discipline КПМ-38','15','no');
INSERT INTO discipline (id,nameOfDiscipline,countOfLessons,exam) VALUES ('4362','Discipline КПМ-39','15','no');
INSERT INTO discipline (id,nameOfDiscipline,countOfLessons,exam) VALUES ('4363','Discipline КПМ-40','15','no');
INSERT INTO discipline (id,nameOfDiscipline,countOfLessons,exam) VALUES ('4364','Discipline КПМ-41','15','no');
INSERT INTO discipline (id,nameOfDiscipline,countOfLessons,exam) VALUES ('4365','Discipline КПМ-42','15','no');
INSERT INTO discipline (id,nameOfDiscipline,countOfLessons,exam) VALUES ('4366','Discipline КПМ-43','15','no');
INSERT INTO discipline (id,nameOfDiscipline,countOfLessons,exam) VALUES ('4367','Discipline КПМ-44','15','no');
INSERT INTO discipline (id,nameOfDiscipline,countOfLessons,exam) VALUES ('4368','Discipline КПМ-45','15','no');
INSERT INTO discipline (id,nameOfDiscipline,countOfLessons,exam) VALUES ('4369','Discipline КПМ-46','15','no');
INSERT INTO discipline (id,nameOfDiscipline,countOfLessons,exam) VALUES ('4370','Discipline КПМ-47','15','no');
INSERT INTO discipline (id,nameOfDiscipline,countOfLessons,exam) VALUES ('4371','Discipline КПМ-48','15','no');
INSERT INTO discipline (id,nameOfDiscipline,countOfLessons,exam) VALUES ('4372','Discipline КПМ-49','15','no');
INSERT INTO discipline (id,nameOfDiscipline,countOfLessons,exam) VALUES ('4373','Discipline КПМ-50','15','no');
INSERT INTO discipline (id,nameOfDiscipline,countOfLessons,exam) VALUES ('4374','Discipline КПМ-51','15','no');
INSERT INTO discipline (id,nameOfDiscipline,countOfLessons,exam) VALUES ('4375','Discipline КПМ-52','15','no');
INSERT INTO discipline (id,nameOfDiscipline,countOfLessons,exam) VALUES ('4376','Discipline КПМ-53','15','no');
INSERT INTO discipline (id,nameOfDiscipline,countOfLessons,exam) VALUES ('4377','Discipline КПМ-54','15','no');
INSERT INTO discipline (id,nameOfDiscipline,countOfLessons,exam) VALUES ('4378','Discipline КПМ-55','15','no');
INSERT INTO discipline (id,nameOfDiscipline,countOfLessons,exam) VALUES ('4379','Discipline КПМ-56','15','no');
INSERT INTO discipline (id,nameOfDiscipline,countOfLessons,exam) VALUES ('4380','Discipline КПМ-57','15','no');
INSERT INTO discipline (id,nameOfDiscipline,countOfLessons,exam) VALUES ('4381','Discipline КПМ-58','15','no');
INSERT INTO discipline (id,nameOfDiscipline,countOfLessons,exam) VALUES ('4382','Discipline КПМ-59','15','no');
INSERT INTO discipline (id,nameOfDiscipline,countOfLessons,exam) VALUES ('4383','Discipline КПМ-60','15','no');
INSERT INTO discipline (id,nameOfDiscipline,countOfLessons,exam) VALUES ('4384','Discipline КПМ-61','15','no');
INSERT INTO discipline (id,nameOfDiscipline,countOfLessons,exam) VALUES ('4385','Discipline КПМ-62','15','no');
INSERT INTO discipline (id,nameOfDiscipline,countOfLessons,exam) VALUES ('4386','Discipline КПМ-63','15','no');
INSERT INTO discipline (id,nameOfDiscipline,countOfLessons,exam) VALUES ('4387','Discipline КПМ-64','15','no');
INSERT INTO discipline (id,nameOfDiscipline,countOfLessons,exam) VALUES ('4388','Discipline КПМ-65','15','no');
INSERT INTO discipline (id,nameOfDiscipline,countOfLessons,exam) VALUES ('4389','Discipline КПМ-66','15','no');
INSERT INTO discipline (id,nameOfDiscipline,countOfLessons,exam) VALUES ('4390','Discipline КПМ-67','15','no');
INSERT INTO discipline (id,nameOfDiscipline,countOfLessons,exam) VALUES ('4391','Discipline КПМ-68','15','no');
INSERT INTO discipline (id,nameOfDiscipline,countOfLessons,exam) VALUES ('4392','Discipline КПМ-69','15','no');
INSERT INTO discipline (id,nameOfDiscipline,countOfLessons,exam) VALUES ('4393','Discipline КПМ-70','15','no');
INSERT INTO discipline (id,nameOfDiscipline,countOfLessons,exam) VALUES ('4394','Discipline КПМ-71','15','no');
INSERT INTO discipline (id,nameOfDiscipline,countOfLessons,exam) VALUES ('4395','Discipline КПМ-72','15','no');
INSERT INTO discipline (id,nameOfDiscipline,countOfLessons,exam) VALUES ('4396','Discipline КПМ-73','15','no');
INSERT INTO discipline (id,nameOfDiscipline,countOfLessons,exam) VALUES ('4397','Discipline КПМ-74','15','no');
INSERT INTO discipline (id,nameOfDiscipline,countOfLessons,exam) VALUES ('4398','Discipline КПМ-75','15','no');
INSERT INTO discipline (id,nameOfDiscipline,countOfLessons,exam) VALUES ('4399','Discipline КПМ-76','15','no');
INSERT INTO discipline (id,nameOfDiscipline,countOfLessons,exam) VALUES ('4400','Discipline КПМ-77','15','no');
INSERT INTO discipline (id,nameOfDiscipline,countOfLessons,exam) VALUES ('4401','Discipline КПМ-78','15','no');
INSERT INTO discipline (id,nameOfDiscipline,countOfLessons,exam) VALUES ('4402','Discipline КПМ-79','15','no');
INSERT INTO discipline (id,nameOfDiscipline,countOfLessons,exam) VALUES ('4403','Discipline КПМ-80','15','no');
INSERT INTO discipline (id,nameOfDiscipline,countOfLessons,exam) VALUES ('4404','Discipline КПМ-81','15','no');
INSERT INTO discipline (id,nameOfDiscipline,countOfLessons,exam) VALUES ('4405','Discipline КПМ-82','15','no');
INSERT INTO discipline (id,nameOfDiscipline,countOfLessons,exam) VALUES ('4406','Discipline КПМ-83','15','no');
INSERT INTO discipline (id,nameOfDiscipline,countOfLessons,exam) VALUES ('4407','Discipline КПМ-84','15','no');
INSERT INTO discipline (id,nameOfDiscipline,countOfLessons,exam) VALUES ('4408','Discipline КПМ-85','15','no');
INSERT INTO disciplineDepartmentDependency (ID,disciplineID,departmentID,courseNumber,semesterNumber) VALUES ('4323','4323','60','1','1');
INSERT INTO disciplineDepartmentDependency (ID,disciplineID,departmentID,courseNumber,semesterNumber) VALUES ('4324','4324','60','2','2');
INSERT INTO disciplineDepartmentDependency (ID,disciplineID,departmentID,courseNumber,semesterNumber) VALUES ('4325','4325','60','3','1');
INSERT INTO disciplineDepartmentDependency (ID,disciplineID,departmentID,courseNumber,semesterNumber) VALUES ('4326','4326','60','4','2');
INSERT INTO disciplineDepartmentDependency (ID,disciplineID,departmentID,courseNumber,semesterNumber) VALUES ('4327','4327','60','5','1');
INSERT INTO disciplineDepartmentDependency (ID,disciplineID,departmentID,courseNumber,semesterNumber) VALUES ('4328','4328','60','6','2');
INSERT INTO disciplineDepartmentDependency (ID,disciplineID,departmentID,courseNumber,semesterNumber) VALUES ('4329','4329','60','1','1');
INSERT INTO disciplineDepartmentDependency (ID,disciplineID,departmentID,courseNumber,semesterNumber) VALUES ('4330','4330','60','2','2');
INSERT INTO disciplineDepartmentDependency (ID,disciplineID,departmentID,courseNumber,semesterNumber) VALUES ('4331','4331','60','3','1');
INSERT INTO disciplineDepartmentDependency (ID,disciplineID,departmentID,courseNumber,semesterNumber) VALUES ('4332','4332','60','4','2');
INSERT INTO disciplineDepartmentDependency (ID,disciplineID,departmentID,courseNumber,semesterNumber) VALUES ('4333','4333','60','5','1');
INSERT INTO disciplineDepartmentDependency (ID,disciplineID,departmentID,courseNumber,semesterNumber) VALUES ('4334','4334','60','6','2');
INSERT INTO disciplineDepartmentDependency (ID,disciplineID,departmentID,courseNumber,semesterNumber) VALUES ('4335','4335','60','1','1');
INSERT INTO disciplineDepartmentDependency (ID,disciplineID,departmentID,courseNumber,semesterNumber) VALUES ('4336','4336','60','2','2');
INSERT INTO disciplineDepartmentDependency (ID,disciplineID,departmentID,courseNumber,semesterNumber) VALUES ('4337','4337','60','3','1');
INSERT INTO disciplineDepartmentDependency (ID,disciplineID,departmentID,courseNumber,semesterNumber) VALUES ('4338','4338','60','4','2');
INSERT INTO disciplineDepartmentDependency (ID,disciplineID,departmentID,courseNumber,semesterNumber) VALUES ('4339','4339','60','5','1');
INSERT INTO disciplineDepartmentDependency (ID,disciplineID,departmentID,courseNumber,semesterNumber) VALUES ('4340','4340','60','6','2');
INSERT INTO disciplineDepartmentDependency (ID,disciplineID,departmentID,courseNumber,semesterNumber) VALUES ('4341','4341','60','1','1');
INSERT INTO disciplineDepartmentDependency (ID,disciplineID,departmentID,courseNumber,semesterNumber) VALUES ('4342','4342','60','2','2');
INSERT INTO disciplineDepartmentDependency (ID,disciplineID,departmentID,courseNumber,semesterNumber) VALUES ('4343','4343','60','3','1');
INSERT INTO disciplineDepartmentDependency (ID,disciplineID,departmentID,courseNumber,semesterNumber) VALUES ('4344','4344','60','4','2');
INSERT INTO disciplineDepartmentDependency (ID,disciplineID,departmentID,courseNumber,semesterNumber) VALUES ('4345','4345','60','5','1');
INSERT INTO disciplineDepartmentDependency (ID,disciplineID,departmentID,courseNumber,semesterNumber) VALUES ('4346','4346','60','6','2');
INSERT INTO disciplineDepartmentDependency (ID,disciplineID,departmentID,courseNumber,semesterNumber) VALUES ('4347','4347','60','1','1');
INSERT INTO disciplineDepartmentDependency (ID,disciplineID,departmentID,courseNumber,semesterNumber) VALUES ('4348','4348','60','2','2');
INSERT INTO disciplineDepartmentDependency (ID,disciplineID,departmentID,courseNumber,semesterNumber) VALUES ('4349','4349','60','3','1');
INSERT INTO disciplineDepartmentDependency (ID,disciplineID,departmentID,courseNumber,semesterNumber) VALUES ('4350','4350','60','4','2');
INSERT INTO disciplineDepartmentDependency (ID,disciplineID,departmentID,courseNumber,semesterNumber) VALUES ('4351','4351','60','5','1');
INSERT INTO disciplineDepartmentDependency (ID,disciplineID,departmentID,courseNumber,semesterNumber) VALUES ('4352','4352','60','6','2');
INSERT INTO disciplineDepartmentDependency (ID,disciplineID,departmentID,courseNumber,semesterNumber) VALUES ('4353','4353','60','1','1');
INSERT INTO disciplineDepartmentDependency (ID,disciplineID,departmentID,courseNumber,semesterNumber) VALUES ('4354','4354','60','2','2');
INSERT INTO disciplineDepartmentDependency (ID,disciplineID,departmentID,courseNumber,semesterNumber) VALUES ('4355','4355','60','3','1');
INSERT INTO disciplineDepartmentDependency (ID,disciplineID,departmentID,courseNumber,semesterNumber) VALUES ('4356','4356','60','4','2');
INSERT INTO disciplineDepartmentDependency (ID,disciplineID,departmentID,courseNumber,semesterNumber) VALUES ('4357','4357','60','5','1');
INSERT INTO disciplineDepartmentDependency (ID,disciplineID,departmentID,courseNumber,semesterNumber) VALUES ('4358','4358','60','6','2');
INSERT INTO disciplineDepartmentDependency (ID,disciplineID,departmentID,courseNumber,semesterNumber) VALUES ('4359','4359','60','1','1');
INSERT INTO disciplineDepartmentDependency (ID,disciplineID,departmentID,courseNumber,semesterNumber) VALUES ('4360','4360','60','2','2');
INSERT INTO disciplineDepartmentDependency (ID,disciplineID,departmentID,courseNumber,semesterNumber) VALUES ('4361','4361','60','3','1');
INSERT INTO disciplineDepartmentDependency (ID,disciplineID,departmentID,courseNumber,semesterNumber) VALUES ('4362','4362','60','4','2');
INSERT INTO disciplineDepartmentDependency (ID,disciplineID,departmentID,courseNumber,semesterNumber) VALUES ('4363','4363','60','5','1');
INSERT INTO disciplineDepartmentDependency (ID,disciplineID,departmentID,courseNumber,semesterNumber) VALUES ('4364','4364','60','6','2');
INSERT INTO disciplineDepartmentDependency (ID,disciplineID,departmentID,courseNumber,semesterNumber) VALUES ('4365','4365','60','1','1');
INSERT INTO disciplineDepartmentDependency (ID,disciplineID,departmentID,courseNumber,semesterNumber) VALUES ('4366','4366','60','2','2');
INSERT INTO disciplineDepartmentDependency (ID,disciplineID,departmentID,courseNumber,semesterNumber) VALUES ('4367','4367','60','3','1');
INSERT INTO disciplineDepartmentDependency (ID,disciplineID,departmentID,courseNumber,semesterNumber) VALUES ('4368','4368','60','4','2');
INSERT INTO disciplineDepartmentDependency (ID,disciplineID,departmentID,courseNumber,semesterNumber) VALUES ('4369','4369','60','5','1');
INSERT INTO disciplineDepartmentDependency (ID,disciplineID,departmentID,courseNumber,semesterNumber) VALUES ('4370','4370','60','6','2');
INSERT INTO disciplineDepartmentDependency (ID,disciplineID,departmentID,courseNumber,semesterNumber) VALUES ('4371','4371','60','1','1');
INSERT INTO disciplineDepartmentDependency (ID,disciplineID,departmentID,courseNumber,semesterNumber) VALUES ('4372','4372','60','2','2');
INSERT INTO disciplineDepartmentDependency (ID,disciplineID,departmentID,courseNumber,semesterNumber) VALUES ('4373','4373','60','3','1');
INSERT INTO disciplineDepartmentDependency (ID,disciplineID,departmentID,courseNumber,semesterNumber) VALUES ('4374','4374','60','4','2');
INSERT INTO disciplineDepartmentDependency (ID,disciplineID,departmentID,courseNumber,semesterNumber) VALUES ('4375','4375','60','5','1');
INSERT INTO disciplineDepartmentDependency (ID,disciplineID,departmentID,courseNumber,semesterNumber) VALUES ('4376','4376','60','6','2');
INSERT INTO disciplineDepartmentDependency (ID,disciplineID,departmentID,courseNumber,semesterNumber) VALUES ('4377','4377','60','1','1');
INSERT INTO disciplineDepartmentDependency (ID,disciplineID,departmentID,courseNumber,semesterNumber) VALUES ('4378','4378','60','2','2');
INSERT INTO disciplineDepartmentDependency (ID,disciplineID,departmentID,courseNumber,semesterNumber) VALUES ('4379','4379','60','3','1');
INSERT INTO disciplineDepartmentDependency (ID,disciplineID,departmentID,courseNumber,semesterNumber) VALUES ('4380','4380','60','4','2');
INSERT INTO disciplineDepartmentDependency (ID,disciplineID,departmentID,courseNumber,semesterNumber) VALUES ('4381','4381','60','5','1');
INSERT INTO disciplineDepartmentDependency (ID,disciplineID,departmentID,courseNumber,semesterNumber) VALUES ('4382','4382','60','6','2');
INSERT INTO disciplineDepartmentDependency (ID,disciplineID,departmentID,courseNumber,semesterNumber) VALUES ('4383','4383','60','1','1');
INSERT INTO disciplineDepartmentDependency (ID,disciplineID,departmentID,courseNumber,semesterNumber) VALUES ('4384','4384','60','2','2');
INSERT INTO disciplineDepartmentDependency (ID,disciplineID,departmentID,courseNumber,semesterNumber) VALUES ('4385','4385','60','3','1');
INSERT INTO disciplineDepartmentDependency (ID,disciplineID,departmentID,courseNumber,semesterNumber) VALUES ('4386','4386','60','4','2');
INSERT INTO disciplineDepartmentDependency (ID,disciplineID,departmentID,courseNumber,semesterNumber) VALUES ('4387','4387','60','5','1');
INSERT INTO disciplineDepartmentDependency (ID,disciplineID,departmentID,courseNumber,semesterNumber) VALUES ('4388','4388','60','6','2');
INSERT INTO disciplineDepartmentDependency (ID,disciplineID,departmentID,courseNumber,semesterNumber) VALUES ('4389','4389','60','1','1');
INSERT INTO disciplineDepartmentDependency (ID,disciplineID,departmentID,courseNumber,semesterNumber) VALUES ('4390','4390','60','2','2');
INSERT INTO disciplineDepartmentDependency (ID,disciplineID,departmentID,courseNumber,semesterNumber) VALUES ('4391','4391','60','3','1');
INSERT INTO disciplineDepartmentDependency (ID,disciplineID,departmentID,courseNumber,semesterNumber) VALUES ('4392','4392','60','4','2');
INSERT INTO disciplineDepartmentDependency (ID,disciplineID,departmentID,courseNumber,semesterNumber) VALUES ('4393','4393','60','5','1');
INSERT INTO disciplineDepartmentDependency (ID,disciplineID,departmentID,courseNumber,semesterNumber) VALUES ('4394','4394','60','6','2');
INSERT INTO disciplineDepartmentDependency (ID,disciplineID,departmentID,courseNumber,semesterNumber) VALUES ('4395','4395','60','1','1');
INSERT INTO disciplineDepartmentDependency (ID,disciplineID,departmentID,courseNumber,semesterNumber) VALUES ('4396','4396','60','2','2');
INSERT INTO disciplineDepartmentDependency (ID,disciplineID,departmentID,courseNumber,semesterNumber) VALUES ('4397','4397','60','3','1');
INSERT INTO disciplineDepartmentDependency (ID,disciplineID,departmentID,courseNumber,semesterNumber) VALUES ('4398','4398','60','4','2');
INSERT INTO disciplineDepartmentDependency (ID,disciplineID,departmentID,courseNumber,semesterNumber) VALUES ('4399','4399','60','5','1');
INSERT INTO disciplineDepartmentDependency (ID,disciplineID,departmentID,courseNumber,semesterNumber) VALUES ('4400','4400','60','6','2');
INSERT INTO disciplineDepartmentDependency (ID,disciplineID,departmentID,courseNumber,semesterNumber) VALUES ('4401','4401','60','1','1');
INSERT INTO disciplineDepartmentDependency (ID,disciplineID,departmentID,courseNumber,semesterNumber) VALUES ('4402','4402','60','2','2');
INSERT INTO disciplineDepartmentDependency (ID,disciplineID,departmentID,courseNumber,semesterNumber) VALUES ('4403','4403','60','3','1');
INSERT INTO disciplineDepartmentDependency (ID,disciplineID,departmentID,courseNumber,semesterNumber) VALUES ('4404','4404','60','4','2');
INSERT INTO disciplineDepartmentDependency (ID,disciplineID,departmentID,courseNumber,semesterNumber) VALUES ('4405','4405','60','5','1');
INSERT INTO disciplineDepartmentDependency (ID,disciplineID,departmentID,courseNumber,semesterNumber) VALUES ('4406','4406','60','6','2');
INSERT INTO disciplineDepartmentDependency (ID,disciplineID,departmentID,courseNumber,semesterNumber) VALUES ('4407','4407','60','1','1');
INSERT INTO disciplineDepartmentDependency (ID,disciplineID,departmentID,courseNumber,semesterNumber) VALUES ('4408','4408','60','2','2');
INSERT INTO loginpass (ID,login,password,access_type) VALUES ('157','VELXZARVELXZKO@web.de','Y6aag0Ur','employee');
INSERT INTO employee (name,lastName,fathersName,personalID,sex,email,phoneNumber,dateOfBorn,address,passport,login,office,ID,departmentID) VALUES ('Величар','ВЕЛИЧКО','Ілліч','5777430131','m','VELXZARVELXZKO@web.de','0946287103','1983-08-12','32107 Ковель Комсомольський ІІІ-й 86, 266','AB316323 ГУМВС 32','VELXZARVELXZKO@web.de','HR','150','60');
INSERT INTO loginpass (ID,login,password,access_type) VALUES ('158','GORDQTADMXTRENKO@laposte.net','9GcOjKEo','employee');
INSERT INTO employee (name,lastName,fathersName,personalID,sex,email,phoneNumber,dateOfBorn,address,passport,login,office,ID,departmentID) VALUES ('Гордята','ДМИТРЕНКО','Ілліч','4142505827','m','GORDQTADMXTRENKO@laposte.net','0967056711','1983-08-13','54180 Тернопіль Богданівський 29, 239','CK735748 ГУМВС 22','GORDQTADMXTRENKO@laposte.net','HR','151','60');
INSERT INTO loginpass (ID,login,password,access_type) VALUES ('159','DALEMXLBABIY@web.de','#4nccbiz','employee');
INSERT INTO employee (name,lastName,fathersName,personalID,sex,email,phoneNumber,dateOfBorn,address,passport,login,office,ID,departmentID) VALUES ('Далемил','БАБІЙ','Лукич','7114831650','m','DALEMXLBABIY@web.de','0924464866','1989-11-29','66753 Алушта Комсомольський ІІІ-й 74, 24','RH565458 ГУМВС 3','DALEMXLBABIY@web.de','HR','152','60');
INSERT INTO gtgroup (id,fullGroupName,courseNumber,departmentID) VALUES ('702','КПМ-10','1','60');
INSERT INTO gtgroup (id,fullGroupName,courseNumber,departmentID) VALUES ('703','КПМ-11','1','60');
INSERT INTO gtgroup (id,fullGroupName,courseNumber,departmentID) VALUES ('704','КПМ-12','1','60');
INSERT INTO gtgroup (id,fullGroupName,courseNumber,departmentID) VALUES ('705','КПМ-20','2','60');
INSERT INTO gtgroup (id,fullGroupName,courseNumber,departmentID) VALUES ('706','КПМ-21','2','60');
INSERT INTO gtgroup (id,fullGroupName,courseNumber,departmentID) VALUES ('707','КПМ-22','2','60');
INSERT INTO gtgroup (id,fullGroupName,courseNumber,departmentID) VALUES ('708','КПМ-30','3','60');
INSERT INTO gtgroup (id,fullGroupName,courseNumber,departmentID) VALUES ('709','КПМ-31','3','60');
INSERT INTO gtgroup (id,fullGroupName,courseNumber,departmentID) VALUES ('710','КПМ-32','3','60');
INSERT INTO gtgroup (id,fullGroupName,courseNumber,departmentID) VALUES ('711','КПМ-40','4','60');
INSERT INTO gtgroup (id,fullGroupName,courseNumber,departmentID) VALUES ('712','КПМ-41','4','60');
INSERT INTO gtgroup (id,fullGroupName,courseNumber,departmentID) VALUES ('713','КПМ-42','4','60');
INSERT INTO gtgroup (id,fullGroupName,courseNumber,departmentID) VALUES ('714','КПМ-50','5','60');
INSERT INTO gtgroup (id,fullGroupName,courseNumber,departmentID) VALUES ('715','КПМ-51','5','60');
INSERT INTO gtgroup (id,fullGroupName,courseNumber,departmentID) VALUES ('716','КПМ-52','5','60');
INSERT INTO gtgroup (id,fullGroupName,courseNumber,departmentID) VALUES ('717','КПМ-60','6','60');
INSERT INTO gtgroup (id,fullGroupName,courseNumber,departmentID) VALUES ('718','КПМ-61','6','60');
INSERT INTO gtgroup (id,fullGroupName,courseNumber,departmentID) VALUES ('719','КПМ-62','6','60');
INSERT INTO dayRequirements (id,departmentID,countOfDaysInWeek,countOfLessonsInADay) VALUES ('60','61','6','5');
INSERT INTO discipline (id,nameOfDiscipline,countOfLessons,exam) VALUES ('4409','Discipline ММЕС-0','15','no');
INSERT INTO discipline (id,nameOfDiscipline,countOfLessons,exam) VALUES ('4410','Discipline ММЕС-1','15','no');
INSERT INTO discipline (id,nameOfDiscipline,countOfLessons,exam) VALUES ('4411','Discipline ММЕС-2','15','no');
INSERT INTO discipline (id,nameOfDiscipline,countOfLessons,exam) VALUES ('4412','Discipline ММЕС-3','15','no');
INSERT INTO discipline (id,nameOfDiscipline,countOfLessons,exam) VALUES ('4413','Discipline ММЕС-4','15','no');
INSERT INTO discipline (id,nameOfDiscipline,countOfLessons,exam) VALUES ('4414','Discipline ММЕС-5','15','no');
INSERT INTO discipline (id,nameOfDiscipline,countOfLessons,exam) VALUES ('4415','Discipline ММЕС-6','15','no');
INSERT INTO discipline (id,nameOfDiscipline,countOfLessons,exam) VALUES ('4416','Discipline ММЕС-7','15','no');
INSERT INTO discipline (id,nameOfDiscipline,countOfLessons,exam) VALUES ('4417','Discipline ММЕС-8','15','no');
INSERT INTO discipline (id,nameOfDiscipline,countOfLessons,exam) VALUES ('4418','Discipline ММЕС-9','15','no');
INSERT INTO discipline (id,nameOfDiscipline,countOfLessons,exam) VALUES ('4419','Discipline ММЕС-10','15','no');
INSERT INTO discipline (id,nameOfDiscipline,countOfLessons,exam) VALUES ('4420','Discipline ММЕС-11','15','no');
INSERT INTO discipline (id,nameOfDiscipline,countOfLessons,exam) VALUES ('4421','Discipline ММЕС-12','15','no');
INSERT INTO discipline (id,nameOfDiscipline,countOfLessons,exam) VALUES ('4422','Discipline ММЕС-13','15','no');
INSERT INTO discipline (id,nameOfDiscipline,countOfLessons,exam) VALUES ('4423','Discipline ММЕС-14','15','no');
INSERT INTO discipline (id,nameOfDiscipline,countOfLessons,exam) VALUES ('4424','Discipline ММЕС-15','15','no');
INSERT INTO discipline (id,nameOfDiscipline,countOfLessons,exam) VALUES ('4425','Discipline ММЕС-16','15','no');
INSERT INTO discipline (id,nameOfDiscipline,countOfLessons,exam) VALUES ('4426','Discipline ММЕС-17','15','no');
INSERT INTO discipline (id,nameOfDiscipline,countOfLessons,exam) VALUES ('4427','Discipline ММЕС-18','15','no');
INSERT INTO discipline (id,nameOfDiscipline,countOfLessons,exam) VALUES ('4428','Discipline ММЕС-19','15','no');
INSERT INTO discipline (id,nameOfDiscipline,countOfLessons,exam) VALUES ('4429','Discipline ММЕС-20','15','no');
INSERT INTO discipline (id,nameOfDiscipline,countOfLessons,exam) VALUES ('4430','Discipline ММЕС-21','15','no');
INSERT INTO discipline (id,nameOfDiscipline,countOfLessons,exam) VALUES ('4431','Discipline ММЕС-22','15','no');
INSERT INTO discipline (id,nameOfDiscipline,countOfLessons,exam) VALUES ('4432','Discipline ММЕС-23','15','no');
INSERT INTO discipline (id,nameOfDiscipline,countOfLessons,exam) VALUES ('4433','Discipline ММЕС-24','15','no');
INSERT INTO discipline (id,nameOfDiscipline,countOfLessons,exam) VALUES ('4434','Discipline ММЕС-25','15','no');
INSERT INTO discipline (id,nameOfDiscipline,countOfLessons,exam) VALUES ('4435','Discipline ММЕС-26','15','no');
INSERT INTO discipline (id,nameOfDiscipline,countOfLessons,exam) VALUES ('4436','Discipline ММЕС-27','15','no');
INSERT INTO discipline (id,nameOfDiscipline,countOfLessons,exam) VALUES ('4437','Discipline ММЕС-28','15','no');
INSERT INTO discipline (id,nameOfDiscipline,countOfLessons,exam) VALUES ('4438','Discipline ММЕС-29','15','no');
INSERT INTO discipline (id,nameOfDiscipline,countOfLessons,exam) VALUES ('4439','Discipline ММЕС-30','15','no');
INSERT INTO discipline (id,nameOfDiscipline,countOfLessons,exam) VALUES ('4440','Discipline ММЕС-31','15','no');
INSERT INTO discipline (id,nameOfDiscipline,countOfLessons,exam) VALUES ('4441','Discipline ММЕС-32','15','no');
INSERT INTO discipline (id,nameOfDiscipline,countOfLessons,exam) VALUES ('4442','Discipline ММЕС-33','15','no');
INSERT INTO discipline (id,nameOfDiscipline,countOfLessons,exam) VALUES ('4443','Discipline ММЕС-34','15','no');
INSERT INTO discipline (id,nameOfDiscipline,countOfLessons,exam) VALUES ('4444','Discipline ММЕС-35','15','no');
INSERT INTO discipline (id,nameOfDiscipline,countOfLessons,exam) VALUES ('4445','Discipline ММЕС-36','15','no');
INSERT INTO discipline (id,nameOfDiscipline,countOfLessons,exam) VALUES ('4446','Discipline ММЕС-37','15','no');
INSERT INTO discipline (id,nameOfDiscipline,countOfLessons,exam) VALUES ('4447','Discipline ММЕС-38','15','no');
INSERT INTO discipline (id,nameOfDiscipline,countOfLessons,exam) VALUES ('4448','Discipline ММЕС-39','15','no');
INSERT INTO discipline (id,nameOfDiscipline,countOfLessons,exam) VALUES ('4449','Discipline ММЕС-40','15','no');
INSERT INTO discipline (id,nameOfDiscipline,countOfLessons,exam) VALUES ('4450','Discipline ММЕС-41','15','no');
INSERT INTO discipline (id,nameOfDiscipline,countOfLessons,exam) VALUES ('4451','Discipline ММЕС-42','15','no');
INSERT INTO discipline (id,nameOfDiscipline,countOfLessons,exam) VALUES ('4452','Discipline ММЕС-43','15','no');
INSERT INTO discipline (id,nameOfDiscipline,countOfLessons,exam) VALUES ('4453','Discipline ММЕС-44','15','no');
INSERT INTO discipline (id,nameOfDiscipline,countOfLessons,exam) VALUES ('4454','Discipline ММЕС-45','15','no');
INSERT INTO discipline (id,nameOfDiscipline,countOfLessons,exam) VALUES ('4455','Discipline ММЕС-46','15','no');
INSERT INTO discipline (id,nameOfDiscipline,countOfLessons,exam) VALUES ('4456','Discipline ММЕС-47','15','no');
INSERT INTO discipline (id,nameOfDiscipline,countOfLessons,exam) VALUES ('4457','Discipline ММЕС-48','15','no');
INSERT INTO discipline (id,nameOfDiscipline,countOfLessons,exam) VALUES ('4458','Discipline ММЕС-49','15','no');
INSERT INTO discipline (id,nameOfDiscipline,countOfLessons,exam) VALUES ('4459','Discipline ММЕС-50','15','no');
INSERT INTO discipline (id,nameOfDiscipline,countOfLessons,exam) VALUES ('4460','Discipline ММЕС-51','15','no');
INSERT INTO discipline (id,nameOfDiscipline,countOfLessons,exam) VALUES ('4461','Discipline ММЕС-52','15','no');
INSERT INTO discipline (id,nameOfDiscipline,countOfLessons,exam) VALUES ('4462','Discipline ММЕС-53','15','no');
INSERT INTO discipline (id,nameOfDiscipline,countOfLessons,exam) VALUES ('4463','Discipline ММЕС-54','15','no');
INSERT INTO discipline (id,nameOfDiscipline,countOfLessons,exam) VALUES ('4464','Discipline ММЕС-55','15','no');
INSERT INTO discipline (id,nameOfDiscipline,countOfLessons,exam) VALUES ('4465','Discipline ММЕС-56','15','no');
INSERT INTO discipline (id,nameOfDiscipline,countOfLessons,exam) VALUES ('4466','Discipline ММЕС-57','15','no');
INSERT INTO discipline (id,nameOfDiscipline,countOfLessons,exam) VALUES ('4467','Discipline ММЕС-58','15','no');
INSERT INTO discipline (id,nameOfDiscipline,countOfLessons,exam) VALUES ('4468','Discipline ММЕС-59','15','no');
INSERT INTO discipline (id,nameOfDiscipline,countOfLessons,exam) VALUES ('4469','Discipline ММЕС-60','15','no');
INSERT INTO discipline (id,nameOfDiscipline,countOfLessons,exam) VALUES ('4470','Discipline ММЕС-61','15','no');
INSERT INTO discipline (id,nameOfDiscipline,countOfLessons,exam) VALUES ('4471','Discipline ММЕС-62','15','no');
INSERT INTO discipline (id,nameOfDiscipline,countOfLessons,exam) VALUES ('4472','Discipline ММЕС-63','15','no');
INSERT INTO discipline (id,nameOfDiscipline,countOfLessons,exam) VALUES ('4473','Discipline ММЕС-64','15','no');
INSERT INTO discipline (id,nameOfDiscipline,countOfLessons,exam) VALUES ('4474','Discipline ММЕС-65','15','no');
INSERT INTO discipline (id,nameOfDiscipline,countOfLessons,exam) VALUES ('4475','Discipline ММЕС-66','15','no');
INSERT INTO discipline (id,nameOfDiscipline,countOfLessons,exam) VALUES ('4476','Discipline ММЕС-67','15','no');
INSERT INTO discipline (id,nameOfDiscipline,countOfLessons,exam) VALUES ('4477','Discipline ММЕС-68','15','no');
INSERT INTO disciplineDepartmentDependency (ID,disciplineID,departmentID,courseNumber,semesterNumber) VALUES ('4409','4409','61','1','1');
INSERT INTO disciplineDepartmentDependency (ID,disciplineID,departmentID,courseNumber,semesterNumber) VALUES ('4410','4410','61','2','2');
INSERT INTO disciplineDepartmentDependency (ID,disciplineID,departmentID,courseNumber,semesterNumber) VALUES ('4411','4411','61','3','1');
INSERT INTO disciplineDepartmentDependency (ID,disciplineID,departmentID,courseNumber,semesterNumber) VALUES ('4412','4412','61','4','2');
INSERT INTO disciplineDepartmentDependency (ID,disciplineID,departmentID,courseNumber,semesterNumber) VALUES ('4413','4413','61','5','1');
INSERT INTO disciplineDepartmentDependency (ID,disciplineID,departmentID,courseNumber,semesterNumber) VALUES ('4414','4414','61','6','2');
INSERT INTO disciplineDepartmentDependency (ID,disciplineID,departmentID,courseNumber,semesterNumber) VALUES ('4415','4415','61','1','1');
INSERT INTO disciplineDepartmentDependency (ID,disciplineID,departmentID,courseNumber,semesterNumber) VALUES ('4416','4416','61','2','2');
INSERT INTO disciplineDepartmentDependency (ID,disciplineID,departmentID,courseNumber,semesterNumber) VALUES ('4417','4417','61','3','1');
INSERT INTO disciplineDepartmentDependency (ID,disciplineID,departmentID,courseNumber,semesterNumber) VALUES ('4418','4418','61','4','2');
INSERT INTO disciplineDepartmentDependency (ID,disciplineID,departmentID,courseNumber,semesterNumber) VALUES ('4419','4419','61','5','1');
INSERT INTO disciplineDepartmentDependency (ID,disciplineID,departmentID,courseNumber,semesterNumber) VALUES ('4420','4420','61','6','2');
INSERT INTO disciplineDepartmentDependency (ID,disciplineID,departmentID,courseNumber,semesterNumber) VALUES ('4421','4421','61','1','1');
INSERT INTO disciplineDepartmentDependency (ID,disciplineID,departmentID,courseNumber,semesterNumber) VALUES ('4422','4422','61','2','2');
INSERT INTO disciplineDepartmentDependency (ID,disciplineID,departmentID,courseNumber,semesterNumber) VALUES ('4423','4423','61','3','1');
INSERT INTO disciplineDepartmentDependency (ID,disciplineID,departmentID,courseNumber,semesterNumber) VALUES ('4424','4424','61','4','2');
INSERT INTO disciplineDepartmentDependency (ID,disciplineID,departmentID,courseNumber,semesterNumber) VALUES ('4425','4425','61','5','1');
INSERT INTO disciplineDepartmentDependency (ID,disciplineID,departmentID,courseNumber,semesterNumber) VALUES ('4426','4426','61','6','2');
INSERT INTO disciplineDepartmentDependency (ID,disciplineID,departmentID,courseNumber,semesterNumber) VALUES ('4427','4427','61','1','1');
INSERT INTO disciplineDepartmentDependency (ID,disciplineID,departmentID,courseNumber,semesterNumber) VALUES ('4428','4428','61','2','2');
INSERT INTO disciplineDepartmentDependency (ID,disciplineID,departmentID,courseNumber,semesterNumber) VALUES ('4429','4429','61','3','1');
INSERT INTO disciplineDepartmentDependency (ID,disciplineID,departmentID,courseNumber,semesterNumber) VALUES ('4430','4430','61','4','2');
INSERT INTO disciplineDepartmentDependency (ID,disciplineID,departmentID,courseNumber,semesterNumber) VALUES ('4431','4431','61','5','1');
INSERT INTO disciplineDepartmentDependency (ID,disciplineID,departmentID,courseNumber,semesterNumber) VALUES ('4432','4432','61','6','2');
INSERT INTO disciplineDepartmentDependency (ID,disciplineID,departmentID,courseNumber,semesterNumber) VALUES ('4433','4433','61','1','1');
INSERT INTO disciplineDepartmentDependency (ID,disciplineID,departmentID,courseNumber,semesterNumber) VALUES ('4434','4434','61','2','2');
INSERT INTO disciplineDepartmentDependency (ID,disciplineID,departmentID,courseNumber,semesterNumber) VALUES ('4435','4435','61','3','1');
INSERT INTO disciplineDepartmentDependency (ID,disciplineID,departmentID,courseNumber,semesterNumber) VALUES ('4436','4436','61','4','2');
INSERT INTO disciplineDepartmentDependency (ID,disciplineID,departmentID,courseNumber,semesterNumber) VALUES ('4437','4437','61','5','1');
INSERT INTO disciplineDepartmentDependency (ID,disciplineID,departmentID,courseNumber,semesterNumber) VALUES ('4438','4438','61','6','2');
INSERT INTO disciplineDepartmentDependency (ID,disciplineID,departmentID,courseNumber,semesterNumber) VALUES ('4439','4439','61','1','1');
INSERT INTO disciplineDepartmentDependency (ID,disciplineID,departmentID,courseNumber,semesterNumber) VALUES ('4440','4440','61','2','2');
INSERT INTO disciplineDepartmentDependency (ID,disciplineID,departmentID,courseNumber,semesterNumber) VALUES ('4441','4441','61','3','1');
INSERT INTO disciplineDepartmentDependency (ID,disciplineID,departmentID,courseNumber,semesterNumber) VALUES ('4442','4442','61','4','2');
INSERT INTO disciplineDepartmentDependency (ID,disciplineID,departmentID,courseNumber,semesterNumber) VALUES ('4443','4443','61','5','1');
INSERT INTO disciplineDepartmentDependency (ID,disciplineID,departmentID,courseNumber,semesterNumber) VALUES ('4444','4444','61','6','2');
INSERT INTO disciplineDepartmentDependency (ID,disciplineID,departmentID,courseNumber,semesterNumber) VALUES ('4445','4445','61','1','1');
INSERT INTO disciplineDepartmentDependency (ID,disciplineID,departmentID,courseNumber,semesterNumber) VALUES ('4446','4446','61','2','2');
INSERT INTO disciplineDepartmentDependency (ID,disciplineID,departmentID,courseNumber,semesterNumber) VALUES ('4447','4447','61','3','1');
INSERT INTO disciplineDepartmentDependency (ID,disciplineID,departmentID,courseNumber,semesterNumber) VALUES ('4448','4448','61','4','2');
INSERT INTO disciplineDepartmentDependency (ID,disciplineID,departmentID,courseNumber,semesterNumber) VALUES ('4449','4449','61','5','1');
INSERT INTO disciplineDepartmentDependency (ID,disciplineID,departmentID,courseNumber,semesterNumber) VALUES ('4450','4450','61','6','2');
INSERT INTO disciplineDepartmentDependency (ID,disciplineID,departmentID,courseNumber,semesterNumber) VALUES ('4451','4451','61','1','1');
INSERT INTO disciplineDepartmentDependency (ID,disciplineID,departmentID,courseNumber,semesterNumber) VALUES ('4452','4452','61','2','2');
INSERT INTO disciplineDepartmentDependency (ID,disciplineID,departmentID,courseNumber,semesterNumber) VALUES ('4453','4453','61','3','1');
INSERT INTO disciplineDepartmentDependency (ID,disciplineID,departmentID,courseNumber,semesterNumber) VALUES ('4454','4454','61','4','2');
INSERT INTO disciplineDepartmentDependency (ID,disciplineID,departmentID,courseNumber,semesterNumber) VALUES ('4455','4455','61','5','1');
INSERT INTO disciplineDepartmentDependency (ID,disciplineID,departmentID,courseNumber,semesterNumber) VALUES ('4456','4456','61','6','2');
INSERT INTO disciplineDepartmentDependency (ID,disciplineID,departmentID,courseNumber,semesterNumber) VALUES ('4457','4457','61','1','1');
INSERT INTO disciplineDepartmentDependency (ID,disciplineID,departmentID,courseNumber,semesterNumber) VALUES ('4458','4458','61','2','2');
INSERT INTO disciplineDepartmentDependency (ID,disciplineID,departmentID,courseNumber,semesterNumber) VALUES ('4459','4459','61','3','1');
INSERT INTO disciplineDepartmentDependency (ID,disciplineID,departmentID,courseNumber,semesterNumber) VALUES ('4460','4460','61','4','2');
INSERT INTO disciplineDepartmentDependency (ID,disciplineID,departmentID,courseNumber,semesterNumber) VALUES ('4461','4461','61','5','1');
INSERT INTO disciplineDepartmentDependency (ID,disciplineID,departmentID,courseNumber,semesterNumber) VALUES ('4462','4462','61','6','2');
INSERT INTO disciplineDepartmentDependency (ID,disciplineID,departmentID,courseNumber,semesterNumber) VALUES ('4463','4463','61','1','1');
INSERT INTO disciplineDepartmentDependency (ID,disciplineID,departmentID,courseNumber,semesterNumber) VALUES ('4464','4464','61','2','2');
INSERT INTO disciplineDepartmentDependency (ID,disciplineID,departmentID,courseNumber,semesterNumber) VALUES ('4465','4465','61','3','1');
INSERT INTO disciplineDepartmentDependency (ID,disciplineID,departmentID,courseNumber,semesterNumber) VALUES ('4466','4466','61','4','2');
INSERT INTO disciplineDepartmentDependency (ID,disciplineID,departmentID,courseNumber,semesterNumber) VALUES ('4467','4467','61','5','1');
INSERT INTO disciplineDepartmentDependency (ID,disciplineID,departmentID,courseNumber,semesterNumber) VALUES ('4468','4468','61','6','2');
INSERT INTO disciplineDepartmentDependency (ID,disciplineID,departmentID,courseNumber,semesterNumber) VALUES ('4469','4469','61','1','1');
INSERT INTO disciplineDepartmentDependency (ID,disciplineID,departmentID,courseNumber,semesterNumber) VALUES ('4470','4470','61','2','2');
INSERT INTO disciplineDepartmentDependency (ID,disciplineID,departmentID,courseNumber,semesterNumber) VALUES ('4471','4471','61','3','1');
INSERT INTO disciplineDepartmentDependency (ID,disciplineID,departmentID,courseNumber,semesterNumber) VALUES ('4472','4472','61','4','2');
INSERT INTO disciplineDepartmentDependency (ID,disciplineID,departmentID,courseNumber,semesterNumber) VALUES ('4473','4473','61','5','1');
INSERT INTO disciplineDepartmentDependency (ID,disciplineID,departmentID,courseNumber,semesterNumber) VALUES ('4474','4474','61','6','2');
INSERT INTO disciplineDepartmentDependency (ID,disciplineID,departmentID,courseNumber,semesterNumber) VALUES ('4475','4475','61','1','1');
INSERT INTO disciplineDepartmentDependency (ID,disciplineID,departmentID,courseNumber,semesterNumber) VALUES ('4476','4476','61','2','2');
INSERT INTO disciplineDepartmentDependency (ID,disciplineID,departmentID,courseNumber,semesterNumber) VALUES ('4477','4477','61','3','1');
INSERT INTO loginpass (ID,login,password,access_type) VALUES ('160','GRADXSLAVAKOSTQK@orange.fr','TCnsA8rs','employee');
INSERT INTO employee (name,lastName,fathersName,personalID,sex,email,phoneNumber,dateOfBorn,address,passport,login,office,ID,departmentID) VALUES ('Градислава','КОСТЮК','Луківна','8570010735','f','GRADXSLAVAKOSTQK@orange.fr','0917483455','1970-08-05','60806 Сімферополь Батицького маршала 63, 200','IT817133 ГУМВС 39','GRADXSLAVAKOSTQK@orange.fr','HR','153','61');
INSERT INTO loginpass (ID,login,password,access_type) VALUES ('161','VERNXSLAVSOROKA@o2.co.uk','b1$nF6ru','employee');
INSERT INTO employee (name,lastName,fathersName,personalID,sex,email,phoneNumber,dateOfBorn,address,passport,login,office,ID,departmentID) VALUES ('Вернислав','СОРОКА','Лукич','2463715562','m','VERNXSLAVSOROKA@o2.co.uk','0395751444','1990-07-24','28853 Дрогобич Звенигородський 94, 94','EG448726 ГУМВС 33','VERNXSLAVSOROKA@o2.co.uk','HR','154','61');
INSERT INTO loginpass (ID,login,password,access_type) VALUES ('162','GORODXSLAVAKOVALQZUK@live.co.uk','yEXuMr59','employee');
INSERT INTO employee (name,lastName,fathersName,personalID,sex,email,phoneNumber,dateOfBorn,address,passport,login,office,ID,departmentID) VALUES ('Городислава','КОВАЛЬЧУК','Луківна','1081050042','f','GORODXSLAVAKOVALQZUK@live.co.uk','0921867501','1957-02-09','80236 Павлоград Жукова маршала 91, 10','PW111331 ГУМВС 25','GORODXSLAVAKOVALQZUK@live.co.uk','HR','155','61');
INSERT INTO loginpass (ID,login,password,access_type) VALUES ('163','VSELQBAQULQGA@hotmail.de','R$dhg!re','employee');
INSERT INTO employee (name,lastName,fathersName,personalID,sex,email,phoneNumber,dateOfBorn,address,passport,login,office,ID,departmentID) VALUES ('Вселюба','ШУЛЬГА','Іллівна','8387517215','f','VSELQBAQULQGA@hotmail.de','0957072266','1981-03-25','25203 Сімферополь Канівська 77, 256','DX814177 ГУМВС 34','VSELQBAQULQGA@hotmail.de','HR','156','61');
INSERT INTO gtgroup (id,fullGroupName,courseNumber,departmentID) VALUES ('720','ММЕС-10','1','61');
INSERT INTO gtgroup (id,fullGroupName,courseNumber,departmentID) VALUES ('721','ММЕС-20','2','61');
INSERT INTO gtgroup (id,fullGroupName,courseNumber,departmentID) VALUES ('722','ММЕС-30','3','61');
INSERT INTO gtgroup (id,fullGroupName,courseNumber,departmentID) VALUES ('723','ММЕС-40','4','61');
INSERT INTO gtgroup (id,fullGroupName,courseNumber,departmentID) VALUES ('724','ММЕС-50','5','61');
INSERT INTO gtgroup (id,fullGroupName,courseNumber,departmentID) VALUES ('725','ММЕС-60','6','61');
INSERT INTO dayRequirements (id,departmentID,countOfDaysInWeek,countOfLessonsInADay) VALUES ('61','62','6','5');
INSERT INTO discipline (id,nameOfDiscipline,countOfLessons,exam) VALUES ('4478','Discipline ЕП-0','15','no');
INSERT INTO discipline (id,nameOfDiscipline,countOfLessons,exam) VALUES ('4479','Discipline ЕП-1','15','no');
INSERT INTO discipline (id,nameOfDiscipline,countOfLessons,exam) VALUES ('4480','Discipline ЕП-2','15','no');
INSERT INTO discipline (id,nameOfDiscipline,countOfLessons,exam) VALUES ('4481','Discipline ЕП-3','15','no');
INSERT INTO discipline (id,nameOfDiscipline,countOfLessons,exam) VALUES ('4482','Discipline ЕП-4','15','no');
INSERT INTO discipline (id,nameOfDiscipline,countOfLessons,exam) VALUES ('4483','Discipline ЕП-5','15','no');
INSERT INTO discipline (id,nameOfDiscipline,countOfLessons,exam) VALUES ('4484','Discipline ЕП-6','15','no');
INSERT INTO discipline (id,nameOfDiscipline,countOfLessons,exam) VALUES ('4485','Discipline ЕП-7','15','no');
INSERT INTO discipline (id,nameOfDiscipline,countOfLessons,exam) VALUES ('4486','Discipline ЕП-8','15','no');
INSERT INTO discipline (id,nameOfDiscipline,countOfLessons,exam) VALUES ('4487','Discipline ЕП-9','15','no');
INSERT INTO discipline (id,nameOfDiscipline,countOfLessons,exam) VALUES ('4488','Discipline ЕП-10','15','no');
INSERT INTO discipline (id,nameOfDiscipline,countOfLessons,exam) VALUES ('4489','Discipline ЕП-11','15','no');
INSERT INTO discipline (id,nameOfDiscipline,countOfLessons,exam) VALUES ('4490','Discipline ЕП-12','15','no');
INSERT INTO discipline (id,nameOfDiscipline,countOfLessons,exam) VALUES ('4491','Discipline ЕП-13','15','no');
INSERT INTO discipline (id,nameOfDiscipline,countOfLessons,exam) VALUES ('4492','Discipline ЕП-14','15','no');
INSERT INTO discipline (id,nameOfDiscipline,countOfLessons,exam) VALUES ('4493','Discipline ЕП-15','15','no');
INSERT INTO discipline (id,nameOfDiscipline,countOfLessons,exam) VALUES ('4494','Discipline ЕП-16','15','no');
INSERT INTO discipline (id,nameOfDiscipline,countOfLessons,exam) VALUES ('4495','Discipline ЕП-17','15','no');
INSERT INTO discipline (id,nameOfDiscipline,countOfLessons,exam) VALUES ('4496','Discipline ЕП-18','15','no');
INSERT INTO discipline (id,nameOfDiscipline,countOfLessons,exam) VALUES ('4497','Discipline ЕП-19','15','no');
INSERT INTO discipline (id,nameOfDiscipline,countOfLessons,exam) VALUES ('4498','Discipline ЕП-20','15','no');
INSERT INTO discipline (id,nameOfDiscipline,countOfLessons,exam) VALUES ('4499','Discipline ЕП-21','15','no');
INSERT INTO discipline (id,nameOfDiscipline,countOfLessons,exam) VALUES ('4500','Discipline ЕП-22','15','no');
INSERT INTO discipline (id,nameOfDiscipline,countOfLessons,exam) VALUES ('4501','Discipline ЕП-23','15','no');
INSERT INTO discipline (id,nameOfDiscipline,countOfLessons,exam) VALUES ('4502','Discipline ЕП-24','15','no');
INSERT INTO discipline (id,nameOfDiscipline,countOfLessons,exam) VALUES ('4503','Discipline ЕП-25','15','no');
INSERT INTO discipline (id,nameOfDiscipline,countOfLessons,exam) VALUES ('4504','Discipline ЕП-26','15','no');
INSERT INTO discipline (id,nameOfDiscipline,countOfLessons,exam) VALUES ('4505','Discipline ЕП-27','15','no');
INSERT INTO discipline (id,nameOfDiscipline,countOfLessons,exam) VALUES ('4506','Discipline ЕП-28','15','no');
INSERT INTO discipline (id,nameOfDiscipline,countOfLessons,exam) VALUES ('4507','Discipline ЕП-29','15','no');
INSERT INTO discipline (id,nameOfDiscipline,countOfLessons,exam) VALUES ('4508','Discipline ЕП-30','15','no');
INSERT INTO discipline (id,nameOfDiscipline,countOfLessons,exam) VALUES ('4509','Discipline ЕП-31','15','no');
INSERT INTO discipline (id,nameOfDiscipline,countOfLessons,exam) VALUES ('4510','Discipline ЕП-32','15','no');
INSERT INTO discipline (id,nameOfDiscipline,countOfLessons,exam) VALUES ('4511','Discipline ЕП-33','15','no');
INSERT INTO discipline (id,nameOfDiscipline,countOfLessons,exam) VALUES ('4512','Discipline ЕП-34','15','no');
INSERT INTO discipline (id,nameOfDiscipline,countOfLessons,exam) VALUES ('4513','Discipline ЕП-35','15','no');
INSERT INTO discipline (id,nameOfDiscipline,countOfLessons,exam) VALUES ('4514','Discipline ЕП-36','15','no');
INSERT INTO discipline (id,nameOfDiscipline,countOfLessons,exam) VALUES ('4515','Discipline ЕП-37','15','no');
INSERT INTO discipline (id,nameOfDiscipline,countOfLessons,exam) VALUES ('4516','Discipline ЕП-38','15','no');
INSERT INTO discipline (id,nameOfDiscipline,countOfLessons,exam) VALUES ('4517','Discipline ЕП-39','15','no');
INSERT INTO discipline (id,nameOfDiscipline,countOfLessons,exam) VALUES ('4518','Discipline ЕП-40','15','no');
INSERT INTO discipline (id,nameOfDiscipline,countOfLessons,exam) VALUES ('4519','Discipline ЕП-41','15','no');
INSERT INTO discipline (id,nameOfDiscipline,countOfLessons,exam) VALUES ('4520','Discipline ЕП-42','15','no');
INSERT INTO discipline (id,nameOfDiscipline,countOfLessons,exam) VALUES ('4521','Discipline ЕП-43','15','no');
INSERT INTO discipline (id,nameOfDiscipline,countOfLessons,exam) VALUES ('4522','Discipline ЕП-44','15','no');
INSERT INTO discipline (id,nameOfDiscipline,countOfLessons,exam) VALUES ('4523','Discipline ЕП-45','15','no');
INSERT INTO discipline (id,nameOfDiscipline,countOfLessons,exam) VALUES ('4524','Discipline ЕП-46','15','no');
INSERT INTO discipline (id,nameOfDiscipline,countOfLessons,exam) VALUES ('4525','Discipline ЕП-47','15','no');
INSERT INTO discipline (id,nameOfDiscipline,countOfLessons,exam) VALUES ('4526','Discipline ЕП-48','15','no');
INSERT INTO discipline (id,nameOfDiscipline,countOfLessons,exam) VALUES ('4527','Discipline ЕП-49','15','no');
INSERT INTO discipline (id,nameOfDiscipline,countOfLessons,exam) VALUES ('4528','Discipline ЕП-50','15','no');
INSERT INTO discipline (id,nameOfDiscipline,countOfLessons,exam) VALUES ('4529','Discipline ЕП-51','15','no');
INSERT INTO discipline (id,nameOfDiscipline,countOfLessons,exam) VALUES ('4530','Discipline ЕП-52','15','no');
INSERT INTO discipline (id,nameOfDiscipline,countOfLessons,exam) VALUES ('4531','Discipline ЕП-53','15','no');
INSERT INTO discipline (id,nameOfDiscipline,countOfLessons,exam) VALUES ('4532','Discipline ЕП-54','15','no');
INSERT INTO discipline (id,nameOfDiscipline,countOfLessons,exam) VALUES ('4533','Discipline ЕП-55','15','no');
INSERT INTO discipline (id,nameOfDiscipline,countOfLessons,exam) VALUES ('4534','Discipline ЕП-56','15','no');
INSERT INTO discipline (id,nameOfDiscipline,countOfLessons,exam) VALUES ('4535','Discipline ЕП-57','15','no');
INSERT INTO discipline (id,nameOfDiscipline,countOfLessons,exam) VALUES ('4536','Discipline ЕП-58','15','no');
INSERT INTO discipline (id,nameOfDiscipline,countOfLessons,exam) VALUES ('4537','Discipline ЕП-59','15','no');
INSERT INTO discipline (id,nameOfDiscipline,countOfLessons,exam) VALUES ('4538','Discipline ЕП-60','15','no');
INSERT INTO discipline (id,nameOfDiscipline,countOfLessons,exam) VALUES ('4539','Discipline ЕП-61','15','no');
INSERT INTO discipline (id,nameOfDiscipline,countOfLessons,exam) VALUES ('4540','Discipline ЕП-62','15','no');
INSERT INTO discipline (id,nameOfDiscipline,countOfLessons,exam) VALUES ('4541','Discipline ЕП-63','15','no');
INSERT INTO discipline (id,nameOfDiscipline,countOfLessons,exam) VALUES ('4542','Discipline ЕП-64','15','no');
INSERT INTO discipline (id,nameOfDiscipline,countOfLessons,exam) VALUES ('4543','Discipline ЕП-65','15','no');
INSERT INTO discipline (id,nameOfDiscipline,countOfLessons,exam) VALUES ('4544','Discipline ЕП-66','15','no');
INSERT INTO discipline (id,nameOfDiscipline,countOfLessons,exam) VALUES ('4545','Discipline ЕП-67','15','no');
INSERT INTO discipline (id,nameOfDiscipline,countOfLessons,exam) VALUES ('4546','Discipline ЕП-68','15','no');
INSERT INTO discipline (id,nameOfDiscipline,countOfLessons,exam) VALUES ('4547','Discipline ЕП-69','15','no');
INSERT INTO discipline (id,nameOfDiscipline,countOfLessons,exam) VALUES ('4548','Discipline ЕП-70','15','no');
INSERT INTO discipline (id,nameOfDiscipline,countOfLessons,exam) VALUES ('4549','Discipline ЕП-71','15','no');
INSERT INTO disciplineDepartmentDependency (ID,disciplineID,departmentID,courseNumber,semesterNumber) VALUES ('4478','4478','62','1','1');
INSERT INTO disciplineDepartmentDependency (ID,disciplineID,departmentID,courseNumber,semesterNumber) VALUES ('4479','4479','62','2','2');
INSERT INTO disciplineDepartmentDependency (ID,disciplineID,departmentID,courseNumber,semesterNumber) VALUES ('4480','4480','62','3','1');
INSERT INTO disciplineDepartmentDependency (ID,disciplineID,departmentID,courseNumber,semesterNumber) VALUES ('4481','4481','62','4','2');
INSERT INTO disciplineDepartmentDependency (ID,disciplineID,departmentID,courseNumber,semesterNumber) VALUES ('4482','4482','62','5','1');
INSERT INTO disciplineDepartmentDependency (ID,disciplineID,departmentID,courseNumber,semesterNumber) VALUES ('4483','4483','62','6','2');
INSERT INTO disciplineDepartmentDependency (ID,disciplineID,departmentID,courseNumber,semesterNumber) VALUES ('4484','4484','62','1','1');
INSERT INTO disciplineDepartmentDependency (ID,disciplineID,departmentID,courseNumber,semesterNumber) VALUES ('4485','4485','62','2','2');
INSERT INTO disciplineDepartmentDependency (ID,disciplineID,departmentID,courseNumber,semesterNumber) VALUES ('4486','4486','62','3','1');
INSERT INTO disciplineDepartmentDependency (ID,disciplineID,departmentID,courseNumber,semesterNumber) VALUES ('4487','4487','62','4','2');
INSERT INTO disciplineDepartmentDependency (ID,disciplineID,departmentID,courseNumber,semesterNumber) VALUES ('4488','4488','62','5','1');
INSERT INTO disciplineDepartmentDependency (ID,disciplineID,departmentID,courseNumber,semesterNumber) VALUES ('4489','4489','62','6','2');
INSERT INTO disciplineDepartmentDependency (ID,disciplineID,departmentID,courseNumber,semesterNumber) VALUES ('4490','4490','62','1','1');
INSERT INTO disciplineDepartmentDependency (ID,disciplineID,departmentID,courseNumber,semesterNumber) VALUES ('4491','4491','62','2','2');
INSERT INTO disciplineDepartmentDependency (ID,disciplineID,departmentID,courseNumber,semesterNumber) VALUES ('4492','4492','62','3','1');
INSERT INTO disciplineDepartmentDependency (ID,disciplineID,departmentID,courseNumber,semesterNumber) VALUES ('4493','4493','62','4','2');
INSERT INTO disciplineDepartmentDependency (ID,disciplineID,departmentID,courseNumber,semesterNumber) VALUES ('4494','4494','62','5','1');
INSERT INTO disciplineDepartmentDependency (ID,disciplineID,departmentID,courseNumber,semesterNumber) VALUES ('4495','4495','62','6','2');
INSERT INTO disciplineDepartmentDependency (ID,disciplineID,departmentID,courseNumber,semesterNumber) VALUES ('4496','4496','62','1','1');
INSERT INTO disciplineDepartmentDependency (ID,disciplineID,departmentID,courseNumber,semesterNumber) VALUES ('4497','4497','62','2','2');
INSERT INTO disciplineDepartmentDependency (ID,disciplineID,departmentID,courseNumber,semesterNumber) VALUES ('4498','4498','62','3','1');
INSERT INTO disciplineDepartmentDependency (ID,disciplineID,departmentID,courseNumber,semesterNumber) VALUES ('4499','4499','62','4','2');
INSERT INTO disciplineDepartmentDependency (ID,disciplineID,departmentID,courseNumber,semesterNumber) VALUES ('4500','4500','62','5','1');
INSERT INTO disciplineDepartmentDependency (ID,disciplineID,departmentID,courseNumber,semesterNumber) VALUES ('4501','4501','62','6','2');
INSERT INTO disciplineDepartmentDependency (ID,disciplineID,departmentID,courseNumber,semesterNumber) VALUES ('4502','4502','62','1','1');
INSERT INTO disciplineDepartmentDependency (ID,disciplineID,departmentID,courseNumber,semesterNumber) VALUES ('4503','4503','62','2','2');
INSERT INTO disciplineDepartmentDependency (ID,disciplineID,departmentID,courseNumber,semesterNumber) VALUES ('4504','4504','62','3','1');
INSERT INTO disciplineDepartmentDependency (ID,disciplineID,departmentID,courseNumber,semesterNumber) VALUES ('4505','4505','62','4','2');
INSERT INTO disciplineDepartmentDependency (ID,disciplineID,departmentID,courseNumber,semesterNumber) VALUES ('4506','4506','62','5','1');
INSERT INTO disciplineDepartmentDependency (ID,disciplineID,departmentID,courseNumber,semesterNumber) VALUES ('4507','4507','62','6','2');
INSERT INTO disciplineDepartmentDependency (ID,disciplineID,departmentID,courseNumber,semesterNumber) VALUES ('4508','4508','62','1','1');
INSERT INTO disciplineDepartmentDependency (ID,disciplineID,departmentID,courseNumber,semesterNumber) VALUES ('4509','4509','62','2','2');
INSERT INTO disciplineDepartmentDependency (ID,disciplineID,departmentID,courseNumber,semesterNumber) VALUES ('4510','4510','62','3','1');
INSERT INTO disciplineDepartmentDependency (ID,disciplineID,departmentID,courseNumber,semesterNumber) VALUES ('4511','4511','62','4','2');
INSERT INTO disciplineDepartmentDependency (ID,disciplineID,departmentID,courseNumber,semesterNumber) VALUES ('4512','4512','62','5','1');
INSERT INTO disciplineDepartmentDependency (ID,disciplineID,departmentID,courseNumber,semesterNumber) VALUES ('4513','4513','62','6','2');
INSERT INTO disciplineDepartmentDependency (ID,disciplineID,departmentID,courseNumber,semesterNumber) VALUES ('4514','4514','62','1','1');
INSERT INTO disciplineDepartmentDependency (ID,disciplineID,departmentID,courseNumber,semesterNumber) VALUES ('4515','4515','62','2','2');
INSERT INTO disciplineDepartmentDependency (ID,disciplineID,departmentID,courseNumber,semesterNumber) VALUES ('4516','4516','62','3','1');
INSERT INTO disciplineDepartmentDependency (ID,disciplineID,departmentID,courseNumber,semesterNumber) VALUES ('4517','4517','62','4','2');
INSERT INTO disciplineDepartmentDependency (ID,disciplineID,departmentID,courseNumber,semesterNumber) VALUES ('4518','4518','62','5','1');
INSERT INTO disciplineDepartmentDependency (ID,disciplineID,departmentID,courseNumber,semesterNumber) VALUES ('4519','4519','62','6','2');
INSERT INTO disciplineDepartmentDependency (ID,disciplineID,departmentID,courseNumber,semesterNumber) VALUES ('4520','4520','62','1','1');
INSERT INTO disciplineDepartmentDependency (ID,disciplineID,departmentID,courseNumber,semesterNumber) VALUES ('4521','4521','62','2','2');
INSERT INTO disciplineDepartmentDependency (ID,disciplineID,departmentID,courseNumber,semesterNumber) VALUES ('4522','4522','62','3','1');
INSERT INTO disciplineDepartmentDependency (ID,disciplineID,departmentID,courseNumber,semesterNumber) VALUES ('4523','4523','62','4','2');
INSERT INTO disciplineDepartmentDependency (ID,disciplineID,departmentID,courseNumber,semesterNumber) VALUES ('4524','4524','62','5','1');
INSERT INTO disciplineDepartmentDependency (ID,disciplineID,departmentID,courseNumber,semesterNumber) VALUES ('4525','4525','62','6','2');
INSERT INTO disciplineDepartmentDependency (ID,disciplineID,departmentID,courseNumber,semesterNumber) VALUES ('4526','4526','62','1','1');
INSERT INTO disciplineDepartmentDependency (ID,disciplineID,departmentID,courseNumber,semesterNumber) VALUES ('4527','4527','62','2','2');
INSERT INTO disciplineDepartmentDependency (ID,disciplineID,departmentID,courseNumber,semesterNumber) VALUES ('4528','4528','62','3','1');
INSERT INTO disciplineDepartmentDependency (ID,disciplineID,departmentID,courseNumber,semesterNumber) VALUES ('4529','4529','62','4','2');
INSERT INTO disciplineDepartmentDependency (ID,disciplineID,departmentID,courseNumber,semesterNumber) VALUES ('4530','4530','62','5','1');
INSERT INTO disciplineDepartmentDependency (ID,disciplineID,departmentID,courseNumber,semesterNumber) VALUES ('4531','4531','62','6','2');
INSERT INTO disciplineDepartmentDependency (ID,disciplineID,departmentID,courseNumber,semesterNumber) VALUES ('4532','4532','62','1','1');
INSERT INTO disciplineDepartmentDependency (ID,disciplineID,departmentID,courseNumber,semesterNumber) VALUES ('4533','4533','62','2','2');
INSERT INTO disciplineDepartmentDependency (ID,disciplineID,departmentID,courseNumber,semesterNumber) VALUES ('4534','4534','62','3','1');
INSERT INTO disciplineDepartmentDependency (ID,disciplineID,departmentID,courseNumber,semesterNumber) VALUES ('4535','4535','62','4','2');
INSERT INTO disciplineDepartmentDependency (ID,disciplineID,departmentID,courseNumber,semesterNumber) VALUES ('4536','4536','62','5','1');
INSERT INTO disciplineDepartmentDependency (ID,disciplineID,departmentID,courseNumber,semesterNumber) VALUES ('4537','4537','62','6','2');
INSERT INTO disciplineDepartmentDependency (ID,disciplineID,departmentID,courseNumber,semesterNumber) VALUES ('4538','4538','62','1','1');
INSERT INTO disciplineDepartmentDependency (ID,disciplineID,departmentID,courseNumber,semesterNumber) VALUES ('4539','4539','62','2','2');
INSERT INTO disciplineDepartmentDependency (ID,disciplineID,departmentID,courseNumber,semesterNumber) VALUES ('4540','4540','62','3','1');
INSERT INTO disciplineDepartmentDependency (ID,disciplineID,departmentID,courseNumber,semesterNumber) VALUES ('4541','4541','62','4','2');
INSERT INTO disciplineDepartmentDependency (ID,disciplineID,departmentID,courseNumber,semesterNumber) VALUES ('4542','4542','62','5','1');
INSERT INTO disciplineDepartmentDependency (ID,disciplineID,departmentID,courseNumber,semesterNumber) VALUES ('4543','4543','62','6','2');
INSERT INTO disciplineDepartmentDependency (ID,disciplineID,departmentID,courseNumber,semesterNumber) VALUES ('4544','4544','62','1','1');
INSERT INTO disciplineDepartmentDependency (ID,disciplineID,departmentID,courseNumber,semesterNumber) VALUES ('4545','4545','62','2','2');
INSERT INTO disciplineDepartmentDependency (ID,disciplineID,departmentID,courseNumber,semesterNumber) VALUES ('4546','4546','62','3','1');
INSERT INTO disciplineDepartmentDependency (ID,disciplineID,departmentID,courseNumber,semesterNumber) VALUES ('4547','4547','62','4','2');
INSERT INTO disciplineDepartmentDependency (ID,disciplineID,departmentID,courseNumber,semesterNumber) VALUES ('4548','4548','62','5','1');
INSERT INTO disciplineDepartmentDependency (ID,disciplineID,departmentID,courseNumber,semesterNumber) VALUES ('4549','4549','62','6','2');
INSERT INTO loginpass (ID,login,password,access_type) VALUES ('164','VQZESLAVKRAVZUK@talktalk.co.uk','lphLkq58','employee');
INSERT INTO employee (name,lastName,fathersName,personalID,sex,email,phoneNumber,dateOfBorn,address,passport,login,office,ID,departmentID) VALUES ('В’ячеслав','КРАВЧУК','Григорович','1251880634','m','VQZESLAVKRAVZUK@talktalk.co.uk','0956178552','1978-04-06','81716 Сторожинець Карбишева 11, 52','HV277417 ГУМВС 9','VQZESLAVKRAVZUK@talktalk.co.uk','HR','157','62');
INSERT INTO loginpass (ID,login,password,access_type) VALUES ('165','DARXBOGPOPOVXZ@virgin.net','hySMzRcl','employee');
INSERT INTO employee (name,lastName,fathersName,personalID,sex,email,phoneNumber,dateOfBorn,address,passport,login,office,ID,departmentID) VALUES ('Дарибог','ПОПОВИЧ','Ілліч','8447202533','m','DARXBOGPOPOVXZ@virgin.net','0964605413','1984-04-14','84751 Сміла Капітана Пилипенка 18, 116','UR111554 ГУМВС 42','DARXBOGPOPOVXZ@virgin.net','HR','158','62');
INSERT INTO loginpass (ID,login,password,access_type) VALUES ('166','GOSTOMXSLRUDENKO@online.de','Po6C3td&','employee');
INSERT INTO employee (name,lastName,fathersName,personalID,sex,email,phoneNumber,dateOfBorn,address,passport,login,office,ID,departmentID) VALUES ('Гостомисл','РУДЕНКО','Савич','1052512010','m','GOSTOMXSLRUDENKO@online.de','0637444166','1984-11-21','46513 Луцьк Абрикосова 34, 164','EK465614 ГУМВС 28','GOSTOMXSLRUDENKO@online.de','HR','159','62');
INSERT INTO loginpass (ID,login,password,access_type) VALUES ('167','VELXZARGUMENQK@online.de','CWtIEZyL','employee');
INSERT INTO employee (name,lastName,fathersName,personalID,sex,email,phoneNumber,dateOfBorn,address,passport,login,office,ID,departmentID) VALUES ('Величар','ГУМЕНЮК','Кузьмич','3834277882','m','VELXZARGUMENQK@online.de','0684055700','1991-10-15','44521 Умань ІІ-а Приміська 11, 256','LX286212 ГУМВС 9','VELXZARGUMENQK@online.de','HR','160','62');
INSERT INTO gtgroup (id,fullGroupName,courseNumber,departmentID) VALUES ('726','ЕП-10','1','62');
INSERT INTO gtgroup (id,fullGroupName,courseNumber,departmentID) VALUES ('727','ЕП-11','1','62');
INSERT INTO gtgroup (id,fullGroupName,courseNumber,departmentID) VALUES ('728','ЕП-12','1','62');
INSERT INTO gtgroup (id,fullGroupName,courseNumber,departmentID) VALUES ('729','ЕП-20','2','62');
INSERT INTO gtgroup (id,fullGroupName,courseNumber,departmentID) VALUES ('730','ЕП-21','2','62');
INSERT INTO gtgroup (id,fullGroupName,courseNumber,departmentID) VALUES ('731','ЕП-22','2','62');
INSERT INTO gtgroup (id,fullGroupName,courseNumber,departmentID) VALUES ('732','ЕП-30','3','62');
INSERT INTO gtgroup (id,fullGroupName,courseNumber,departmentID) VALUES ('733','ЕП-31','3','62');
INSERT INTO gtgroup (id,fullGroupName,courseNumber,departmentID) VALUES ('734','ЕП-32','3','62');
INSERT INTO gtgroup (id,fullGroupName,courseNumber,departmentID) VALUES ('735','ЕП-40','4','62');
INSERT INTO gtgroup (id,fullGroupName,courseNumber,departmentID) VALUES ('736','ЕП-41','4','62');
INSERT INTO gtgroup (id,fullGroupName,courseNumber,departmentID) VALUES ('737','ЕП-42','4','62');
INSERT INTO gtgroup (id,fullGroupName,courseNumber,departmentID) VALUES ('738','ЕП-50','5','62');
INSERT INTO gtgroup (id,fullGroupName,courseNumber,departmentID) VALUES ('739','ЕП-51','5','62');
INSERT INTO gtgroup (id,fullGroupName,courseNumber,departmentID) VALUES ('740','ЕП-52','5','62');
INSERT INTO gtgroup (id,fullGroupName,courseNumber,departmentID) VALUES ('741','ЕП-60','6','62');
INSERT INTO gtgroup (id,fullGroupName,courseNumber,departmentID) VALUES ('742','ЕП-61','6','62');
INSERT INTO gtgroup (id,fullGroupName,courseNumber,departmentID) VALUES ('743','ЕП-62','6','62');
INSERT INTO dayRequirements (id,departmentID,countOfDaysInWeek,countOfLessonsInADay) VALUES ('62','63','6','5');
INSERT INTO discipline (id,nameOfDiscipline,countOfLessons,exam) VALUES ('4550','Discipline КМЕ-0','15','no');
INSERT INTO discipline (id,nameOfDiscipline,countOfLessons,exam) VALUES ('4551','Discipline КМЕ-1','15','no');
INSERT INTO discipline (id,nameOfDiscipline,countOfLessons,exam) VALUES ('4552','Discipline КМЕ-2','15','no');
INSERT INTO discipline (id,nameOfDiscipline,countOfLessons,exam) VALUES ('4553','Discipline КМЕ-3','15','no');
INSERT INTO discipline (id,nameOfDiscipline,countOfLessons,exam) VALUES ('4554','Discipline КМЕ-4','15','no');
INSERT INTO discipline (id,nameOfDiscipline,countOfLessons,exam) VALUES ('4555','Discipline КМЕ-5','15','no');
INSERT INTO discipline (id,nameOfDiscipline,countOfLessons,exam) VALUES ('4556','Discipline КМЕ-6','15','no');
INSERT INTO discipline (id,nameOfDiscipline,countOfLessons,exam) VALUES ('4557','Discipline КМЕ-7','15','no');
INSERT INTO discipline (id,nameOfDiscipline,countOfLessons,exam) VALUES ('4558','Discipline КМЕ-8','15','no');
INSERT INTO discipline (id,nameOfDiscipline,countOfLessons,exam) VALUES ('4559','Discipline КМЕ-9','15','no');
INSERT INTO discipline (id,nameOfDiscipline,countOfLessons,exam) VALUES ('4560','Discipline КМЕ-10','15','no');
INSERT INTO discipline (id,nameOfDiscipline,countOfLessons,exam) VALUES ('4561','Discipline КМЕ-11','15','no');
INSERT INTO discipline (id,nameOfDiscipline,countOfLessons,exam) VALUES ('4562','Discipline КМЕ-12','15','no');
INSERT INTO discipline (id,nameOfDiscipline,countOfLessons,exam) VALUES ('4563','Discipline КМЕ-13','15','no');
INSERT INTO discipline (id,nameOfDiscipline,countOfLessons,exam) VALUES ('4564','Discipline КМЕ-14','15','no');
INSERT INTO discipline (id,nameOfDiscipline,countOfLessons,exam) VALUES ('4565','Discipline КМЕ-15','15','no');
INSERT INTO discipline (id,nameOfDiscipline,countOfLessons,exam) VALUES ('4566','Discipline КМЕ-16','15','no');
INSERT INTO discipline (id,nameOfDiscipline,countOfLessons,exam) VALUES ('4567','Discipline КМЕ-17','15','no');
INSERT INTO discipline (id,nameOfDiscipline,countOfLessons,exam) VALUES ('4568','Discipline КМЕ-18','15','no');
INSERT INTO discipline (id,nameOfDiscipline,countOfLessons,exam) VALUES ('4569','Discipline КМЕ-19','15','no');
INSERT INTO discipline (id,nameOfDiscipline,countOfLessons,exam) VALUES ('4570','Discipline КМЕ-20','15','no');
INSERT INTO discipline (id,nameOfDiscipline,countOfLessons,exam) VALUES ('4571','Discipline КМЕ-21','15','no');
INSERT INTO discipline (id,nameOfDiscipline,countOfLessons,exam) VALUES ('4572','Discipline КМЕ-22','15','no');
INSERT INTO discipline (id,nameOfDiscipline,countOfLessons,exam) VALUES ('4573','Discipline КМЕ-23','15','no');
INSERT INTO discipline (id,nameOfDiscipline,countOfLessons,exam) VALUES ('4574','Discipline КМЕ-24','15','no');
INSERT INTO discipline (id,nameOfDiscipline,countOfLessons,exam) VALUES ('4575','Discipline КМЕ-25','15','no');
INSERT INTO discipline (id,nameOfDiscipline,countOfLessons,exam) VALUES ('4576','Discipline КМЕ-26','15','no');
INSERT INTO discipline (id,nameOfDiscipline,countOfLessons,exam) VALUES ('4577','Discipline КМЕ-27','15','no');
INSERT INTO discipline (id,nameOfDiscipline,countOfLessons,exam) VALUES ('4578','Discipline КМЕ-28','15','no');
INSERT INTO discipline (id,nameOfDiscipline,countOfLessons,exam) VALUES ('4579','Discipline КМЕ-29','15','no');
INSERT INTO discipline (id,nameOfDiscipline,countOfLessons,exam) VALUES ('4580','Discipline КМЕ-30','15','no');
INSERT INTO discipline (id,nameOfDiscipline,countOfLessons,exam) VALUES ('4581','Discipline КМЕ-31','15','no');
INSERT INTO discipline (id,nameOfDiscipline,countOfLessons,exam) VALUES ('4582','Discipline КМЕ-32','15','no');
INSERT INTO discipline (id,nameOfDiscipline,countOfLessons,exam) VALUES ('4583','Discipline КМЕ-33','15','no');
INSERT INTO discipline (id,nameOfDiscipline,countOfLessons,exam) VALUES ('4584','Discipline КМЕ-34','15','no');
INSERT INTO discipline (id,nameOfDiscipline,countOfLessons,exam) VALUES ('4585','Discipline КМЕ-35','15','no');
INSERT INTO discipline (id,nameOfDiscipline,countOfLessons,exam) VALUES ('4586','Discipline КМЕ-36','15','no');
INSERT INTO discipline (id,nameOfDiscipline,countOfLessons,exam) VALUES ('4587','Discipline КМЕ-37','15','no');
INSERT INTO discipline (id,nameOfDiscipline,countOfLessons,exam) VALUES ('4588','Discipline КМЕ-38','15','no');
INSERT INTO discipline (id,nameOfDiscipline,countOfLessons,exam) VALUES ('4589','Discipline КМЕ-39','15','no');
INSERT INTO discipline (id,nameOfDiscipline,countOfLessons,exam) VALUES ('4590','Discipline КМЕ-40','15','no');
INSERT INTO discipline (id,nameOfDiscipline,countOfLessons,exam) VALUES ('4591','Discipline КМЕ-41','15','no');
INSERT INTO discipline (id,nameOfDiscipline,countOfLessons,exam) VALUES ('4592','Discipline КМЕ-42','15','no');
INSERT INTO discipline (id,nameOfDiscipline,countOfLessons,exam) VALUES ('4593','Discipline КМЕ-43','15','no');
INSERT INTO discipline (id,nameOfDiscipline,countOfLessons,exam) VALUES ('4594','Discipline КМЕ-44','15','no');
INSERT INTO discipline (id,nameOfDiscipline,countOfLessons,exam) VALUES ('4595','Discipline КМЕ-45','15','no');
INSERT INTO discipline (id,nameOfDiscipline,countOfLessons,exam) VALUES ('4596','Discipline КМЕ-46','15','no');
INSERT INTO discipline (id,nameOfDiscipline,countOfLessons,exam) VALUES ('4597','Discipline КМЕ-47','15','no');
INSERT INTO discipline (id,nameOfDiscipline,countOfLessons,exam) VALUES ('4598','Discipline КМЕ-48','15','no');
INSERT INTO discipline (id,nameOfDiscipline,countOfLessons,exam) VALUES ('4599','Discipline КМЕ-49','15','no');
INSERT INTO discipline (id,nameOfDiscipline,countOfLessons,exam) VALUES ('4600','Discipline КМЕ-50','15','no');
INSERT INTO discipline (id,nameOfDiscipline,countOfLessons,exam) VALUES ('4601','Discipline КМЕ-51','15','no');
INSERT INTO discipline (id,nameOfDiscipline,countOfLessons,exam) VALUES ('4602','Discipline КМЕ-52','15','no');
INSERT INTO discipline (id,nameOfDiscipline,countOfLessons,exam) VALUES ('4603','Discipline КМЕ-53','15','no');
INSERT INTO discipline (id,nameOfDiscipline,countOfLessons,exam) VALUES ('4604','Discipline КМЕ-54','15','no');
INSERT INTO discipline (id,nameOfDiscipline,countOfLessons,exam) VALUES ('4605','Discipline КМЕ-55','15','no');
INSERT INTO discipline (id,nameOfDiscipline,countOfLessons,exam) VALUES ('4606','Discipline КМЕ-56','15','no');
INSERT INTO discipline (id,nameOfDiscipline,countOfLessons,exam) VALUES ('4607','Discipline КМЕ-57','15','no');
INSERT INTO discipline (id,nameOfDiscipline,countOfLessons,exam) VALUES ('4608','Discipline КМЕ-58','15','no');
INSERT INTO discipline (id,nameOfDiscipline,countOfLessons,exam) VALUES ('4609','Discipline КМЕ-59','15','no');
INSERT INTO discipline (id,nameOfDiscipline,countOfLessons,exam) VALUES ('4610','Discipline КМЕ-60','15','no');
INSERT INTO discipline (id,nameOfDiscipline,countOfLessons,exam) VALUES ('4611','Discipline КМЕ-61','15','no');
INSERT INTO discipline (id,nameOfDiscipline,countOfLessons,exam) VALUES ('4612','Discipline КМЕ-62','15','no');
INSERT INTO discipline (id,nameOfDiscipline,countOfLessons,exam) VALUES ('4613','Discipline КМЕ-63','15','no');
INSERT INTO discipline (id,nameOfDiscipline,countOfLessons,exam) VALUES ('4614','Discipline КМЕ-64','15','no');
INSERT INTO discipline (id,nameOfDiscipline,countOfLessons,exam) VALUES ('4615','Discipline КМЕ-65','15','no');
INSERT INTO discipline (id,nameOfDiscipline,countOfLessons,exam) VALUES ('4616','Discipline КМЕ-66','15','no');
INSERT INTO discipline (id,nameOfDiscipline,countOfLessons,exam) VALUES ('4617','Discipline КМЕ-67','15','no');
INSERT INTO discipline (id,nameOfDiscipline,countOfLessons,exam) VALUES ('4618','Discipline КМЕ-68','15','no');
INSERT INTO disciplineDepartmentDependency (ID,disciplineID,departmentID,courseNumber,semesterNumber) VALUES ('4550','4550','63','1','1');
INSERT INTO disciplineDepartmentDependency (ID,disciplineID,departmentID,courseNumber,semesterNumber) VALUES ('4551','4551','63','2','2');
INSERT INTO disciplineDepartmentDependency (ID,disciplineID,departmentID,courseNumber,semesterNumber) VALUES ('4552','4552','63','3','1');
INSERT INTO disciplineDepartmentDependency (ID,disciplineID,departmentID,courseNumber,semesterNumber) VALUES ('4553','4553','63','4','2');
INSERT INTO disciplineDepartmentDependency (ID,disciplineID,departmentID,courseNumber,semesterNumber) VALUES ('4554','4554','63','5','1');
INSERT INTO disciplineDepartmentDependency (ID,disciplineID,departmentID,courseNumber,semesterNumber) VALUES ('4555','4555','63','6','2');
INSERT INTO disciplineDepartmentDependency (ID,disciplineID,departmentID,courseNumber,semesterNumber) VALUES ('4556','4556','63','1','1');
INSERT INTO disciplineDepartmentDependency (ID,disciplineID,departmentID,courseNumber,semesterNumber) VALUES ('4557','4557','63','2','2');
INSERT INTO disciplineDepartmentDependency (ID,disciplineID,departmentID,courseNumber,semesterNumber) VALUES ('4558','4558','63','3','1');
INSERT INTO disciplineDepartmentDependency (ID,disciplineID,departmentID,courseNumber,semesterNumber) VALUES ('4559','4559','63','4','2');
INSERT INTO disciplineDepartmentDependency (ID,disciplineID,departmentID,courseNumber,semesterNumber) VALUES ('4560','4560','63','5','1');
INSERT INTO disciplineDepartmentDependency (ID,disciplineID,departmentID,courseNumber,semesterNumber) VALUES ('4561','4561','63','6','2');
INSERT INTO disciplineDepartmentDependency (ID,disciplineID,departmentID,courseNumber,semesterNumber) VALUES ('4562','4562','63','1','1');
INSERT INTO disciplineDepartmentDependency (ID,disciplineID,departmentID,courseNumber,semesterNumber) VALUES ('4563','4563','63','2','2');
INSERT INTO disciplineDepartmentDependency (ID,disciplineID,departmentID,courseNumber,semesterNumber) VALUES ('4564','4564','63','3','1');
INSERT INTO disciplineDepartmentDependency (ID,disciplineID,departmentID,courseNumber,semesterNumber) VALUES ('4565','4565','63','4','2');
INSERT INTO disciplineDepartmentDependency (ID,disciplineID,departmentID,courseNumber,semesterNumber) VALUES ('4566','4566','63','5','1');
INSERT INTO disciplineDepartmentDependency (ID,disciplineID,departmentID,courseNumber,semesterNumber) VALUES ('4567','4567','63','6','2');
INSERT INTO disciplineDepartmentDependency (ID,disciplineID,departmentID,courseNumber,semesterNumber) VALUES ('4568','4568','63','1','1');
INSERT INTO disciplineDepartmentDependency (ID,disciplineID,departmentID,courseNumber,semesterNumber) VALUES ('4569','4569','63','2','2');
INSERT INTO disciplineDepartmentDependency (ID,disciplineID,departmentID,courseNumber,semesterNumber) VALUES ('4570','4570','63','3','1');
INSERT INTO disciplineDepartmentDependency (ID,disciplineID,departmentID,courseNumber,semesterNumber) VALUES ('4571','4571','63','4','2');
INSERT INTO disciplineDepartmentDependency (ID,disciplineID,departmentID,courseNumber,semesterNumber) VALUES ('4572','4572','63','5','1');
INSERT INTO disciplineDepartmentDependency (ID,disciplineID,departmentID,courseNumber,semesterNumber) VALUES ('4573','4573','63','6','2');
INSERT INTO disciplineDepartmentDependency (ID,disciplineID,departmentID,courseNumber,semesterNumber) VALUES ('4574','4574','63','1','1');
INSERT INTO disciplineDepartmentDependency (ID,disciplineID,departmentID,courseNumber,semesterNumber) VALUES ('4575','4575','63','2','2');
INSERT INTO disciplineDepartmentDependency (ID,disciplineID,departmentID,courseNumber,semesterNumber) VALUES ('4576','4576','63','3','1');
INSERT INTO disciplineDepartmentDependency (ID,disciplineID,departmentID,courseNumber,semesterNumber) VALUES ('4577','4577','63','4','2');
INSERT INTO disciplineDepartmentDependency (ID,disciplineID,departmentID,courseNumber,semesterNumber) VALUES ('4578','4578','63','5','1');
INSERT INTO disciplineDepartmentDependency (ID,disciplineID,departmentID,courseNumber,semesterNumber) VALUES ('4579','4579','63','6','2');
INSERT INTO disciplineDepartmentDependency (ID,disciplineID,departmentID,courseNumber,semesterNumber) VALUES ('4580','4580','63','1','1');
INSERT INTO disciplineDepartmentDependency (ID,disciplineID,departmentID,courseNumber,semesterNumber) VALUES ('4581','4581','63','2','2');
INSERT INTO disciplineDepartmentDependency (ID,disciplineID,departmentID,courseNumber,semesterNumber) VALUES ('4582','4582','63','3','1');
INSERT INTO disciplineDepartmentDependency (ID,disciplineID,departmentID,courseNumber,semesterNumber) VALUES ('4583','4583','63','4','2');
INSERT INTO disciplineDepartmentDependency (ID,disciplineID,departmentID,courseNumber,semesterNumber) VALUES ('4584','4584','63','5','1');
INSERT INTO disciplineDepartmentDependency (ID,disciplineID,departmentID,courseNumber,semesterNumber) VALUES ('4585','4585','63','6','2');
INSERT INTO disciplineDepartmentDependency (ID,disciplineID,departmentID,courseNumber,semesterNumber) VALUES ('4586','4586','63','1','1');
INSERT INTO disciplineDepartmentDependency (ID,disciplineID,departmentID,courseNumber,semesterNumber) VALUES ('4587','4587','63','2','2');
INSERT INTO disciplineDepartmentDependency (ID,disciplineID,departmentID,courseNumber,semesterNumber) VALUES ('4588','4588','63','3','1');
INSERT INTO disciplineDepartmentDependency (ID,disciplineID,departmentID,courseNumber,semesterNumber) VALUES ('4589','4589','63','4','2');
INSERT INTO disciplineDepartmentDependency (ID,disciplineID,departmentID,courseNumber,semesterNumber) VALUES ('4590','4590','63','5','1');
INSERT INTO disciplineDepartmentDependency (ID,disciplineID,departmentID,courseNumber,semesterNumber) VALUES ('4591','4591','63','6','2');
INSERT INTO disciplineDepartmentDependency (ID,disciplineID,departmentID,courseNumber,semesterNumber) VALUES ('4592','4592','63','1','1');
INSERT INTO disciplineDepartmentDependency (ID,disciplineID,departmentID,courseNumber,semesterNumber) VALUES ('4593','4593','63','2','2');
INSERT INTO disciplineDepartmentDependency (ID,disciplineID,departmentID,courseNumber,semesterNumber) VALUES ('4594','4594','63','3','1');
INSERT INTO disciplineDepartmentDependency (ID,disciplineID,departmentID,courseNumber,semesterNumber) VALUES ('4595','4595','63','4','2');
INSERT INTO disciplineDepartmentDependency (ID,disciplineID,departmentID,courseNumber,semesterNumber) VALUES ('4596','4596','63','5','1');
INSERT INTO disciplineDepartmentDependency (ID,disciplineID,departmentID,courseNumber,semesterNumber) VALUES ('4597','4597','63','6','2');
INSERT INTO disciplineDepartmentDependency (ID,disciplineID,departmentID,courseNumber,semesterNumber) VALUES ('4598','4598','63','1','1');
INSERT INTO disciplineDepartmentDependency (ID,disciplineID,departmentID,courseNumber,semesterNumber) VALUES ('4599','4599','63','2','2');
INSERT INTO disciplineDepartmentDependency (ID,disciplineID,departmentID,courseNumber,semesterNumber) VALUES ('4600','4600','63','3','1');
INSERT INTO disciplineDepartmentDependency (ID,disciplineID,departmentID,courseNumber,semesterNumber) VALUES ('4601','4601','63','4','2');
INSERT INTO disciplineDepartmentDependency (ID,disciplineID,departmentID,courseNumber,semesterNumber) VALUES ('4602','4602','63','5','1');
INSERT INTO disciplineDepartmentDependency (ID,disciplineID,departmentID,courseNumber,semesterNumber) VALUES ('4603','4603','63','6','2');
INSERT INTO disciplineDepartmentDependency (ID,disciplineID,departmentID,courseNumber,semesterNumber) VALUES ('4604','4604','63','1','1');
INSERT INTO disciplineDepartmentDependency (ID,disciplineID,departmentID,courseNumber,semesterNumber) VALUES ('4605','4605','63','2','2');
INSERT INTO disciplineDepartmentDependency (ID,disciplineID,departmentID,courseNumber,semesterNumber) VALUES ('4606','4606','63','3','1');
INSERT INTO disciplineDepartmentDependency (ID,disciplineID,departmentID,courseNumber,semesterNumber) VALUES ('4607','4607','63','4','2');
INSERT INTO disciplineDepartmentDependency (ID,disciplineID,departmentID,courseNumber,semesterNumber) VALUES ('4608','4608','63','5','1');
INSERT INTO disciplineDepartmentDependency (ID,disciplineID,departmentID,courseNumber,semesterNumber) VALUES ('4609','4609','63','6','2');
INSERT INTO disciplineDepartmentDependency (ID,disciplineID,departmentID,courseNumber,semesterNumber) VALUES ('4610','4610','63','1','1');
INSERT INTO disciplineDepartmentDependency (ID,disciplineID,departmentID,courseNumber,semesterNumber) VALUES ('4611','4611','63','2','2');
INSERT INTO disciplineDepartmentDependency (ID,disciplineID,departmentID,courseNumber,semesterNumber) VALUES ('4612','4612','63','3','1');
INSERT INTO disciplineDepartmentDependency (ID,disciplineID,departmentID,courseNumber,semesterNumber) VALUES ('4613','4613','63','4','2');
INSERT INTO disciplineDepartmentDependency (ID,disciplineID,departmentID,courseNumber,semesterNumber) VALUES ('4614','4614','63','5','1');
INSERT INTO disciplineDepartmentDependency (ID,disciplineID,departmentID,courseNumber,semesterNumber) VALUES ('4615','4615','63','6','2');
INSERT INTO disciplineDepartmentDependency (ID,disciplineID,departmentID,courseNumber,semesterNumber) VALUES ('4616','4616','63','1','1');
INSERT INTO disciplineDepartmentDependency (ID,disciplineID,departmentID,courseNumber,semesterNumber) VALUES ('4617','4617','63','2','2');
INSERT INTO disciplineDepartmentDependency (ID,disciplineID,departmentID,courseNumber,semesterNumber) VALUES ('4618','4618','63','3','1');
INSERT INTO loginpass (ID,login,password,access_type) VALUES ('168','BOGOSVQTAGOLUB@live.fr','#UPYw9YK','employee');
INSERT INTO employee (name,lastName,fathersName,personalID,sex,email,phoneNumber,dateOfBorn,address,passport,login,office,ID,departmentID) VALUES ('Богосвята','ГОЛУБ','Кузьмівна','1327478548','f','BOGOSVQTAGOLUB@live.fr','0503613668','1961-07-08','50744 Южноукраїнськ ІІ-й Комсомольський 85, 138','MH471161 ГУМВС 33','BOGOSVQTAGOLUB@live.fr','HR','161','63');
INSERT INTO loginpass (ID,login,password,access_type) VALUES ('169','GORXSLAVKUWQMENKO@live.de','KRXzd!lQ','employee');
INSERT INTO employee (name,lastName,fathersName,personalID,sex,email,phoneNumber,dateOfBorn,address,passport,login,office,ID,departmentID) VALUES ('Горислав','КУЗЬМЕНКО','Лукич','6462122308','m','GORXSLAVKUWQMENKO@live.de','0936037464','1969-01-17','76168 Івано-Франківськ Атамановського 87, 37','AV413774 ГУМВС 37','GORXSLAVKUWQMENKO@live.de','HR','162','63');
INSERT INTO loginpass (ID,login,password,access_type) VALUES ('170','DOBRXNQTARAN@orange.net','upMxLbOM','employee');
INSERT INTO employee (name,lastName,fathersName,personalID,sex,email,phoneNumber,dateOfBorn,address,passport,login,office,ID,departmentID) VALUES ('Добриня','ТАРАН','Кузьмич','3408768647','m','DOBRXNQTARAN@orange.net','0963715438','1969-09-17','85626 Ковель Комунальний 50, 180','PV347442 ГУМВС 5','DOBRXNQTARAN@orange.net','HR','163','63');
INSERT INTO gtgroup (id,fullGroupName,courseNumber,departmentID) VALUES ('744','КМЕ-10','1','63');
INSERT INTO gtgroup (id,fullGroupName,courseNumber,departmentID) VALUES ('745','КМЕ-11','1','63');
INSERT INTO gtgroup (id,fullGroupName,courseNumber,departmentID) VALUES ('746','КМЕ-12','1','63');
INSERT INTO gtgroup (id,fullGroupName,courseNumber,departmentID) VALUES ('747','КМЕ-20','2','63');
INSERT INTO gtgroup (id,fullGroupName,courseNumber,departmentID) VALUES ('748','КМЕ-21','2','63');
INSERT INTO gtgroup (id,fullGroupName,courseNumber,departmentID) VALUES ('749','КМЕ-22','2','63');
INSERT INTO gtgroup (id,fullGroupName,courseNumber,departmentID) VALUES ('750','КМЕ-30','3','63');
INSERT INTO gtgroup (id,fullGroupName,courseNumber,departmentID) VALUES ('751','КМЕ-31','3','63');
INSERT INTO gtgroup (id,fullGroupName,courseNumber,departmentID) VALUES ('752','КМЕ-32','3','63');
INSERT INTO gtgroup (id,fullGroupName,courseNumber,departmentID) VALUES ('753','КМЕ-40','4','63');
INSERT INTO gtgroup (id,fullGroupName,courseNumber,departmentID) VALUES ('754','КМЕ-41','4','63');
INSERT INTO gtgroup (id,fullGroupName,courseNumber,departmentID) VALUES ('755','КМЕ-42','4','63');
INSERT INTO gtgroup (id,fullGroupName,courseNumber,departmentID) VALUES ('756','КМЕ-50','5','63');
INSERT INTO gtgroup (id,fullGroupName,courseNumber,departmentID) VALUES ('757','КМЕ-51','5','63');
INSERT INTO gtgroup (id,fullGroupName,courseNumber,departmentID) VALUES ('758','КМЕ-52','5','63');
INSERT INTO gtgroup (id,fullGroupName,courseNumber,departmentID) VALUES ('759','КМЕ-60','6','63');
INSERT INTO gtgroup (id,fullGroupName,courseNumber,departmentID) VALUES ('760','КМЕ-61','6','63');
INSERT INTO gtgroup (id,fullGroupName,courseNumber,departmentID) VALUES ('761','КМЕ-62','6','63');
INSERT INTO dayRequirements (id,departmentID,countOfDaysInWeek,countOfLessonsInADay) VALUES ('63','64','6','5');
INSERT INTO discipline (id,nameOfDiscipline,countOfLessons,exam) VALUES ('4619','Discipline ТПЕ-0','15','no');
INSERT INTO discipline (id,nameOfDiscipline,countOfLessons,exam) VALUES ('4620','Discipline ТПЕ-1','15','no');
INSERT INTO discipline (id,nameOfDiscipline,countOfLessons,exam) VALUES ('4621','Discipline ТПЕ-2','15','no');
INSERT INTO discipline (id,nameOfDiscipline,countOfLessons,exam) VALUES ('4622','Discipline ТПЕ-3','15','no');
INSERT INTO discipline (id,nameOfDiscipline,countOfLessons,exam) VALUES ('4623','Discipline ТПЕ-4','15','no');
INSERT INTO discipline (id,nameOfDiscipline,countOfLessons,exam) VALUES ('4624','Discipline ТПЕ-5','15','no');
INSERT INTO discipline (id,nameOfDiscipline,countOfLessons,exam) VALUES ('4625','Discipline ТПЕ-6','15','no');
INSERT INTO discipline (id,nameOfDiscipline,countOfLessons,exam) VALUES ('4626','Discipline ТПЕ-7','15','no');
INSERT INTO discipline (id,nameOfDiscipline,countOfLessons,exam) VALUES ('4627','Discipline ТПЕ-8','15','no');
INSERT INTO discipline (id,nameOfDiscipline,countOfLessons,exam) VALUES ('4628','Discipline ТПЕ-9','15','no');
INSERT INTO discipline (id,nameOfDiscipline,countOfLessons,exam) VALUES ('4629','Discipline ТПЕ-10','15','no');
INSERT INTO discipline (id,nameOfDiscipline,countOfLessons,exam) VALUES ('4630','Discipline ТПЕ-11','15','no');
INSERT INTO discipline (id,nameOfDiscipline,countOfLessons,exam) VALUES ('4631','Discipline ТПЕ-12','15','no');
INSERT INTO discipline (id,nameOfDiscipline,countOfLessons,exam) VALUES ('4632','Discipline ТПЕ-13','15','no');
INSERT INTO discipline (id,nameOfDiscipline,countOfLessons,exam) VALUES ('4633','Discipline ТПЕ-14','15','no');
INSERT INTO discipline (id,nameOfDiscipline,countOfLessons,exam) VALUES ('4634','Discipline ТПЕ-15','15','no');
INSERT INTO discipline (id,nameOfDiscipline,countOfLessons,exam) VALUES ('4635','Discipline ТПЕ-16','15','no');
INSERT INTO discipline (id,nameOfDiscipline,countOfLessons,exam) VALUES ('4636','Discipline ТПЕ-17','15','no');
INSERT INTO discipline (id,nameOfDiscipline,countOfLessons,exam) VALUES ('4637','Discipline ТПЕ-18','15','no');
INSERT INTO discipline (id,nameOfDiscipline,countOfLessons,exam) VALUES ('4638','Discipline ТПЕ-19','15','no');
INSERT INTO discipline (id,nameOfDiscipline,countOfLessons,exam) VALUES ('4639','Discipline ТПЕ-20','15','no');
INSERT INTO discipline (id,nameOfDiscipline,countOfLessons,exam) VALUES ('4640','Discipline ТПЕ-21','15','no');
INSERT INTO discipline (id,nameOfDiscipline,countOfLessons,exam) VALUES ('4641','Discipline ТПЕ-22','15','no');
INSERT INTO discipline (id,nameOfDiscipline,countOfLessons,exam) VALUES ('4642','Discipline ТПЕ-23','15','no');
INSERT INTO discipline (id,nameOfDiscipline,countOfLessons,exam) VALUES ('4643','Discipline ТПЕ-24','15','no');
INSERT INTO discipline (id,nameOfDiscipline,countOfLessons,exam) VALUES ('4644','Discipline ТПЕ-25','15','no');
INSERT INTO discipline (id,nameOfDiscipline,countOfLessons,exam) VALUES ('4645','Discipline ТПЕ-26','15','no');
INSERT INTO discipline (id,nameOfDiscipline,countOfLessons,exam) VALUES ('4646','Discipline ТПЕ-27','15','no');
INSERT INTO discipline (id,nameOfDiscipline,countOfLessons,exam) VALUES ('4647','Discipline ТПЕ-28','15','no');
INSERT INTO discipline (id,nameOfDiscipline,countOfLessons,exam) VALUES ('4648','Discipline ТПЕ-29','15','no');
INSERT INTO discipline (id,nameOfDiscipline,countOfLessons,exam) VALUES ('4649','Discipline ТПЕ-30','15','no');
INSERT INTO discipline (id,nameOfDiscipline,countOfLessons,exam) VALUES ('4650','Discipline ТПЕ-31','15','no');
INSERT INTO discipline (id,nameOfDiscipline,countOfLessons,exam) VALUES ('4651','Discipline ТПЕ-32','15','no');
INSERT INTO discipline (id,nameOfDiscipline,countOfLessons,exam) VALUES ('4652','Discipline ТПЕ-33','15','no');
INSERT INTO discipline (id,nameOfDiscipline,countOfLessons,exam) VALUES ('4653','Discipline ТПЕ-34','15','no');
INSERT INTO discipline (id,nameOfDiscipline,countOfLessons,exam) VALUES ('4654','Discipline ТПЕ-35','15','no');
INSERT INTO discipline (id,nameOfDiscipline,countOfLessons,exam) VALUES ('4655','Discipline ТПЕ-36','15','no');
INSERT INTO discipline (id,nameOfDiscipline,countOfLessons,exam) VALUES ('4656','Discipline ТПЕ-37','15','no');
INSERT INTO discipline (id,nameOfDiscipline,countOfLessons,exam) VALUES ('4657','Discipline ТПЕ-38','15','no');
INSERT INTO discipline (id,nameOfDiscipline,countOfLessons,exam) VALUES ('4658','Discipline ТПЕ-39','15','no');
INSERT INTO discipline (id,nameOfDiscipline,countOfLessons,exam) VALUES ('4659','Discipline ТПЕ-40','15','no');
INSERT INTO discipline (id,nameOfDiscipline,countOfLessons,exam) VALUES ('4660','Discipline ТПЕ-41','15','no');
INSERT INTO discipline (id,nameOfDiscipline,countOfLessons,exam) VALUES ('4661','Discipline ТПЕ-42','15','no');
INSERT INTO discipline (id,nameOfDiscipline,countOfLessons,exam) VALUES ('4662','Discipline ТПЕ-43','15','no');
INSERT INTO discipline (id,nameOfDiscipline,countOfLessons,exam) VALUES ('4663','Discipline ТПЕ-44','15','no');
INSERT INTO discipline (id,nameOfDiscipline,countOfLessons,exam) VALUES ('4664','Discipline ТПЕ-45','15','no');
INSERT INTO discipline (id,nameOfDiscipline,countOfLessons,exam) VALUES ('4665','Discipline ТПЕ-46','15','no');
INSERT INTO discipline (id,nameOfDiscipline,countOfLessons,exam) VALUES ('4666','Discipline ТПЕ-47','15','no');
INSERT INTO discipline (id,nameOfDiscipline,countOfLessons,exam) VALUES ('4667','Discipline ТПЕ-48','15','no');
INSERT INTO discipline (id,nameOfDiscipline,countOfLessons,exam) VALUES ('4668','Discipline ТПЕ-49','15','no');
INSERT INTO discipline (id,nameOfDiscipline,countOfLessons,exam) VALUES ('4669','Discipline ТПЕ-50','15','no');
INSERT INTO discipline (id,nameOfDiscipline,countOfLessons,exam) VALUES ('4670','Discipline ТПЕ-51','15','no');
INSERT INTO discipline (id,nameOfDiscipline,countOfLessons,exam) VALUES ('4671','Discipline ТПЕ-52','15','no');
INSERT INTO discipline (id,nameOfDiscipline,countOfLessons,exam) VALUES ('4672','Discipline ТПЕ-53','15','no');
INSERT INTO discipline (id,nameOfDiscipline,countOfLessons,exam) VALUES ('4673','Discipline ТПЕ-54','15','no');
INSERT INTO discipline (id,nameOfDiscipline,countOfLessons,exam) VALUES ('4674','Discipline ТПЕ-55','15','no');
INSERT INTO discipline (id,nameOfDiscipline,countOfLessons,exam) VALUES ('4675','Discipline ТПЕ-56','15','no');
INSERT INTO discipline (id,nameOfDiscipline,countOfLessons,exam) VALUES ('4676','Discipline ТПЕ-57','15','no');
INSERT INTO discipline (id,nameOfDiscipline,countOfLessons,exam) VALUES ('4677','Discipline ТПЕ-58','15','no');
INSERT INTO discipline (id,nameOfDiscipline,countOfLessons,exam) VALUES ('4678','Discipline ТПЕ-59','15','no');
INSERT INTO discipline (id,nameOfDiscipline,countOfLessons,exam) VALUES ('4679','Discipline ТПЕ-60','15','no');
INSERT INTO disciplineDepartmentDependency (ID,disciplineID,departmentID,courseNumber,semesterNumber) VALUES ('4619','4619','64','1','1');
INSERT INTO disciplineDepartmentDependency (ID,disciplineID,departmentID,courseNumber,semesterNumber) VALUES ('4620','4620','64','2','2');
INSERT INTO disciplineDepartmentDependency (ID,disciplineID,departmentID,courseNumber,semesterNumber) VALUES ('4621','4621','64','3','1');
INSERT INTO disciplineDepartmentDependency (ID,disciplineID,departmentID,courseNumber,semesterNumber) VALUES ('4622','4622','64','4','2');
INSERT INTO disciplineDepartmentDependency (ID,disciplineID,departmentID,courseNumber,semesterNumber) VALUES ('4623','4623','64','5','1');
INSERT INTO disciplineDepartmentDependency (ID,disciplineID,departmentID,courseNumber,semesterNumber) VALUES ('4624','4624','64','6','2');
INSERT INTO disciplineDepartmentDependency (ID,disciplineID,departmentID,courseNumber,semesterNumber) VALUES ('4625','4625','64','1','1');
INSERT INTO disciplineDepartmentDependency (ID,disciplineID,departmentID,courseNumber,semesterNumber) VALUES ('4626','4626','64','2','2');
INSERT INTO disciplineDepartmentDependency (ID,disciplineID,departmentID,courseNumber,semesterNumber) VALUES ('4627','4627','64','3','1');
INSERT INTO disciplineDepartmentDependency (ID,disciplineID,departmentID,courseNumber,semesterNumber) VALUES ('4628','4628','64','4','2');
INSERT INTO disciplineDepartmentDependency (ID,disciplineID,departmentID,courseNumber,semesterNumber) VALUES ('4629','4629','64','5','1');
INSERT INTO disciplineDepartmentDependency (ID,disciplineID,departmentID,courseNumber,semesterNumber) VALUES ('4630','4630','64','6','2');
INSERT INTO disciplineDepartmentDependency (ID,disciplineID,departmentID,courseNumber,semesterNumber) VALUES ('4631','4631','64','1','1');
INSERT INTO disciplineDepartmentDependency (ID,disciplineID,departmentID,courseNumber,semesterNumber) VALUES ('4632','4632','64','2','2');
INSERT INTO disciplineDepartmentDependency (ID,disciplineID,departmentID,courseNumber,semesterNumber) VALUES ('4633','4633','64','3','1');
INSERT INTO disciplineDepartmentDependency (ID,disciplineID,departmentID,courseNumber,semesterNumber) VALUES ('4634','4634','64','4','2');
INSERT INTO disciplineDepartmentDependency (ID,disciplineID,departmentID,courseNumber,semesterNumber) VALUES ('4635','4635','64','5','1');
INSERT INTO disciplineDepartmentDependency (ID,disciplineID,departmentID,courseNumber,semesterNumber) VALUES ('4636','4636','64','6','2');
INSERT INTO disciplineDepartmentDependency (ID,disciplineID,departmentID,courseNumber,semesterNumber) VALUES ('4637','4637','64','1','1');
INSERT INTO disciplineDepartmentDependency (ID,disciplineID,departmentID,courseNumber,semesterNumber) VALUES ('4638','4638','64','2','2');
INSERT INTO disciplineDepartmentDependency (ID,disciplineID,departmentID,courseNumber,semesterNumber) VALUES ('4639','4639','64','3','1');
INSERT INTO disciplineDepartmentDependency (ID,disciplineID,departmentID,courseNumber,semesterNumber) VALUES ('4640','4640','64','4','2');
INSERT INTO disciplineDepartmentDependency (ID,disciplineID,departmentID,courseNumber,semesterNumber) VALUES ('4641','4641','64','5','1');
INSERT INTO disciplineDepartmentDependency (ID,disciplineID,departmentID,courseNumber,semesterNumber) VALUES ('4642','4642','64','6','2');
INSERT INTO disciplineDepartmentDependency (ID,disciplineID,departmentID,courseNumber,semesterNumber) VALUES ('4643','4643','64','1','1');
INSERT INTO disciplineDepartmentDependency (ID,disciplineID,departmentID,courseNumber,semesterNumber) VALUES ('4644','4644','64','2','2');
INSERT INTO disciplineDepartmentDependency (ID,disciplineID,departmentID,courseNumber,semesterNumber) VALUES ('4645','4645','64','3','1');
INSERT INTO disciplineDepartmentDependency (ID,disciplineID,departmentID,courseNumber,semesterNumber) VALUES ('4646','4646','64','4','2');
INSERT INTO disciplineDepartmentDependency (ID,disciplineID,departmentID,courseNumber,semesterNumber) VALUES ('4647','4647','64','5','1');
INSERT INTO disciplineDepartmentDependency (ID,disciplineID,departmentID,courseNumber,semesterNumber) VALUES ('4648','4648','64','6','2');
INSERT INTO disciplineDepartmentDependency (ID,disciplineID,departmentID,courseNumber,semesterNumber) VALUES ('4649','4649','64','1','1');
INSERT INTO disciplineDepartmentDependency (ID,disciplineID,departmentID,courseNumber,semesterNumber) VALUES ('4650','4650','64','2','2');
INSERT INTO disciplineDepartmentDependency (ID,disciplineID,departmentID,courseNumber,semesterNumber) VALUES ('4651','4651','64','3','1');
INSERT INTO disciplineDepartmentDependency (ID,disciplineID,departmentID,courseNumber,semesterNumber) VALUES ('4652','4652','64','4','2');
INSERT INTO disciplineDepartmentDependency (ID,disciplineID,departmentID,courseNumber,semesterNumber) VALUES ('4653','4653','64','5','1');
INSERT INTO disciplineDepartmentDependency (ID,disciplineID,departmentID,courseNumber,semesterNumber) VALUES ('4654','4654','64','6','2');
INSERT INTO disciplineDepartmentDependency (ID,disciplineID,departmentID,courseNumber,semesterNumber) VALUES ('4655','4655','64','1','1');
INSERT INTO disciplineDepartmentDependency (ID,disciplineID,departmentID,courseNumber,semesterNumber) VALUES ('4656','4656','64','2','2');
INSERT INTO disciplineDepartmentDependency (ID,disciplineID,departmentID,courseNumber,semesterNumber) VALUES ('4657','4657','64','3','1');
INSERT INTO disciplineDepartmentDependency (ID,disciplineID,departmentID,courseNumber,semesterNumber) VALUES ('4658','4658','64','4','2');
INSERT INTO disciplineDepartmentDependency (ID,disciplineID,departmentID,courseNumber,semesterNumber) VALUES ('4659','4659','64','5','1');
INSERT INTO disciplineDepartmentDependency (ID,disciplineID,departmentID,courseNumber,semesterNumber) VALUES ('4660','4660','64','6','2');
INSERT INTO disciplineDepartmentDependency (ID,disciplineID,departmentID,courseNumber,semesterNumber) VALUES ('4661','4661','64','1','1');
INSERT INTO disciplineDepartmentDependency (ID,disciplineID,departmentID,courseNumber,semesterNumber) VALUES ('4662','4662','64','2','2');
INSERT INTO disciplineDepartmentDependency (ID,disciplineID,departmentID,courseNumber,semesterNumber) VALUES ('4663','4663','64','3','1');
INSERT INTO disciplineDepartmentDependency (ID,disciplineID,departmentID,courseNumber,semesterNumber) VALUES ('4664','4664','64','4','2');
INSERT INTO disciplineDepartmentDependency (ID,disciplineID,departmentID,courseNumber,semesterNumber) VALUES ('4665','4665','64','5','1');
INSERT INTO disciplineDepartmentDependency (ID,disciplineID,departmentID,courseNumber,semesterNumber) VALUES ('4666','4666','64','6','2');
INSERT INTO disciplineDepartmentDependency (ID,disciplineID,departmentID,courseNumber,semesterNumber) VALUES ('4667','4667','64','1','1');
INSERT INTO disciplineDepartmentDependency (ID,disciplineID,departmentID,courseNumber,semesterNumber) VALUES ('4668','4668','64','2','2');
INSERT INTO disciplineDepartmentDependency (ID,disciplineID,departmentID,courseNumber,semesterNumber) VALUES ('4669','4669','64','3','1');
INSERT INTO disciplineDepartmentDependency (ID,disciplineID,departmentID,courseNumber,semesterNumber) VALUES ('4670','4670','64','4','2');
INSERT INTO disciplineDepartmentDependency (ID,disciplineID,departmentID,courseNumber,semesterNumber) VALUES ('4671','4671','64','5','1');
INSERT INTO disciplineDepartmentDependency (ID,disciplineID,departmentID,courseNumber,semesterNumber) VALUES ('4672','4672','64','6','2');
INSERT INTO disciplineDepartmentDependency (ID,disciplineID,departmentID,courseNumber,semesterNumber) VALUES ('4673','4673','64','1','1');
INSERT INTO disciplineDepartmentDependency (ID,disciplineID,departmentID,courseNumber,semesterNumber) VALUES ('4674','4674','64','2','2');
INSERT INTO disciplineDepartmentDependency (ID,disciplineID,departmentID,courseNumber,semesterNumber) VALUES ('4675','4675','64','3','1');
INSERT INTO disciplineDepartmentDependency (ID,disciplineID,departmentID,courseNumber,semesterNumber) VALUES ('4676','4676','64','4','2');
INSERT INTO disciplineDepartmentDependency (ID,disciplineID,departmentID,courseNumber,semesterNumber) VALUES ('4677','4677','64','5','1');
INSERT INTO disciplineDepartmentDependency (ID,disciplineID,departmentID,courseNumber,semesterNumber) VALUES ('4678','4678','64','6','2');
INSERT INTO disciplineDepartmentDependency (ID,disciplineID,departmentID,courseNumber,semesterNumber) VALUES ('4679','4679','64','1','1');
INSERT INTO loginpass (ID,login,password,access_type) VALUES ('171','VXQNQLEVZENKO@gmx.de','nCeE#Vcb','employee');
INSERT INTO employee (name,lastName,fathersName,personalID,sex,email,phoneNumber,dateOfBorn,address,passport,login,office,ID,departmentID) VALUES ('Вишня','ЛЕВЧЕНКО','Савівна','3251233163','f','VXQNQLEVZENKO@gmx.de','0678752656','1963-06-26','12664 Рівне Академіка Корольова 26, 72','PD577181 ГУМВС 41','VXQNQLEVZENKO@gmx.de','HR','164','64');
INSERT INTO loginpass (ID,login,password,access_type) VALUES ('172','GRANXSLAVAQULQGA@live.de','$waY8i3Y','employee');
INSERT INTO employee (name,lastName,fathersName,personalID,sex,email,phoneNumber,dateOfBorn,address,passport,login,office,ID,departmentID) VALUES ('Гранислава','ШУЛЬГА','Хомівна','8715043111','f','GRANXSLAVAQULQGA@live.de','0968208468','1986-05-05','40150 Бердичів Західний 22, 264','HH617273 ГУМВС 32','GRANXSLAVAQULQGA@live.de','HR','165','64');
INSERT INTO loginpass (ID,login,password,access_type) VALUES ('173','BAJANAPONOMARENKO@orange.fr','xj$nd&py','employee');
INSERT INTO employee (name,lastName,fathersName,personalID,sex,email,phoneNumber,dateOfBorn,address,passport,login,office,ID,departmentID) VALUES ('Бажана','ПОНОМАРЕНКО','Савівна','7364111813','f','BAJANAPONOMARENKO@orange.fr','0918173710','1992-03-28','86455 Полтава Буркацької Галини 64, 84','OH688246 ГУМВС 10','BAJANAPONOMARENKO@orange.fr','HR','166','64');
INSERT INTO gtgroup (id,fullGroupName,courseNumber,departmentID) VALUES ('762','ТПЕ-10','1','64');
INSERT INTO gtgroup (id,fullGroupName,courseNumber,departmentID) VALUES ('763','ТПЕ-20','2','64');
INSERT INTO gtgroup (id,fullGroupName,courseNumber,departmentID) VALUES ('764','ТПЕ-30','3','64');
INSERT INTO gtgroup (id,fullGroupName,courseNumber,departmentID) VALUES ('765','ТПЕ-40','4','64');
INSERT INTO gtgroup (id,fullGroupName,courseNumber,departmentID) VALUES ('766','ТПЕ-50','5','64');
INSERT INTO gtgroup (id,fullGroupName,courseNumber,departmentID) VALUES ('767','ТПЕ-60','6','64');
INSERT INTO dayRequirements (id,departmentID,countOfDaysInWeek,countOfLessonsInADay) VALUES ('64','65','6','5');
INSERT INTO discipline (id,nameOfDiscipline,countOfLessons,exam) VALUES ('4680','Discipline ПМА-0','15','no');
INSERT INTO discipline (id,nameOfDiscipline,countOfLessons,exam) VALUES ('4681','Discipline ПМА-1','15','no');
INSERT INTO discipline (id,nameOfDiscipline,countOfLessons,exam) VALUES ('4682','Discipline ПМА-2','15','no');
INSERT INTO discipline (id,nameOfDiscipline,countOfLessons,exam) VALUES ('4683','Discipline ПМА-3','15','no');
INSERT INTO discipline (id,nameOfDiscipline,countOfLessons,exam) VALUES ('4684','Discipline ПМА-4','15','no');
INSERT INTO discipline (id,nameOfDiscipline,countOfLessons,exam) VALUES ('4685','Discipline ПМА-5','15','no');
INSERT INTO discipline (id,nameOfDiscipline,countOfLessons,exam) VALUES ('4686','Discipline ПМА-6','15','no');
INSERT INTO discipline (id,nameOfDiscipline,countOfLessons,exam) VALUES ('4687','Discipline ПМА-7','15','no');
INSERT INTO discipline (id,nameOfDiscipline,countOfLessons,exam) VALUES ('4688','Discipline ПМА-8','15','no');
INSERT INTO discipline (id,nameOfDiscipline,countOfLessons,exam) VALUES ('4689','Discipline ПМА-9','15','no');
INSERT INTO discipline (id,nameOfDiscipline,countOfLessons,exam) VALUES ('4690','Discipline ПМА-10','15','no');
INSERT INTO discipline (id,nameOfDiscipline,countOfLessons,exam) VALUES ('4691','Discipline ПМА-11','15','no');
INSERT INTO discipline (id,nameOfDiscipline,countOfLessons,exam) VALUES ('4692','Discipline ПМА-12','15','no');
INSERT INTO discipline (id,nameOfDiscipline,countOfLessons,exam) VALUES ('4693','Discipline ПМА-13','15','no');
INSERT INTO discipline (id,nameOfDiscipline,countOfLessons,exam) VALUES ('4694','Discipline ПМА-14','15','no');
INSERT INTO discipline (id,nameOfDiscipline,countOfLessons,exam) VALUES ('4695','Discipline ПМА-15','15','no');
INSERT INTO discipline (id,nameOfDiscipline,countOfLessons,exam) VALUES ('4696','Discipline ПМА-16','15','no');
INSERT INTO discipline (id,nameOfDiscipline,countOfLessons,exam) VALUES ('4697','Discipline ПМА-17','15','no');
INSERT INTO discipline (id,nameOfDiscipline,countOfLessons,exam) VALUES ('4698','Discipline ПМА-18','15','no');
INSERT INTO discipline (id,nameOfDiscipline,countOfLessons,exam) VALUES ('4699','Discipline ПМА-19','15','no');
INSERT INTO discipline (id,nameOfDiscipline,countOfLessons,exam) VALUES ('4700','Discipline ПМА-20','15','no');
INSERT INTO discipline (id,nameOfDiscipline,countOfLessons,exam) VALUES ('4701','Discipline ПМА-21','15','no');
INSERT INTO discipline (id,nameOfDiscipline,countOfLessons,exam) VALUES ('4702','Discipline ПМА-22','15','no');
INSERT INTO discipline (id,nameOfDiscipline,countOfLessons,exam) VALUES ('4703','Discipline ПМА-23','15','no');
INSERT INTO discipline (id,nameOfDiscipline,countOfLessons,exam) VALUES ('4704','Discipline ПМА-24','15','no');
INSERT INTO discipline (id,nameOfDiscipline,countOfLessons,exam) VALUES ('4705','Discipline ПМА-25','15','no');
INSERT INTO discipline (id,nameOfDiscipline,countOfLessons,exam) VALUES ('4706','Discipline ПМА-26','15','no');
INSERT INTO discipline (id,nameOfDiscipline,countOfLessons,exam) VALUES ('4707','Discipline ПМА-27','15','no');
INSERT INTO discipline (id,nameOfDiscipline,countOfLessons,exam) VALUES ('4708','Discipline ПМА-28','15','no');
INSERT INTO discipline (id,nameOfDiscipline,countOfLessons,exam) VALUES ('4709','Discipline ПМА-29','15','no');
INSERT INTO discipline (id,nameOfDiscipline,countOfLessons,exam) VALUES ('4710','Discipline ПМА-30','15','no');
INSERT INTO discipline (id,nameOfDiscipline,countOfLessons,exam) VALUES ('4711','Discipline ПМА-31','15','no');
INSERT INTO discipline (id,nameOfDiscipline,countOfLessons,exam) VALUES ('4712','Discipline ПМА-32','15','no');
INSERT INTO discipline (id,nameOfDiscipline,countOfLessons,exam) VALUES ('4713','Discipline ПМА-33','15','no');
INSERT INTO discipline (id,nameOfDiscipline,countOfLessons,exam) VALUES ('4714','Discipline ПМА-34','15','no');
INSERT INTO discipline (id,nameOfDiscipline,countOfLessons,exam) VALUES ('4715','Discipline ПМА-35','15','no');
INSERT INTO discipline (id,nameOfDiscipline,countOfLessons,exam) VALUES ('4716','Discipline ПМА-36','15','no');
INSERT INTO discipline (id,nameOfDiscipline,countOfLessons,exam) VALUES ('4717','Discipline ПМА-37','15','no');
INSERT INTO discipline (id,nameOfDiscipline,countOfLessons,exam) VALUES ('4718','Discipline ПМА-38','15','no');
INSERT INTO discipline (id,nameOfDiscipline,countOfLessons,exam) VALUES ('4719','Discipline ПМА-39','15','no');
INSERT INTO discipline (id,nameOfDiscipline,countOfLessons,exam) VALUES ('4720','Discipline ПМА-40','15','no');
INSERT INTO discipline (id,nameOfDiscipline,countOfLessons,exam) VALUES ('4721','Discipline ПМА-41','15','no');
INSERT INTO discipline (id,nameOfDiscipline,countOfLessons,exam) VALUES ('4722','Discipline ПМА-42','15','no');
INSERT INTO discipline (id,nameOfDiscipline,countOfLessons,exam) VALUES ('4723','Discipline ПМА-43','15','no');
INSERT INTO discipline (id,nameOfDiscipline,countOfLessons,exam) VALUES ('4724','Discipline ПМА-44','15','no');
INSERT INTO discipline (id,nameOfDiscipline,countOfLessons,exam) VALUES ('4725','Discipline ПМА-45','15','no');
INSERT INTO discipline (id,nameOfDiscipline,countOfLessons,exam) VALUES ('4726','Discipline ПМА-46','15','no');
INSERT INTO discipline (id,nameOfDiscipline,countOfLessons,exam) VALUES ('4727','Discipline ПМА-47','15','no');
INSERT INTO discipline (id,nameOfDiscipline,countOfLessons,exam) VALUES ('4728','Discipline ПМА-48','15','no');
INSERT INTO discipline (id,nameOfDiscipline,countOfLessons,exam) VALUES ('4729','Discipline ПМА-49','15','no');
INSERT INTO discipline (id,nameOfDiscipline,countOfLessons,exam) VALUES ('4730','Discipline ПМА-50','15','no');
INSERT INTO discipline (id,nameOfDiscipline,countOfLessons,exam) VALUES ('4731','Discipline ПМА-51','15','no');
INSERT INTO discipline (id,nameOfDiscipline,countOfLessons,exam) VALUES ('4732','Discipline ПМА-52','15','no');
INSERT INTO discipline (id,nameOfDiscipline,countOfLessons,exam) VALUES ('4733','Discipline ПМА-53','15','no');
INSERT INTO discipline (id,nameOfDiscipline,countOfLessons,exam) VALUES ('4734','Discipline ПМА-54','15','no');
INSERT INTO discipline (id,nameOfDiscipline,countOfLessons,exam) VALUES ('4735','Discipline ПМА-55','15','no');
INSERT INTO discipline (id,nameOfDiscipline,countOfLessons,exam) VALUES ('4736','Discipline ПМА-56','15','no');
INSERT INTO discipline (id,nameOfDiscipline,countOfLessons,exam) VALUES ('4737','Discipline ПМА-57','15','no');
INSERT INTO discipline (id,nameOfDiscipline,countOfLessons,exam) VALUES ('4738','Discipline ПМА-58','15','no');
INSERT INTO discipline (id,nameOfDiscipline,countOfLessons,exam) VALUES ('4739','Discipline ПМА-59','15','no');
INSERT INTO discipline (id,nameOfDiscipline,countOfLessons,exam) VALUES ('4740','Discipline ПМА-60','15','no');
INSERT INTO discipline (id,nameOfDiscipline,countOfLessons,exam) VALUES ('4741','Discipline ПМА-61','15','no');
INSERT INTO discipline (id,nameOfDiscipline,countOfLessons,exam) VALUES ('4742','Discipline ПМА-62','15','no');
INSERT INTO discipline (id,nameOfDiscipline,countOfLessons,exam) VALUES ('4743','Discipline ПМА-63','15','no');
INSERT INTO discipline (id,nameOfDiscipline,countOfLessons,exam) VALUES ('4744','Discipline ПМА-64','15','no');
INSERT INTO discipline (id,nameOfDiscipline,countOfLessons,exam) VALUES ('4745','Discipline ПМА-65','15','no');
INSERT INTO discipline (id,nameOfDiscipline,countOfLessons,exam) VALUES ('4746','Discipline ПМА-66','15','no');
INSERT INTO discipline (id,nameOfDiscipline,countOfLessons,exam) VALUES ('4747','Discipline ПМА-67','15','no');
INSERT INTO discipline (id,nameOfDiscipline,countOfLessons,exam) VALUES ('4748','Discipline ПМА-68','15','no');
INSERT INTO discipline (id,nameOfDiscipline,countOfLessons,exam) VALUES ('4749','Discipline ПМА-69','15','no');
INSERT INTO disciplineDepartmentDependency (ID,disciplineID,departmentID,courseNumber,semesterNumber) VALUES ('4680','4680','65','1','1');
INSERT INTO disciplineDepartmentDependency (ID,disciplineID,departmentID,courseNumber,semesterNumber) VALUES ('4681','4681','65','2','2');
INSERT INTO disciplineDepartmentDependency (ID,disciplineID,departmentID,courseNumber,semesterNumber) VALUES ('4682','4682','65','3','1');
INSERT INTO disciplineDepartmentDependency (ID,disciplineID,departmentID,courseNumber,semesterNumber) VALUES ('4683','4683','65','4','2');
INSERT INTO disciplineDepartmentDependency (ID,disciplineID,departmentID,courseNumber,semesterNumber) VALUES ('4684','4684','65','5','1');
INSERT INTO disciplineDepartmentDependency (ID,disciplineID,departmentID,courseNumber,semesterNumber) VALUES ('4685','4685','65','6','2');
INSERT INTO disciplineDepartmentDependency (ID,disciplineID,departmentID,courseNumber,semesterNumber) VALUES ('4686','4686','65','1','1');
INSERT INTO disciplineDepartmentDependency (ID,disciplineID,departmentID,courseNumber,semesterNumber) VALUES ('4687','4687','65','2','2');
INSERT INTO disciplineDepartmentDependency (ID,disciplineID,departmentID,courseNumber,semesterNumber) VALUES ('4688','4688','65','3','1');
INSERT INTO disciplineDepartmentDependency (ID,disciplineID,departmentID,courseNumber,semesterNumber) VALUES ('4689','4689','65','4','2');
INSERT INTO disciplineDepartmentDependency (ID,disciplineID,departmentID,courseNumber,semesterNumber) VALUES ('4690','4690','65','5','1');
INSERT INTO disciplineDepartmentDependency (ID,disciplineID,departmentID,courseNumber,semesterNumber) VALUES ('4691','4691','65','6','2');
INSERT INTO disciplineDepartmentDependency (ID,disciplineID,departmentID,courseNumber,semesterNumber) VALUES ('4692','4692','65','1','1');
INSERT INTO disciplineDepartmentDependency (ID,disciplineID,departmentID,courseNumber,semesterNumber) VALUES ('4693','4693','65','2','2');
INSERT INTO disciplineDepartmentDependency (ID,disciplineID,departmentID,courseNumber,semesterNumber) VALUES ('4694','4694','65','3','1');
INSERT INTO disciplineDepartmentDependency (ID,disciplineID,departmentID,courseNumber,semesterNumber) VALUES ('4695','4695','65','4','2');
INSERT INTO disciplineDepartmentDependency (ID,disciplineID,departmentID,courseNumber,semesterNumber) VALUES ('4696','4696','65','5','1');
INSERT INTO disciplineDepartmentDependency (ID,disciplineID,departmentID,courseNumber,semesterNumber) VALUES ('4697','4697','65','6','2');
INSERT INTO disciplineDepartmentDependency (ID,disciplineID,departmentID,courseNumber,semesterNumber) VALUES ('4698','4698','65','1','1');
INSERT INTO disciplineDepartmentDependency (ID,disciplineID,departmentID,courseNumber,semesterNumber) VALUES ('4699','4699','65','2','2');
INSERT INTO disciplineDepartmentDependency (ID,disciplineID,departmentID,courseNumber,semesterNumber) VALUES ('4700','4700','65','3','1');
INSERT INTO disciplineDepartmentDependency (ID,disciplineID,departmentID,courseNumber,semesterNumber) VALUES ('4701','4701','65','4','2');
INSERT INTO disciplineDepartmentDependency (ID,disciplineID,departmentID,courseNumber,semesterNumber) VALUES ('4702','4702','65','5','1');
INSERT INTO disciplineDepartmentDependency (ID,disciplineID,departmentID,courseNumber,semesterNumber) VALUES ('4703','4703','65','6','2');
INSERT INTO disciplineDepartmentDependency (ID,disciplineID,departmentID,courseNumber,semesterNumber) VALUES ('4704','4704','65','1','1');
INSERT INTO disciplineDepartmentDependency (ID,disciplineID,departmentID,courseNumber,semesterNumber) VALUES ('4705','4705','65','2','2');
INSERT INTO disciplineDepartmentDependency (ID,disciplineID,departmentID,courseNumber,semesterNumber) VALUES ('4706','4706','65','3','1');
INSERT INTO disciplineDepartmentDependency (ID,disciplineID,departmentID,courseNumber,semesterNumber) VALUES ('4707','4707','65','4','2');
INSERT INTO disciplineDepartmentDependency (ID,disciplineID,departmentID,courseNumber,semesterNumber) VALUES ('4708','4708','65','5','1');
INSERT INTO disciplineDepartmentDependency (ID,disciplineID,departmentID,courseNumber,semesterNumber) VALUES ('4709','4709','65','6','2');
INSERT INTO disciplineDepartmentDependency (ID,disciplineID,departmentID,courseNumber,semesterNumber) VALUES ('4710','4710','65','1','1');
INSERT INTO disciplineDepartmentDependency (ID,disciplineID,departmentID,courseNumber,semesterNumber) VALUES ('4711','4711','65','2','2');
INSERT INTO disciplineDepartmentDependency (ID,disciplineID,departmentID,courseNumber,semesterNumber) VALUES ('4712','4712','65','3','1');
INSERT INTO disciplineDepartmentDependency (ID,disciplineID,departmentID,courseNumber,semesterNumber) VALUES ('4713','4713','65','4','2');
INSERT INTO disciplineDepartmentDependency (ID,disciplineID,departmentID,courseNumber,semesterNumber) VALUES ('4714','4714','65','5','1');
INSERT INTO disciplineDepartmentDependency (ID,disciplineID,departmentID,courseNumber,semesterNumber) VALUES ('4715','4715','65','6','2');
INSERT INTO disciplineDepartmentDependency (ID,disciplineID,departmentID,courseNumber,semesterNumber) VALUES ('4716','4716','65','1','1');
INSERT INTO disciplineDepartmentDependency (ID,disciplineID,departmentID,courseNumber,semesterNumber) VALUES ('4717','4717','65','2','2');
INSERT INTO disciplineDepartmentDependency (ID,disciplineID,departmentID,courseNumber,semesterNumber) VALUES ('4718','4718','65','3','1');
INSERT INTO disciplineDepartmentDependency (ID,disciplineID,departmentID,courseNumber,semesterNumber) VALUES ('4719','4719','65','4','2');
INSERT INTO disciplineDepartmentDependency (ID,disciplineID,departmentID,courseNumber,semesterNumber) VALUES ('4720','4720','65','5','1');
INSERT INTO disciplineDepartmentDependency (ID,disciplineID,departmentID,courseNumber,semesterNumber) VALUES ('4721','4721','65','6','2');
INSERT INTO disciplineDepartmentDependency (ID,disciplineID,departmentID,courseNumber,semesterNumber) VALUES ('4722','4722','65','1','1');
INSERT INTO disciplineDepartmentDependency (ID,disciplineID,departmentID,courseNumber,semesterNumber) VALUES ('4723','4723','65','2','2');
INSERT INTO disciplineDepartmentDependency (ID,disciplineID,departmentID,courseNumber,semesterNumber) VALUES ('4724','4724','65','3','1');
INSERT INTO disciplineDepartmentDependency (ID,disciplineID,departmentID,courseNumber,semesterNumber) VALUES ('4725','4725','65','4','2');
INSERT INTO disciplineDepartmentDependency (ID,disciplineID,departmentID,courseNumber,semesterNumber) VALUES ('4726','4726','65','5','1');
INSERT INTO disciplineDepartmentDependency (ID,disciplineID,departmentID,courseNumber,semesterNumber) VALUES ('4727','4727','65','6','2');
INSERT INTO disciplineDepartmentDependency (ID,disciplineID,departmentID,courseNumber,semesterNumber) VALUES ('4728','4728','65','1','1');
INSERT INTO disciplineDepartmentDependency (ID,disciplineID,departmentID,courseNumber,semesterNumber) VALUES ('4729','4729','65','2','2');
INSERT INTO disciplineDepartmentDependency (ID,disciplineID,departmentID,courseNumber,semesterNumber) VALUES ('4730','4730','65','3','1');
INSERT INTO disciplineDepartmentDependency (ID,disciplineID,departmentID,courseNumber,semesterNumber) VALUES ('4731','4731','65','4','2');
INSERT INTO disciplineDepartmentDependency (ID,disciplineID,departmentID,courseNumber,semesterNumber) VALUES ('4732','4732','65','5','1');
INSERT INTO disciplineDepartmentDependency (ID,disciplineID,departmentID,courseNumber,semesterNumber) VALUES ('4733','4733','65','6','2');
INSERT INTO disciplineDepartmentDependency (ID,disciplineID,departmentID,courseNumber,semesterNumber) VALUES ('4734','4734','65','1','1');
INSERT INTO disciplineDepartmentDependency (ID,disciplineID,departmentID,courseNumber,semesterNumber) VALUES ('4735','4735','65','2','2');
INSERT INTO disciplineDepartmentDependency (ID,disciplineID,departmentID,courseNumber,semesterNumber) VALUES ('4736','4736','65','3','1');
INSERT INTO disciplineDepartmentDependency (ID,disciplineID,departmentID,courseNumber,semesterNumber) VALUES ('4737','4737','65','4','2');
INSERT INTO disciplineDepartmentDependency (ID,disciplineID,departmentID,courseNumber,semesterNumber) VALUES ('4738','4738','65','5','1');
INSERT INTO disciplineDepartmentDependency (ID,disciplineID,departmentID,courseNumber,semesterNumber) VALUES ('4739','4739','65','6','2');
INSERT INTO disciplineDepartmentDependency (ID,disciplineID,departmentID,courseNumber,semesterNumber) VALUES ('4740','4740','65','1','1');
INSERT INTO disciplineDepartmentDependency (ID,disciplineID,departmentID,courseNumber,semesterNumber) VALUES ('4741','4741','65','2','2');
INSERT INTO disciplineDepartmentDependency (ID,disciplineID,departmentID,courseNumber,semesterNumber) VALUES ('4742','4742','65','3','1');
INSERT INTO disciplineDepartmentDependency (ID,disciplineID,departmentID,courseNumber,semesterNumber) VALUES ('4743','4743','65','4','2');
INSERT INTO disciplineDepartmentDependency (ID,disciplineID,departmentID,courseNumber,semesterNumber) VALUES ('4744','4744','65','5','1');
INSERT INTO disciplineDepartmentDependency (ID,disciplineID,departmentID,courseNumber,semesterNumber) VALUES ('4745','4745','65','6','2');
INSERT INTO disciplineDepartmentDependency (ID,disciplineID,departmentID,courseNumber,semesterNumber) VALUES ('4746','4746','65','1','1');
INSERT INTO disciplineDepartmentDependency (ID,disciplineID,departmentID,courseNumber,semesterNumber) VALUES ('4747','4747','65','2','2');
INSERT INTO disciplineDepartmentDependency (ID,disciplineID,departmentID,courseNumber,semesterNumber) VALUES ('4748','4748','65','3','1');
INSERT INTO disciplineDepartmentDependency (ID,disciplineID,departmentID,courseNumber,semesterNumber) VALUES ('4749','4749','65','4','2');
INSERT INTO loginpass (ID,login,password,access_type) VALUES ('174','BOLESLAVROMANENKO@gmx.fr','Pko01PUX','employee');
INSERT INTO employee (name,lastName,fathersName,personalID,sex,email,phoneNumber,dateOfBorn,address,passport,login,office,ID,departmentID) VALUES ('Болеслав','РОМАНЕНКО','Хомич','4246144140','m','BOLESLAVROMANENKO@gmx.fr','0632472655','1985-02-25','74571 Нікополь Залізничний 44, 50','JH226582 ГУМВС 48','BOLESLAVROMANENKO@gmx.fr','HR','167','65');
INSERT INTO loginpass (ID,login,password,access_type) VALUES ('175','GORXGLQDAJUK@virgin.net','C8J!aD98','employee');
INSERT INTO employee (name,lastName,fathersName,personalID,sex,email,phoneNumber,dateOfBorn,address,passport,login,office,ID,departmentID) VALUES ('Горигляда','ЖУК','Хомівна','7462451274','f','GORXGLQDAJUK@virgin.net','0393780773','1974-02-28','46750 Вознесенськ Григорія Сковороди 35, 91','LH455441 ГУМВС 25','GORXGLQDAJUK@virgin.net','HR','168','65');
INSERT INTO gtgroup (id,fullGroupName,courseNumber,departmentID) VALUES ('768','ПМА-10','1','65');
INSERT INTO gtgroup (id,fullGroupName,courseNumber,departmentID) VALUES ('769','ПМА-11','1','65');
INSERT INTO gtgroup (id,fullGroupName,courseNumber,departmentID) VALUES ('770','ПМА-20','2','65');
INSERT INTO gtgroup (id,fullGroupName,courseNumber,departmentID) VALUES ('771','ПМА-21','2','65');
INSERT INTO gtgroup (id,fullGroupName,courseNumber,departmentID) VALUES ('772','ПМА-30','3','65');
INSERT INTO gtgroup (id,fullGroupName,courseNumber,departmentID) VALUES ('773','ПМА-31','3','65');
INSERT INTO gtgroup (id,fullGroupName,courseNumber,departmentID) VALUES ('774','ПМА-40','4','65');
INSERT INTO gtgroup (id,fullGroupName,courseNumber,departmentID) VALUES ('775','ПМА-41','4','65');
INSERT INTO gtgroup (id,fullGroupName,courseNumber,departmentID) VALUES ('776','ПМА-50','5','65');
INSERT INTO gtgroup (id,fullGroupName,courseNumber,departmentID) VALUES ('777','ПМА-51','5','65');
INSERT INTO gtgroup (id,fullGroupName,courseNumber,departmentID) VALUES ('778','ПМА-60','6','65');
INSERT INTO gtgroup (id,fullGroupName,courseNumber,departmentID) VALUES ('779','ПМА-61','6','65');
INSERT INTO dayRequirements (id,departmentID,countOfDaysInWeek,countOfLessonsInADay) VALUES ('65','66','6','5');
INSERT INTO discipline (id,nameOfDiscipline,countOfLessons,exam) VALUES ('4750','Discipline СПСКС-0','15','no');
INSERT INTO discipline (id,nameOfDiscipline,countOfLessons,exam) VALUES ('4751','Discipline СПСКС-1','15','no');
INSERT INTO discipline (id,nameOfDiscipline,countOfLessons,exam) VALUES ('4752','Discipline СПСКС-2','15','no');
INSERT INTO discipline (id,nameOfDiscipline,countOfLessons,exam) VALUES ('4753','Discipline СПСКС-3','15','no');
INSERT INTO discipline (id,nameOfDiscipline,countOfLessons,exam) VALUES ('4754','Discipline СПСКС-4','15','no');
INSERT INTO discipline (id,nameOfDiscipline,countOfLessons,exam) VALUES ('4755','Discipline СПСКС-5','15','no');
INSERT INTO discipline (id,nameOfDiscipline,countOfLessons,exam) VALUES ('4756','Discipline СПСКС-6','15','no');
INSERT INTO discipline (id,nameOfDiscipline,countOfLessons,exam) VALUES ('4757','Discipline СПСКС-7','15','no');
INSERT INTO discipline (id,nameOfDiscipline,countOfLessons,exam) VALUES ('4758','Discipline СПСКС-8','15','no');
INSERT INTO discipline (id,nameOfDiscipline,countOfLessons,exam) VALUES ('4759','Discipline СПСКС-9','15','no');
INSERT INTO discipline (id,nameOfDiscipline,countOfLessons,exam) VALUES ('4760','Discipline СПСКС-10','15','no');
INSERT INTO discipline (id,nameOfDiscipline,countOfLessons,exam) VALUES ('4761','Discipline СПСКС-11','15','no');
INSERT INTO discipline (id,nameOfDiscipline,countOfLessons,exam) VALUES ('4762','Discipline СПСКС-12','15','no');
INSERT INTO discipline (id,nameOfDiscipline,countOfLessons,exam) VALUES ('4763','Discipline СПСКС-13','15','no');
INSERT INTO discipline (id,nameOfDiscipline,countOfLessons,exam) VALUES ('4764','Discipline СПСКС-14','15','no');
INSERT INTO discipline (id,nameOfDiscipline,countOfLessons,exam) VALUES ('4765','Discipline СПСКС-15','15','no');
INSERT INTO discipline (id,nameOfDiscipline,countOfLessons,exam) VALUES ('4766','Discipline СПСКС-16','15','no');
INSERT INTO discipline (id,nameOfDiscipline,countOfLessons,exam) VALUES ('4767','Discipline СПСКС-17','15','no');
INSERT INTO discipline (id,nameOfDiscipline,countOfLessons,exam) VALUES ('4768','Discipline СПСКС-18','15','no');
INSERT INTO discipline (id,nameOfDiscipline,countOfLessons,exam) VALUES ('4769','Discipline СПСКС-19','15','no');
INSERT INTO discipline (id,nameOfDiscipline,countOfLessons,exam) VALUES ('4770','Discipline СПСКС-20','15','no');
INSERT INTO discipline (id,nameOfDiscipline,countOfLessons,exam) VALUES ('4771','Discipline СПСКС-21','15','no');
INSERT INTO discipline (id,nameOfDiscipline,countOfLessons,exam) VALUES ('4772','Discipline СПСКС-22','15','no');
INSERT INTO discipline (id,nameOfDiscipline,countOfLessons,exam) VALUES ('4773','Discipline СПСКС-23','15','no');
INSERT INTO discipline (id,nameOfDiscipline,countOfLessons,exam) VALUES ('4774','Discipline СПСКС-24','15','no');
INSERT INTO discipline (id,nameOfDiscipline,countOfLessons,exam) VALUES ('4775','Discipline СПСКС-25','15','no');
INSERT INTO discipline (id,nameOfDiscipline,countOfLessons,exam) VALUES ('4776','Discipline СПСКС-26','15','no');
INSERT INTO discipline (id,nameOfDiscipline,countOfLessons,exam) VALUES ('4777','Discipline СПСКС-27','15','no');
INSERT INTO discipline (id,nameOfDiscipline,countOfLessons,exam) VALUES ('4778','Discipline СПСКС-28','15','no');
INSERT INTO discipline (id,nameOfDiscipline,countOfLessons,exam) VALUES ('4779','Discipline СПСКС-29','15','no');
INSERT INTO discipline (id,nameOfDiscipline,countOfLessons,exam) VALUES ('4780','Discipline СПСКС-30','15','no');
INSERT INTO discipline (id,nameOfDiscipline,countOfLessons,exam) VALUES ('4781','Discipline СПСКС-31','15','no');
INSERT INTO discipline (id,nameOfDiscipline,countOfLessons,exam) VALUES ('4782','Discipline СПСКС-32','15','no');
INSERT INTO discipline (id,nameOfDiscipline,countOfLessons,exam) VALUES ('4783','Discipline СПСКС-33','15','no');
INSERT INTO discipline (id,nameOfDiscipline,countOfLessons,exam) VALUES ('4784','Discipline СПСКС-34','15','no');
INSERT INTO discipline (id,nameOfDiscipline,countOfLessons,exam) VALUES ('4785','Discipline СПСКС-35','15','no');
INSERT INTO discipline (id,nameOfDiscipline,countOfLessons,exam) VALUES ('4786','Discipline СПСКС-36','15','no');
INSERT INTO discipline (id,nameOfDiscipline,countOfLessons,exam) VALUES ('4787','Discipline СПСКС-37','15','no');
INSERT INTO discipline (id,nameOfDiscipline,countOfLessons,exam) VALUES ('4788','Discipline СПСКС-38','15','no');
INSERT INTO discipline (id,nameOfDiscipline,countOfLessons,exam) VALUES ('4789','Discipline СПСКС-39','15','no');
INSERT INTO discipline (id,nameOfDiscipline,countOfLessons,exam) VALUES ('4790','Discipline СПСКС-40','15','no');
INSERT INTO discipline (id,nameOfDiscipline,countOfLessons,exam) VALUES ('4791','Discipline СПСКС-41','15','no');
INSERT INTO discipline (id,nameOfDiscipline,countOfLessons,exam) VALUES ('4792','Discipline СПСКС-42','15','no');
INSERT INTO discipline (id,nameOfDiscipline,countOfLessons,exam) VALUES ('4793','Discipline СПСКС-43','15','no');
INSERT INTO discipline (id,nameOfDiscipline,countOfLessons,exam) VALUES ('4794','Discipline СПСКС-44','15','no');
INSERT INTO discipline (id,nameOfDiscipline,countOfLessons,exam) VALUES ('4795','Discipline СПСКС-45','15','no');
INSERT INTO discipline (id,nameOfDiscipline,countOfLessons,exam) VALUES ('4796','Discipline СПСКС-46','15','no');
INSERT INTO discipline (id,nameOfDiscipline,countOfLessons,exam) VALUES ('4797','Discipline СПСКС-47','15','no');
INSERT INTO discipline (id,nameOfDiscipline,countOfLessons,exam) VALUES ('4798','Discipline СПСКС-48','15','no');
INSERT INTO discipline (id,nameOfDiscipline,countOfLessons,exam) VALUES ('4799','Discipline СПСКС-49','15','no');
INSERT INTO discipline (id,nameOfDiscipline,countOfLessons,exam) VALUES ('4800','Discipline СПСКС-50','15','no');
INSERT INTO discipline (id,nameOfDiscipline,countOfLessons,exam) VALUES ('4801','Discipline СПСКС-51','15','no');
INSERT INTO discipline (id,nameOfDiscipline,countOfLessons,exam) VALUES ('4802','Discipline СПСКС-52','15','no');
INSERT INTO discipline (id,nameOfDiscipline,countOfLessons,exam) VALUES ('4803','Discipline СПСКС-53','15','no');
INSERT INTO discipline (id,nameOfDiscipline,countOfLessons,exam) VALUES ('4804','Discipline СПСКС-54','15','no');
INSERT INTO discipline (id,nameOfDiscipline,countOfLessons,exam) VALUES ('4805','Discipline СПСКС-55','15','no');
INSERT INTO discipline (id,nameOfDiscipline,countOfLessons,exam) VALUES ('4806','Discipline СПСКС-56','15','no');
INSERT INTO discipline (id,nameOfDiscipline,countOfLessons,exam) VALUES ('4807','Discipline СПСКС-57','15','no');
INSERT INTO discipline (id,nameOfDiscipline,countOfLessons,exam) VALUES ('4808','Discipline СПСКС-58','15','no');
INSERT INTO discipline (id,nameOfDiscipline,countOfLessons,exam) VALUES ('4809','Discipline СПСКС-59','15','no');
INSERT INTO discipline (id,nameOfDiscipline,countOfLessons,exam) VALUES ('4810','Discipline СПСКС-60','15','no');
INSERT INTO discipline (id,nameOfDiscipline,countOfLessons,exam) VALUES ('4811','Discipline СПСКС-61','15','no');
INSERT INTO discipline (id,nameOfDiscipline,countOfLessons,exam) VALUES ('4812','Discipline СПСКС-62','15','no');
INSERT INTO discipline (id,nameOfDiscipline,countOfLessons,exam) VALUES ('4813','Discipline СПСКС-63','15','no');
INSERT INTO discipline (id,nameOfDiscipline,countOfLessons,exam) VALUES ('4814','Discipline СПСКС-64','15','no');
INSERT INTO discipline (id,nameOfDiscipline,countOfLessons,exam) VALUES ('4815','Discipline СПСКС-65','15','no');
INSERT INTO discipline (id,nameOfDiscipline,countOfLessons,exam) VALUES ('4816','Discipline СПСКС-66','15','no');
INSERT INTO disciplineDepartmentDependency (ID,disciplineID,departmentID,courseNumber,semesterNumber) VALUES ('4750','4750','66','1','1');
INSERT INTO disciplineDepartmentDependency (ID,disciplineID,departmentID,courseNumber,semesterNumber) VALUES ('4751','4751','66','2','2');
INSERT INTO disciplineDepartmentDependency (ID,disciplineID,departmentID,courseNumber,semesterNumber) VALUES ('4752','4752','66','3','1');
INSERT INTO disciplineDepartmentDependency (ID,disciplineID,departmentID,courseNumber,semesterNumber) VALUES ('4753','4753','66','4','2');
INSERT INTO disciplineDepartmentDependency (ID,disciplineID,departmentID,courseNumber,semesterNumber) VALUES ('4754','4754','66','5','1');
INSERT INTO disciplineDepartmentDependency (ID,disciplineID,departmentID,courseNumber,semesterNumber) VALUES ('4755','4755','66','6','2');
INSERT INTO disciplineDepartmentDependency (ID,disciplineID,departmentID,courseNumber,semesterNumber) VALUES ('4756','4756','66','1','1');
INSERT INTO disciplineDepartmentDependency (ID,disciplineID,departmentID,courseNumber,semesterNumber) VALUES ('4757','4757','66','2','2');
INSERT INTO disciplineDepartmentDependency (ID,disciplineID,departmentID,courseNumber,semesterNumber) VALUES ('4758','4758','66','3','1');
INSERT INTO disciplineDepartmentDependency (ID,disciplineID,departmentID,courseNumber,semesterNumber) VALUES ('4759','4759','66','4','2');
INSERT INTO disciplineDepartmentDependency (ID,disciplineID,departmentID,courseNumber,semesterNumber) VALUES ('4760','4760','66','5','1');
INSERT INTO disciplineDepartmentDependency (ID,disciplineID,departmentID,courseNumber,semesterNumber) VALUES ('4761','4761','66','6','2');
INSERT INTO disciplineDepartmentDependency (ID,disciplineID,departmentID,courseNumber,semesterNumber) VALUES ('4762','4762','66','1','1');
INSERT INTO disciplineDepartmentDependency (ID,disciplineID,departmentID,courseNumber,semesterNumber) VALUES ('4763','4763','66','2','2');
INSERT INTO disciplineDepartmentDependency (ID,disciplineID,departmentID,courseNumber,semesterNumber) VALUES ('4764','4764','66','3','1');
INSERT INTO disciplineDepartmentDependency (ID,disciplineID,departmentID,courseNumber,semesterNumber) VALUES ('4765','4765','66','4','2');
INSERT INTO disciplineDepartmentDependency (ID,disciplineID,departmentID,courseNumber,semesterNumber) VALUES ('4766','4766','66','5','1');
INSERT INTO disciplineDepartmentDependency (ID,disciplineID,departmentID,courseNumber,semesterNumber) VALUES ('4767','4767','66','6','2');
INSERT INTO disciplineDepartmentDependency (ID,disciplineID,departmentID,courseNumber,semesterNumber) VALUES ('4768','4768','66','1','1');
INSERT INTO disciplineDepartmentDependency (ID,disciplineID,departmentID,courseNumber,semesterNumber) VALUES ('4769','4769','66','2','2');
INSERT INTO disciplineDepartmentDependency (ID,disciplineID,departmentID,courseNumber,semesterNumber) VALUES ('4770','4770','66','3','1');
INSERT INTO disciplineDepartmentDependency (ID,disciplineID,departmentID,courseNumber,semesterNumber) VALUES ('4771','4771','66','4','2');
INSERT INTO disciplineDepartmentDependency (ID,disciplineID,departmentID,courseNumber,semesterNumber) VALUES ('4772','4772','66','5','1');
INSERT INTO disciplineDepartmentDependency (ID,disciplineID,departmentID,courseNumber,semesterNumber) VALUES ('4773','4773','66','6','2');
INSERT INTO disciplineDepartmentDependency (ID,disciplineID,departmentID,courseNumber,semesterNumber) VALUES ('4774','4774','66','1','1');
INSERT INTO disciplineDepartmentDependency (ID,disciplineID,departmentID,courseNumber,semesterNumber) VALUES ('4775','4775','66','2','2');
INSERT INTO disciplineDepartmentDependency (ID,disciplineID,departmentID,courseNumber,semesterNumber) VALUES ('4776','4776','66','3','1');
INSERT INTO disciplineDepartmentDependency (ID,disciplineID,departmentID,courseNumber,semesterNumber) VALUES ('4777','4777','66','4','2');
INSERT INTO disciplineDepartmentDependency (ID,disciplineID,departmentID,courseNumber,semesterNumber) VALUES ('4778','4778','66','5','1');
INSERT INTO disciplineDepartmentDependency (ID,disciplineID,departmentID,courseNumber,semesterNumber) VALUES ('4779','4779','66','6','2');
INSERT INTO disciplineDepartmentDependency (ID,disciplineID,departmentID,courseNumber,semesterNumber) VALUES ('4780','4780','66','1','1');
INSERT INTO disciplineDepartmentDependency (ID,disciplineID,departmentID,courseNumber,semesterNumber) VALUES ('4781','4781','66','2','2');
INSERT INTO disciplineDepartmentDependency (ID,disciplineID,departmentID,courseNumber,semesterNumber) VALUES ('4782','4782','66','3','1');
INSERT INTO disciplineDepartmentDependency (ID,disciplineID,departmentID,courseNumber,semesterNumber) VALUES ('4783','4783','66','4','2');
INSERT INTO disciplineDepartmentDependency (ID,disciplineID,departmentID,courseNumber,semesterNumber) VALUES ('4784','4784','66','5','1');
INSERT INTO disciplineDepartmentDependency (ID,disciplineID,departmentID,courseNumber,semesterNumber) VALUES ('4785','4785','66','6','2');
INSERT INTO disciplineDepartmentDependency (ID,disciplineID,departmentID,courseNumber,semesterNumber) VALUES ('4786','4786','66','1','1');
INSERT INTO disciplineDepartmentDependency (ID,disciplineID,departmentID,courseNumber,semesterNumber) VALUES ('4787','4787','66','2','2');
INSERT INTO disciplineDepartmentDependency (ID,disciplineID,departmentID,courseNumber,semesterNumber) VALUES ('4788','4788','66','3','1');
INSERT INTO disciplineDepartmentDependency (ID,disciplineID,departmentID,courseNumber,semesterNumber) VALUES ('4789','4789','66','4','2');
INSERT INTO disciplineDepartmentDependency (ID,disciplineID,departmentID,courseNumber,semesterNumber) VALUES ('4790','4790','66','5','1');
INSERT INTO disciplineDepartmentDependency (ID,disciplineID,departmentID,courseNumber,semesterNumber) VALUES ('4791','4791','66','6','2');
INSERT INTO disciplineDepartmentDependency (ID,disciplineID,departmentID,courseNumber,semesterNumber) VALUES ('4792','4792','66','1','1');
INSERT INTO disciplineDepartmentDependency (ID,disciplineID,departmentID,courseNumber,semesterNumber) VALUES ('4793','4793','66','2','2');
INSERT INTO disciplineDepartmentDependency (ID,disciplineID,departmentID,courseNumber,semesterNumber) VALUES ('4794','4794','66','3','1');
INSERT INTO disciplineDepartmentDependency (ID,disciplineID,departmentID,courseNumber,semesterNumber) VALUES ('4795','4795','66','4','2');
INSERT INTO disciplineDepartmentDependency (ID,disciplineID,departmentID,courseNumber,semesterNumber) VALUES ('4796','4796','66','5','1');
INSERT INTO disciplineDepartmentDependency (ID,disciplineID,departmentID,courseNumber,semesterNumber) VALUES ('4797','4797','66','6','2');
INSERT INTO disciplineDepartmentDependency (ID,disciplineID,departmentID,courseNumber,semesterNumber) VALUES ('4798','4798','66','1','1');
INSERT INTO disciplineDepartmentDependency (ID,disciplineID,departmentID,courseNumber,semesterNumber) VALUES ('4799','4799','66','2','2');
INSERT INTO disciplineDepartmentDependency (ID,disciplineID,departmentID,courseNumber,semesterNumber) VALUES ('4800','4800','66','3','1');
INSERT INTO disciplineDepartmentDependency (ID,disciplineID,departmentID,courseNumber,semesterNumber) VALUES ('4801','4801','66','4','2');
INSERT INTO disciplineDepartmentDependency (ID,disciplineID,departmentID,courseNumber,semesterNumber) VALUES ('4802','4802','66','5','1');
INSERT INTO disciplineDepartmentDependency (ID,disciplineID,departmentID,courseNumber,semesterNumber) VALUES ('4803','4803','66','6','2');
INSERT INTO disciplineDepartmentDependency (ID,disciplineID,departmentID,courseNumber,semesterNumber) VALUES ('4804','4804','66','1','1');
INSERT INTO disciplineDepartmentDependency (ID,disciplineID,departmentID,courseNumber,semesterNumber) VALUES ('4805','4805','66','2','2');
INSERT INTO disciplineDepartmentDependency (ID,disciplineID,departmentID,courseNumber,semesterNumber) VALUES ('4806','4806','66','3','1');
INSERT INTO disciplineDepartmentDependency (ID,disciplineID,departmentID,courseNumber,semesterNumber) VALUES ('4807','4807','66','4','2');
INSERT INTO disciplineDepartmentDependency (ID,disciplineID,departmentID,courseNumber,semesterNumber) VALUES ('4808','4808','66','5','1');
INSERT INTO disciplineDepartmentDependency (ID,disciplineID,departmentID,courseNumber,semesterNumber) VALUES ('4809','4809','66','6','2');
INSERT INTO disciplineDepartmentDependency (ID,disciplineID,departmentID,courseNumber,semesterNumber) VALUES ('4810','4810','66','1','1');
INSERT INTO disciplineDepartmentDependency (ID,disciplineID,departmentID,courseNumber,semesterNumber) VALUES ('4811','4811','66','2','2');
INSERT INTO disciplineDepartmentDependency (ID,disciplineID,departmentID,courseNumber,semesterNumber) VALUES ('4812','4812','66','3','1');
INSERT INTO disciplineDepartmentDependency (ID,disciplineID,departmentID,courseNumber,semesterNumber) VALUES ('4813','4813','66','4','2');
INSERT INTO disciplineDepartmentDependency (ID,disciplineID,departmentID,courseNumber,semesterNumber) VALUES ('4814','4814','66','5','1');
INSERT INTO disciplineDepartmentDependency (ID,disciplineID,departmentID,courseNumber,semesterNumber) VALUES ('4815','4815','66','6','2');
INSERT INTO disciplineDepartmentDependency (ID,disciplineID,departmentID,courseNumber,semesterNumber) VALUES ('4816','4816','66','1','1');
INSERT INTO loginpass (ID,login,password,access_type) VALUES ('176','GORXSLAVATKAZ@orange.net','X&Exmd#6','employee');
INSERT INTO employee (name,lastName,fathersName,personalID,sex,email,phoneNumber,dateOfBorn,address,passport,login,office,ID,departmentID) VALUES ('Горислава','ТКАЧ','Савівна','5206252560','f','GORXSLAVATKAZ@orange.net','0686080834','1964-04-21','77070 Сімферополь Водоп’янова 3, 9','JE183135 ГУМВС 34','GORXSLAVATKAZ@orange.net','HR','169','66');
INSERT INTO loginpass (ID,login,password,access_type) VALUES ('177','VEDANAKOSTQK@sky.com','KMhOQ$PO','employee');
INSERT INTO employee (name,lastName,fathersName,personalID,sex,email,phoneNumber,dateOfBorn,address,passport,login,office,ID,departmentID) VALUES ('Ведана','КОСТЮК','Луківна','5010232106','f','VEDANAKOSTQK@sky.com','0957281040','1988-11-10','17470 Ізмаїл Грузиненка 94, 61','KI374112 ГУМВС 26','VEDANAKOSTQK@sky.com','HR','170','66');
INSERT INTO loginpass (ID,login,password,access_type) VALUES ('178','BILOVXDAKOROLQ@gmx.de','C#7B7VWD','employee');
INSERT INTO employee (name,lastName,fathersName,personalID,sex,email,phoneNumber,dateOfBorn,address,passport,login,office,ID,departmentID) VALUES ('Біловида','КОРОЛЬ','Савівна','4810288074','f','BILOVXDAKOROLQ@gmx.de','0393747206','1968-11-27','77147 Запоріжжя Грибна 16, 199','AB871332 ГУМВС 48','BILOVXDAKOROLQ@gmx.de','HR','171','66');
INSERT INTO loginpass (ID,login,password,access_type) VALUES ('179','VSEVOLODVOVK@wanadoo.co.uk','!9lFybDG','employee');
INSERT INTO employee (name,lastName,fathersName,personalID,sex,email,phoneNumber,dateOfBorn,address,passport,login,office,ID,departmentID) VALUES ('Всеволод','ВОВК','Григорович','3057630850','m','VSEVOLODVOVK@wanadoo.co.uk','0663754343','1959-07-02','76420 Котовськ Жукова маршала 87, 36','MM811167 ГУМВС 23','VSEVOLODVOVK@wanadoo.co.uk','HR','172','66');
INSERT INTO gtgroup (id,fullGroupName,courseNumber,departmentID) VALUES ('780','СПСКС-10','1','66');
INSERT INTO gtgroup (id,fullGroupName,courseNumber,departmentID) VALUES ('781','СПСКС-11','1','66');
INSERT INTO gtgroup (id,fullGroupName,courseNumber,departmentID) VALUES ('782','СПСКС-20','2','66');
INSERT INTO gtgroup (id,fullGroupName,courseNumber,departmentID) VALUES ('783','СПСКС-21','2','66');
INSERT INTO gtgroup (id,fullGroupName,courseNumber,departmentID) VALUES ('784','СПСКС-30','3','66');
INSERT INTO gtgroup (id,fullGroupName,courseNumber,departmentID) VALUES ('785','СПСКС-31','3','66');
INSERT INTO gtgroup (id,fullGroupName,courseNumber,departmentID) VALUES ('786','СПСКС-40','4','66');
INSERT INTO gtgroup (id,fullGroupName,courseNumber,departmentID) VALUES ('787','СПСКС-41','4','66');
INSERT INTO gtgroup (id,fullGroupName,courseNumber,departmentID) VALUES ('788','СПСКС-50','5','66');
INSERT INTO gtgroup (id,fullGroupName,courseNumber,departmentID) VALUES ('789','СПСКС-51','5','66');
INSERT INTO gtgroup (id,fullGroupName,courseNumber,departmentID) VALUES ('790','СПСКС-60','6','66');
INSERT INTO gtgroup (id,fullGroupName,courseNumber,departmentID) VALUES ('791','СПСКС-61','6','66');
INSERT INTO dayRequirements (id,departmentID,countOfDaysInWeek,countOfLessonsInADay) VALUES ('66','67','6','5');
INSERT INTO discipline (id,nameOfDiscipline,countOfLessons,exam) VALUES ('4817','Discipline КС-0','15','no');
INSERT INTO discipline (id,nameOfDiscipline,countOfLessons,exam) VALUES ('4818','Discipline КС-1','15','no');
INSERT INTO discipline (id,nameOfDiscipline,countOfLessons,exam) VALUES ('4819','Discipline КС-2','15','no');
INSERT INTO discipline (id,nameOfDiscipline,countOfLessons,exam) VALUES ('4820','Discipline КС-3','15','no');
INSERT INTO discipline (id,nameOfDiscipline,countOfLessons,exam) VALUES ('4821','Discipline КС-4','15','no');
INSERT INTO discipline (id,nameOfDiscipline,countOfLessons,exam) VALUES ('4822','Discipline КС-5','15','no');
INSERT INTO discipline (id,nameOfDiscipline,countOfLessons,exam) VALUES ('4823','Discipline КС-6','15','no');
INSERT INTO discipline (id,nameOfDiscipline,countOfLessons,exam) VALUES ('4824','Discipline КС-7','15','no');
INSERT INTO discipline (id,nameOfDiscipline,countOfLessons,exam) VALUES ('4825','Discipline КС-8','15','no');
INSERT INTO discipline (id,nameOfDiscipline,countOfLessons,exam) VALUES ('4826','Discipline КС-9','15','no');
INSERT INTO discipline (id,nameOfDiscipline,countOfLessons,exam) VALUES ('4827','Discipline КС-10','15','no');
INSERT INTO discipline (id,nameOfDiscipline,countOfLessons,exam) VALUES ('4828','Discipline КС-11','15','no');
INSERT INTO discipline (id,nameOfDiscipline,countOfLessons,exam) VALUES ('4829','Discipline КС-12','15','no');
INSERT INTO discipline (id,nameOfDiscipline,countOfLessons,exam) VALUES ('4830','Discipline КС-13','15','no');
INSERT INTO discipline (id,nameOfDiscipline,countOfLessons,exam) VALUES ('4831','Discipline КС-14','15','no');
INSERT INTO discipline (id,nameOfDiscipline,countOfLessons,exam) VALUES ('4832','Discipline КС-15','15','no');
INSERT INTO discipline (id,nameOfDiscipline,countOfLessons,exam) VALUES ('4833','Discipline КС-16','15','no');
INSERT INTO discipline (id,nameOfDiscipline,countOfLessons,exam) VALUES ('4834','Discipline КС-17','15','no');
INSERT INTO discipline (id,nameOfDiscipline,countOfLessons,exam) VALUES ('4835','Discipline КС-18','15','no');
INSERT INTO discipline (id,nameOfDiscipline,countOfLessons,exam) VALUES ('4836','Discipline КС-19','15','no');
INSERT INTO discipline (id,nameOfDiscipline,countOfLessons,exam) VALUES ('4837','Discipline КС-20','15','no');
INSERT INTO discipline (id,nameOfDiscipline,countOfLessons,exam) VALUES ('4838','Discipline КС-21','15','no');
INSERT INTO discipline (id,nameOfDiscipline,countOfLessons,exam) VALUES ('4839','Discipline КС-22','15','no');
INSERT INTO discipline (id,nameOfDiscipline,countOfLessons,exam) VALUES ('4840','Discipline КС-23','15','no');
INSERT INTO discipline (id,nameOfDiscipline,countOfLessons,exam) VALUES ('4841','Discipline КС-24','15','no');
INSERT INTO discipline (id,nameOfDiscipline,countOfLessons,exam) VALUES ('4842','Discipline КС-25','15','no');
INSERT INTO discipline (id,nameOfDiscipline,countOfLessons,exam) VALUES ('4843','Discipline КС-26','15','no');
INSERT INTO discipline (id,nameOfDiscipline,countOfLessons,exam) VALUES ('4844','Discipline КС-27','15','no');
INSERT INTO discipline (id,nameOfDiscipline,countOfLessons,exam) VALUES ('4845','Discipline КС-28','15','no');
INSERT INTO discipline (id,nameOfDiscipline,countOfLessons,exam) VALUES ('4846','Discipline КС-29','15','no');
INSERT INTO discipline (id,nameOfDiscipline,countOfLessons,exam) VALUES ('4847','Discipline КС-30','15','no');
INSERT INTO discipline (id,nameOfDiscipline,countOfLessons,exam) VALUES ('4848','Discipline КС-31','15','no');
INSERT INTO discipline (id,nameOfDiscipline,countOfLessons,exam) VALUES ('4849','Discipline КС-32','15','no');
INSERT INTO discipline (id,nameOfDiscipline,countOfLessons,exam) VALUES ('4850','Discipline КС-33','15','no');
INSERT INTO discipline (id,nameOfDiscipline,countOfLessons,exam) VALUES ('4851','Discipline КС-34','15','no');
INSERT INTO discipline (id,nameOfDiscipline,countOfLessons,exam) VALUES ('4852','Discipline КС-35','15','no');
INSERT INTO discipline (id,nameOfDiscipline,countOfLessons,exam) VALUES ('4853','Discipline КС-36','15','no');
INSERT INTO discipline (id,nameOfDiscipline,countOfLessons,exam) VALUES ('4854','Discipline КС-37','15','no');
INSERT INTO discipline (id,nameOfDiscipline,countOfLessons,exam) VALUES ('4855','Discipline КС-38','15','no');
INSERT INTO discipline (id,nameOfDiscipline,countOfLessons,exam) VALUES ('4856','Discipline КС-39','15','no');
INSERT INTO discipline (id,nameOfDiscipline,countOfLessons,exam) VALUES ('4857','Discipline КС-40','15','no');
INSERT INTO discipline (id,nameOfDiscipline,countOfLessons,exam) VALUES ('4858','Discipline КС-41','15','no');
INSERT INTO discipline (id,nameOfDiscipline,countOfLessons,exam) VALUES ('4859','Discipline КС-42','15','no');
INSERT INTO discipline (id,nameOfDiscipline,countOfLessons,exam) VALUES ('4860','Discipline КС-43','15','no');
INSERT INTO discipline (id,nameOfDiscipline,countOfLessons,exam) VALUES ('4861','Discipline КС-44','15','no');
INSERT INTO discipline (id,nameOfDiscipline,countOfLessons,exam) VALUES ('4862','Discipline КС-45','15','no');
INSERT INTO discipline (id,nameOfDiscipline,countOfLessons,exam) VALUES ('4863','Discipline КС-46','15','no');
INSERT INTO discipline (id,nameOfDiscipline,countOfLessons,exam) VALUES ('4864','Discipline КС-47','15','no');
INSERT INTO discipline (id,nameOfDiscipline,countOfLessons,exam) VALUES ('4865','Discipline КС-48','15','no');
INSERT INTO discipline (id,nameOfDiscipline,countOfLessons,exam) VALUES ('4866','Discipline КС-49','15','no');
INSERT INTO discipline (id,nameOfDiscipline,countOfLessons,exam) VALUES ('4867','Discipline КС-50','15','no');
INSERT INTO discipline (id,nameOfDiscipline,countOfLessons,exam) VALUES ('4868','Discipline КС-51','15','no');
INSERT INTO discipline (id,nameOfDiscipline,countOfLessons,exam) VALUES ('4869','Discipline КС-52','15','no');
INSERT INTO discipline (id,nameOfDiscipline,countOfLessons,exam) VALUES ('4870','Discipline КС-53','15','no');
INSERT INTO discipline (id,nameOfDiscipline,countOfLessons,exam) VALUES ('4871','Discipline КС-54','15','no');
INSERT INTO discipline (id,nameOfDiscipline,countOfLessons,exam) VALUES ('4872','Discipline КС-55','15','no');
INSERT INTO discipline (id,nameOfDiscipline,countOfLessons,exam) VALUES ('4873','Discipline КС-56','15','no');
INSERT INTO discipline (id,nameOfDiscipline,countOfLessons,exam) VALUES ('4874','Discipline КС-57','15','no');
INSERT INTO discipline (id,nameOfDiscipline,countOfLessons,exam) VALUES ('4875','Discipline КС-58','15','no');
INSERT INTO discipline (id,nameOfDiscipline,countOfLessons,exam) VALUES ('4876','Discipline КС-59','15','no');
INSERT INTO discipline (id,nameOfDiscipline,countOfLessons,exam) VALUES ('4877','Discipline КС-60','15','no');
INSERT INTO discipline (id,nameOfDiscipline,countOfLessons,exam) VALUES ('4878','Discipline КС-61','15','no');
INSERT INTO discipline (id,nameOfDiscipline,countOfLessons,exam) VALUES ('4879','Discipline КС-62','15','no');
INSERT INTO discipline (id,nameOfDiscipline,countOfLessons,exam) VALUES ('4880','Discipline КС-63','15','no');
INSERT INTO discipline (id,nameOfDiscipline,countOfLessons,exam) VALUES ('4881','Discipline КС-64','15','no');
INSERT INTO discipline (id,nameOfDiscipline,countOfLessons,exam) VALUES ('4882','Discipline КС-65','15','no');
INSERT INTO discipline (id,nameOfDiscipline,countOfLessons,exam) VALUES ('4883','Discipline КС-66','15','no');
INSERT INTO disciplineDepartmentDependency (ID,disciplineID,departmentID,courseNumber,semesterNumber) VALUES ('4817','4817','67','1','1');
INSERT INTO disciplineDepartmentDependency (ID,disciplineID,departmentID,courseNumber,semesterNumber) VALUES ('4818','4818','67','2','2');
INSERT INTO disciplineDepartmentDependency (ID,disciplineID,departmentID,courseNumber,semesterNumber) VALUES ('4819','4819','67','3','1');
INSERT INTO disciplineDepartmentDependency (ID,disciplineID,departmentID,courseNumber,semesterNumber) VALUES ('4820','4820','67','4','2');
INSERT INTO disciplineDepartmentDependency (ID,disciplineID,departmentID,courseNumber,semesterNumber) VALUES ('4821','4821','67','5','1');
INSERT INTO disciplineDepartmentDependency (ID,disciplineID,departmentID,courseNumber,semesterNumber) VALUES ('4822','4822','67','6','2');
INSERT INTO disciplineDepartmentDependency (ID,disciplineID,departmentID,courseNumber,semesterNumber) VALUES ('4823','4823','67','1','1');
INSERT INTO disciplineDepartmentDependency (ID,disciplineID,departmentID,courseNumber,semesterNumber) VALUES ('4824','4824','67','2','2');
INSERT INTO disciplineDepartmentDependency (ID,disciplineID,departmentID,courseNumber,semesterNumber) VALUES ('4825','4825','67','3','1');
INSERT INTO disciplineDepartmentDependency (ID,disciplineID,departmentID,courseNumber,semesterNumber) VALUES ('4826','4826','67','4','2');
INSERT INTO disciplineDepartmentDependency (ID,disciplineID,departmentID,courseNumber,semesterNumber) VALUES ('4827','4827','67','5','1');
INSERT INTO disciplineDepartmentDependency (ID,disciplineID,departmentID,courseNumber,semesterNumber) VALUES ('4828','4828','67','6','2');
INSERT INTO disciplineDepartmentDependency (ID,disciplineID,departmentID,courseNumber,semesterNumber) VALUES ('4829','4829','67','1','1');
INSERT INTO disciplineDepartmentDependency (ID,disciplineID,departmentID,courseNumber,semesterNumber) VALUES ('4830','4830','67','2','2');
INSERT INTO disciplineDepartmentDependency (ID,disciplineID,departmentID,courseNumber,semesterNumber) VALUES ('4831','4831','67','3','1');
INSERT INTO disciplineDepartmentDependency (ID,disciplineID,departmentID,courseNumber,semesterNumber) VALUES ('4832','4832','67','4','2');
INSERT INTO disciplineDepartmentDependency (ID,disciplineID,departmentID,courseNumber,semesterNumber) VALUES ('4833','4833','67','5','1');
INSERT INTO disciplineDepartmentDependency (ID,disciplineID,departmentID,courseNumber,semesterNumber) VALUES ('4834','4834','67','6','2');
INSERT INTO disciplineDepartmentDependency (ID,disciplineID,departmentID,courseNumber,semesterNumber) VALUES ('4835','4835','67','1','1');
INSERT INTO disciplineDepartmentDependency (ID,disciplineID,departmentID,courseNumber,semesterNumber) VALUES ('4836','4836','67','2','2');
INSERT INTO disciplineDepartmentDependency (ID,disciplineID,departmentID,courseNumber,semesterNumber) VALUES ('4837','4837','67','3','1');
INSERT INTO disciplineDepartmentDependency (ID,disciplineID,departmentID,courseNumber,semesterNumber) VALUES ('4838','4838','67','4','2');
INSERT INTO disciplineDepartmentDependency (ID,disciplineID,departmentID,courseNumber,semesterNumber) VALUES ('4839','4839','67','5','1');
INSERT INTO disciplineDepartmentDependency (ID,disciplineID,departmentID,courseNumber,semesterNumber) VALUES ('4840','4840','67','6','2');
INSERT INTO disciplineDepartmentDependency (ID,disciplineID,departmentID,courseNumber,semesterNumber) VALUES ('4841','4841','67','1','1');
INSERT INTO disciplineDepartmentDependency (ID,disciplineID,departmentID,courseNumber,semesterNumber) VALUES ('4842','4842','67','2','2');
INSERT INTO disciplineDepartmentDependency (ID,disciplineID,departmentID,courseNumber,semesterNumber) VALUES ('4843','4843','67','3','1');
INSERT INTO disciplineDepartmentDependency (ID,disciplineID,departmentID,courseNumber,semesterNumber) VALUES ('4844','4844','67','4','2');
INSERT INTO disciplineDepartmentDependency (ID,disciplineID,departmentID,courseNumber,semesterNumber) VALUES ('4845','4845','67','5','1');
INSERT INTO disciplineDepartmentDependency (ID,disciplineID,departmentID,courseNumber,semesterNumber) VALUES ('4846','4846','67','6','2');
INSERT INTO disciplineDepartmentDependency (ID,disciplineID,departmentID,courseNumber,semesterNumber) VALUES ('4847','4847','67','1','1');
INSERT INTO disciplineDepartmentDependency (ID,disciplineID,departmentID,courseNumber,semesterNumber) VALUES ('4848','4848','67','2','2');
INSERT INTO disciplineDepartmentDependency (ID,disciplineID,departmentID,courseNumber,semesterNumber) VALUES ('4849','4849','67','3','1');
INSERT INTO disciplineDepartmentDependency (ID,disciplineID,departmentID,courseNumber,semesterNumber) VALUES ('4850','4850','67','4','2');
INSERT INTO disciplineDepartmentDependency (ID,disciplineID,departmentID,courseNumber,semesterNumber) VALUES ('4851','4851','67','5','1');
INSERT INTO disciplineDepartmentDependency (ID,disciplineID,departmentID,courseNumber,semesterNumber) VALUES ('4852','4852','67','6','2');
INSERT INTO disciplineDepartmentDependency (ID,disciplineID,departmentID,courseNumber,semesterNumber) VALUES ('4853','4853','67','1','1');
INSERT INTO disciplineDepartmentDependency (ID,disciplineID,departmentID,courseNumber,semesterNumber) VALUES ('4854','4854','67','2','2');
INSERT INTO disciplineDepartmentDependency (ID,disciplineID,departmentID,courseNumber,semesterNumber) VALUES ('4855','4855','67','3','1');
INSERT INTO disciplineDepartmentDependency (ID,disciplineID,departmentID,courseNumber,semesterNumber) VALUES ('4856','4856','67','4','2');
INSERT INTO disciplineDepartmentDependency (ID,disciplineID,departmentID,courseNumber,semesterNumber) VALUES ('4857','4857','67','5','1');
INSERT INTO disciplineDepartmentDependency (ID,disciplineID,departmentID,courseNumber,semesterNumber) VALUES ('4858','4858','67','6','2');
INSERT INTO disciplineDepartmentDependency (ID,disciplineID,departmentID,courseNumber,semesterNumber) VALUES ('4859','4859','67','1','1');
INSERT INTO disciplineDepartmentDependency (ID,disciplineID,departmentID,courseNumber,semesterNumber) VALUES ('4860','4860','67','2','2');
INSERT INTO disciplineDepartmentDependency (ID,disciplineID,departmentID,courseNumber,semesterNumber) VALUES ('4861','4861','67','3','1');
INSERT INTO disciplineDepartmentDependency (ID,disciplineID,departmentID,courseNumber,semesterNumber) VALUES ('4862','4862','67','4','2');
INSERT INTO disciplineDepartmentDependency (ID,disciplineID,departmentID,courseNumber,semesterNumber) VALUES ('4863','4863','67','5','1');
INSERT INTO disciplineDepartmentDependency (ID,disciplineID,departmentID,courseNumber,semesterNumber) VALUES ('4864','4864','67','6','2');
INSERT INTO disciplineDepartmentDependency (ID,disciplineID,departmentID,courseNumber,semesterNumber) VALUES ('4865','4865','67','1','1');
INSERT INTO disciplineDepartmentDependency (ID,disciplineID,departmentID,courseNumber,semesterNumber) VALUES ('4866','4866','67','2','2');
INSERT INTO disciplineDepartmentDependency (ID,disciplineID,departmentID,courseNumber,semesterNumber) VALUES ('4867','4867','67','3','1');
INSERT INTO disciplineDepartmentDependency (ID,disciplineID,departmentID,courseNumber,semesterNumber) VALUES ('4868','4868','67','4','2');
INSERT INTO disciplineDepartmentDependency (ID,disciplineID,departmentID,courseNumber,semesterNumber) VALUES ('4869','4869','67','5','1');
INSERT INTO disciplineDepartmentDependency (ID,disciplineID,departmentID,courseNumber,semesterNumber) VALUES ('4870','4870','67','6','2');
INSERT INTO disciplineDepartmentDependency (ID,disciplineID,departmentID,courseNumber,semesterNumber) VALUES ('4871','4871','67','1','1');
INSERT INTO disciplineDepartmentDependency (ID,disciplineID,departmentID,courseNumber,semesterNumber) VALUES ('4872','4872','67','2','2');
INSERT INTO disciplineDepartmentDependency (ID,disciplineID,departmentID,courseNumber,semesterNumber) VALUES ('4873','4873','67','3','1');
INSERT INTO disciplineDepartmentDependency (ID,disciplineID,departmentID,courseNumber,semesterNumber) VALUES ('4874','4874','67','4','2');
INSERT INTO disciplineDepartmentDependency (ID,disciplineID,departmentID,courseNumber,semesterNumber) VALUES ('4875','4875','67','5','1');
INSERT INTO disciplineDepartmentDependency (ID,disciplineID,departmentID,courseNumber,semesterNumber) VALUES ('4876','4876','67','6','2');
INSERT INTO disciplineDepartmentDependency (ID,disciplineID,departmentID,courseNumber,semesterNumber) VALUES ('4877','4877','67','1','1');
INSERT INTO disciplineDepartmentDependency (ID,disciplineID,departmentID,courseNumber,semesterNumber) VALUES ('4878','4878','67','2','2');
INSERT INTO disciplineDepartmentDependency (ID,disciplineID,departmentID,courseNumber,semesterNumber) VALUES ('4879','4879','67','3','1');
INSERT INTO disciplineDepartmentDependency (ID,disciplineID,departmentID,courseNumber,semesterNumber) VALUES ('4880','4880','67','4','2');
INSERT INTO disciplineDepartmentDependency (ID,disciplineID,departmentID,courseNumber,semesterNumber) VALUES ('4881','4881','67','5','1');
INSERT INTO disciplineDepartmentDependency (ID,disciplineID,departmentID,courseNumber,semesterNumber) VALUES ('4882','4882','67','6','2');
INSERT INTO disciplineDepartmentDependency (ID,disciplineID,departmentID,courseNumber,semesterNumber) VALUES ('4883','4883','67','1','1');
INSERT INTO loginpass (ID,login,password,access_type) VALUES ('180','GRANXSLAVAHOMENKO@virginmedia.com','#JY1Wd7G','employee');
INSERT INTO employee (name,lastName,fathersName,personalID,sex,email,phoneNumber,dateOfBorn,address,passport,login,office,ID,departmentID) VALUES ('Гранислава','ХОМЕНКО','Григорівна','3503516380','f','GRANXSLAVAHOMENKO@virginmedia.com','0687335788','1962-08-23','61338 Олександрія ІІ-а Приміська 68, 255','DI445313 ГУМВС 23','GRANXSLAVAHOMENKO@virginmedia.com','HR','173','67');
INSERT INTO loginpass (ID,login,password,access_type) VALUES ('181','BOJEYKOKOVTUN@talktalk.co.uk','W#3yrK8v','employee');
INSERT INTO employee (name,lastName,fathersName,personalID,sex,email,phoneNumber,dateOfBorn,address,passport,login,office,ID,departmentID) VALUES ('Божейко','КОВТУН','Миколайович','1464581106','m','BOJEYKOKOVTUN@talktalk.co.uk','0962512830','1965-01-12','67678 Феодосія Кириченка Спиридона 34, 278','HP736468 ГУМВС 44','BOJEYKOKOVTUN@talktalk.co.uk','HR','174','67');
INSERT INTO loginpass (ID,login,password,access_type) VALUES ('182','BAJANBILXK@blueyonder.co.uk','5ObETgYR','employee');
INSERT INTO employee (name,lastName,fathersName,personalID,sex,email,phoneNumber,dateOfBorn,address,passport,login,office,ID,departmentID) VALUES ('Бажан','БІЛИК','Миколайович','7671413801','m','BAJANBILXK@blueyonder.co.uk','0638628646','1964-02-15','61780 Бориспіль Горького 81, 286','KA128454 ГУМВС 7','BAJANBILXK@blueyonder.co.uk','HR','175','67');
INSERT INTO loginpass (ID,login,password,access_type) VALUES ('183','BILOSLAVAGOLUB@tiscali.co.uk','LtAeNbyQ','employee');
INSERT INTO employee (name,lastName,fathersName,personalID,sex,email,phoneNumber,dateOfBorn,address,passport,login,office,ID,departmentID) VALUES ('Білослава','ГОЛУБ','Григорівна','2168285877','f','BILOSLAVAGOLUB@tiscali.co.uk','0393145058','1986-06-07','01176 Дніпродзержинськ Грузиненка 18, 244','NU172718 ГУМВС 26','BILOSLAVAGOLUB@tiscali.co.uk','HR','176','67');
INSERT INTO gtgroup (id,fullGroupName,courseNumber,departmentID) VALUES ('792','КС-10','1','67');
INSERT INTO gtgroup (id,fullGroupName,courseNumber,departmentID) VALUES ('793','КС-11','1','67');
INSERT INTO gtgroup (id,fullGroupName,courseNumber,departmentID) VALUES ('794','КС-12','1','67');
INSERT INTO gtgroup (id,fullGroupName,courseNumber,departmentID) VALUES ('795','КС-20','2','67');
INSERT INTO gtgroup (id,fullGroupName,courseNumber,departmentID) VALUES ('796','КС-21','2','67');
INSERT INTO gtgroup (id,fullGroupName,courseNumber,departmentID) VALUES ('797','КС-22','2','67');
INSERT INTO gtgroup (id,fullGroupName,courseNumber,departmentID) VALUES ('798','КС-30','3','67');
INSERT INTO gtgroup (id,fullGroupName,courseNumber,departmentID) VALUES ('799','КС-31','3','67');
INSERT INTO gtgroup (id,fullGroupName,courseNumber,departmentID) VALUES ('800','КС-32','3','67');
INSERT INTO gtgroup (id,fullGroupName,courseNumber,departmentID) VALUES ('801','КС-40','4','67');
INSERT INTO gtgroup (id,fullGroupName,courseNumber,departmentID) VALUES ('802','КС-41','4','67');
INSERT INTO gtgroup (id,fullGroupName,courseNumber,departmentID) VALUES ('803','КС-42','4','67');
INSERT INTO gtgroup (id,fullGroupName,courseNumber,departmentID) VALUES ('804','КС-50','5','67');
INSERT INTO gtgroup (id,fullGroupName,courseNumber,departmentID) VALUES ('805','КС-51','5','67');
INSERT INTO gtgroup (id,fullGroupName,courseNumber,departmentID) VALUES ('806','КС-52','5','67');
INSERT INTO gtgroup (id,fullGroupName,courseNumber,departmentID) VALUES ('807','КС-60','6','67');
INSERT INTO gtgroup (id,fullGroupName,courseNumber,departmentID) VALUES ('808','КС-61','6','67');
INSERT INTO gtgroup (id,fullGroupName,courseNumber,departmentID) VALUES ('809','КС-62','6','67');
INSERT INTO dayRequirements (id,departmentID,countOfDaysInWeek,countOfLessonsInADay) VALUES ('67','68','6','5');
INSERT INTO discipline (id,nameOfDiscipline,countOfLessons,exam) VALUES ('4884','Discipline КТПУ-0','15','no');
INSERT INTO discipline (id,nameOfDiscipline,countOfLessons,exam) VALUES ('4885','Discipline КТПУ-1','15','no');
INSERT INTO discipline (id,nameOfDiscipline,countOfLessons,exam) VALUES ('4886','Discipline КТПУ-2','15','no');
INSERT INTO discipline (id,nameOfDiscipline,countOfLessons,exam) VALUES ('4887','Discipline КТПУ-3','15','no');
INSERT INTO discipline (id,nameOfDiscipline,countOfLessons,exam) VALUES ('4888','Discipline КТПУ-4','15','no');
INSERT INTO discipline (id,nameOfDiscipline,countOfLessons,exam) VALUES ('4889','Discipline КТПУ-5','15','no');
INSERT INTO discipline (id,nameOfDiscipline,countOfLessons,exam) VALUES ('4890','Discipline КТПУ-6','15','no');
INSERT INTO discipline (id,nameOfDiscipline,countOfLessons,exam) VALUES ('4891','Discipline КТПУ-7','15','no');
INSERT INTO discipline (id,nameOfDiscipline,countOfLessons,exam) VALUES ('4892','Discipline КТПУ-8','15','no');
INSERT INTO discipline (id,nameOfDiscipline,countOfLessons,exam) VALUES ('4893','Discipline КТПУ-9','15','no');
INSERT INTO discipline (id,nameOfDiscipline,countOfLessons,exam) VALUES ('4894','Discipline КТПУ-10','15','no');
INSERT INTO discipline (id,nameOfDiscipline,countOfLessons,exam) VALUES ('4895','Discipline КТПУ-11','15','no');
INSERT INTO discipline (id,nameOfDiscipline,countOfLessons,exam) VALUES ('4896','Discipline КТПУ-12','15','no');
INSERT INTO discipline (id,nameOfDiscipline,countOfLessons,exam) VALUES ('4897','Discipline КТПУ-13','15','no');
INSERT INTO discipline (id,nameOfDiscipline,countOfLessons,exam) VALUES ('4898','Discipline КТПУ-14','15','no');
INSERT INTO discipline (id,nameOfDiscipline,countOfLessons,exam) VALUES ('4899','Discipline КТПУ-15','15','no');
INSERT INTO discipline (id,nameOfDiscipline,countOfLessons,exam) VALUES ('4900','Discipline КТПУ-16','15','no');
INSERT INTO discipline (id,nameOfDiscipline,countOfLessons,exam) VALUES ('4901','Discipline КТПУ-17','15','no');
INSERT INTO discipline (id,nameOfDiscipline,countOfLessons,exam) VALUES ('4902','Discipline КТПУ-18','15','no');
INSERT INTO discipline (id,nameOfDiscipline,countOfLessons,exam) VALUES ('4903','Discipline КТПУ-19','15','no');
INSERT INTO discipline (id,nameOfDiscipline,countOfLessons,exam) VALUES ('4904','Discipline КТПУ-20','15','no');
INSERT INTO discipline (id,nameOfDiscipline,countOfLessons,exam) VALUES ('4905','Discipline КТПУ-21','15','no');
INSERT INTO discipline (id,nameOfDiscipline,countOfLessons,exam) VALUES ('4906','Discipline КТПУ-22','15','no');
INSERT INTO discipline (id,nameOfDiscipline,countOfLessons,exam) VALUES ('4907','Discipline КТПУ-23','15','no');
INSERT INTO discipline (id,nameOfDiscipline,countOfLessons,exam) VALUES ('4908','Discipline КТПУ-24','15','no');
INSERT INTO discipline (id,nameOfDiscipline,countOfLessons,exam) VALUES ('4909','Discipline КТПУ-25','15','no');
INSERT INTO discipline (id,nameOfDiscipline,countOfLessons,exam) VALUES ('4910','Discipline КТПУ-26','15','no');
INSERT INTO discipline (id,nameOfDiscipline,countOfLessons,exam) VALUES ('4911','Discipline КТПУ-27','15','no');
INSERT INTO discipline (id,nameOfDiscipline,countOfLessons,exam) VALUES ('4912','Discipline КТПУ-28','15','no');
INSERT INTO discipline (id,nameOfDiscipline,countOfLessons,exam) VALUES ('4913','Discipline КТПУ-29','15','no');
INSERT INTO discipline (id,nameOfDiscipline,countOfLessons,exam) VALUES ('4914','Discipline КТПУ-30','15','no');
INSERT INTO discipline (id,nameOfDiscipline,countOfLessons,exam) VALUES ('4915','Discipline КТПУ-31','15','no');
INSERT INTO discipline (id,nameOfDiscipline,countOfLessons,exam) VALUES ('4916','Discipline КТПУ-32','15','no');
INSERT INTO discipline (id,nameOfDiscipline,countOfLessons,exam) VALUES ('4917','Discipline КТПУ-33','15','no');
INSERT INTO discipline (id,nameOfDiscipline,countOfLessons,exam) VALUES ('4918','Discipline КТПУ-34','15','no');
INSERT INTO discipline (id,nameOfDiscipline,countOfLessons,exam) VALUES ('4919','Discipline КТПУ-35','15','no');
INSERT INTO discipline (id,nameOfDiscipline,countOfLessons,exam) VALUES ('4920','Discipline КТПУ-36','15','no');
INSERT INTO discipline (id,nameOfDiscipline,countOfLessons,exam) VALUES ('4921','Discipline КТПУ-37','15','no');
INSERT INTO discipline (id,nameOfDiscipline,countOfLessons,exam) VALUES ('4922','Discipline КТПУ-38','15','no');
INSERT INTO discipline (id,nameOfDiscipline,countOfLessons,exam) VALUES ('4923','Discipline КТПУ-39','15','no');
INSERT INTO discipline (id,nameOfDiscipline,countOfLessons,exam) VALUES ('4924','Discipline КТПУ-40','15','no');
INSERT INTO discipline (id,nameOfDiscipline,countOfLessons,exam) VALUES ('4925','Discipline КТПУ-41','15','no');
INSERT INTO discipline (id,nameOfDiscipline,countOfLessons,exam) VALUES ('4926','Discipline КТПУ-42','15','no');
INSERT INTO discipline (id,nameOfDiscipline,countOfLessons,exam) VALUES ('4927','Discipline КТПУ-43','15','no');
INSERT INTO discipline (id,nameOfDiscipline,countOfLessons,exam) VALUES ('4928','Discipline КТПУ-44','15','no');
INSERT INTO discipline (id,nameOfDiscipline,countOfLessons,exam) VALUES ('4929','Discipline КТПУ-45','15','no');
INSERT INTO discipline (id,nameOfDiscipline,countOfLessons,exam) VALUES ('4930','Discipline КТПУ-46','15','no');
INSERT INTO discipline (id,nameOfDiscipline,countOfLessons,exam) VALUES ('4931','Discipline КТПУ-47','15','no');
INSERT INTO discipline (id,nameOfDiscipline,countOfLessons,exam) VALUES ('4932','Discipline КТПУ-48','15','no');
INSERT INTO discipline (id,nameOfDiscipline,countOfLessons,exam) VALUES ('4933','Discipline КТПУ-49','15','no');
INSERT INTO discipline (id,nameOfDiscipline,countOfLessons,exam) VALUES ('4934','Discipline КТПУ-50','15','no');
INSERT INTO discipline (id,nameOfDiscipline,countOfLessons,exam) VALUES ('4935','Discipline КТПУ-51','15','no');
INSERT INTO discipline (id,nameOfDiscipline,countOfLessons,exam) VALUES ('4936','Discipline КТПУ-52','15','no');
INSERT INTO discipline (id,nameOfDiscipline,countOfLessons,exam) VALUES ('4937','Discipline КТПУ-53','15','no');
INSERT INTO discipline (id,nameOfDiscipline,countOfLessons,exam) VALUES ('4938','Discipline КТПУ-54','15','no');
INSERT INTO discipline (id,nameOfDiscipline,countOfLessons,exam) VALUES ('4939','Discipline КТПУ-55','15','no');
INSERT INTO discipline (id,nameOfDiscipline,countOfLessons,exam) VALUES ('4940','Discipline КТПУ-56','15','no');
INSERT INTO discipline (id,nameOfDiscipline,countOfLessons,exam) VALUES ('4941','Discipline КТПУ-57','15','no');
INSERT INTO discipline (id,nameOfDiscipline,countOfLessons,exam) VALUES ('4942','Discipline КТПУ-58','15','no');
INSERT INTO discipline (id,nameOfDiscipline,countOfLessons,exam) VALUES ('4943','Discipline КТПУ-59','15','no');
INSERT INTO discipline (id,nameOfDiscipline,countOfLessons,exam) VALUES ('4944','Discipline КТПУ-60','15','no');
INSERT INTO discipline (id,nameOfDiscipline,countOfLessons,exam) VALUES ('4945','Discipline КТПУ-61','15','no');
INSERT INTO discipline (id,nameOfDiscipline,countOfLessons,exam) VALUES ('4946','Discipline КТПУ-62','15','no');
INSERT INTO discipline (id,nameOfDiscipline,countOfLessons,exam) VALUES ('4947','Discipline КТПУ-63','15','no');
INSERT INTO discipline (id,nameOfDiscipline,countOfLessons,exam) VALUES ('4948','Discipline КТПУ-64','15','no');
INSERT INTO discipline (id,nameOfDiscipline,countOfLessons,exam) VALUES ('4949','Discipline КТПУ-65','15','no');
INSERT INTO discipline (id,nameOfDiscipline,countOfLessons,exam) VALUES ('4950','Discipline КТПУ-66','15','no');
INSERT INTO discipline (id,nameOfDiscipline,countOfLessons,exam) VALUES ('4951','Discipline КТПУ-67','15','no');
INSERT INTO discipline (id,nameOfDiscipline,countOfLessons,exam) VALUES ('4952','Discipline КТПУ-68','15','no');
INSERT INTO discipline (id,nameOfDiscipline,countOfLessons,exam) VALUES ('4953','Discipline КТПУ-69','15','no');
INSERT INTO discipline (id,nameOfDiscipline,countOfLessons,exam) VALUES ('4954','Discipline КТПУ-70','15','no');
INSERT INTO discipline (id,nameOfDiscipline,countOfLessons,exam) VALUES ('4955','Discipline КТПУ-71','15','no');
INSERT INTO discipline (id,nameOfDiscipline,countOfLessons,exam) VALUES ('4956','Discipline КТПУ-72','15','no');
INSERT INTO disciplineDepartmentDependency (ID,disciplineID,departmentID,courseNumber,semesterNumber) VALUES ('4884','4884','68','1','1');
INSERT INTO disciplineDepartmentDependency (ID,disciplineID,departmentID,courseNumber,semesterNumber) VALUES ('4885','4885','68','2','2');
INSERT INTO disciplineDepartmentDependency (ID,disciplineID,departmentID,courseNumber,semesterNumber) VALUES ('4886','4886','68','3','1');
INSERT INTO disciplineDepartmentDependency (ID,disciplineID,departmentID,courseNumber,semesterNumber) VALUES ('4887','4887','68','4','2');
INSERT INTO disciplineDepartmentDependency (ID,disciplineID,departmentID,courseNumber,semesterNumber) VALUES ('4888','4888','68','5','1');
INSERT INTO disciplineDepartmentDependency (ID,disciplineID,departmentID,courseNumber,semesterNumber) VALUES ('4889','4889','68','6','2');
INSERT INTO disciplineDepartmentDependency (ID,disciplineID,departmentID,courseNumber,semesterNumber) VALUES ('4890','4890','68','1','1');
INSERT INTO disciplineDepartmentDependency (ID,disciplineID,departmentID,courseNumber,semesterNumber) VALUES ('4891','4891','68','2','2');
INSERT INTO disciplineDepartmentDependency (ID,disciplineID,departmentID,courseNumber,semesterNumber) VALUES ('4892','4892','68','3','1');
INSERT INTO disciplineDepartmentDependency (ID,disciplineID,departmentID,courseNumber,semesterNumber) VALUES ('4893','4893','68','4','2');
INSERT INTO disciplineDepartmentDependency (ID,disciplineID,departmentID,courseNumber,semesterNumber) VALUES ('4894','4894','68','5','1');
INSERT INTO disciplineDepartmentDependency (ID,disciplineID,departmentID,courseNumber,semesterNumber) VALUES ('4895','4895','68','6','2');
INSERT INTO disciplineDepartmentDependency (ID,disciplineID,departmentID,courseNumber,semesterNumber) VALUES ('4896','4896','68','1','1');
INSERT INTO disciplineDepartmentDependency (ID,disciplineID,departmentID,courseNumber,semesterNumber) VALUES ('4897','4897','68','2','2');
INSERT INTO disciplineDepartmentDependency (ID,disciplineID,departmentID,courseNumber,semesterNumber) VALUES ('4898','4898','68','3','1');
INSERT INTO disciplineDepartmentDependency (ID,disciplineID,departmentID,courseNumber,semesterNumber) VALUES ('4899','4899','68','4','2');
INSERT INTO disciplineDepartmentDependency (ID,disciplineID,departmentID,courseNumber,semesterNumber) VALUES ('4900','4900','68','5','1');
INSERT INTO disciplineDepartmentDependency (ID,disciplineID,departmentID,courseNumber,semesterNumber) VALUES ('4901','4901','68','6','2');
INSERT INTO disciplineDepartmentDependency (ID,disciplineID,departmentID,courseNumber,semesterNumber) VALUES ('4902','4902','68','1','1');
INSERT INTO disciplineDepartmentDependency (ID,disciplineID,departmentID,courseNumber,semesterNumber) VALUES ('4903','4903','68','2','2');
INSERT INTO disciplineDepartmentDependency (ID,disciplineID,departmentID,courseNumber,semesterNumber) VALUES ('4904','4904','68','3','1');
INSERT INTO disciplineDepartmentDependency (ID,disciplineID,departmentID,courseNumber,semesterNumber) VALUES ('4905','4905','68','4','2');
INSERT INTO disciplineDepartmentDependency (ID,disciplineID,departmentID,courseNumber,semesterNumber) VALUES ('4906','4906','68','5','1');
INSERT INTO disciplineDepartmentDependency (ID,disciplineID,departmentID,courseNumber,semesterNumber) VALUES ('4907','4907','68','6','2');
INSERT INTO disciplineDepartmentDependency (ID,disciplineID,departmentID,courseNumber,semesterNumber) VALUES ('4908','4908','68','1','1');
INSERT INTO disciplineDepartmentDependency (ID,disciplineID,departmentID,courseNumber,semesterNumber) VALUES ('4909','4909','68','2','2');
INSERT INTO disciplineDepartmentDependency (ID,disciplineID,departmentID,courseNumber,semesterNumber) VALUES ('4910','4910','68','3','1');
INSERT INTO disciplineDepartmentDependency (ID,disciplineID,departmentID,courseNumber,semesterNumber) VALUES ('4911','4911','68','4','2');
INSERT INTO disciplineDepartmentDependency (ID,disciplineID,departmentID,courseNumber,semesterNumber) VALUES ('4912','4912','68','5','1');
INSERT INTO disciplineDepartmentDependency (ID,disciplineID,departmentID,courseNumber,semesterNumber) VALUES ('4913','4913','68','6','2');
INSERT INTO disciplineDepartmentDependency (ID,disciplineID,departmentID,courseNumber,semesterNumber) VALUES ('4914','4914','68','1','1');
INSERT INTO disciplineDepartmentDependency (ID,disciplineID,departmentID,courseNumber,semesterNumber) VALUES ('4915','4915','68','2','2');
INSERT INTO disciplineDepartmentDependency (ID,disciplineID,departmentID,courseNumber,semesterNumber) VALUES ('4916','4916','68','3','1');
INSERT INTO disciplineDepartmentDependency (ID,disciplineID,departmentID,courseNumber,semesterNumber) VALUES ('4917','4917','68','4','2');
INSERT INTO disciplineDepartmentDependency (ID,disciplineID,departmentID,courseNumber,semesterNumber) VALUES ('4918','4918','68','5','1');
INSERT INTO disciplineDepartmentDependency (ID,disciplineID,departmentID,courseNumber,semesterNumber) VALUES ('4919','4919','68','6','2');
INSERT INTO disciplineDepartmentDependency (ID,disciplineID,departmentID,courseNumber,semesterNumber) VALUES ('4920','4920','68','1','1');
INSERT INTO disciplineDepartmentDependency (ID,disciplineID,departmentID,courseNumber,semesterNumber) VALUES ('4921','4921','68','2','2');
INSERT INTO disciplineDepartmentDependency (ID,disciplineID,departmentID,courseNumber,semesterNumber) VALUES ('4922','4922','68','3','1');
INSERT INTO disciplineDepartmentDependency (ID,disciplineID,departmentID,courseNumber,semesterNumber) VALUES ('4923','4923','68','4','2');
INSERT INTO disciplineDepartmentDependency (ID,disciplineID,departmentID,courseNumber,semesterNumber) VALUES ('4924','4924','68','5','1');
INSERT INTO disciplineDepartmentDependency (ID,disciplineID,departmentID,courseNumber,semesterNumber) VALUES ('4925','4925','68','6','2');
INSERT INTO disciplineDepartmentDependency (ID,disciplineID,departmentID,courseNumber,semesterNumber) VALUES ('4926','4926','68','1','1');
INSERT INTO disciplineDepartmentDependency (ID,disciplineID,departmentID,courseNumber,semesterNumber) VALUES ('4927','4927','68','2','2');
INSERT INTO disciplineDepartmentDependency (ID,disciplineID,departmentID,courseNumber,semesterNumber) VALUES ('4928','4928','68','3','1');
INSERT INTO disciplineDepartmentDependency (ID,disciplineID,departmentID,courseNumber,semesterNumber) VALUES ('4929','4929','68','4','2');
INSERT INTO disciplineDepartmentDependency (ID,disciplineID,departmentID,courseNumber,semesterNumber) VALUES ('4930','4930','68','5','1');
INSERT INTO disciplineDepartmentDependency (ID,disciplineID,departmentID,courseNumber,semesterNumber) VALUES ('4931','4931','68','6','2');
INSERT INTO disciplineDepartmentDependency (ID,disciplineID,departmentID,courseNumber,semesterNumber) VALUES ('4932','4932','68','1','1');
INSERT INTO disciplineDepartmentDependency (ID,disciplineID,departmentID,courseNumber,semesterNumber) VALUES ('4933','4933','68','2','2');
INSERT INTO disciplineDepartmentDependency (ID,disciplineID,departmentID,courseNumber,semesterNumber) VALUES ('4934','4934','68','3','1');
INSERT INTO disciplineDepartmentDependency (ID,disciplineID,departmentID,courseNumber,semesterNumber) VALUES ('4935','4935','68','4','2');
INSERT INTO disciplineDepartmentDependency (ID,disciplineID,departmentID,courseNumber,semesterNumber) VALUES ('4936','4936','68','5','1');
INSERT INTO disciplineDepartmentDependency (ID,disciplineID,departmentID,courseNumber,semesterNumber) VALUES ('4937','4937','68','6','2');
INSERT INTO disciplineDepartmentDependency (ID,disciplineID,departmentID,courseNumber,semesterNumber) VALUES ('4938','4938','68','1','1');
INSERT INTO disciplineDepartmentDependency (ID,disciplineID,departmentID,courseNumber,semesterNumber) VALUES ('4939','4939','68','2','2');
INSERT INTO disciplineDepartmentDependency (ID,disciplineID,departmentID,courseNumber,semesterNumber) VALUES ('4940','4940','68','3','1');
INSERT INTO disciplineDepartmentDependency (ID,disciplineID,departmentID,courseNumber,semesterNumber) VALUES ('4941','4941','68','4','2');
INSERT INTO disciplineDepartmentDependency (ID,disciplineID,departmentID,courseNumber,semesterNumber) VALUES ('4942','4942','68','5','1');
INSERT INTO disciplineDepartmentDependency (ID,disciplineID,departmentID,courseNumber,semesterNumber) VALUES ('4943','4943','68','6','2');
INSERT INTO disciplineDepartmentDependency (ID,disciplineID,departmentID,courseNumber,semesterNumber) VALUES ('4944','4944','68','1','1');
INSERT INTO disciplineDepartmentDependency (ID,disciplineID,departmentID,courseNumber,semesterNumber) VALUES ('4945','4945','68','2','2');
INSERT INTO disciplineDepartmentDependency (ID,disciplineID,departmentID,courseNumber,semesterNumber) VALUES ('4946','4946','68','3','1');
INSERT INTO disciplineDepartmentDependency (ID,disciplineID,departmentID,courseNumber,semesterNumber) VALUES ('4947','4947','68','4','2');
INSERT INTO disciplineDepartmentDependency (ID,disciplineID,departmentID,courseNumber,semesterNumber) VALUES ('4948','4948','68','5','1');
INSERT INTO disciplineDepartmentDependency (ID,disciplineID,departmentID,courseNumber,semesterNumber) VALUES ('4949','4949','68','6','2');
INSERT INTO disciplineDepartmentDependency (ID,disciplineID,departmentID,courseNumber,semesterNumber) VALUES ('4950','4950','68','1','1');
INSERT INTO disciplineDepartmentDependency (ID,disciplineID,departmentID,courseNumber,semesterNumber) VALUES ('4951','4951','68','2','2');
INSERT INTO disciplineDepartmentDependency (ID,disciplineID,departmentID,courseNumber,semesterNumber) VALUES ('4952','4952','68','3','1');
INSERT INTO disciplineDepartmentDependency (ID,disciplineID,departmentID,courseNumber,semesterNumber) VALUES ('4953','4953','68','4','2');
INSERT INTO disciplineDepartmentDependency (ID,disciplineID,departmentID,courseNumber,semesterNumber) VALUES ('4954','4954','68','5','1');
INSERT INTO disciplineDepartmentDependency (ID,disciplineID,departmentID,courseNumber,semesterNumber) VALUES ('4955','4955','68','6','2');
INSERT INTO disciplineDepartmentDependency (ID,disciplineID,departmentID,courseNumber,semesterNumber) VALUES ('4956','4956','68','1','1');
INSERT INTO loginpass (ID,login,password,access_type) VALUES ('184','DOBRXSVITVASXLENKO@yahoo.fr','WMnjKrz3','employee');
INSERT INTO employee (name,lastName,fathersName,personalID,sex,email,phoneNumber,dateOfBorn,address,passport,login,office,ID,departmentID) VALUES ('Добрисвіт','ВАСИЛЕНКО','Миколайович','5248844585','m','DOBRXSVITVASXLENKO@yahoo.fr','0675644665','1971-04-22','42377 Івано-Франківськ Зарічна 15, 243','WL678852 ГУМВС 5','DOBRXSVITVASXLENKO@yahoo.fr','HR','177','68');
INSERT INTO loginpass (ID,login,password,access_type) VALUES ('185','BOGUMXLATARASENKO@gmx.de','jTcyxZ8c','employee');
INSERT INTO employee (name,lastName,fathersName,personalID,sex,email,phoneNumber,dateOfBorn,address,passport,login,office,ID,departmentID) VALUES ('Богумила','ТАРАСЕНКО','Савівна','6366726444','f','BOGUMXLATARASENKO@gmx.de','0391105430','1968-04-25','83017 Алчевськ Володарського 75, 2','PC656625 ГУМВС 1','BOGUMXLATARASENKO@gmx.de','HR','178','68');
INSERT INTO gtgroup (id,fullGroupName,courseNumber,departmentID) VALUES ('810','КТПУ-10','1','68');
INSERT INTO gtgroup (id,fullGroupName,courseNumber,departmentID) VALUES ('811','КТПУ-20','2','68');
INSERT INTO gtgroup (id,fullGroupName,courseNumber,departmentID) VALUES ('812','КТПУ-30','3','68');
INSERT INTO gtgroup (id,fullGroupName,courseNumber,departmentID) VALUES ('813','КТПУ-40','4','68');
INSERT INTO gtgroup (id,fullGroupName,courseNumber,departmentID) VALUES ('814','КТПУ-50','5','68');
INSERT INTO gtgroup (id,fullGroupName,courseNumber,departmentID) VALUES ('815','КТПУ-60','6','68');
INSERT INTO dayRequirements (id,departmentID,countOfDaysInWeek,countOfLessonsInADay) VALUES ('68','69','6','5');
INSERT INTO discipline (id,nameOfDiscipline,countOfLessons,exam) VALUES ('4957','Discipline КПП-0','15','no');
INSERT INTO discipline (id,nameOfDiscipline,countOfLessons,exam) VALUES ('4958','Discipline КПП-1','15','no');
INSERT INTO discipline (id,nameOfDiscipline,countOfLessons,exam) VALUES ('4959','Discipline КПП-2','15','no');
INSERT INTO discipline (id,nameOfDiscipline,countOfLessons,exam) VALUES ('4960','Discipline КПП-3','15','no');
INSERT INTO discipline (id,nameOfDiscipline,countOfLessons,exam) VALUES ('4961','Discipline КПП-4','15','no');
INSERT INTO discipline (id,nameOfDiscipline,countOfLessons,exam) VALUES ('4962','Discipline КПП-5','15','no');
INSERT INTO discipline (id,nameOfDiscipline,countOfLessons,exam) VALUES ('4963','Discipline КПП-6','15','no');
INSERT INTO discipline (id,nameOfDiscipline,countOfLessons,exam) VALUES ('4964','Discipline КПП-7','15','no');
INSERT INTO discipline (id,nameOfDiscipline,countOfLessons,exam) VALUES ('4965','Discipline КПП-8','15','no');
INSERT INTO discipline (id,nameOfDiscipline,countOfLessons,exam) VALUES ('4966','Discipline КПП-9','15','no');
INSERT INTO discipline (id,nameOfDiscipline,countOfLessons,exam) VALUES ('4967','Discipline КПП-10','15','no');
INSERT INTO discipline (id,nameOfDiscipline,countOfLessons,exam) VALUES ('4968','Discipline КПП-11','15','no');
INSERT INTO discipline (id,nameOfDiscipline,countOfLessons,exam) VALUES ('4969','Discipline КПП-12','15','no');
INSERT INTO discipline (id,nameOfDiscipline,countOfLessons,exam) VALUES ('4970','Discipline КПП-13','15','no');
INSERT INTO discipline (id,nameOfDiscipline,countOfLessons,exam) VALUES ('4971','Discipline КПП-14','15','no');
INSERT INTO discipline (id,nameOfDiscipline,countOfLessons,exam) VALUES ('4972','Discipline КПП-15','15','no');
INSERT INTO discipline (id,nameOfDiscipline,countOfLessons,exam) VALUES ('4973','Discipline КПП-16','15','no');
INSERT INTO discipline (id,nameOfDiscipline,countOfLessons,exam) VALUES ('4974','Discipline КПП-17','15','no');
INSERT INTO discipline (id,nameOfDiscipline,countOfLessons,exam) VALUES ('4975','Discipline КПП-18','15','no');
INSERT INTO discipline (id,nameOfDiscipline,countOfLessons,exam) VALUES ('4976','Discipline КПП-19','15','no');
INSERT INTO discipline (id,nameOfDiscipline,countOfLessons,exam) VALUES ('4977','Discipline КПП-20','15','no');
INSERT INTO discipline (id,nameOfDiscipline,countOfLessons,exam) VALUES ('4978','Discipline КПП-21','15','no');
INSERT INTO discipline (id,nameOfDiscipline,countOfLessons,exam) VALUES ('4979','Discipline КПП-22','15','no');
INSERT INTO discipline (id,nameOfDiscipline,countOfLessons,exam) VALUES ('4980','Discipline КПП-23','15','no');
INSERT INTO discipline (id,nameOfDiscipline,countOfLessons,exam) VALUES ('4981','Discipline КПП-24','15','no');
INSERT INTO discipline (id,nameOfDiscipline,countOfLessons,exam) VALUES ('4982','Discipline КПП-25','15','no');
INSERT INTO discipline (id,nameOfDiscipline,countOfLessons,exam) VALUES ('4983','Discipline КПП-26','15','no');
INSERT INTO discipline (id,nameOfDiscipline,countOfLessons,exam) VALUES ('4984','Discipline КПП-27','15','no');
INSERT INTO discipline (id,nameOfDiscipline,countOfLessons,exam) VALUES ('4985','Discipline КПП-28','15','no');
INSERT INTO discipline (id,nameOfDiscipline,countOfLessons,exam) VALUES ('4986','Discipline КПП-29','15','no');
INSERT INTO discipline (id,nameOfDiscipline,countOfLessons,exam) VALUES ('4987','Discipline КПП-30','15','no');
INSERT INTO discipline (id,nameOfDiscipline,countOfLessons,exam) VALUES ('4988','Discipline КПП-31','15','no');
INSERT INTO discipline (id,nameOfDiscipline,countOfLessons,exam) VALUES ('4989','Discipline КПП-32','15','no');
INSERT INTO discipline (id,nameOfDiscipline,countOfLessons,exam) VALUES ('4990','Discipline КПП-33','15','no');
INSERT INTO discipline (id,nameOfDiscipline,countOfLessons,exam) VALUES ('4991','Discipline КПП-34','15','no');
INSERT INTO discipline (id,nameOfDiscipline,countOfLessons,exam) VALUES ('4992','Discipline КПП-35','15','no');
INSERT INTO discipline (id,nameOfDiscipline,countOfLessons,exam) VALUES ('4993','Discipline КПП-36','15','no');
INSERT INTO discipline (id,nameOfDiscipline,countOfLessons,exam) VALUES ('4994','Discipline КПП-37','15','no');
INSERT INTO discipline (id,nameOfDiscipline,countOfLessons,exam) VALUES ('4995','Discipline КПП-38','15','no');
INSERT INTO discipline (id,nameOfDiscipline,countOfLessons,exam) VALUES ('4996','Discipline КПП-39','15','no');
INSERT INTO discipline (id,nameOfDiscipline,countOfLessons,exam) VALUES ('4997','Discipline КПП-40','15','no');
INSERT INTO discipline (id,nameOfDiscipline,countOfLessons,exam) VALUES ('4998','Discipline КПП-41','15','no');
INSERT INTO discipline (id,nameOfDiscipline,countOfLessons,exam) VALUES ('4999','Discipline КПП-42','15','no');
INSERT INTO discipline (id,nameOfDiscipline,countOfLessons,exam) VALUES ('5000','Discipline КПП-43','15','no');
INSERT INTO discipline (id,nameOfDiscipline,countOfLessons,exam) VALUES ('5001','Discipline КПП-44','15','no');
INSERT INTO discipline (id,nameOfDiscipline,countOfLessons,exam) VALUES ('5002','Discipline КПП-45','15','no');
INSERT INTO discipline (id,nameOfDiscipline,countOfLessons,exam) VALUES ('5003','Discipline КПП-46','15','no');
INSERT INTO discipline (id,nameOfDiscipline,countOfLessons,exam) VALUES ('5004','Discipline КПП-47','15','no');
INSERT INTO discipline (id,nameOfDiscipline,countOfLessons,exam) VALUES ('5005','Discipline КПП-48','15','no');
INSERT INTO discipline (id,nameOfDiscipline,countOfLessons,exam) VALUES ('5006','Discipline КПП-49','15','no');
INSERT INTO discipline (id,nameOfDiscipline,countOfLessons,exam) VALUES ('5007','Discipline КПП-50','15','no');
INSERT INTO discipline (id,nameOfDiscipline,countOfLessons,exam) VALUES ('5008','Discipline КПП-51','15','no');
INSERT INTO discipline (id,nameOfDiscipline,countOfLessons,exam) VALUES ('5009','Discipline КПП-52','15','no');
INSERT INTO discipline (id,nameOfDiscipline,countOfLessons,exam) VALUES ('5010','Discipline КПП-53','15','no');
INSERT INTO discipline (id,nameOfDiscipline,countOfLessons,exam) VALUES ('5011','Discipline КПП-54','15','no');
INSERT INTO discipline (id,nameOfDiscipline,countOfLessons,exam) VALUES ('5012','Discipline КПП-55','15','no');
INSERT INTO discipline (id,nameOfDiscipline,countOfLessons,exam) VALUES ('5013','Discipline КПП-56','15','no');
INSERT INTO discipline (id,nameOfDiscipline,countOfLessons,exam) VALUES ('5014','Discipline КПП-57','15','no');
INSERT INTO discipline (id,nameOfDiscipline,countOfLessons,exam) VALUES ('5015','Discipline КПП-58','15','no');
INSERT INTO discipline (id,nameOfDiscipline,countOfLessons,exam) VALUES ('5016','Discipline КПП-59','15','no');
INSERT INTO discipline (id,nameOfDiscipline,countOfLessons,exam) VALUES ('5017','Discipline КПП-60','15','no');
INSERT INTO discipline (id,nameOfDiscipline,countOfLessons,exam) VALUES ('5018','Discipline КПП-61','15','no');
INSERT INTO discipline (id,nameOfDiscipline,countOfLessons,exam) VALUES ('5019','Discipline КПП-62','15','no');
INSERT INTO discipline (id,nameOfDiscipline,countOfLessons,exam) VALUES ('5020','Discipline КПП-63','15','no');
INSERT INTO discipline (id,nameOfDiscipline,countOfLessons,exam) VALUES ('5021','Discipline КПП-64','15','no');
INSERT INTO discipline (id,nameOfDiscipline,countOfLessons,exam) VALUES ('5022','Discipline КПП-65','15','no');
INSERT INTO discipline (id,nameOfDiscipline,countOfLessons,exam) VALUES ('5023','Discipline КПП-66','15','no');
INSERT INTO discipline (id,nameOfDiscipline,countOfLessons,exam) VALUES ('5024','Discipline КПП-67','15','no');
INSERT INTO discipline (id,nameOfDiscipline,countOfLessons,exam) VALUES ('5025','Discipline КПП-68','15','no');
INSERT INTO discipline (id,nameOfDiscipline,countOfLessons,exam) VALUES ('5026','Discipline КПП-69','15','no');
INSERT INTO disciplineDepartmentDependency (ID,disciplineID,departmentID,courseNumber,semesterNumber) VALUES ('4957','4957','69','1','1');
INSERT INTO disciplineDepartmentDependency (ID,disciplineID,departmentID,courseNumber,semesterNumber) VALUES ('4958','4958','69','2','2');
INSERT INTO disciplineDepartmentDependency (ID,disciplineID,departmentID,courseNumber,semesterNumber) VALUES ('4959','4959','69','3','1');
INSERT INTO disciplineDepartmentDependency (ID,disciplineID,departmentID,courseNumber,semesterNumber) VALUES ('4960','4960','69','4','2');
INSERT INTO disciplineDepartmentDependency (ID,disciplineID,departmentID,courseNumber,semesterNumber) VALUES ('4961','4961','69','5','1');
INSERT INTO disciplineDepartmentDependency (ID,disciplineID,departmentID,courseNumber,semesterNumber) VALUES ('4962','4962','69','6','2');
INSERT INTO disciplineDepartmentDependency (ID,disciplineID,departmentID,courseNumber,semesterNumber) VALUES ('4963','4963','69','1','1');
INSERT INTO disciplineDepartmentDependency (ID,disciplineID,departmentID,courseNumber,semesterNumber) VALUES ('4964','4964','69','2','2');
INSERT INTO disciplineDepartmentDependency (ID,disciplineID,departmentID,courseNumber,semesterNumber) VALUES ('4965','4965','69','3','1');
INSERT INTO disciplineDepartmentDependency (ID,disciplineID,departmentID,courseNumber,semesterNumber) VALUES ('4966','4966','69','4','2');
INSERT INTO disciplineDepartmentDependency (ID,disciplineID,departmentID,courseNumber,semesterNumber) VALUES ('4967','4967','69','5','1');
INSERT INTO disciplineDepartmentDependency (ID,disciplineID,departmentID,courseNumber,semesterNumber) VALUES ('4968','4968','69','6','2');
INSERT INTO disciplineDepartmentDependency (ID,disciplineID,departmentID,courseNumber,semesterNumber) VALUES ('4969','4969','69','1','1');
INSERT INTO disciplineDepartmentDependency (ID,disciplineID,departmentID,courseNumber,semesterNumber) VALUES ('4970','4970','69','2','2');
INSERT INTO disciplineDepartmentDependency (ID,disciplineID,departmentID,courseNumber,semesterNumber) VALUES ('4971','4971','69','3','1');
INSERT INTO disciplineDepartmentDependency (ID,disciplineID,departmentID,courseNumber,semesterNumber) VALUES ('4972','4972','69','4','2');
INSERT INTO disciplineDepartmentDependency (ID,disciplineID,departmentID,courseNumber,semesterNumber) VALUES ('4973','4973','69','5','1');
INSERT INTO disciplineDepartmentDependency (ID,disciplineID,departmentID,courseNumber,semesterNumber) VALUES ('4974','4974','69','6','2');
INSERT INTO disciplineDepartmentDependency (ID,disciplineID,departmentID,courseNumber,semesterNumber) VALUES ('4975','4975','69','1','1');
INSERT INTO disciplineDepartmentDependency (ID,disciplineID,departmentID,courseNumber,semesterNumber) VALUES ('4976','4976','69','2','2');
INSERT INTO disciplineDepartmentDependency (ID,disciplineID,departmentID,courseNumber,semesterNumber) VALUES ('4977','4977','69','3','1');
INSERT INTO disciplineDepartmentDependency (ID,disciplineID,departmentID,courseNumber,semesterNumber) VALUES ('4978','4978','69','4','2');
INSERT INTO disciplineDepartmentDependency (ID,disciplineID,departmentID,courseNumber,semesterNumber) VALUES ('4979','4979','69','5','1');
INSERT INTO disciplineDepartmentDependency (ID,disciplineID,departmentID,courseNumber,semesterNumber) VALUES ('4980','4980','69','6','2');
INSERT INTO disciplineDepartmentDependency (ID,disciplineID,departmentID,courseNumber,semesterNumber) VALUES ('4981','4981','69','1','1');
INSERT INTO disciplineDepartmentDependency (ID,disciplineID,departmentID,courseNumber,semesterNumber) VALUES ('4982','4982','69','2','2');
INSERT INTO disciplineDepartmentDependency (ID,disciplineID,departmentID,courseNumber,semesterNumber) VALUES ('4983','4983','69','3','1');
INSERT INTO disciplineDepartmentDependency (ID,disciplineID,departmentID,courseNumber,semesterNumber) VALUES ('4984','4984','69','4','2');
INSERT INTO disciplineDepartmentDependency (ID,disciplineID,departmentID,courseNumber,semesterNumber) VALUES ('4985','4985','69','5','1');
INSERT INTO disciplineDepartmentDependency (ID,disciplineID,departmentID,courseNumber,semesterNumber) VALUES ('4986','4986','69','6','2');
INSERT INTO disciplineDepartmentDependency (ID,disciplineID,departmentID,courseNumber,semesterNumber) VALUES ('4987','4987','69','1','1');
INSERT INTO disciplineDepartmentDependency (ID,disciplineID,departmentID,courseNumber,semesterNumber) VALUES ('4988','4988','69','2','2');
INSERT INTO disciplineDepartmentDependency (ID,disciplineID,departmentID,courseNumber,semesterNumber) VALUES ('4989','4989','69','3','1');
INSERT INTO disciplineDepartmentDependency (ID,disciplineID,departmentID,courseNumber,semesterNumber) VALUES ('4990','4990','69','4','2');
INSERT INTO disciplineDepartmentDependency (ID,disciplineID,departmentID,courseNumber,semesterNumber) VALUES ('4991','4991','69','5','1');
INSERT INTO disciplineDepartmentDependency (ID,disciplineID,departmentID,courseNumber,semesterNumber) VALUES ('4992','4992','69','6','2');
INSERT INTO disciplineDepartmentDependency (ID,disciplineID,departmentID,courseNumber,semesterNumber) VALUES ('4993','4993','69','1','1');
INSERT INTO disciplineDepartmentDependency (ID,disciplineID,departmentID,courseNumber,semesterNumber) VALUES ('4994','4994','69','2','2');
INSERT INTO disciplineDepartmentDependency (ID,disciplineID,departmentID,courseNumber,semesterNumber) VALUES ('4995','4995','69','3','1');
INSERT INTO disciplineDepartmentDependency (ID,disciplineID,departmentID,courseNumber,semesterNumber) VALUES ('4996','4996','69','4','2');
INSERT INTO disciplineDepartmentDependency (ID,disciplineID,departmentID,courseNumber,semesterNumber) VALUES ('4997','4997','69','5','1');
INSERT INTO disciplineDepartmentDependency (ID,disciplineID,departmentID,courseNumber,semesterNumber) VALUES ('4998','4998','69','6','2');
INSERT INTO disciplineDepartmentDependency (ID,disciplineID,departmentID,courseNumber,semesterNumber) VALUES ('4999','4999','69','1','1');
INSERT INTO disciplineDepartmentDependency (ID,disciplineID,departmentID,courseNumber,semesterNumber) VALUES ('5000','5000','69','2','2');
INSERT INTO disciplineDepartmentDependency (ID,disciplineID,departmentID,courseNumber,semesterNumber) VALUES ('5001','5001','69','3','1');
INSERT INTO disciplineDepartmentDependency (ID,disciplineID,departmentID,courseNumber,semesterNumber) VALUES ('5002','5002','69','4','2');
INSERT INTO disciplineDepartmentDependency (ID,disciplineID,departmentID,courseNumber,semesterNumber) VALUES ('5003','5003','69','5','1');
INSERT INTO disciplineDepartmentDependency (ID,disciplineID,departmentID,courseNumber,semesterNumber) VALUES ('5004','5004','69','6','2');
INSERT INTO disciplineDepartmentDependency (ID,disciplineID,departmentID,courseNumber,semesterNumber) VALUES ('5005','5005','69','1','1');
INSERT INTO disciplineDepartmentDependency (ID,disciplineID,departmentID,courseNumber,semesterNumber) VALUES ('5006','5006','69','2','2');
INSERT INTO disciplineDepartmentDependency (ID,disciplineID,departmentID,courseNumber,semesterNumber) VALUES ('5007','5007','69','3','1');
INSERT INTO disciplineDepartmentDependency (ID,disciplineID,departmentID,courseNumber,semesterNumber) VALUES ('5008','5008','69','4','2');
INSERT INTO disciplineDepartmentDependency (ID,disciplineID,departmentID,courseNumber,semesterNumber) VALUES ('5009','5009','69','5','1');
INSERT INTO disciplineDepartmentDependency (ID,disciplineID,departmentID,courseNumber,semesterNumber) VALUES ('5010','5010','69','6','2');
INSERT INTO disciplineDepartmentDependency (ID,disciplineID,departmentID,courseNumber,semesterNumber) VALUES ('5011','5011','69','1','1');
INSERT INTO disciplineDepartmentDependency (ID,disciplineID,departmentID,courseNumber,semesterNumber) VALUES ('5012','5012','69','2','2');
INSERT INTO disciplineDepartmentDependency (ID,disciplineID,departmentID,courseNumber,semesterNumber) VALUES ('5013','5013','69','3','1');
INSERT INTO disciplineDepartmentDependency (ID,disciplineID,departmentID,courseNumber,semesterNumber) VALUES ('5014','5014','69','4','2');
INSERT INTO disciplineDepartmentDependency (ID,disciplineID,departmentID,courseNumber,semesterNumber) VALUES ('5015','5015','69','5','1');
INSERT INTO disciplineDepartmentDependency (ID,disciplineID,departmentID,courseNumber,semesterNumber) VALUES ('5016','5016','69','6','2');
INSERT INTO disciplineDepartmentDependency (ID,disciplineID,departmentID,courseNumber,semesterNumber) VALUES ('5017','5017','69','1','1');
INSERT INTO disciplineDepartmentDependency (ID,disciplineID,departmentID,courseNumber,semesterNumber) VALUES ('5018','5018','69','2','2');
INSERT INTO disciplineDepartmentDependency (ID,disciplineID,departmentID,courseNumber,semesterNumber) VALUES ('5019','5019','69','3','1');
INSERT INTO disciplineDepartmentDependency (ID,disciplineID,departmentID,courseNumber,semesterNumber) VALUES ('5020','5020','69','4','2');
INSERT INTO disciplineDepartmentDependency (ID,disciplineID,departmentID,courseNumber,semesterNumber) VALUES ('5021','5021','69','5','1');
INSERT INTO disciplineDepartmentDependency (ID,disciplineID,departmentID,courseNumber,semesterNumber) VALUES ('5022','5022','69','6','2');
INSERT INTO disciplineDepartmentDependency (ID,disciplineID,departmentID,courseNumber,semesterNumber) VALUES ('5023','5023','69','1','1');
INSERT INTO disciplineDepartmentDependency (ID,disciplineID,departmentID,courseNumber,semesterNumber) VALUES ('5024','5024','69','2','2');
INSERT INTO disciplineDepartmentDependency (ID,disciplineID,departmentID,courseNumber,semesterNumber) VALUES ('5025','5025','69','3','1');
INSERT INTO disciplineDepartmentDependency (ID,disciplineID,departmentID,courseNumber,semesterNumber) VALUES ('5026','5026','69','4','2');
INSERT INTO loginpass (ID,login,password,access_type) VALUES ('186','BLAGOVXDABABIY@ntlworld.com','SuyPvrmj','employee');
INSERT INTO employee (name,lastName,fathersName,personalID,sex,email,phoneNumber,dateOfBorn,address,passport,login,office,ID,departmentID) VALUES ('Благовида','БАБІЙ','Луківна','7544826372','f','BLAGOVXDABABIY@ntlworld.com','0664217883','1981-01-16','23774 Кременчук Жовтневий 32, 245','HD131368 ГУМВС 47','BLAGOVXDABABIY@ntlworld.com','HR','179','69');
INSERT INTO loginpass (ID,login,password,access_type) VALUES ('187','DOBROMXRANAWARENKO@t-online.de','CCxhnLQV','employee');
INSERT INTO employee (name,lastName,fathersName,personalID,sex,email,phoneNumber,dateOfBorn,address,passport,login,office,ID,departmentID) VALUES ('Добромира','НАЗАРЕНКО','Григорівна','1226848731','f','DOBROMXRANAWARENKO@t-online.de','0923200368','1958-04-16','41181 Черкаси 8-го Березня 72, 46','IY184288 ГУМВС 41','DOBROMXRANAWARENKO@t-online.de','HR','180','69');
INSERT INTO loginpass (ID,login,password,access_type) VALUES ('188','BRATOLQBAWINZENKO@live.de','8Bm!j$ho','employee');
INSERT INTO employee (name,lastName,fathersName,personalID,sex,email,phoneNumber,dateOfBorn,address,passport,login,office,ID,departmentID) VALUES ('Братолюба','ЗІНЧЕНКО','Григорівна','2861240148','f','BRATOLQBAWINZENKO@live.de','0961403408','1975-01-22','54602 Євпаторія Воїнів-інтернаціоналістів 11, 99','GD121165 ГУМВС 44','BRATOLQBAWINZENKO@live.de','HR','181','69');
INSERT INTO loginpass (ID,login,password,access_type) VALUES ('189','VIRODARHOMENKO@virginmedia.com','Xh#ksqNV','employee');
INSERT INTO employee (name,lastName,fathersName,personalID,sex,email,phoneNumber,dateOfBorn,address,passport,login,office,ID,departmentID) VALUES ('Віродар','ХОМЕНКО','Лукич','5731874533','m','VIRODARHOMENKO@virginmedia.com','0953512625','1971-06-12','56386 Чернівці Ковалевської Софії 45, 120','YF227347 ГУМВС 42','VIRODARHOMENKO@virginmedia.com','HR','182','69');
INSERT INTO gtgroup (id,fullGroupName,courseNumber,departmentID) VALUES ('816','КПП-10','1','69');
INSERT INTO gtgroup (id,fullGroupName,courseNumber,departmentID) VALUES ('817','КПП-11','1','69');
INSERT INTO gtgroup (id,fullGroupName,courseNumber,departmentID) VALUES ('818','КПП-12','1','69');
INSERT INTO gtgroup (id,fullGroupName,courseNumber,departmentID) VALUES ('819','КПП-20','2','69');
INSERT INTO gtgroup (id,fullGroupName,courseNumber,departmentID) VALUES ('820','КПП-21','2','69');
INSERT INTO gtgroup (id,fullGroupName,courseNumber,departmentID) VALUES ('821','КПП-22','2','69');
INSERT INTO gtgroup (id,fullGroupName,courseNumber,departmentID) VALUES ('822','КПП-30','3','69');
INSERT INTO gtgroup (id,fullGroupName,courseNumber,departmentID) VALUES ('823','КПП-31','3','69');
INSERT INTO gtgroup (id,fullGroupName,courseNumber,departmentID) VALUES ('824','КПП-32','3','69');
INSERT INTO gtgroup (id,fullGroupName,courseNumber,departmentID) VALUES ('825','КПП-40','4','69');
INSERT INTO gtgroup (id,fullGroupName,courseNumber,departmentID) VALUES ('826','КПП-41','4','69');
INSERT INTO gtgroup (id,fullGroupName,courseNumber,departmentID) VALUES ('827','КПП-42','4','69');
INSERT INTO gtgroup (id,fullGroupName,courseNumber,departmentID) VALUES ('828','КПП-50','5','69');
INSERT INTO gtgroup (id,fullGroupName,courseNumber,departmentID) VALUES ('829','КПП-51','5','69');
INSERT INTO gtgroup (id,fullGroupName,courseNumber,departmentID) VALUES ('830','КПП-52','5','69');
INSERT INTO gtgroup (id,fullGroupName,courseNumber,departmentID) VALUES ('831','КПП-60','6','69');
INSERT INTO gtgroup (id,fullGroupName,courseNumber,departmentID) VALUES ('832','КПП-61','6','69');
INSERT INTO gtgroup (id,fullGroupName,courseNumber,departmentID) VALUES ('833','КПП-62','6','69');
INSERT INTO dayRequirements (id,departmentID,countOfDaysInWeek,countOfLessonsInADay) VALUES ('69','70','6','5');
INSERT INTO discipline (id,nameOfDiscipline,countOfLessons,exam) VALUES ('5027','Discipline КГАП-0','15','no');
INSERT INTO discipline (id,nameOfDiscipline,countOfLessons,exam) VALUES ('5028','Discipline КГАП-1','15','no');
INSERT INTO discipline (id,nameOfDiscipline,countOfLessons,exam) VALUES ('5029','Discipline КГАП-2','15','no');
INSERT INTO discipline (id,nameOfDiscipline,countOfLessons,exam) VALUES ('5030','Discipline КГАП-3','15','no');
INSERT INTO discipline (id,nameOfDiscipline,countOfLessons,exam) VALUES ('5031','Discipline КГАП-4','15','no');
INSERT INTO discipline (id,nameOfDiscipline,countOfLessons,exam) VALUES ('5032','Discipline КГАП-5','15','no');
INSERT INTO discipline (id,nameOfDiscipline,countOfLessons,exam) VALUES ('5033','Discipline КГАП-6','15','no');
INSERT INTO discipline (id,nameOfDiscipline,countOfLessons,exam) VALUES ('5034','Discipline КГАП-7','15','no');
INSERT INTO discipline (id,nameOfDiscipline,countOfLessons,exam) VALUES ('5035','Discipline КГАП-8','15','no');
INSERT INTO discipline (id,nameOfDiscipline,countOfLessons,exam) VALUES ('5036','Discipline КГАП-9','15','no');
INSERT INTO discipline (id,nameOfDiscipline,countOfLessons,exam) VALUES ('5037','Discipline КГАП-10','15','no');
INSERT INTO discipline (id,nameOfDiscipline,countOfLessons,exam) VALUES ('5038','Discipline КГАП-11','15','no');
INSERT INTO discipline (id,nameOfDiscipline,countOfLessons,exam) VALUES ('5039','Discipline КГАП-12','15','no');
INSERT INTO discipline (id,nameOfDiscipline,countOfLessons,exam) VALUES ('5040','Discipline КГАП-13','15','no');
INSERT INTO discipline (id,nameOfDiscipline,countOfLessons,exam) VALUES ('5041','Discipline КГАП-14','15','no');
INSERT INTO discipline (id,nameOfDiscipline,countOfLessons,exam) VALUES ('5042','Discipline КГАП-15','15','no');
INSERT INTO discipline (id,nameOfDiscipline,countOfLessons,exam) VALUES ('5043','Discipline КГАП-16','15','no');
INSERT INTO discipline (id,nameOfDiscipline,countOfLessons,exam) VALUES ('5044','Discipline КГАП-17','15','no');
INSERT INTO discipline (id,nameOfDiscipline,countOfLessons,exam) VALUES ('5045','Discipline КГАП-18','15','no');
INSERT INTO discipline (id,nameOfDiscipline,countOfLessons,exam) VALUES ('5046','Discipline КГАП-19','15','no');
INSERT INTO discipline (id,nameOfDiscipline,countOfLessons,exam) VALUES ('5047','Discipline КГАП-20','15','no');
INSERT INTO discipline (id,nameOfDiscipline,countOfLessons,exam) VALUES ('5048','Discipline КГАП-21','15','no');
INSERT INTO discipline (id,nameOfDiscipline,countOfLessons,exam) VALUES ('5049','Discipline КГАП-22','15','no');
INSERT INTO discipline (id,nameOfDiscipline,countOfLessons,exam) VALUES ('5050','Discipline КГАП-23','15','no');
INSERT INTO discipline (id,nameOfDiscipline,countOfLessons,exam) VALUES ('5051','Discipline КГАП-24','15','no');
INSERT INTO discipline (id,nameOfDiscipline,countOfLessons,exam) VALUES ('5052','Discipline КГАП-25','15','no');
INSERT INTO discipline (id,nameOfDiscipline,countOfLessons,exam) VALUES ('5053','Discipline КГАП-26','15','no');
INSERT INTO discipline (id,nameOfDiscipline,countOfLessons,exam) VALUES ('5054','Discipline КГАП-27','15','no');
INSERT INTO discipline (id,nameOfDiscipline,countOfLessons,exam) VALUES ('5055','Discipline КГАП-28','15','no');
INSERT INTO discipline (id,nameOfDiscipline,countOfLessons,exam) VALUES ('5056','Discipline КГАП-29','15','no');
INSERT INTO discipline (id,nameOfDiscipline,countOfLessons,exam) VALUES ('5057','Discipline КГАП-30','15','no');
INSERT INTO discipline (id,nameOfDiscipline,countOfLessons,exam) VALUES ('5058','Discipline КГАП-31','15','no');
INSERT INTO discipline (id,nameOfDiscipline,countOfLessons,exam) VALUES ('5059','Discipline КГАП-32','15','no');
INSERT INTO discipline (id,nameOfDiscipline,countOfLessons,exam) VALUES ('5060','Discipline КГАП-33','15','no');
INSERT INTO discipline (id,nameOfDiscipline,countOfLessons,exam) VALUES ('5061','Discipline КГАП-34','15','no');
INSERT INTO discipline (id,nameOfDiscipline,countOfLessons,exam) VALUES ('5062','Discipline КГАП-35','15','no');
INSERT INTO discipline (id,nameOfDiscipline,countOfLessons,exam) VALUES ('5063','Discipline КГАП-36','15','no');
INSERT INTO discipline (id,nameOfDiscipline,countOfLessons,exam) VALUES ('5064','Discipline КГАП-37','15','no');
INSERT INTO discipline (id,nameOfDiscipline,countOfLessons,exam) VALUES ('5065','Discipline КГАП-38','15','no');
INSERT INTO discipline (id,nameOfDiscipline,countOfLessons,exam) VALUES ('5066','Discipline КГАП-39','15','no');
INSERT INTO discipline (id,nameOfDiscipline,countOfLessons,exam) VALUES ('5067','Discipline КГАП-40','15','no');
INSERT INTO discipline (id,nameOfDiscipline,countOfLessons,exam) VALUES ('5068','Discipline КГАП-41','15','no');
INSERT INTO discipline (id,nameOfDiscipline,countOfLessons,exam) VALUES ('5069','Discipline КГАП-42','15','no');
INSERT INTO discipline (id,nameOfDiscipline,countOfLessons,exam) VALUES ('5070','Discipline КГАП-43','15','no');
INSERT INTO discipline (id,nameOfDiscipline,countOfLessons,exam) VALUES ('5071','Discipline КГАП-44','15','no');
INSERT INTO discipline (id,nameOfDiscipline,countOfLessons,exam) VALUES ('5072','Discipline КГАП-45','15','no');
INSERT INTO discipline (id,nameOfDiscipline,countOfLessons,exam) VALUES ('5073','Discipline КГАП-46','15','no');
INSERT INTO discipline (id,nameOfDiscipline,countOfLessons,exam) VALUES ('5074','Discipline КГАП-47','15','no');
INSERT INTO discipline (id,nameOfDiscipline,countOfLessons,exam) VALUES ('5075','Discipline КГАП-48','15','no');
INSERT INTO discipline (id,nameOfDiscipline,countOfLessons,exam) VALUES ('5076','Discipline КГАП-49','15','no');
INSERT INTO discipline (id,nameOfDiscipline,countOfLessons,exam) VALUES ('5077','Discipline КГАП-50','15','no');
INSERT INTO discipline (id,nameOfDiscipline,countOfLessons,exam) VALUES ('5078','Discipline КГАП-51','15','no');
INSERT INTO discipline (id,nameOfDiscipline,countOfLessons,exam) VALUES ('5079','Discipline КГАП-52','15','no');
INSERT INTO discipline (id,nameOfDiscipline,countOfLessons,exam) VALUES ('5080','Discipline КГАП-53','15','no');
INSERT INTO discipline (id,nameOfDiscipline,countOfLessons,exam) VALUES ('5081','Discipline КГАП-54','15','no');
INSERT INTO discipline (id,nameOfDiscipline,countOfLessons,exam) VALUES ('5082','Discipline КГАП-55','15','no');
INSERT INTO discipline (id,nameOfDiscipline,countOfLessons,exam) VALUES ('5083','Discipline КГАП-56','15','no');
INSERT INTO discipline (id,nameOfDiscipline,countOfLessons,exam) VALUES ('5084','Discipline КГАП-57','15','no');
INSERT INTO discipline (id,nameOfDiscipline,countOfLessons,exam) VALUES ('5085','Discipline КГАП-58','15','no');
INSERT INTO discipline (id,nameOfDiscipline,countOfLessons,exam) VALUES ('5086','Discipline КГАП-59','15','no');
INSERT INTO discipline (id,nameOfDiscipline,countOfLessons,exam) VALUES ('5087','Discipline КГАП-60','15','no');
INSERT INTO discipline (id,nameOfDiscipline,countOfLessons,exam) VALUES ('5088','Discipline КГАП-61','15','no');
INSERT INTO discipline (id,nameOfDiscipline,countOfLessons,exam) VALUES ('5089','Discipline КГАП-62','15','no');
INSERT INTO discipline (id,nameOfDiscipline,countOfLessons,exam) VALUES ('5090','Discipline КГАП-63','15','no');
INSERT INTO discipline (id,nameOfDiscipline,countOfLessons,exam) VALUES ('5091','Discipline КГАП-64','15','no');
INSERT INTO discipline (id,nameOfDiscipline,countOfLessons,exam) VALUES ('5092','Discipline КГАП-65','15','no');
INSERT INTO discipline (id,nameOfDiscipline,countOfLessons,exam) VALUES ('5093','Discipline КГАП-66','15','no');
INSERT INTO discipline (id,nameOfDiscipline,countOfLessons,exam) VALUES ('5094','Discipline КГАП-67','15','no');
INSERT INTO discipline (id,nameOfDiscipline,countOfLessons,exam) VALUES ('5095','Discipline КГАП-68','15','no');
INSERT INTO discipline (id,nameOfDiscipline,countOfLessons,exam) VALUES ('5096','Discipline КГАП-69','15','no');
INSERT INTO discipline (id,nameOfDiscipline,countOfLessons,exam) VALUES ('5097','Discipline КГАП-70','15','no');
INSERT INTO discipline (id,nameOfDiscipline,countOfLessons,exam) VALUES ('5098','Discipline КГАП-71','15','no');
INSERT INTO discipline (id,nameOfDiscipline,countOfLessons,exam) VALUES ('5099','Discipline КГАП-72','15','no');
INSERT INTO discipline (id,nameOfDiscipline,countOfLessons,exam) VALUES ('5100','Discipline КГАП-73','15','no');
INSERT INTO discipline (id,nameOfDiscipline,countOfLessons,exam) VALUES ('5101','Discipline КГАП-74','15','no');
INSERT INTO discipline (id,nameOfDiscipline,countOfLessons,exam) VALUES ('5102','Discipline КГАП-75','15','no');
INSERT INTO discipline (id,nameOfDiscipline,countOfLessons,exam) VALUES ('5103','Discipline КГАП-76','15','no');
INSERT INTO discipline (id,nameOfDiscipline,countOfLessons,exam) VALUES ('5104','Discipline КГАП-77','15','no');
INSERT INTO disciplineDepartmentDependency (ID,disciplineID,departmentID,courseNumber,semesterNumber) VALUES ('5027','5027','70','1','1');
INSERT INTO disciplineDepartmentDependency (ID,disciplineID,departmentID,courseNumber,semesterNumber) VALUES ('5028','5028','70','2','2');
INSERT INTO disciplineDepartmentDependency (ID,disciplineID,departmentID,courseNumber,semesterNumber) VALUES ('5029','5029','70','3','1');
INSERT INTO disciplineDepartmentDependency (ID,disciplineID,departmentID,courseNumber,semesterNumber) VALUES ('5030','5030','70','4','2');
INSERT INTO disciplineDepartmentDependency (ID,disciplineID,departmentID,courseNumber,semesterNumber) VALUES ('5031','5031','70','5','1');
INSERT INTO disciplineDepartmentDependency (ID,disciplineID,departmentID,courseNumber,semesterNumber) VALUES ('5032','5032','70','6','2');
INSERT INTO disciplineDepartmentDependency (ID,disciplineID,departmentID,courseNumber,semesterNumber) VALUES ('5033','5033','70','1','1');
INSERT INTO disciplineDepartmentDependency (ID,disciplineID,departmentID,courseNumber,semesterNumber) VALUES ('5034','5034','70','2','2');
INSERT INTO disciplineDepartmentDependency (ID,disciplineID,departmentID,courseNumber,semesterNumber) VALUES ('5035','5035','70','3','1');
INSERT INTO disciplineDepartmentDependency (ID,disciplineID,departmentID,courseNumber,semesterNumber) VALUES ('5036','5036','70','4','2');
INSERT INTO disciplineDepartmentDependency (ID,disciplineID,departmentID,courseNumber,semesterNumber) VALUES ('5037','5037','70','5','1');
INSERT INTO disciplineDepartmentDependency (ID,disciplineID,departmentID,courseNumber,semesterNumber) VALUES ('5038','5038','70','6','2');
INSERT INTO disciplineDepartmentDependency (ID,disciplineID,departmentID,courseNumber,semesterNumber) VALUES ('5039','5039','70','1','1');
INSERT INTO disciplineDepartmentDependency (ID,disciplineID,departmentID,courseNumber,semesterNumber) VALUES ('5040','5040','70','2','2');
INSERT INTO disciplineDepartmentDependency (ID,disciplineID,departmentID,courseNumber,semesterNumber) VALUES ('5041','5041','70','3','1');
INSERT INTO disciplineDepartmentDependency (ID,disciplineID,departmentID,courseNumber,semesterNumber) VALUES ('5042','5042','70','4','2');
INSERT INTO disciplineDepartmentDependency (ID,disciplineID,departmentID,courseNumber,semesterNumber) VALUES ('5043','5043','70','5','1');
INSERT INTO disciplineDepartmentDependency (ID,disciplineID,departmentID,courseNumber,semesterNumber) VALUES ('5044','5044','70','6','2');
INSERT INTO disciplineDepartmentDependency (ID,disciplineID,departmentID,courseNumber,semesterNumber) VALUES ('5045','5045','70','1','1');
INSERT INTO disciplineDepartmentDependency (ID,disciplineID,departmentID,courseNumber,semesterNumber) VALUES ('5046','5046','70','2','2');
INSERT INTO disciplineDepartmentDependency (ID,disciplineID,departmentID,courseNumber,semesterNumber) VALUES ('5047','5047','70','3','1');
INSERT INTO disciplineDepartmentDependency (ID,disciplineID,departmentID,courseNumber,semesterNumber) VALUES ('5048','5048','70','4','2');
INSERT INTO disciplineDepartmentDependency (ID,disciplineID,departmentID,courseNumber,semesterNumber) VALUES ('5049','5049','70','5','1');
INSERT INTO disciplineDepartmentDependency (ID,disciplineID,departmentID,courseNumber,semesterNumber) VALUES ('5050','5050','70','6','2');
INSERT INTO disciplineDepartmentDependency (ID,disciplineID,departmentID,courseNumber,semesterNumber) VALUES ('5051','5051','70','1','1');
INSERT INTO disciplineDepartmentDependency (ID,disciplineID,departmentID,courseNumber,semesterNumber) VALUES ('5052','5052','70','2','2');
INSERT INTO disciplineDepartmentDependency (ID,disciplineID,departmentID,courseNumber,semesterNumber) VALUES ('5053','5053','70','3','1');
INSERT INTO disciplineDepartmentDependency (ID,disciplineID,departmentID,courseNumber,semesterNumber) VALUES ('5054','5054','70','4','2');
INSERT INTO disciplineDepartmentDependency (ID,disciplineID,departmentID,courseNumber,semesterNumber) VALUES ('5055','5055','70','5','1');
INSERT INTO disciplineDepartmentDependency (ID,disciplineID,departmentID,courseNumber,semesterNumber) VALUES ('5056','5056','70','6','2');
INSERT INTO disciplineDepartmentDependency (ID,disciplineID,departmentID,courseNumber,semesterNumber) VALUES ('5057','5057','70','1','1');
INSERT INTO disciplineDepartmentDependency (ID,disciplineID,departmentID,courseNumber,semesterNumber) VALUES ('5058','5058','70','2','2');
INSERT INTO disciplineDepartmentDependency (ID,disciplineID,departmentID,courseNumber,semesterNumber) VALUES ('5059','5059','70','3','1');
INSERT INTO disciplineDepartmentDependency (ID,disciplineID,departmentID,courseNumber,semesterNumber) VALUES ('5060','5060','70','4','2');
INSERT INTO disciplineDepartmentDependency (ID,disciplineID,departmentID,courseNumber,semesterNumber) VALUES ('5061','5061','70','5','1');
INSERT INTO disciplineDepartmentDependency (ID,disciplineID,departmentID,courseNumber,semesterNumber) VALUES ('5062','5062','70','6','2');
INSERT INTO disciplineDepartmentDependency (ID,disciplineID,departmentID,courseNumber,semesterNumber) VALUES ('5063','5063','70','1','1');
INSERT INTO disciplineDepartmentDependency (ID,disciplineID,departmentID,courseNumber,semesterNumber) VALUES ('5064','5064','70','2','2');
INSERT INTO disciplineDepartmentDependency (ID,disciplineID,departmentID,courseNumber,semesterNumber) VALUES ('5065','5065','70','3','1');
INSERT INTO disciplineDepartmentDependency (ID,disciplineID,departmentID,courseNumber,semesterNumber) VALUES ('5066','5066','70','4','2');
INSERT INTO disciplineDepartmentDependency (ID,disciplineID,departmentID,courseNumber,semesterNumber) VALUES ('5067','5067','70','5','1');
INSERT INTO disciplineDepartmentDependency (ID,disciplineID,departmentID,courseNumber,semesterNumber) VALUES ('5068','5068','70','6','2');
INSERT INTO disciplineDepartmentDependency (ID,disciplineID,departmentID,courseNumber,semesterNumber) VALUES ('5069','5069','70','1','1');
INSERT INTO disciplineDepartmentDependency (ID,disciplineID,departmentID,courseNumber,semesterNumber) VALUES ('5070','5070','70','2','2');
INSERT INTO disciplineDepartmentDependency (ID,disciplineID,departmentID,courseNumber,semesterNumber) VALUES ('5071','5071','70','3','1');
INSERT INTO disciplineDepartmentDependency (ID,disciplineID,departmentID,courseNumber,semesterNumber) VALUES ('5072','5072','70','4','2');
INSERT INTO disciplineDepartmentDependency (ID,disciplineID,departmentID,courseNumber,semesterNumber) VALUES ('5073','5073','70','5','1');
INSERT INTO disciplineDepartmentDependency (ID,disciplineID,departmentID,courseNumber,semesterNumber) VALUES ('5074','5074','70','6','2');
INSERT INTO disciplineDepartmentDependency (ID,disciplineID,departmentID,courseNumber,semesterNumber) VALUES ('5075','5075','70','1','1');
INSERT INTO disciplineDepartmentDependency (ID,disciplineID,departmentID,courseNumber,semesterNumber) VALUES ('5076','5076','70','2','2');
INSERT INTO disciplineDepartmentDependency (ID,disciplineID,departmentID,courseNumber,semesterNumber) VALUES ('5077','5077','70','3','1');
INSERT INTO disciplineDepartmentDependency (ID,disciplineID,departmentID,courseNumber,semesterNumber) VALUES ('5078','5078','70','4','2');
INSERT INTO disciplineDepartmentDependency (ID,disciplineID,departmentID,courseNumber,semesterNumber) VALUES ('5079','5079','70','5','1');
INSERT INTO disciplineDepartmentDependency (ID,disciplineID,departmentID,courseNumber,semesterNumber) VALUES ('5080','5080','70','6','2');
INSERT INTO disciplineDepartmentDependency (ID,disciplineID,departmentID,courseNumber,semesterNumber) VALUES ('5081','5081','70','1','1');
INSERT INTO disciplineDepartmentDependency (ID,disciplineID,departmentID,courseNumber,semesterNumber) VALUES ('5082','5082','70','2','2');
INSERT INTO disciplineDepartmentDependency (ID,disciplineID,departmentID,courseNumber,semesterNumber) VALUES ('5083','5083','70','3','1');
INSERT INTO disciplineDepartmentDependency (ID,disciplineID,departmentID,courseNumber,semesterNumber) VALUES ('5084','5084','70','4','2');
INSERT INTO disciplineDepartmentDependency (ID,disciplineID,departmentID,courseNumber,semesterNumber) VALUES ('5085','5085','70','5','1');
INSERT INTO disciplineDepartmentDependency (ID,disciplineID,departmentID,courseNumber,semesterNumber) VALUES ('5086','5086','70','6','2');
INSERT INTO disciplineDepartmentDependency (ID,disciplineID,departmentID,courseNumber,semesterNumber) VALUES ('5087','5087','70','1','1');
INSERT INTO disciplineDepartmentDependency (ID,disciplineID,departmentID,courseNumber,semesterNumber) VALUES ('5088','5088','70','2','2');
INSERT INTO disciplineDepartmentDependency (ID,disciplineID,departmentID,courseNumber,semesterNumber) VALUES ('5089','5089','70','3','1');
INSERT INTO disciplineDepartmentDependency (ID,disciplineID,departmentID,courseNumber,semesterNumber) VALUES ('5090','5090','70','4','2');
INSERT INTO disciplineDepartmentDependency (ID,disciplineID,departmentID,courseNumber,semesterNumber) VALUES ('5091','5091','70','5','1');
INSERT INTO disciplineDepartmentDependency (ID,disciplineID,departmentID,courseNumber,semesterNumber) VALUES ('5092','5092','70','6','2');
INSERT INTO disciplineDepartmentDependency (ID,disciplineID,departmentID,courseNumber,semesterNumber) VALUES ('5093','5093','70','1','1');
INSERT INTO disciplineDepartmentDependency (ID,disciplineID,departmentID,courseNumber,semesterNumber) VALUES ('5094','5094','70','2','2');
INSERT INTO disciplineDepartmentDependency (ID,disciplineID,departmentID,courseNumber,semesterNumber) VALUES ('5095','5095','70','3','1');
INSERT INTO disciplineDepartmentDependency (ID,disciplineID,departmentID,courseNumber,semesterNumber) VALUES ('5096','5096','70','4','2');
INSERT INTO disciplineDepartmentDependency (ID,disciplineID,departmentID,courseNumber,semesterNumber) VALUES ('5097','5097','70','5','1');
INSERT INTO disciplineDepartmentDependency (ID,disciplineID,departmentID,courseNumber,semesterNumber) VALUES ('5098','5098','70','6','2');
INSERT INTO disciplineDepartmentDependency (ID,disciplineID,departmentID,courseNumber,semesterNumber) VALUES ('5099','5099','70','1','1');
INSERT INTO disciplineDepartmentDependency (ID,disciplineID,departmentID,courseNumber,semesterNumber) VALUES ('5100','5100','70','2','2');
INSERT INTO disciplineDepartmentDependency (ID,disciplineID,departmentID,courseNumber,semesterNumber) VALUES ('5101','5101','70','3','1');
INSERT INTO disciplineDepartmentDependency (ID,disciplineID,departmentID,courseNumber,semesterNumber) VALUES ('5102','5102','70','4','2');
INSERT INTO disciplineDepartmentDependency (ID,disciplineID,departmentID,courseNumber,semesterNumber) VALUES ('5103','5103','70','5','1');
INSERT INTO disciplineDepartmentDependency (ID,disciplineID,departmentID,courseNumber,semesterNumber) VALUES ('5104','5104','70','6','2');
INSERT INTO loginpass (ID,login,password,access_type) VALUES ('190','VELXZARQCENKO@btinternet.com','nTHdRuB#','employee');
INSERT INTO employee (name,lastName,fathersName,personalID,sex,email,phoneNumber,dateOfBorn,address,passport,login,office,ID,departmentID) VALUES ('Величар','ЯЦЕНКО','Кузьмич','2642270080','m','VELXZARQCENKO@btinternet.com','0960543737','1971-04-29','00574 Луганськ Енергетичний 26, 183','MW274438 ГУМВС 1','VELXZARQCENKO@btinternet.com','HR','183','70');
INSERT INTO loginpass (ID,login,password,access_type) VALUES ('191','BLAGOVISTLXTVXNENKO@tiscali.co.uk','ZQOwIrBR','employee');
INSERT INTO employee (name,lastName,fathersName,personalID,sex,email,phoneNumber,dateOfBorn,address,passport,login,office,ID,departmentID) VALUES ('Благовіст','ЛИТВИНЕНКО','Ілліч','8017308676','m','BLAGOVISTLXTVXNENKO@tiscali.co.uk','0958344724','1966-05-12','72714 Євпаторія Колгоспна 33, 221','RA464511 ГУМВС 46','BLAGOVISTLXTVXNENKO@tiscali.co.uk','HR','184','70');
INSERT INTO loginpass (ID,login,password,access_type) VALUES ('192','VSEMXRAMARZUK@gmx.de','9HNw!Kkp','employee');
INSERT INTO employee (name,lastName,fathersName,personalID,sex,email,phoneNumber,dateOfBorn,address,passport,login,office,ID,departmentID) VALUES ('Всемира','МАРЧУК','Миколаївна','6503413111','f','VSEMXRAMARZUK@gmx.de','0667668724','1987-06-15','36437 Луцьк Добровольського 18, 137','ED175511 ГУМВС 33','VSEMXRAMARZUK@gmx.de','HR','185','70');
INSERT INTO gtgroup (id,fullGroupName,courseNumber,departmentID) VALUES ('834','КГАП-10','1','70');
INSERT INTO gtgroup (id,fullGroupName,courseNumber,departmentID) VALUES ('835','КГАП-11','1','70');
INSERT INTO gtgroup (id,fullGroupName,courseNumber,departmentID) VALUES ('836','КГАП-20','2','70');
INSERT INTO gtgroup (id,fullGroupName,courseNumber,departmentID) VALUES ('837','КГАП-21','2','70');
INSERT INTO gtgroup (id,fullGroupName,courseNumber,departmentID) VALUES ('838','КГАП-30','3','70');
INSERT INTO gtgroup (id,fullGroupName,courseNumber,departmentID) VALUES ('839','КГАП-31','3','70');
INSERT INTO gtgroup (id,fullGroupName,courseNumber,departmentID) VALUES ('840','КГАП-40','4','70');
INSERT INTO gtgroup (id,fullGroupName,courseNumber,departmentID) VALUES ('841','КГАП-41','4','70');
INSERT INTO gtgroup (id,fullGroupName,courseNumber,departmentID) VALUES ('842','КГАП-50','5','70');
INSERT INTO gtgroup (id,fullGroupName,courseNumber,departmentID) VALUES ('843','КГАП-51','5','70');
INSERT INTO gtgroup (id,fullGroupName,courseNumber,departmentID) VALUES ('844','КГАП-60','6','70');
INSERT INTO gtgroup (id,fullGroupName,courseNumber,departmentID) VALUES ('845','КГАП-61','6','70');
INSERT INTO dayRequirements (id,departmentID,countOfDaysInWeek,countOfLessonsInADay) VALUES ('70','71','6','5');
INSERT INTO discipline (id,nameOfDiscipline,countOfLessons,exam) VALUES ('5105','Discipline КІППІВ-0','15','no');
INSERT INTO discipline (id,nameOfDiscipline,countOfLessons,exam) VALUES ('5106','Discipline КІППІВ-1','15','no');
INSERT INTO discipline (id,nameOfDiscipline,countOfLessons,exam) VALUES ('5107','Discipline КІППІВ-2','15','no');
INSERT INTO discipline (id,nameOfDiscipline,countOfLessons,exam) VALUES ('5108','Discipline КІППІВ-3','15','no');
INSERT INTO discipline (id,nameOfDiscipline,countOfLessons,exam) VALUES ('5109','Discipline КІППІВ-4','15','no');
INSERT INTO discipline (id,nameOfDiscipline,countOfLessons,exam) VALUES ('5110','Discipline КІППІВ-5','15','no');
INSERT INTO discipline (id,nameOfDiscipline,countOfLessons,exam) VALUES ('5111','Discipline КІППІВ-6','15','no');
INSERT INTO discipline (id,nameOfDiscipline,countOfLessons,exam) VALUES ('5112','Discipline КІППІВ-7','15','no');
INSERT INTO discipline (id,nameOfDiscipline,countOfLessons,exam) VALUES ('5113','Discipline КІППІВ-8','15','no');
INSERT INTO discipline (id,nameOfDiscipline,countOfLessons,exam) VALUES ('5114','Discipline КІППІВ-9','15','no');
INSERT INTO discipline (id,nameOfDiscipline,countOfLessons,exam) VALUES ('5115','Discipline КІППІВ-10','15','no');
INSERT INTO discipline (id,nameOfDiscipline,countOfLessons,exam) VALUES ('5116','Discipline КІППІВ-11','15','no');
INSERT INTO discipline (id,nameOfDiscipline,countOfLessons,exam) VALUES ('5117','Discipline КІППІВ-12','15','no');
INSERT INTO discipline (id,nameOfDiscipline,countOfLessons,exam) VALUES ('5118','Discipline КІППІВ-13','15','no');
INSERT INTO discipline (id,nameOfDiscipline,countOfLessons,exam) VALUES ('5119','Discipline КІППІВ-14','15','no');
INSERT INTO discipline (id,nameOfDiscipline,countOfLessons,exam) VALUES ('5120','Discipline КІППІВ-15','15','no');
INSERT INTO discipline (id,nameOfDiscipline,countOfLessons,exam) VALUES ('5121','Discipline КІППІВ-16','15','no');
INSERT INTO discipline (id,nameOfDiscipline,countOfLessons,exam) VALUES ('5122','Discipline КІППІВ-17','15','no');
INSERT INTO discipline (id,nameOfDiscipline,countOfLessons,exam) VALUES ('5123','Discipline КІППІВ-18','15','no');
INSERT INTO discipline (id,nameOfDiscipline,countOfLessons,exam) VALUES ('5124','Discipline КІППІВ-19','15','no');
INSERT INTO discipline (id,nameOfDiscipline,countOfLessons,exam) VALUES ('5125','Discipline КІППІВ-20','15','no');
INSERT INTO discipline (id,nameOfDiscipline,countOfLessons,exam) VALUES ('5126','Discipline КІППІВ-21','15','no');
INSERT INTO discipline (id,nameOfDiscipline,countOfLessons,exam) VALUES ('5127','Discipline КІППІВ-22','15','no');
INSERT INTO discipline (id,nameOfDiscipline,countOfLessons,exam) VALUES ('5128','Discipline КІППІВ-23','15','no');
INSERT INTO discipline (id,nameOfDiscipline,countOfLessons,exam) VALUES ('5129','Discipline КІППІВ-24','15','no');
INSERT INTO discipline (id,nameOfDiscipline,countOfLessons,exam) VALUES ('5130','Discipline КІППІВ-25','15','no');
INSERT INTO discipline (id,nameOfDiscipline,countOfLessons,exam) VALUES ('5131','Discipline КІППІВ-26','15','no');
INSERT INTO discipline (id,nameOfDiscipline,countOfLessons,exam) VALUES ('5132','Discipline КІППІВ-27','15','no');
INSERT INTO discipline (id,nameOfDiscipline,countOfLessons,exam) VALUES ('5133','Discipline КІППІВ-28','15','no');
INSERT INTO discipline (id,nameOfDiscipline,countOfLessons,exam) VALUES ('5134','Discipline КІППІВ-29','15','no');
INSERT INTO discipline (id,nameOfDiscipline,countOfLessons,exam) VALUES ('5135','Discipline КІППІВ-30','15','no');
INSERT INTO discipline (id,nameOfDiscipline,countOfLessons,exam) VALUES ('5136','Discipline КІППІВ-31','15','no');
INSERT INTO discipline (id,nameOfDiscipline,countOfLessons,exam) VALUES ('5137','Discipline КІППІВ-32','15','no');
INSERT INTO discipline (id,nameOfDiscipline,countOfLessons,exam) VALUES ('5138','Discipline КІППІВ-33','15','no');
INSERT INTO discipline (id,nameOfDiscipline,countOfLessons,exam) VALUES ('5139','Discipline КІППІВ-34','15','no');
INSERT INTO discipline (id,nameOfDiscipline,countOfLessons,exam) VALUES ('5140','Discipline КІППІВ-35','15','no');
INSERT INTO discipline (id,nameOfDiscipline,countOfLessons,exam) VALUES ('5141','Discipline КІППІВ-36','15','no');
INSERT INTO discipline (id,nameOfDiscipline,countOfLessons,exam) VALUES ('5142','Discipline КІППІВ-37','15','no');
INSERT INTO discipline (id,nameOfDiscipline,countOfLessons,exam) VALUES ('5143','Discipline КІППІВ-38','15','no');
INSERT INTO discipline (id,nameOfDiscipline,countOfLessons,exam) VALUES ('5144','Discipline КІППІВ-39','15','no');
INSERT INTO discipline (id,nameOfDiscipline,countOfLessons,exam) VALUES ('5145','Discipline КІППІВ-40','15','no');
INSERT INTO discipline (id,nameOfDiscipline,countOfLessons,exam) VALUES ('5146','Discipline КІППІВ-41','15','no');
INSERT INTO discipline (id,nameOfDiscipline,countOfLessons,exam) VALUES ('5147','Discipline КІППІВ-42','15','no');
INSERT INTO discipline (id,nameOfDiscipline,countOfLessons,exam) VALUES ('5148','Discipline КІППІВ-43','15','no');
INSERT INTO discipline (id,nameOfDiscipline,countOfLessons,exam) VALUES ('5149','Discipline КІППІВ-44','15','no');
INSERT INTO discipline (id,nameOfDiscipline,countOfLessons,exam) VALUES ('5150','Discipline КІППІВ-45','15','no');
INSERT INTO discipline (id,nameOfDiscipline,countOfLessons,exam) VALUES ('5151','Discipline КІППІВ-46','15','no');
INSERT INTO discipline (id,nameOfDiscipline,countOfLessons,exam) VALUES ('5152','Discipline КІППІВ-47','15','no');
INSERT INTO discipline (id,nameOfDiscipline,countOfLessons,exam) VALUES ('5153','Discipline КІППІВ-48','15','no');
INSERT INTO discipline (id,nameOfDiscipline,countOfLessons,exam) VALUES ('5154','Discipline КІППІВ-49','15','no');
INSERT INTO discipline (id,nameOfDiscipline,countOfLessons,exam) VALUES ('5155','Discipline КІППІВ-50','15','no');
INSERT INTO discipline (id,nameOfDiscipline,countOfLessons,exam) VALUES ('5156','Discipline КІППІВ-51','15','no');
INSERT INTO discipline (id,nameOfDiscipline,countOfLessons,exam) VALUES ('5157','Discipline КІППІВ-52','15','no');
INSERT INTO discipline (id,nameOfDiscipline,countOfLessons,exam) VALUES ('5158','Discipline КІППІВ-53','15','no');
INSERT INTO discipline (id,nameOfDiscipline,countOfLessons,exam) VALUES ('5159','Discipline КІППІВ-54','15','no');
INSERT INTO discipline (id,nameOfDiscipline,countOfLessons,exam) VALUES ('5160','Discipline КІППІВ-55','15','no');
INSERT INTO discipline (id,nameOfDiscipline,countOfLessons,exam) VALUES ('5161','Discipline КІППІВ-56','15','no');
INSERT INTO discipline (id,nameOfDiscipline,countOfLessons,exam) VALUES ('5162','Discipline КІППІВ-57','15','no');
INSERT INTO discipline (id,nameOfDiscipline,countOfLessons,exam) VALUES ('5163','Discipline КІППІВ-58','15','no');
INSERT INTO discipline (id,nameOfDiscipline,countOfLessons,exam) VALUES ('5164','Discipline КІППІВ-59','15','no');
INSERT INTO discipline (id,nameOfDiscipline,countOfLessons,exam) VALUES ('5165','Discipline КІППІВ-60','15','no');
INSERT INTO discipline (id,nameOfDiscipline,countOfLessons,exam) VALUES ('5166','Discipline КІППІВ-61','15','no');
INSERT INTO discipline (id,nameOfDiscipline,countOfLessons,exam) VALUES ('5167','Discipline КІППІВ-62','15','no');
INSERT INTO discipline (id,nameOfDiscipline,countOfLessons,exam) VALUES ('5168','Discipline КІППІВ-63','15','no');
INSERT INTO disciplineDepartmentDependency (ID,disciplineID,departmentID,courseNumber,semesterNumber) VALUES ('5105','5105','71','1','1');
INSERT INTO disciplineDepartmentDependency (ID,disciplineID,departmentID,courseNumber,semesterNumber) VALUES ('5106','5106','71','2','2');
INSERT INTO disciplineDepartmentDependency (ID,disciplineID,departmentID,courseNumber,semesterNumber) VALUES ('5107','5107','71','3','1');
INSERT INTO disciplineDepartmentDependency (ID,disciplineID,departmentID,courseNumber,semesterNumber) VALUES ('5108','5108','71','4','2');
INSERT INTO disciplineDepartmentDependency (ID,disciplineID,departmentID,courseNumber,semesterNumber) VALUES ('5109','5109','71','5','1');
INSERT INTO disciplineDepartmentDependency (ID,disciplineID,departmentID,courseNumber,semesterNumber) VALUES ('5110','5110','71','6','2');
INSERT INTO disciplineDepartmentDependency (ID,disciplineID,departmentID,courseNumber,semesterNumber) VALUES ('5111','5111','71','1','1');
INSERT INTO disciplineDepartmentDependency (ID,disciplineID,departmentID,courseNumber,semesterNumber) VALUES ('5112','5112','71','2','2');
INSERT INTO disciplineDepartmentDependency (ID,disciplineID,departmentID,courseNumber,semesterNumber) VALUES ('5113','5113','71','3','1');
INSERT INTO disciplineDepartmentDependency (ID,disciplineID,departmentID,courseNumber,semesterNumber) VALUES ('5114','5114','71','4','2');
INSERT INTO disciplineDepartmentDependency (ID,disciplineID,departmentID,courseNumber,semesterNumber) VALUES ('5115','5115','71','5','1');
INSERT INTO disciplineDepartmentDependency (ID,disciplineID,departmentID,courseNumber,semesterNumber) VALUES ('5116','5116','71','6','2');
INSERT INTO disciplineDepartmentDependency (ID,disciplineID,departmentID,courseNumber,semesterNumber) VALUES ('5117','5117','71','1','1');
INSERT INTO disciplineDepartmentDependency (ID,disciplineID,departmentID,courseNumber,semesterNumber) VALUES ('5118','5118','71','2','2');
INSERT INTO disciplineDepartmentDependency (ID,disciplineID,departmentID,courseNumber,semesterNumber) VALUES ('5119','5119','71','3','1');
INSERT INTO disciplineDepartmentDependency (ID,disciplineID,departmentID,courseNumber,semesterNumber) VALUES ('5120','5120','71','4','2');
INSERT INTO disciplineDepartmentDependency (ID,disciplineID,departmentID,courseNumber,semesterNumber) VALUES ('5121','5121','71','5','1');
INSERT INTO disciplineDepartmentDependency (ID,disciplineID,departmentID,courseNumber,semesterNumber) VALUES ('5122','5122','71','6','2');
INSERT INTO disciplineDepartmentDependency (ID,disciplineID,departmentID,courseNumber,semesterNumber) VALUES ('5123','5123','71','1','1');
INSERT INTO disciplineDepartmentDependency (ID,disciplineID,departmentID,courseNumber,semesterNumber) VALUES ('5124','5124','71','2','2');
INSERT INTO disciplineDepartmentDependency (ID,disciplineID,departmentID,courseNumber,semesterNumber) VALUES ('5125','5125','71','3','1');
INSERT INTO disciplineDepartmentDependency (ID,disciplineID,departmentID,courseNumber,semesterNumber) VALUES ('5126','5126','71','4','2');
INSERT INTO disciplineDepartmentDependency (ID,disciplineID,departmentID,courseNumber,semesterNumber) VALUES ('5127','5127','71','5','1');
INSERT INTO disciplineDepartmentDependency (ID,disciplineID,departmentID,courseNumber,semesterNumber) VALUES ('5128','5128','71','6','2');
INSERT INTO disciplineDepartmentDependency (ID,disciplineID,departmentID,courseNumber,semesterNumber) VALUES ('5129','5129','71','1','1');
INSERT INTO disciplineDepartmentDependency (ID,disciplineID,departmentID,courseNumber,semesterNumber) VALUES ('5130','5130','71','2','2');
INSERT INTO disciplineDepartmentDependency (ID,disciplineID,departmentID,courseNumber,semesterNumber) VALUES ('5131','5131','71','3','1');
INSERT INTO disciplineDepartmentDependency (ID,disciplineID,departmentID,courseNumber,semesterNumber) VALUES ('5132','5132','71','4','2');
INSERT INTO disciplineDepartmentDependency (ID,disciplineID,departmentID,courseNumber,semesterNumber) VALUES ('5133','5133','71','5','1');
INSERT INTO disciplineDepartmentDependency (ID,disciplineID,departmentID,courseNumber,semesterNumber) VALUES ('5134','5134','71','6','2');
INSERT INTO disciplineDepartmentDependency (ID,disciplineID,departmentID,courseNumber,semesterNumber) VALUES ('5135','5135','71','1','1');
INSERT INTO disciplineDepartmentDependency (ID,disciplineID,departmentID,courseNumber,semesterNumber) VALUES ('5136','5136','71','2','2');
INSERT INTO disciplineDepartmentDependency (ID,disciplineID,departmentID,courseNumber,semesterNumber) VALUES ('5137','5137','71','3','1');
INSERT INTO disciplineDepartmentDependency (ID,disciplineID,departmentID,courseNumber,semesterNumber) VALUES ('5138','5138','71','4','2');
INSERT INTO disciplineDepartmentDependency (ID,disciplineID,departmentID,courseNumber,semesterNumber) VALUES ('5139','5139','71','5','1');
INSERT INTO disciplineDepartmentDependency (ID,disciplineID,departmentID,courseNumber,semesterNumber) VALUES ('5140','5140','71','6','2');
INSERT INTO disciplineDepartmentDependency (ID,disciplineID,departmentID,courseNumber,semesterNumber) VALUES ('5141','5141','71','1','1');
INSERT INTO disciplineDepartmentDependency (ID,disciplineID,departmentID,courseNumber,semesterNumber) VALUES ('5142','5142','71','2','2');
INSERT INTO disciplineDepartmentDependency (ID,disciplineID,departmentID,courseNumber,semesterNumber) VALUES ('5143','5143','71','3','1');
INSERT INTO disciplineDepartmentDependency (ID,disciplineID,departmentID,courseNumber,semesterNumber) VALUES ('5144','5144','71','4','2');
INSERT INTO disciplineDepartmentDependency (ID,disciplineID,departmentID,courseNumber,semesterNumber) VALUES ('5145','5145','71','5','1');
INSERT INTO disciplineDepartmentDependency (ID,disciplineID,departmentID,courseNumber,semesterNumber) VALUES ('5146','5146','71','6','2');
INSERT INTO disciplineDepartmentDependency (ID,disciplineID,departmentID,courseNumber,semesterNumber) VALUES ('5147','5147','71','1','1');
INSERT INTO disciplineDepartmentDependency (ID,disciplineID,departmentID,courseNumber,semesterNumber) VALUES ('5148','5148','71','2','2');
INSERT INTO disciplineDepartmentDependency (ID,disciplineID,departmentID,courseNumber,semesterNumber) VALUES ('5149','5149','71','3','1');
INSERT INTO disciplineDepartmentDependency (ID,disciplineID,departmentID,courseNumber,semesterNumber) VALUES ('5150','5150','71','4','2');
INSERT INTO disciplineDepartmentDependency (ID,disciplineID,departmentID,courseNumber,semesterNumber) VALUES ('5151','5151','71','5','1');
INSERT INTO disciplineDepartmentDependency (ID,disciplineID,departmentID,courseNumber,semesterNumber) VALUES ('5152','5152','71','6','2');
INSERT INTO disciplineDepartmentDependency (ID,disciplineID,departmentID,courseNumber,semesterNumber) VALUES ('5153','5153','71','1','1');
INSERT INTO disciplineDepartmentDependency (ID,disciplineID,departmentID,courseNumber,semesterNumber) VALUES ('5154','5154','71','2','2');
INSERT INTO disciplineDepartmentDependency (ID,disciplineID,departmentID,courseNumber,semesterNumber) VALUES ('5155','5155','71','3','1');
INSERT INTO disciplineDepartmentDependency (ID,disciplineID,departmentID,courseNumber,semesterNumber) VALUES ('5156','5156','71','4','2');
INSERT INTO disciplineDepartmentDependency (ID,disciplineID,departmentID,courseNumber,semesterNumber) VALUES ('5157','5157','71','5','1');
INSERT INTO disciplineDepartmentDependency (ID,disciplineID,departmentID,courseNumber,semesterNumber) VALUES ('5158','5158','71','6','2');
INSERT INTO disciplineDepartmentDependency (ID,disciplineID,departmentID,courseNumber,semesterNumber) VALUES ('5159','5159','71','1','1');
INSERT INTO disciplineDepartmentDependency (ID,disciplineID,departmentID,courseNumber,semesterNumber) VALUES ('5160','5160','71','2','2');
INSERT INTO disciplineDepartmentDependency (ID,disciplineID,departmentID,courseNumber,semesterNumber) VALUES ('5161','5161','71','3','1');
INSERT INTO disciplineDepartmentDependency (ID,disciplineID,departmentID,courseNumber,semesterNumber) VALUES ('5162','5162','71','4','2');
INSERT INTO disciplineDepartmentDependency (ID,disciplineID,departmentID,courseNumber,semesterNumber) VALUES ('5163','5163','71','5','1');
INSERT INTO disciplineDepartmentDependency (ID,disciplineID,departmentID,courseNumber,semesterNumber) VALUES ('5164','5164','71','6','2');
INSERT INTO disciplineDepartmentDependency (ID,disciplineID,departmentID,courseNumber,semesterNumber) VALUES ('5165','5165','71','1','1');
INSERT INTO disciplineDepartmentDependency (ID,disciplineID,departmentID,courseNumber,semesterNumber) VALUES ('5166','5166','71','2','2');
INSERT INTO disciplineDepartmentDependency (ID,disciplineID,departmentID,courseNumber,semesterNumber) VALUES ('5167','5167','71','3','1');
INSERT INTO disciplineDepartmentDependency (ID,disciplineID,departmentID,courseNumber,semesterNumber) VALUES ('5168','5168','71','4','2');
INSERT INTO loginpass (ID,login,password,access_type) VALUES ('193','VIROSLAVAKOSTQK@wanadoo.fr','abh35pvx','employee');
INSERT INTO employee (name,lastName,fathersName,personalID,sex,email,phoneNumber,dateOfBorn,address,passport,login,office,ID,departmentID) VALUES ('Вірослава','КОСТЮК','Савівна','2776644848','f','VIROSLAVAKOSTQK@wanadoo.fr','0968308246','1984-09-11','20067 Дунаївці Зарічна 30, 236','XN815121 ГУМВС 8','VIROSLAVAKOSTQK@wanadoo.fr','HR','186','71');
INSERT INTO gtgroup (id,fullGroupName,courseNumber,departmentID) VALUES ('846','КІППІВ-10','1','71');
INSERT INTO gtgroup (id,fullGroupName,courseNumber,departmentID) VALUES ('847','КІППІВ-20','2','71');
INSERT INTO gtgroup (id,fullGroupName,courseNumber,departmentID) VALUES ('848','КІППІВ-30','3','71');
INSERT INTO gtgroup (id,fullGroupName,courseNumber,departmentID) VALUES ('849','КІППІВ-40','4','71');
INSERT INTO gtgroup (id,fullGroupName,courseNumber,departmentID) VALUES ('850','КІППІВ-50','5','71');
INSERT INTO gtgroup (id,fullGroupName,courseNumber,departmentID) VALUES ('851','КІППІВ-60','6','71');
INSERT INTO dayRequirements (id,departmentID,countOfDaysInWeek,countOfLessonsInADay) VALUES ('71','72','6','5');
INSERT INTO discipline (id,nameOfDiscipline,countOfLessons,exam) VALUES ('5169','Discipline КФ-0','15','no');
INSERT INTO discipline (id,nameOfDiscipline,countOfLessons,exam) VALUES ('5170','Discipline КФ-1','15','no');
INSERT INTO discipline (id,nameOfDiscipline,countOfLessons,exam) VALUES ('5171','Discipline КФ-2','15','no');
INSERT INTO discipline (id,nameOfDiscipline,countOfLessons,exam) VALUES ('5172','Discipline КФ-3','15','no');
INSERT INTO discipline (id,nameOfDiscipline,countOfLessons,exam) VALUES ('5173','Discipline КФ-4','15','no');
INSERT INTO discipline (id,nameOfDiscipline,countOfLessons,exam) VALUES ('5174','Discipline КФ-5','15','no');
INSERT INTO discipline (id,nameOfDiscipline,countOfLessons,exam) VALUES ('5175','Discipline КФ-6','15','no');
INSERT INTO discipline (id,nameOfDiscipline,countOfLessons,exam) VALUES ('5176','Discipline КФ-7','15','no');
INSERT INTO discipline (id,nameOfDiscipline,countOfLessons,exam) VALUES ('5177','Discipline КФ-8','15','no');
INSERT INTO discipline (id,nameOfDiscipline,countOfLessons,exam) VALUES ('5178','Discipline КФ-9','15','no');
INSERT INTO discipline (id,nameOfDiscipline,countOfLessons,exam) VALUES ('5179','Discipline КФ-10','15','no');
INSERT INTO discipline (id,nameOfDiscipline,countOfLessons,exam) VALUES ('5180','Discipline КФ-11','15','no');
INSERT INTO discipline (id,nameOfDiscipline,countOfLessons,exam) VALUES ('5181','Discipline КФ-12','15','no');
INSERT INTO discipline (id,nameOfDiscipline,countOfLessons,exam) VALUES ('5182','Discipline КФ-13','15','no');
INSERT INTO discipline (id,nameOfDiscipline,countOfLessons,exam) VALUES ('5183','Discipline КФ-14','15','no');
INSERT INTO discipline (id,nameOfDiscipline,countOfLessons,exam) VALUES ('5184','Discipline КФ-15','15','no');
INSERT INTO discipline (id,nameOfDiscipline,countOfLessons,exam) VALUES ('5185','Discipline КФ-16','15','no');
INSERT INTO discipline (id,nameOfDiscipline,countOfLessons,exam) VALUES ('5186','Discipline КФ-17','15','no');
INSERT INTO discipline (id,nameOfDiscipline,countOfLessons,exam) VALUES ('5187','Discipline КФ-18','15','no');
INSERT INTO discipline (id,nameOfDiscipline,countOfLessons,exam) VALUES ('5188','Discipline КФ-19','15','no');
INSERT INTO discipline (id,nameOfDiscipline,countOfLessons,exam) VALUES ('5189','Discipline КФ-20','15','no');
INSERT INTO discipline (id,nameOfDiscipline,countOfLessons,exam) VALUES ('5190','Discipline КФ-21','15','no');
INSERT INTO discipline (id,nameOfDiscipline,countOfLessons,exam) VALUES ('5191','Discipline КФ-22','15','no');
INSERT INTO discipline (id,nameOfDiscipline,countOfLessons,exam) VALUES ('5192','Discipline КФ-23','15','no');
INSERT INTO discipline (id,nameOfDiscipline,countOfLessons,exam) VALUES ('5193','Discipline КФ-24','15','no');
INSERT INTO discipline (id,nameOfDiscipline,countOfLessons,exam) VALUES ('5194','Discipline КФ-25','15','no');
INSERT INTO discipline (id,nameOfDiscipline,countOfLessons,exam) VALUES ('5195','Discipline КФ-26','15','no');
INSERT INTO discipline (id,nameOfDiscipline,countOfLessons,exam) VALUES ('5196','Discipline КФ-27','15','no');
INSERT INTO discipline (id,nameOfDiscipline,countOfLessons,exam) VALUES ('5197','Discipline КФ-28','15','no');
INSERT INTO discipline (id,nameOfDiscipline,countOfLessons,exam) VALUES ('5198','Discipline КФ-29','15','no');
INSERT INTO discipline (id,nameOfDiscipline,countOfLessons,exam) VALUES ('5199','Discipline КФ-30','15','no');
INSERT INTO discipline (id,nameOfDiscipline,countOfLessons,exam) VALUES ('5200','Discipline КФ-31','15','no');
INSERT INTO discipline (id,nameOfDiscipline,countOfLessons,exam) VALUES ('5201','Discipline КФ-32','15','no');
INSERT INTO discipline (id,nameOfDiscipline,countOfLessons,exam) VALUES ('5202','Discipline КФ-33','15','no');
INSERT INTO discipline (id,nameOfDiscipline,countOfLessons,exam) VALUES ('5203','Discipline КФ-34','15','no');
INSERT INTO discipline (id,nameOfDiscipline,countOfLessons,exam) VALUES ('5204','Discipline КФ-35','15','no');
INSERT INTO discipline (id,nameOfDiscipline,countOfLessons,exam) VALUES ('5205','Discipline КФ-36','15','no');
INSERT INTO discipline (id,nameOfDiscipline,countOfLessons,exam) VALUES ('5206','Discipline КФ-37','15','no');
INSERT INTO discipline (id,nameOfDiscipline,countOfLessons,exam) VALUES ('5207','Discipline КФ-38','15','no');
INSERT INTO discipline (id,nameOfDiscipline,countOfLessons,exam) VALUES ('5208','Discipline КФ-39','15','no');
INSERT INTO discipline (id,nameOfDiscipline,countOfLessons,exam) VALUES ('5209','Discipline КФ-40','15','no');
INSERT INTO discipline (id,nameOfDiscipline,countOfLessons,exam) VALUES ('5210','Discipline КФ-41','15','no');
INSERT INTO discipline (id,nameOfDiscipline,countOfLessons,exam) VALUES ('5211','Discipline КФ-42','15','no');
INSERT INTO discipline (id,nameOfDiscipline,countOfLessons,exam) VALUES ('5212','Discipline КФ-43','15','no');
INSERT INTO discipline (id,nameOfDiscipline,countOfLessons,exam) VALUES ('5213','Discipline КФ-44','15','no');
INSERT INTO discipline (id,nameOfDiscipline,countOfLessons,exam) VALUES ('5214','Discipline КФ-45','15','no');
INSERT INTO discipline (id,nameOfDiscipline,countOfLessons,exam) VALUES ('5215','Discipline КФ-46','15','no');
INSERT INTO discipline (id,nameOfDiscipline,countOfLessons,exam) VALUES ('5216','Discipline КФ-47','15','no');
INSERT INTO discipline (id,nameOfDiscipline,countOfLessons,exam) VALUES ('5217','Discipline КФ-48','15','no');
INSERT INTO discipline (id,nameOfDiscipline,countOfLessons,exam) VALUES ('5218','Discipline КФ-49','15','no');
INSERT INTO discipline (id,nameOfDiscipline,countOfLessons,exam) VALUES ('5219','Discipline КФ-50','15','no');
INSERT INTO discipline (id,nameOfDiscipline,countOfLessons,exam) VALUES ('5220','Discipline КФ-51','15','no');
INSERT INTO discipline (id,nameOfDiscipline,countOfLessons,exam) VALUES ('5221','Discipline КФ-52','15','no');
INSERT INTO discipline (id,nameOfDiscipline,countOfLessons,exam) VALUES ('5222','Discipline КФ-53','15','no');
INSERT INTO discipline (id,nameOfDiscipline,countOfLessons,exam) VALUES ('5223','Discipline КФ-54','15','no');
INSERT INTO discipline (id,nameOfDiscipline,countOfLessons,exam) VALUES ('5224','Discipline КФ-55','15','no');
INSERT INTO discipline (id,nameOfDiscipline,countOfLessons,exam) VALUES ('5225','Discipline КФ-56','15','no');
INSERT INTO discipline (id,nameOfDiscipline,countOfLessons,exam) VALUES ('5226','Discipline КФ-57','15','no');
INSERT INTO discipline (id,nameOfDiscipline,countOfLessons,exam) VALUES ('5227','Discipline КФ-58','15','no');
INSERT INTO discipline (id,nameOfDiscipline,countOfLessons,exam) VALUES ('5228','Discipline КФ-59','15','no');
INSERT INTO discipline (id,nameOfDiscipline,countOfLessons,exam) VALUES ('5229','Discipline КФ-60','15','no');
INSERT INTO discipline (id,nameOfDiscipline,countOfLessons,exam) VALUES ('5230','Discipline КФ-61','15','no');
INSERT INTO discipline (id,nameOfDiscipline,countOfLessons,exam) VALUES ('5231','Discipline КФ-62','15','no');
INSERT INTO disciplineDepartmentDependency (ID,disciplineID,departmentID,courseNumber,semesterNumber) VALUES ('5169','5169','72','1','1');
INSERT INTO disciplineDepartmentDependency (ID,disciplineID,departmentID,courseNumber,semesterNumber) VALUES ('5170','5170','72','2','2');
INSERT INTO disciplineDepartmentDependency (ID,disciplineID,departmentID,courseNumber,semesterNumber) VALUES ('5171','5171','72','3','1');
INSERT INTO disciplineDepartmentDependency (ID,disciplineID,departmentID,courseNumber,semesterNumber) VALUES ('5172','5172','72','4','2');
INSERT INTO disciplineDepartmentDependency (ID,disciplineID,departmentID,courseNumber,semesterNumber) VALUES ('5173','5173','72','5','1');
INSERT INTO disciplineDepartmentDependency (ID,disciplineID,departmentID,courseNumber,semesterNumber) VALUES ('5174','5174','72','6','2');
INSERT INTO disciplineDepartmentDependency (ID,disciplineID,departmentID,courseNumber,semesterNumber) VALUES ('5175','5175','72','1','1');
INSERT INTO disciplineDepartmentDependency (ID,disciplineID,departmentID,courseNumber,semesterNumber) VALUES ('5176','5176','72','2','2');
INSERT INTO disciplineDepartmentDependency (ID,disciplineID,departmentID,courseNumber,semesterNumber) VALUES ('5177','5177','72','3','1');
INSERT INTO disciplineDepartmentDependency (ID,disciplineID,departmentID,courseNumber,semesterNumber) VALUES ('5178','5178','72','4','2');
INSERT INTO disciplineDepartmentDependency (ID,disciplineID,departmentID,courseNumber,semesterNumber) VALUES ('5179','5179','72','5','1');
INSERT INTO disciplineDepartmentDependency (ID,disciplineID,departmentID,courseNumber,semesterNumber) VALUES ('5180','5180','72','6','2');
INSERT INTO disciplineDepartmentDependency (ID,disciplineID,departmentID,courseNumber,semesterNumber) VALUES ('5181','5181','72','1','1');
INSERT INTO disciplineDepartmentDependency (ID,disciplineID,departmentID,courseNumber,semesterNumber) VALUES ('5182','5182','72','2','2');
INSERT INTO disciplineDepartmentDependency (ID,disciplineID,departmentID,courseNumber,semesterNumber) VALUES ('5183','5183','72','3','1');
INSERT INTO disciplineDepartmentDependency (ID,disciplineID,departmentID,courseNumber,semesterNumber) VALUES ('5184','5184','72','4','2');
INSERT INTO disciplineDepartmentDependency (ID,disciplineID,departmentID,courseNumber,semesterNumber) VALUES ('5185','5185','72','5','1');
INSERT INTO disciplineDepartmentDependency (ID,disciplineID,departmentID,courseNumber,semesterNumber) VALUES ('5186','5186','72','6','2');
INSERT INTO disciplineDepartmentDependency (ID,disciplineID,departmentID,courseNumber,semesterNumber) VALUES ('5187','5187','72','1','1');
INSERT INTO disciplineDepartmentDependency (ID,disciplineID,departmentID,courseNumber,semesterNumber) VALUES ('5188','5188','72','2','2');
INSERT INTO disciplineDepartmentDependency (ID,disciplineID,departmentID,courseNumber,semesterNumber) VALUES ('5189','5189','72','3','1');
INSERT INTO disciplineDepartmentDependency (ID,disciplineID,departmentID,courseNumber,semesterNumber) VALUES ('5190','5190','72','4','2');
INSERT INTO disciplineDepartmentDependency (ID,disciplineID,departmentID,courseNumber,semesterNumber) VALUES ('5191','5191','72','5','1');
INSERT INTO disciplineDepartmentDependency (ID,disciplineID,departmentID,courseNumber,semesterNumber) VALUES ('5192','5192','72','6','2');
INSERT INTO disciplineDepartmentDependency (ID,disciplineID,departmentID,courseNumber,semesterNumber) VALUES ('5193','5193','72','1','1');
INSERT INTO disciplineDepartmentDependency (ID,disciplineID,departmentID,courseNumber,semesterNumber) VALUES ('5194','5194','72','2','2');
INSERT INTO disciplineDepartmentDependency (ID,disciplineID,departmentID,courseNumber,semesterNumber) VALUES ('5195','5195','72','3','1');
INSERT INTO disciplineDepartmentDependency (ID,disciplineID,departmentID,courseNumber,semesterNumber) VALUES ('5196','5196','72','4','2');
INSERT INTO disciplineDepartmentDependency (ID,disciplineID,departmentID,courseNumber,semesterNumber) VALUES ('5197','5197','72','5','1');
INSERT INTO disciplineDepartmentDependency (ID,disciplineID,departmentID,courseNumber,semesterNumber) VALUES ('5198','5198','72','6','2');
INSERT INTO disciplineDepartmentDependency (ID,disciplineID,departmentID,courseNumber,semesterNumber) VALUES ('5199','5199','72','1','1');
INSERT INTO disciplineDepartmentDependency (ID,disciplineID,departmentID,courseNumber,semesterNumber) VALUES ('5200','5200','72','2','2');
INSERT INTO disciplineDepartmentDependency (ID,disciplineID,departmentID,courseNumber,semesterNumber) VALUES ('5201','5201','72','3','1');
INSERT INTO disciplineDepartmentDependency (ID,disciplineID,departmentID,courseNumber,semesterNumber) VALUES ('5202','5202','72','4','2');
INSERT INTO disciplineDepartmentDependency (ID,disciplineID,departmentID,courseNumber,semesterNumber) VALUES ('5203','5203','72','5','1');
INSERT INTO disciplineDepartmentDependency (ID,disciplineID,departmentID,courseNumber,semesterNumber) VALUES ('5204','5204','72','6','2');
INSERT INTO disciplineDepartmentDependency (ID,disciplineID,departmentID,courseNumber,semesterNumber) VALUES ('5205','5205','72','1','1');
INSERT INTO disciplineDepartmentDependency (ID,disciplineID,departmentID,courseNumber,semesterNumber) VALUES ('5206','5206','72','2','2');
INSERT INTO disciplineDepartmentDependency (ID,disciplineID,departmentID,courseNumber,semesterNumber) VALUES ('5207','5207','72','3','1');
INSERT INTO disciplineDepartmentDependency (ID,disciplineID,departmentID,courseNumber,semesterNumber) VALUES ('5208','5208','72','4','2');
INSERT INTO disciplineDepartmentDependency (ID,disciplineID,departmentID,courseNumber,semesterNumber) VALUES ('5209','5209','72','5','1');
INSERT INTO disciplineDepartmentDependency (ID,disciplineID,departmentID,courseNumber,semesterNumber) VALUES ('5210','5210','72','6','2');
INSERT INTO disciplineDepartmentDependency (ID,disciplineID,departmentID,courseNumber,semesterNumber) VALUES ('5211','5211','72','1','1');
INSERT INTO disciplineDepartmentDependency (ID,disciplineID,departmentID,courseNumber,semesterNumber) VALUES ('5212','5212','72','2','2');
INSERT INTO disciplineDepartmentDependency (ID,disciplineID,departmentID,courseNumber,semesterNumber) VALUES ('5213','5213','72','3','1');
INSERT INTO disciplineDepartmentDependency (ID,disciplineID,departmentID,courseNumber,semesterNumber) VALUES ('5214','5214','72','4','2');
INSERT INTO disciplineDepartmentDependency (ID,disciplineID,departmentID,courseNumber,semesterNumber) VALUES ('5215','5215','72','5','1');
INSERT INTO disciplineDepartmentDependency (ID,disciplineID,departmentID,courseNumber,semesterNumber) VALUES ('5216','5216','72','6','2');
INSERT INTO disciplineDepartmentDependency (ID,disciplineID,departmentID,courseNumber,semesterNumber) VALUES ('5217','5217','72','1','1');
INSERT INTO disciplineDepartmentDependency (ID,disciplineID,departmentID,courseNumber,semesterNumber) VALUES ('5218','5218','72','2','2');
INSERT INTO disciplineDepartmentDependency (ID,disciplineID,departmentID,courseNumber,semesterNumber) VALUES ('5219','5219','72','3','1');
INSERT INTO disciplineDepartmentDependency (ID,disciplineID,departmentID,courseNumber,semesterNumber) VALUES ('5220','5220','72','4','2');
INSERT INTO disciplineDepartmentDependency (ID,disciplineID,departmentID,courseNumber,semesterNumber) VALUES ('5221','5221','72','5','1');
INSERT INTO disciplineDepartmentDependency (ID,disciplineID,departmentID,courseNumber,semesterNumber) VALUES ('5222','5222','72','6','2');
INSERT INTO disciplineDepartmentDependency (ID,disciplineID,departmentID,courseNumber,semesterNumber) VALUES ('5223','5223','72','1','1');
INSERT INTO disciplineDepartmentDependency (ID,disciplineID,departmentID,courseNumber,semesterNumber) VALUES ('5224','5224','72','2','2');
INSERT INTO disciplineDepartmentDependency (ID,disciplineID,departmentID,courseNumber,semesterNumber) VALUES ('5225','5225','72','3','1');
INSERT INTO disciplineDepartmentDependency (ID,disciplineID,departmentID,courseNumber,semesterNumber) VALUES ('5226','5226','72','4','2');
INSERT INTO disciplineDepartmentDependency (ID,disciplineID,departmentID,courseNumber,semesterNumber) VALUES ('5227','5227','72','5','1');
INSERT INTO disciplineDepartmentDependency (ID,disciplineID,departmentID,courseNumber,semesterNumber) VALUES ('5228','5228','72','6','2');
INSERT INTO disciplineDepartmentDependency (ID,disciplineID,departmentID,courseNumber,semesterNumber) VALUES ('5229','5229','72','1','1');
INSERT INTO disciplineDepartmentDependency (ID,disciplineID,departmentID,courseNumber,semesterNumber) VALUES ('5230','5230','72','2','2');
INSERT INTO disciplineDepartmentDependency (ID,disciplineID,departmentID,courseNumber,semesterNumber) VALUES ('5231','5231','72','3','1');
INSERT INTO loginpass (ID,login,password,access_type) VALUES ('194','BUDXMXRASOROKA@orange.fr','&ho2aap1','employee');
INSERT INTO employee (name,lastName,fathersName,personalID,sex,email,phoneNumber,dateOfBorn,address,passport,login,office,ID,departmentID) VALUES ('Будимира','СОРОКА','Миколаївна','7266347241','f','BUDXMXRASOROKA@orange.fr','0636256823','1957-01-14','55303 Славута Городецького архітектора 65, 87','AH325412 ГУМВС 37','BUDXMXRASOROKA@orange.fr','HR','187','72');
INSERT INTO loginpass (ID,login,password,access_type) VALUES ('195','VESNATEREQENKO@online.de','I&Q50fAh','employee');
INSERT INTO employee (name,lastName,fathersName,personalID,sex,email,phoneNumber,dateOfBorn,address,passport,login,office,ID,departmentID) VALUES ('Весна','ТЕРЕЩЕНКО','Луківна','8378302851','f','VESNATEREQENKO@online.de','0672777760','1984-04-03','35211 Миколаїв ІІІ-й Комсомольський 37, 98','DP713311 ГУМВС 27','VESNATEREQENKO@online.de','HR','188','72');
INSERT INTO loginpass (ID,login,password,access_type) VALUES ('196','BLAGXNQKOSTQK@blueyonder.co.uk','2bMQomvs','employee');
INSERT INTO employee (name,lastName,fathersName,personalID,sex,email,phoneNumber,dateOfBorn,address,passport,login,office,ID,departmentID) VALUES ('Благиня','КОСТЮК','Миколаївна','4715616235','f','BLAGXNQKOSTQK@blueyonder.co.uk','0962306412','1979-07-27','38480 Полтава Воровського 37, 206','OT316231 ГУМВС 48','BLAGXNQKOSTQK@blueyonder.co.uk','HR','189','72');
INSERT INTO loginpass (ID,login,password,access_type) VALUES ('197','GORXSVITQULQGA@gmx.fr','xGbOnkFA','employee');
INSERT INTO employee (name,lastName,fathersName,personalID,sex,email,phoneNumber,dateOfBorn,address,passport,login,office,ID,departmentID) VALUES ('Горисвіт','ШУЛЬГА','Миколайович','1157536664','m','GORXSVITQULQGA@gmx.fr','0681414528','1987-06-30','83004 Лубни 700-річчя Черкас 27, 138','HH675451 ГУМВС 6','GORXSVITQULQGA@gmx.fr','HR','190','72');
INSERT INTO gtgroup (id,fullGroupName,courseNumber,departmentID) VALUES ('852','КФ-10','1','72');
INSERT INTO gtgroup (id,fullGroupName,courseNumber,departmentID) VALUES ('853','КФ-20','2','72');
INSERT INTO gtgroup (id,fullGroupName,courseNumber,departmentID) VALUES ('854','КФ-30','3','72');
INSERT INTO gtgroup (id,fullGroupName,courseNumber,departmentID) VALUES ('855','КФ-40','4','72');
INSERT INTO gtgroup (id,fullGroupName,courseNumber,departmentID) VALUES ('856','КФ-50','5','72');
INSERT INTO gtgroup (id,fullGroupName,courseNumber,departmentID) VALUES ('857','КФ-60','6','72');
INSERT INTO dayRequirements (id,departmentID,countOfDaysInWeek,countOfLessonsInADay) VALUES ('72','73','6','5');
INSERT INTO discipline (id,nameOfDiscipline,countOfLessons,exam) VALUES ('5232','Discipline ПП-0','15','no');
INSERT INTO discipline (id,nameOfDiscipline,countOfLessons,exam) VALUES ('5233','Discipline ПП-1','15','no');
INSERT INTO discipline (id,nameOfDiscipline,countOfLessons,exam) VALUES ('5234','Discipline ПП-2','15','no');
INSERT INTO discipline (id,nameOfDiscipline,countOfLessons,exam) VALUES ('5235','Discipline ПП-3','15','no');
INSERT INTO discipline (id,nameOfDiscipline,countOfLessons,exam) VALUES ('5236','Discipline ПП-4','15','no');
INSERT INTO discipline (id,nameOfDiscipline,countOfLessons,exam) VALUES ('5237','Discipline ПП-5','15','no');
INSERT INTO discipline (id,nameOfDiscipline,countOfLessons,exam) VALUES ('5238','Discipline ПП-6','15','no');
INSERT INTO discipline (id,nameOfDiscipline,countOfLessons,exam) VALUES ('5239','Discipline ПП-7','15','no');
INSERT INTO discipline (id,nameOfDiscipline,countOfLessons,exam) VALUES ('5240','Discipline ПП-8','15','no');
INSERT INTO discipline (id,nameOfDiscipline,countOfLessons,exam) VALUES ('5241','Discipline ПП-9','15','no');
INSERT INTO discipline (id,nameOfDiscipline,countOfLessons,exam) VALUES ('5242','Discipline ПП-10','15','no');
INSERT INTO discipline (id,nameOfDiscipline,countOfLessons,exam) VALUES ('5243','Discipline ПП-11','15','no');
INSERT INTO discipline (id,nameOfDiscipline,countOfLessons,exam) VALUES ('5244','Discipline ПП-12','15','no');
INSERT INTO discipline (id,nameOfDiscipline,countOfLessons,exam) VALUES ('5245','Discipline ПП-13','15','no');
INSERT INTO discipline (id,nameOfDiscipline,countOfLessons,exam) VALUES ('5246','Discipline ПП-14','15','no');
INSERT INTO discipline (id,nameOfDiscipline,countOfLessons,exam) VALUES ('5247','Discipline ПП-15','15','no');
INSERT INTO discipline (id,nameOfDiscipline,countOfLessons,exam) VALUES ('5248','Discipline ПП-16','15','no');
INSERT INTO discipline (id,nameOfDiscipline,countOfLessons,exam) VALUES ('5249','Discipline ПП-17','15','no');
INSERT INTO discipline (id,nameOfDiscipline,countOfLessons,exam) VALUES ('5250','Discipline ПП-18','15','no');
INSERT INTO discipline (id,nameOfDiscipline,countOfLessons,exam) VALUES ('5251','Discipline ПП-19','15','no');
INSERT INTO discipline (id,nameOfDiscipline,countOfLessons,exam) VALUES ('5252','Discipline ПП-20','15','no');
INSERT INTO discipline (id,nameOfDiscipline,countOfLessons,exam) VALUES ('5253','Discipline ПП-21','15','no');
INSERT INTO discipline (id,nameOfDiscipline,countOfLessons,exam) VALUES ('5254','Discipline ПП-22','15','no');
INSERT INTO discipline (id,nameOfDiscipline,countOfLessons,exam) VALUES ('5255','Discipline ПП-23','15','no');
INSERT INTO discipline (id,nameOfDiscipline,countOfLessons,exam) VALUES ('5256','Discipline ПП-24','15','no');
INSERT INTO discipline (id,nameOfDiscipline,countOfLessons,exam) VALUES ('5257','Discipline ПП-25','15','no');
INSERT INTO discipline (id,nameOfDiscipline,countOfLessons,exam) VALUES ('5258','Discipline ПП-26','15','no');
INSERT INTO discipline (id,nameOfDiscipline,countOfLessons,exam) VALUES ('5259','Discipline ПП-27','15','no');
INSERT INTO discipline (id,nameOfDiscipline,countOfLessons,exam) VALUES ('5260','Discipline ПП-28','15','no');
INSERT INTO discipline (id,nameOfDiscipline,countOfLessons,exam) VALUES ('5261','Discipline ПП-29','15','no');
INSERT INTO discipline (id,nameOfDiscipline,countOfLessons,exam) VALUES ('5262','Discipline ПП-30','15','no');
INSERT INTO discipline (id,nameOfDiscipline,countOfLessons,exam) VALUES ('5263','Discipline ПП-31','15','no');
INSERT INTO discipline (id,nameOfDiscipline,countOfLessons,exam) VALUES ('5264','Discipline ПП-32','15','no');
INSERT INTO discipline (id,nameOfDiscipline,countOfLessons,exam) VALUES ('5265','Discipline ПП-33','15','no');
INSERT INTO discipline (id,nameOfDiscipline,countOfLessons,exam) VALUES ('5266','Discipline ПП-34','15','no');
INSERT INTO discipline (id,nameOfDiscipline,countOfLessons,exam) VALUES ('5267','Discipline ПП-35','15','no');
INSERT INTO discipline (id,nameOfDiscipline,countOfLessons,exam) VALUES ('5268','Discipline ПП-36','15','no');
INSERT INTO discipline (id,nameOfDiscipline,countOfLessons,exam) VALUES ('5269','Discipline ПП-37','15','no');
INSERT INTO discipline (id,nameOfDiscipline,countOfLessons,exam) VALUES ('5270','Discipline ПП-38','15','no');
INSERT INTO discipline (id,nameOfDiscipline,countOfLessons,exam) VALUES ('5271','Discipline ПП-39','15','no');
INSERT INTO discipline (id,nameOfDiscipline,countOfLessons,exam) VALUES ('5272','Discipline ПП-40','15','no');
INSERT INTO discipline (id,nameOfDiscipline,countOfLessons,exam) VALUES ('5273','Discipline ПП-41','15','no');
INSERT INTO discipline (id,nameOfDiscipline,countOfLessons,exam) VALUES ('5274','Discipline ПП-42','15','no');
INSERT INTO discipline (id,nameOfDiscipline,countOfLessons,exam) VALUES ('5275','Discipline ПП-43','15','no');
INSERT INTO discipline (id,nameOfDiscipline,countOfLessons,exam) VALUES ('5276','Discipline ПП-44','15','no');
INSERT INTO discipline (id,nameOfDiscipline,countOfLessons,exam) VALUES ('5277','Discipline ПП-45','15','no');
INSERT INTO discipline (id,nameOfDiscipline,countOfLessons,exam) VALUES ('5278','Discipline ПП-46','15','no');
INSERT INTO discipline (id,nameOfDiscipline,countOfLessons,exam) VALUES ('5279','Discipline ПП-47','15','no');
INSERT INTO discipline (id,nameOfDiscipline,countOfLessons,exam) VALUES ('5280','Discipline ПП-48','15','no');
INSERT INTO discipline (id,nameOfDiscipline,countOfLessons,exam) VALUES ('5281','Discipline ПП-49','15','no');
INSERT INTO discipline (id,nameOfDiscipline,countOfLessons,exam) VALUES ('5282','Discipline ПП-50','15','no');
INSERT INTO discipline (id,nameOfDiscipline,countOfLessons,exam) VALUES ('5283','Discipline ПП-51','15','no');
INSERT INTO discipline (id,nameOfDiscipline,countOfLessons,exam) VALUES ('5284','Discipline ПП-52','15','no');
INSERT INTO discipline (id,nameOfDiscipline,countOfLessons,exam) VALUES ('5285','Discipline ПП-53','15','no');
INSERT INTO discipline (id,nameOfDiscipline,countOfLessons,exam) VALUES ('5286','Discipline ПП-54','15','no');
INSERT INTO discipline (id,nameOfDiscipline,countOfLessons,exam) VALUES ('5287','Discipline ПП-55','15','no');
INSERT INTO discipline (id,nameOfDiscipline,countOfLessons,exam) VALUES ('5288','Discipline ПП-56','15','no');
INSERT INTO discipline (id,nameOfDiscipline,countOfLessons,exam) VALUES ('5289','Discipline ПП-57','15','no');
INSERT INTO discipline (id,nameOfDiscipline,countOfLessons,exam) VALUES ('5290','Discipline ПП-58','15','no');
INSERT INTO discipline (id,nameOfDiscipline,countOfLessons,exam) VALUES ('5291','Discipline ПП-59','15','no');
INSERT INTO discipline (id,nameOfDiscipline,countOfLessons,exam) VALUES ('5292','Discipline ПП-60','15','no');
INSERT INTO discipline (id,nameOfDiscipline,countOfLessons,exam) VALUES ('5293','Discipline ПП-61','15','no');
INSERT INTO discipline (id,nameOfDiscipline,countOfLessons,exam) VALUES ('5294','Discipline ПП-62','15','no');
INSERT INTO discipline (id,nameOfDiscipline,countOfLessons,exam) VALUES ('5295','Discipline ПП-63','15','no');
INSERT INTO discipline (id,nameOfDiscipline,countOfLessons,exam) VALUES ('5296','Discipline ПП-64','15','no');
INSERT INTO discipline (id,nameOfDiscipline,countOfLessons,exam) VALUES ('5297','Discipline ПП-65','15','no');
INSERT INTO discipline (id,nameOfDiscipline,countOfLessons,exam) VALUES ('5298','Discipline ПП-66','15','no');
INSERT INTO discipline (id,nameOfDiscipline,countOfLessons,exam) VALUES ('5299','Discipline ПП-67','15','no');
INSERT INTO discipline (id,nameOfDiscipline,countOfLessons,exam) VALUES ('5300','Discipline ПП-68','15','no');
INSERT INTO discipline (id,nameOfDiscipline,countOfLessons,exam) VALUES ('5301','Discipline ПП-69','15','no');
INSERT INTO discipline (id,nameOfDiscipline,countOfLessons,exam) VALUES ('5302','Discipline ПП-70','15','no');
INSERT INTO discipline (id,nameOfDiscipline,countOfLessons,exam) VALUES ('5303','Discipline ПП-71','15','no');
INSERT INTO discipline (id,nameOfDiscipline,countOfLessons,exam) VALUES ('5304','Discipline ПП-72','15','no');
INSERT INTO discipline (id,nameOfDiscipline,countOfLessons,exam) VALUES ('5305','Discipline ПП-73','15','no');
INSERT INTO discipline (id,nameOfDiscipline,countOfLessons,exam) VALUES ('5306','Discipline ПП-74','15','no');
INSERT INTO discipline (id,nameOfDiscipline,countOfLessons,exam) VALUES ('5307','Discipline ПП-75','15','no');
INSERT INTO discipline (id,nameOfDiscipline,countOfLessons,exam) VALUES ('5308','Discipline ПП-76','15','no');
INSERT INTO discipline (id,nameOfDiscipline,countOfLessons,exam) VALUES ('5309','Discipline ПП-77','15','no');
INSERT INTO discipline (id,nameOfDiscipline,countOfLessons,exam) VALUES ('5310','Discipline ПП-78','15','no');
INSERT INTO discipline (id,nameOfDiscipline,countOfLessons,exam) VALUES ('5311','Discipline ПП-79','15','no');
INSERT INTO discipline (id,nameOfDiscipline,countOfLessons,exam) VALUES ('5312','Discipline ПП-80','15','no');
INSERT INTO discipline (id,nameOfDiscipline,countOfLessons,exam) VALUES ('5313','Discipline ПП-81','15','no');
INSERT INTO discipline (id,nameOfDiscipline,countOfLessons,exam) VALUES ('5314','Discipline ПП-82','15','no');
INSERT INTO discipline (id,nameOfDiscipline,countOfLessons,exam) VALUES ('5315','Discipline ПП-83','15','no');
INSERT INTO discipline (id,nameOfDiscipline,countOfLessons,exam) VALUES ('5316','Discipline ПП-84','15','no');
INSERT INTO discipline (id,nameOfDiscipline,countOfLessons,exam) VALUES ('5317','Discipline ПП-85','15','no');
INSERT INTO disciplineDepartmentDependency (ID,disciplineID,departmentID,courseNumber,semesterNumber) VALUES ('5232','5232','73','1','1');
INSERT INTO disciplineDepartmentDependency (ID,disciplineID,departmentID,courseNumber,semesterNumber) VALUES ('5233','5233','73','2','2');
INSERT INTO disciplineDepartmentDependency (ID,disciplineID,departmentID,courseNumber,semesterNumber) VALUES ('5234','5234','73','3','1');
INSERT INTO disciplineDepartmentDependency (ID,disciplineID,departmentID,courseNumber,semesterNumber) VALUES ('5235','5235','73','4','2');
INSERT INTO disciplineDepartmentDependency (ID,disciplineID,departmentID,courseNumber,semesterNumber) VALUES ('5236','5236','73','5','1');
INSERT INTO disciplineDepartmentDependency (ID,disciplineID,departmentID,courseNumber,semesterNumber) VALUES ('5237','5237','73','6','2');
INSERT INTO disciplineDepartmentDependency (ID,disciplineID,departmentID,courseNumber,semesterNumber) VALUES ('5238','5238','73','1','1');
INSERT INTO disciplineDepartmentDependency (ID,disciplineID,departmentID,courseNumber,semesterNumber) VALUES ('5239','5239','73','2','2');
INSERT INTO disciplineDepartmentDependency (ID,disciplineID,departmentID,courseNumber,semesterNumber) VALUES ('5240','5240','73','3','1');
INSERT INTO disciplineDepartmentDependency (ID,disciplineID,departmentID,courseNumber,semesterNumber) VALUES ('5241','5241','73','4','2');
INSERT INTO disciplineDepartmentDependency (ID,disciplineID,departmentID,courseNumber,semesterNumber) VALUES ('5242','5242','73','5','1');
INSERT INTO disciplineDepartmentDependency (ID,disciplineID,departmentID,courseNumber,semesterNumber) VALUES ('5243','5243','73','6','2');
INSERT INTO disciplineDepartmentDependency (ID,disciplineID,departmentID,courseNumber,semesterNumber) VALUES ('5244','5244','73','1','1');
INSERT INTO disciplineDepartmentDependency (ID,disciplineID,departmentID,courseNumber,semesterNumber) VALUES ('5245','5245','73','2','2');
INSERT INTO disciplineDepartmentDependency (ID,disciplineID,departmentID,courseNumber,semesterNumber) VALUES ('5246','5246','73','3','1');
INSERT INTO disciplineDepartmentDependency (ID,disciplineID,departmentID,courseNumber,semesterNumber) VALUES ('5247','5247','73','4','2');
INSERT INTO disciplineDepartmentDependency (ID,disciplineID,departmentID,courseNumber,semesterNumber) VALUES ('5248','5248','73','5','1');
INSERT INTO disciplineDepartmentDependency (ID,disciplineID,departmentID,courseNumber,semesterNumber) VALUES ('5249','5249','73','6','2');
INSERT INTO disciplineDepartmentDependency (ID,disciplineID,departmentID,courseNumber,semesterNumber) VALUES ('5250','5250','73','1','1');
INSERT INTO disciplineDepartmentDependency (ID,disciplineID,departmentID,courseNumber,semesterNumber) VALUES ('5251','5251','73','2','2');
INSERT INTO disciplineDepartmentDependency (ID,disciplineID,departmentID,courseNumber,semesterNumber) VALUES ('5252','5252','73','3','1');
INSERT INTO disciplineDepartmentDependency (ID,disciplineID,departmentID,courseNumber,semesterNumber) VALUES ('5253','5253','73','4','2');
INSERT INTO disciplineDepartmentDependency (ID,disciplineID,departmentID,courseNumber,semesterNumber) VALUES ('5254','5254','73','5','1');
INSERT INTO disciplineDepartmentDependency (ID,disciplineID,departmentID,courseNumber,semesterNumber) VALUES ('5255','5255','73','6','2');
INSERT INTO disciplineDepartmentDependency (ID,disciplineID,departmentID,courseNumber,semesterNumber) VALUES ('5256','5256','73','1','1');
INSERT INTO disciplineDepartmentDependency (ID,disciplineID,departmentID,courseNumber,semesterNumber) VALUES ('5257','5257','73','2','2');
INSERT INTO disciplineDepartmentDependency (ID,disciplineID,departmentID,courseNumber,semesterNumber) VALUES ('5258','5258','73','3','1');
INSERT INTO disciplineDepartmentDependency (ID,disciplineID,departmentID,courseNumber,semesterNumber) VALUES ('5259','5259','73','4','2');
INSERT INTO disciplineDepartmentDependency (ID,disciplineID,departmentID,courseNumber,semesterNumber) VALUES ('5260','5260','73','5','1');
INSERT INTO disciplineDepartmentDependency (ID,disciplineID,departmentID,courseNumber,semesterNumber) VALUES ('5261','5261','73','6','2');
INSERT INTO disciplineDepartmentDependency (ID,disciplineID,departmentID,courseNumber,semesterNumber) VALUES ('5262','5262','73','1','1');
INSERT INTO disciplineDepartmentDependency (ID,disciplineID,departmentID,courseNumber,semesterNumber) VALUES ('5263','5263','73','2','2');
INSERT INTO disciplineDepartmentDependency (ID,disciplineID,departmentID,courseNumber,semesterNumber) VALUES ('5264','5264','73','3','1');
INSERT INTO disciplineDepartmentDependency (ID,disciplineID,departmentID,courseNumber,semesterNumber) VALUES ('5265','5265','73','4','2');
INSERT INTO disciplineDepartmentDependency (ID,disciplineID,departmentID,courseNumber,semesterNumber) VALUES ('5266','5266','73','5','1');
INSERT INTO disciplineDepartmentDependency (ID,disciplineID,departmentID,courseNumber,semesterNumber) VALUES ('5267','5267','73','6','2');
INSERT INTO disciplineDepartmentDependency (ID,disciplineID,departmentID,courseNumber,semesterNumber) VALUES ('5268','5268','73','1','1');
INSERT INTO disciplineDepartmentDependency (ID,disciplineID,departmentID,courseNumber,semesterNumber) VALUES ('5269','5269','73','2','2');
INSERT INTO disciplineDepartmentDependency (ID,disciplineID,departmentID,courseNumber,semesterNumber) VALUES ('5270','5270','73','3','1');
INSERT INTO disciplineDepartmentDependency (ID,disciplineID,departmentID,courseNumber,semesterNumber) VALUES ('5271','5271','73','4','2');
INSERT INTO disciplineDepartmentDependency (ID,disciplineID,departmentID,courseNumber,semesterNumber) VALUES ('5272','5272','73','5','1');
INSERT INTO disciplineDepartmentDependency (ID,disciplineID,departmentID,courseNumber,semesterNumber) VALUES ('5273','5273','73','6','2');
INSERT INTO disciplineDepartmentDependency (ID,disciplineID,departmentID,courseNumber,semesterNumber) VALUES ('5274','5274','73','1','1');
INSERT INTO disciplineDepartmentDependency (ID,disciplineID,departmentID,courseNumber,semesterNumber) VALUES ('5275','5275','73','2','2');
INSERT INTO disciplineDepartmentDependency (ID,disciplineID,departmentID,courseNumber,semesterNumber) VALUES ('5276','5276','73','3','1');
INSERT INTO disciplineDepartmentDependency (ID,disciplineID,departmentID,courseNumber,semesterNumber) VALUES ('5277','5277','73','4','2');
INSERT INTO disciplineDepartmentDependency (ID,disciplineID,departmentID,courseNumber,semesterNumber) VALUES ('5278','5278','73','5','1');
INSERT INTO disciplineDepartmentDependency (ID,disciplineID,departmentID,courseNumber,semesterNumber) VALUES ('5279','5279','73','6','2');
INSERT INTO disciplineDepartmentDependency (ID,disciplineID,departmentID,courseNumber,semesterNumber) VALUES ('5280','5280','73','1','1');
INSERT INTO disciplineDepartmentDependency (ID,disciplineID,departmentID,courseNumber,semesterNumber) VALUES ('5281','5281','73','2','2');
INSERT INTO disciplineDepartmentDependency (ID,disciplineID,departmentID,courseNumber,semesterNumber) VALUES ('5282','5282','73','3','1');
INSERT INTO disciplineDepartmentDependency (ID,disciplineID,departmentID,courseNumber,semesterNumber) VALUES ('5283','5283','73','4','2');
INSERT INTO disciplineDepartmentDependency (ID,disciplineID,departmentID,courseNumber,semesterNumber) VALUES ('5284','5284','73','5','1');
INSERT INTO disciplineDepartmentDependency (ID,disciplineID,departmentID,courseNumber,semesterNumber) VALUES ('5285','5285','73','6','2');
INSERT INTO disciplineDepartmentDependency (ID,disciplineID,departmentID,courseNumber,semesterNumber) VALUES ('5286','5286','73','1','1');
INSERT INTO disciplineDepartmentDependency (ID,disciplineID,departmentID,courseNumber,semesterNumber) VALUES ('5287','5287','73','2','2');
INSERT INTO disciplineDepartmentDependency (ID,disciplineID,departmentID,courseNumber,semesterNumber) VALUES ('5288','5288','73','3','1');
INSERT INTO disciplineDepartmentDependency (ID,disciplineID,departmentID,courseNumber,semesterNumber) VALUES ('5289','5289','73','4','2');
INSERT INTO disciplineDepartmentDependency (ID,disciplineID,departmentID,courseNumber,semesterNumber) VALUES ('5290','5290','73','5','1');
INSERT INTO disciplineDepartmentDependency (ID,disciplineID,departmentID,courseNumber,semesterNumber) VALUES ('5291','5291','73','6','2');
INSERT INTO disciplineDepartmentDependency (ID,disciplineID,departmentID,courseNumber,semesterNumber) VALUES ('5292','5292','73','1','1');
INSERT INTO disciplineDepartmentDependency (ID,disciplineID,departmentID,courseNumber,semesterNumber) VALUES ('5293','5293','73','2','2');
INSERT INTO disciplineDepartmentDependency (ID,disciplineID,departmentID,courseNumber,semesterNumber) VALUES ('5294','5294','73','3','1');
INSERT INTO disciplineDepartmentDependency (ID,disciplineID,departmentID,courseNumber,semesterNumber) VALUES ('5295','5295','73','4','2');
INSERT INTO disciplineDepartmentDependency (ID,disciplineID,departmentID,courseNumber,semesterNumber) VALUES ('5296','5296','73','5','1');
INSERT INTO disciplineDepartmentDependency (ID,disciplineID,departmentID,courseNumber,semesterNumber) VALUES ('5297','5297','73','6','2');
INSERT INTO disciplineDepartmentDependency (ID,disciplineID,departmentID,courseNumber,semesterNumber) VALUES ('5298','5298','73','1','1');
INSERT INTO disciplineDepartmentDependency (ID,disciplineID,departmentID,courseNumber,semesterNumber) VALUES ('5299','5299','73','2','2');
INSERT INTO disciplineDepartmentDependency (ID,disciplineID,departmentID,courseNumber,semesterNumber) VALUES ('5300','5300','73','3','1');
INSERT INTO disciplineDepartmentDependency (ID,disciplineID,departmentID,courseNumber,semesterNumber) VALUES ('5301','5301','73','4','2');
INSERT INTO disciplineDepartmentDependency (ID,disciplineID,departmentID,courseNumber,semesterNumber) VALUES ('5302','5302','73','5','1');
INSERT INTO disciplineDepartmentDependency (ID,disciplineID,departmentID,courseNumber,semesterNumber) VALUES ('5303','5303','73','6','2');
INSERT INTO disciplineDepartmentDependency (ID,disciplineID,departmentID,courseNumber,semesterNumber) VALUES ('5304','5304','73','1','1');
INSERT INTO disciplineDepartmentDependency (ID,disciplineID,departmentID,courseNumber,semesterNumber) VALUES ('5305','5305','73','2','2');
INSERT INTO disciplineDepartmentDependency (ID,disciplineID,departmentID,courseNumber,semesterNumber) VALUES ('5306','5306','73','3','1');
INSERT INTO disciplineDepartmentDependency (ID,disciplineID,departmentID,courseNumber,semesterNumber) VALUES ('5307','5307','73','4','2');
INSERT INTO disciplineDepartmentDependency (ID,disciplineID,departmentID,courseNumber,semesterNumber) VALUES ('5308','5308','73','5','1');
INSERT INTO disciplineDepartmentDependency (ID,disciplineID,departmentID,courseNumber,semesterNumber) VALUES ('5309','5309','73','6','2');
INSERT INTO disciplineDepartmentDependency (ID,disciplineID,departmentID,courseNumber,semesterNumber) VALUES ('5310','5310','73','1','1');
INSERT INTO disciplineDepartmentDependency (ID,disciplineID,departmentID,courseNumber,semesterNumber) VALUES ('5311','5311','73','2','2');
INSERT INTO disciplineDepartmentDependency (ID,disciplineID,departmentID,courseNumber,semesterNumber) VALUES ('5312','5312','73','3','1');
INSERT INTO disciplineDepartmentDependency (ID,disciplineID,departmentID,courseNumber,semesterNumber) VALUES ('5313','5313','73','4','2');
INSERT INTO disciplineDepartmentDependency (ID,disciplineID,departmentID,courseNumber,semesterNumber) VALUES ('5314','5314','73','5','1');
INSERT INTO disciplineDepartmentDependency (ID,disciplineID,departmentID,courseNumber,semesterNumber) VALUES ('5315','5315','73','6','2');
INSERT INTO disciplineDepartmentDependency (ID,disciplineID,departmentID,courseNumber,semesterNumber) VALUES ('5316','5316','73','1','1');
INSERT INTO disciplineDepartmentDependency (ID,disciplineID,departmentID,courseNumber,semesterNumber) VALUES ('5317','5317','73','2','2');
INSERT INTO loginpass (ID,login,password,access_type) VALUES ('198','GARNOSLAVAVOLOQXN@blueyonder.co.uk','uP1ivF9m','employee');
INSERT INTO employee (name,lastName,fathersName,personalID,sex,email,phoneNumber,dateOfBorn,address,passport,login,office,ID,departmentID) VALUES ('Гарнослава','ВОЛОШИН','Хомівна','3151007184','f','GARNOSLAVAVOLOQXN@blueyonder.co.uk','0951023438','1959-05-17','06015 Первомайськ(Миколаїв) ІІ-а Приміська 79, 157','VV654151 ГУМВС 42','GARNOSLAVAVOLOQXN@blueyonder.co.uk','HR','191','73');
INSERT INTO loginpass (ID,login,password,access_type) VALUES ('199','BORONXSLAVBILOUS@online.de','71!rWD7$','employee');
INSERT INTO employee (name,lastName,fathersName,personalID,sex,email,phoneNumber,dateOfBorn,address,passport,login,office,ID,departmentID) VALUES ('Боронислав','БІЛОУС','Хомич','2748531336','m','BORONXSLAVBILOUS@online.de','0920150044','1961-10-05','37416 Кам'янець-Подільський Битюцького старшого лейтенанта 73, 134','AQ514545 ГУМВС 3','BORONXSLAVBILOUS@online.de','HR','192','73');
INSERT INTO gtgroup (id,fullGroupName,courseNumber,departmentID) VALUES ('858','ПП-10','1','73');
INSERT INTO gtgroup (id,fullGroupName,courseNumber,departmentID) VALUES ('859','ПП-20','2','73');
INSERT INTO gtgroup (id,fullGroupName,courseNumber,departmentID) VALUES ('860','ПП-30','3','73');
INSERT INTO gtgroup (id,fullGroupName,courseNumber,departmentID) VALUES ('861','ПП-40','4','73');
INSERT INTO gtgroup (id,fullGroupName,courseNumber,departmentID) VALUES ('862','ПП-50','5','73');
INSERT INTO gtgroup (id,fullGroupName,courseNumber,departmentID) VALUES ('863','ПП-60','6','73');
INSERT INTO dayRequirements (id,departmentID,countOfDaysInWeek,countOfLessonsInADay) VALUES ('73','74','6','5');
INSERT INTO discipline (id,nameOfDiscipline,countOfLessons,exam) VALUES ('5318','Discipline КІФСП-0','15','no');
INSERT INTO discipline (id,nameOfDiscipline,countOfLessons,exam) VALUES ('5319','Discipline КІФСП-1','15','no');
INSERT INTO discipline (id,nameOfDiscipline,countOfLessons,exam) VALUES ('5320','Discipline КІФСП-2','15','no');
INSERT INTO discipline (id,nameOfDiscipline,countOfLessons,exam) VALUES ('5321','Discipline КІФСП-3','15','no');
INSERT INTO discipline (id,nameOfDiscipline,countOfLessons,exam) VALUES ('5322','Discipline КІФСП-4','15','no');
INSERT INTO discipline (id,nameOfDiscipline,countOfLessons,exam) VALUES ('5323','Discipline КІФСП-5','15','no');
INSERT INTO discipline (id,nameOfDiscipline,countOfLessons,exam) VALUES ('5324','Discipline КІФСП-6','15','no');
INSERT INTO discipline (id,nameOfDiscipline,countOfLessons,exam) VALUES ('5325','Discipline КІФСП-7','15','no');
INSERT INTO discipline (id,nameOfDiscipline,countOfLessons,exam) VALUES ('5326','Discipline КІФСП-8','15','no');
INSERT INTO discipline (id,nameOfDiscipline,countOfLessons,exam) VALUES ('5327','Discipline КІФСП-9','15','no');
INSERT INTO discipline (id,nameOfDiscipline,countOfLessons,exam) VALUES ('5328','Discipline КІФСП-10','15','no');
INSERT INTO discipline (id,nameOfDiscipline,countOfLessons,exam) VALUES ('5329','Discipline КІФСП-11','15','no');
INSERT INTO discipline (id,nameOfDiscipline,countOfLessons,exam) VALUES ('5330','Discipline КІФСП-12','15','no');
INSERT INTO discipline (id,nameOfDiscipline,countOfLessons,exam) VALUES ('5331','Discipline КІФСП-13','15','no');
INSERT INTO discipline (id,nameOfDiscipline,countOfLessons,exam) VALUES ('5332','Discipline КІФСП-14','15','no');
INSERT INTO discipline (id,nameOfDiscipline,countOfLessons,exam) VALUES ('5333','Discipline КІФСП-15','15','no');
INSERT INTO discipline (id,nameOfDiscipline,countOfLessons,exam) VALUES ('5334','Discipline КІФСП-16','15','no');
INSERT INTO discipline (id,nameOfDiscipline,countOfLessons,exam) VALUES ('5335','Discipline КІФСП-17','15','no');
INSERT INTO discipline (id,nameOfDiscipline,countOfLessons,exam) VALUES ('5336','Discipline КІФСП-18','15','no');
INSERT INTO discipline (id,nameOfDiscipline,countOfLessons,exam) VALUES ('5337','Discipline КІФСП-19','15','no');
INSERT INTO discipline (id,nameOfDiscipline,countOfLessons,exam) VALUES ('5338','Discipline КІФСП-20','15','no');
INSERT INTO discipline (id,nameOfDiscipline,countOfLessons,exam) VALUES ('5339','Discipline КІФСП-21','15','no');
INSERT INTO discipline (id,nameOfDiscipline,countOfLessons,exam) VALUES ('5340','Discipline КІФСП-22','15','no');
INSERT INTO discipline (id,nameOfDiscipline,countOfLessons,exam) VALUES ('5341','Discipline КІФСП-23','15','no');
INSERT INTO discipline (id,nameOfDiscipline,countOfLessons,exam) VALUES ('5342','Discipline КІФСП-24','15','no');
INSERT INTO discipline (id,nameOfDiscipline,countOfLessons,exam) VALUES ('5343','Discipline КІФСП-25','15','no');
INSERT INTO discipline (id,nameOfDiscipline,countOfLessons,exam) VALUES ('5344','Discipline КІФСП-26','15','no');
INSERT INTO discipline (id,nameOfDiscipline,countOfLessons,exam) VALUES ('5345','Discipline КІФСП-27','15','no');
INSERT INTO discipline (id,nameOfDiscipline,countOfLessons,exam) VALUES ('5346','Discipline КІФСП-28','15','no');
INSERT INTO discipline (id,nameOfDiscipline,countOfLessons,exam) VALUES ('5347','Discipline КІФСП-29','15','no');
INSERT INTO discipline (id,nameOfDiscipline,countOfLessons,exam) VALUES ('5348','Discipline КІФСП-30','15','no');
INSERT INTO discipline (id,nameOfDiscipline,countOfLessons,exam) VALUES ('5349','Discipline КІФСП-31','15','no');
INSERT INTO discipline (id,nameOfDiscipline,countOfLessons,exam) VALUES ('5350','Discipline КІФСП-32','15','no');
INSERT INTO discipline (id,nameOfDiscipline,countOfLessons,exam) VALUES ('5351','Discipline КІФСП-33','15','no');
INSERT INTO discipline (id,nameOfDiscipline,countOfLessons,exam) VALUES ('5352','Discipline КІФСП-34','15','no');
INSERT INTO discipline (id,nameOfDiscipline,countOfLessons,exam) VALUES ('5353','Discipline КІФСП-35','15','no');
INSERT INTO discipline (id,nameOfDiscipline,countOfLessons,exam) VALUES ('5354','Discipline КІФСП-36','15','no');
INSERT INTO discipline (id,nameOfDiscipline,countOfLessons,exam) VALUES ('5355','Discipline КІФСП-37','15','no');
INSERT INTO discipline (id,nameOfDiscipline,countOfLessons,exam) VALUES ('5356','Discipline КІФСП-38','15','no');
INSERT INTO discipline (id,nameOfDiscipline,countOfLessons,exam) VALUES ('5357','Discipline КІФСП-39','15','no');
INSERT INTO discipline (id,nameOfDiscipline,countOfLessons,exam) VALUES ('5358','Discipline КІФСП-40','15','no');
INSERT INTO discipline (id,nameOfDiscipline,countOfLessons,exam) VALUES ('5359','Discipline КІФСП-41','15','no');
INSERT INTO discipline (id,nameOfDiscipline,countOfLessons,exam) VALUES ('5360','Discipline КІФСП-42','15','no');
INSERT INTO discipline (id,nameOfDiscipline,countOfLessons,exam) VALUES ('5361','Discipline КІФСП-43','15','no');
INSERT INTO discipline (id,nameOfDiscipline,countOfLessons,exam) VALUES ('5362','Discipline КІФСП-44','15','no');
INSERT INTO discipline (id,nameOfDiscipline,countOfLessons,exam) VALUES ('5363','Discipline КІФСП-45','15','no');
INSERT INTO discipline (id,nameOfDiscipline,countOfLessons,exam) VALUES ('5364','Discipline КІФСП-46','15','no');
INSERT INTO discipline (id,nameOfDiscipline,countOfLessons,exam) VALUES ('5365','Discipline КІФСП-47','15','no');
INSERT INTO discipline (id,nameOfDiscipline,countOfLessons,exam) VALUES ('5366','Discipline КІФСП-48','15','no');
INSERT INTO discipline (id,nameOfDiscipline,countOfLessons,exam) VALUES ('5367','Discipline КІФСП-49','15','no');
INSERT INTO discipline (id,nameOfDiscipline,countOfLessons,exam) VALUES ('5368','Discipline КІФСП-50','15','no');
INSERT INTO discipline (id,nameOfDiscipline,countOfLessons,exam) VALUES ('5369','Discipline КІФСП-51','15','no');
INSERT INTO discipline (id,nameOfDiscipline,countOfLessons,exam) VALUES ('5370','Discipline КІФСП-52','15','no');
INSERT INTO discipline (id,nameOfDiscipline,countOfLessons,exam) VALUES ('5371','Discipline КІФСП-53','15','no');
INSERT INTO discipline (id,nameOfDiscipline,countOfLessons,exam) VALUES ('5372','Discipline КІФСП-54','15','no');
INSERT INTO discipline (id,nameOfDiscipline,countOfLessons,exam) VALUES ('5373','Discipline КІФСП-55','15','no');
INSERT INTO discipline (id,nameOfDiscipline,countOfLessons,exam) VALUES ('5374','Discipline КІФСП-56','15','no');
INSERT INTO discipline (id,nameOfDiscipline,countOfLessons,exam) VALUES ('5375','Discipline КІФСП-57','15','no');
INSERT INTO discipline (id,nameOfDiscipline,countOfLessons,exam) VALUES ('5376','Discipline КІФСП-58','15','no');
INSERT INTO discipline (id,nameOfDiscipline,countOfLessons,exam) VALUES ('5377','Discipline КІФСП-59','15','no');
INSERT INTO discipline (id,nameOfDiscipline,countOfLessons,exam) VALUES ('5378','Discipline КІФСП-60','15','no');
INSERT INTO discipline (id,nameOfDiscipline,countOfLessons,exam) VALUES ('5379','Discipline КІФСП-61','15','no');
INSERT INTO discipline (id,nameOfDiscipline,countOfLessons,exam) VALUES ('5380','Discipline КІФСП-62','15','no');
INSERT INTO disciplineDepartmentDependency (ID,disciplineID,departmentID,courseNumber,semesterNumber) VALUES ('5318','5318','74','1','1');
INSERT INTO disciplineDepartmentDependency (ID,disciplineID,departmentID,courseNumber,semesterNumber) VALUES ('5319','5319','74','2','2');
INSERT INTO disciplineDepartmentDependency (ID,disciplineID,departmentID,courseNumber,semesterNumber) VALUES ('5320','5320','74','3','1');
INSERT INTO disciplineDepartmentDependency (ID,disciplineID,departmentID,courseNumber,semesterNumber) VALUES ('5321','5321','74','4','2');
INSERT INTO disciplineDepartmentDependency (ID,disciplineID,departmentID,courseNumber,semesterNumber) VALUES ('5322','5322','74','5','1');
INSERT INTO disciplineDepartmentDependency (ID,disciplineID,departmentID,courseNumber,semesterNumber) VALUES ('5323','5323','74','6','2');
INSERT INTO disciplineDepartmentDependency (ID,disciplineID,departmentID,courseNumber,semesterNumber) VALUES ('5324','5324','74','1','1');
INSERT INTO disciplineDepartmentDependency (ID,disciplineID,departmentID,courseNumber,semesterNumber) VALUES ('5325','5325','74','2','2');
INSERT INTO disciplineDepartmentDependency (ID,disciplineID,departmentID,courseNumber,semesterNumber) VALUES ('5326','5326','74','3','1');
INSERT INTO disciplineDepartmentDependency (ID,disciplineID,departmentID,courseNumber,semesterNumber) VALUES ('5327','5327','74','4','2');
INSERT INTO disciplineDepartmentDependency (ID,disciplineID,departmentID,courseNumber,semesterNumber) VALUES ('5328','5328','74','5','1');
INSERT INTO disciplineDepartmentDependency (ID,disciplineID,departmentID,courseNumber,semesterNumber) VALUES ('5329','5329','74','6','2');
INSERT INTO disciplineDepartmentDependency (ID,disciplineID,departmentID,courseNumber,semesterNumber) VALUES ('5330','5330','74','1','1');
INSERT INTO disciplineDepartmentDependency (ID,disciplineID,departmentID,courseNumber,semesterNumber) VALUES ('5331','5331','74','2','2');
INSERT INTO disciplineDepartmentDependency (ID,disciplineID,departmentID,courseNumber,semesterNumber) VALUES ('5332','5332','74','3','1');
INSERT INTO disciplineDepartmentDependency (ID,disciplineID,departmentID,courseNumber,semesterNumber) VALUES ('5333','5333','74','4','2');
INSERT INTO disciplineDepartmentDependency (ID,disciplineID,departmentID,courseNumber,semesterNumber) VALUES ('5334','5334','74','5','1');
INSERT INTO disciplineDepartmentDependency (ID,disciplineID,departmentID,courseNumber,semesterNumber) VALUES ('5335','5335','74','6','2');
INSERT INTO disciplineDepartmentDependency (ID,disciplineID,departmentID,courseNumber,semesterNumber) VALUES ('5336','5336','74','1','1');
INSERT INTO disciplineDepartmentDependency (ID,disciplineID,departmentID,courseNumber,semesterNumber) VALUES ('5337','5337','74','2','2');
INSERT INTO disciplineDepartmentDependency (ID,disciplineID,departmentID,courseNumber,semesterNumber) VALUES ('5338','5338','74','3','1');
INSERT INTO disciplineDepartmentDependency (ID,disciplineID,departmentID,courseNumber,semesterNumber) VALUES ('5339','5339','74','4','2');
INSERT INTO disciplineDepartmentDependency (ID,disciplineID,departmentID,courseNumber,semesterNumber) VALUES ('5340','5340','74','5','1');
INSERT INTO disciplineDepartmentDependency (ID,disciplineID,departmentID,courseNumber,semesterNumber) VALUES ('5341','5341','74','6','2');
INSERT INTO disciplineDepartmentDependency (ID,disciplineID,departmentID,courseNumber,semesterNumber) VALUES ('5342','5342','74','1','1');
INSERT INTO disciplineDepartmentDependency (ID,disciplineID,departmentID,courseNumber,semesterNumber) VALUES ('5343','5343','74','2','2');
INSERT INTO disciplineDepartmentDependency (ID,disciplineID,departmentID,courseNumber,semesterNumber) VALUES ('5344','5344','74','3','1');
INSERT INTO disciplineDepartmentDependency (ID,disciplineID,departmentID,courseNumber,semesterNumber) VALUES ('5345','5345','74','4','2');
INSERT INTO disciplineDepartmentDependency (ID,disciplineID,departmentID,courseNumber,semesterNumber) VALUES ('5346','5346','74','5','1');
INSERT INTO disciplineDepartmentDependency (ID,disciplineID,departmentID,courseNumber,semesterNumber) VALUES ('5347','5347','74','6','2');
INSERT INTO disciplineDepartmentDependency (ID,disciplineID,departmentID,courseNumber,semesterNumber) VALUES ('5348','5348','74','1','1');
INSERT INTO disciplineDepartmentDependency (ID,disciplineID,departmentID,courseNumber,semesterNumber) VALUES ('5349','5349','74','2','2');
INSERT INTO disciplineDepartmentDependency (ID,disciplineID,departmentID,courseNumber,semesterNumber) VALUES ('5350','5350','74','3','1');
INSERT INTO disciplineDepartmentDependency (ID,disciplineID,departmentID,courseNumber,semesterNumber) VALUES ('5351','5351','74','4','2');
INSERT INTO disciplineDepartmentDependency (ID,disciplineID,departmentID,courseNumber,semesterNumber) VALUES ('5352','5352','74','5','1');
INSERT INTO disciplineDepartmentDependency (ID,disciplineID,departmentID,courseNumber,semesterNumber) VALUES ('5353','5353','74','6','2');
INSERT INTO disciplineDepartmentDependency (ID,disciplineID,departmentID,courseNumber,semesterNumber) VALUES ('5354','5354','74','1','1');
INSERT INTO disciplineDepartmentDependency (ID,disciplineID,departmentID,courseNumber,semesterNumber) VALUES ('5355','5355','74','2','2');
INSERT INTO disciplineDepartmentDependency (ID,disciplineID,departmentID,courseNumber,semesterNumber) VALUES ('5356','5356','74','3','1');
INSERT INTO disciplineDepartmentDependency (ID,disciplineID,departmentID,courseNumber,semesterNumber) VALUES ('5357','5357','74','4','2');
INSERT INTO disciplineDepartmentDependency (ID,disciplineID,departmentID,courseNumber,semesterNumber) VALUES ('5358','5358','74','5','1');
INSERT INTO disciplineDepartmentDependency (ID,disciplineID,departmentID,courseNumber,semesterNumber) VALUES ('5359','5359','74','6','2');
INSERT INTO disciplineDepartmentDependency (ID,disciplineID,departmentID,courseNumber,semesterNumber) VALUES ('5360','5360','74','1','1');
INSERT INTO disciplineDepartmentDependency (ID,disciplineID,departmentID,courseNumber,semesterNumber) VALUES ('5361','5361','74','2','2');
INSERT INTO disciplineDepartmentDependency (ID,disciplineID,departmentID,courseNumber,semesterNumber) VALUES ('5362','5362','74','3','1');
INSERT INTO disciplineDepartmentDependency (ID,disciplineID,departmentID,courseNumber,semesterNumber) VALUES ('5363','5363','74','4','2');
INSERT INTO disciplineDepartmentDependency (ID,disciplineID,departmentID,courseNumber,semesterNumber) VALUES ('5364','5364','74','5','1');
INSERT INTO disciplineDepartmentDependency (ID,disciplineID,departmentID,courseNumber,semesterNumber) VALUES ('5365','5365','74','6','2');
INSERT INTO disciplineDepartmentDependency (ID,disciplineID,departmentID,courseNumber,semesterNumber) VALUES ('5366','5366','74','1','1');
INSERT INTO disciplineDepartmentDependency (ID,disciplineID,departmentID,courseNumber,semesterNumber) VALUES ('5367','5367','74','2','2');
INSERT INTO disciplineDepartmentDependency (ID,disciplineID,departmentID,courseNumber,semesterNumber) VALUES ('5368','5368','74','3','1');
INSERT INTO disciplineDepartmentDependency (ID,disciplineID,departmentID,courseNumber,semesterNumber) VALUES ('5369','5369','74','4','2');
INSERT INTO disciplineDepartmentDependency (ID,disciplineID,departmentID,courseNumber,semesterNumber) VALUES ('5370','5370','74','5','1');
INSERT INTO disciplineDepartmentDependency (ID,disciplineID,departmentID,courseNumber,semesterNumber) VALUES ('5371','5371','74','6','2');
INSERT INTO disciplineDepartmentDependency (ID,disciplineID,departmentID,courseNumber,semesterNumber) VALUES ('5372','5372','74','1','1');
INSERT INTO disciplineDepartmentDependency (ID,disciplineID,departmentID,courseNumber,semesterNumber) VALUES ('5373','5373','74','2','2');
INSERT INTO disciplineDepartmentDependency (ID,disciplineID,departmentID,courseNumber,semesterNumber) VALUES ('5374','5374','74','3','1');
INSERT INTO disciplineDepartmentDependency (ID,disciplineID,departmentID,courseNumber,semesterNumber) VALUES ('5375','5375','74','4','2');
INSERT INTO disciplineDepartmentDependency (ID,disciplineID,departmentID,courseNumber,semesterNumber) VALUES ('5376','5376','74','5','1');
INSERT INTO disciplineDepartmentDependency (ID,disciplineID,departmentID,courseNumber,semesterNumber) VALUES ('5377','5377','74','6','2');
INSERT INTO disciplineDepartmentDependency (ID,disciplineID,departmentID,courseNumber,semesterNumber) VALUES ('5378','5378','74','1','1');
INSERT INTO disciplineDepartmentDependency (ID,disciplineID,departmentID,courseNumber,semesterNumber) VALUES ('5379','5379','74','2','2');
INSERT INTO disciplineDepartmentDependency (ID,disciplineID,departmentID,courseNumber,semesterNumber) VALUES ('5380','5380','74','3','1');
INSERT INTO loginpass (ID,login,password,access_type) VALUES ('200','VXQENAGUMENQK@hotmail.de','r7gXgdcB','employee');
INSERT INTO employee (name,lastName,fathersName,personalID,sex,email,phoneNumber,dateOfBorn,address,passport,login,office,ID,departmentID) VALUES ('Вишена','ГУМЕНЮК','Іллівна','1878132354','f','VXQENAGUMENQK@hotmail.de','0668513557','1994-05-01','40252 Ніжин Водоп’янова 26, 10','OJ765351 ГУМВС 30','VXQENAGUMENQK@hotmail.de','HR','192','74');
INSERT INTO loginpass (ID,login,password,access_type) VALUES ('201','VIRODANKOVALQ@web.de','k1AjJXm&','employee');
INSERT INTO employee (name,lastName,fathersName,personalID,sex,email,phoneNumber,dateOfBorn,address,passport,login,office,ID,departmentID) VALUES ('Віродан','КОВАЛЬ','Григорович','1681223247','m','VIRODANKOVALQ@web.de','0636776523','1985-03-06','30845 Славута Громова 70, 82','CB134841 ГУМВС 49','VIRODANKOVALQ@web.de','HR','193','74');
INSERT INTO gtgroup (id,fullGroupName,courseNumber,departmentID) VALUES ('864','КІФСП-10','1','74');
INSERT INTO gtgroup (id,fullGroupName,courseNumber,departmentID) VALUES ('865','КІФСП-11','1','74');
INSERT INTO gtgroup (id,fullGroupName,courseNumber,departmentID) VALUES ('866','КІФСП-12','1','74');
INSERT INTO gtgroup (id,fullGroupName,courseNumber,departmentID) VALUES ('867','КІФСП-20','2','74');
INSERT INTO gtgroup (id,fullGroupName,courseNumber,departmentID) VALUES ('868','КІФСП-21','2','74');
INSERT INTO gtgroup (id,fullGroupName,courseNumber,departmentID) VALUES ('869','КІФСП-22','2','74');
INSERT INTO gtgroup (id,fullGroupName,courseNumber,departmentID) VALUES ('870','КІФСП-30','3','74');
INSERT INTO gtgroup (id,fullGroupName,courseNumber,departmentID) VALUES ('871','КІФСП-31','3','74');
INSERT INTO gtgroup (id,fullGroupName,courseNumber,departmentID) VALUES ('872','КІФСП-32','3','74');
INSERT INTO gtgroup (id,fullGroupName,courseNumber,departmentID) VALUES ('873','КІФСП-40','4','74');
INSERT INTO gtgroup (id,fullGroupName,courseNumber,departmentID) VALUES ('874','КІФСП-41','4','74');
INSERT INTO gtgroup (id,fullGroupName,courseNumber,departmentID) VALUES ('875','КІФСП-42','4','74');
INSERT INTO gtgroup (id,fullGroupName,courseNumber,departmentID) VALUES ('876','КІФСП-50','5','74');
INSERT INTO gtgroup (id,fullGroupName,courseNumber,departmentID) VALUES ('877','КІФСП-51','5','74');
INSERT INTO gtgroup (id,fullGroupName,courseNumber,departmentID) VALUES ('878','КІФСП-52','5','74');
INSERT INTO gtgroup (id,fullGroupName,courseNumber,departmentID) VALUES ('879','КІФСП-60','6','74');
INSERT INTO gtgroup (id,fullGroupName,courseNumber,departmentID) VALUES ('880','КІФСП-61','6','74');
INSERT INTO gtgroup (id,fullGroupName,courseNumber,departmentID) VALUES ('881','КІФСП-62','6','74');
INSERT INTO dayRequirements (id,departmentID,countOfDaysInWeek,countOfLessonsInADay) VALUES ('74','75','6','5');
INSERT INTO discipline (id,nameOfDiscipline,countOfLessons,exam) VALUES ('5381','Discipline МАТЙ-0','15','no');
INSERT INTO discipline (id,nameOfDiscipline,countOfLessons,exam) VALUES ('5382','Discipline МАТЙ-1','15','no');
INSERT INTO discipline (id,nameOfDiscipline,countOfLessons,exam) VALUES ('5383','Discipline МАТЙ-2','15','no');
INSERT INTO discipline (id,nameOfDiscipline,countOfLessons,exam) VALUES ('5384','Discipline МАТЙ-3','15','no');
INSERT INTO discipline (id,nameOfDiscipline,countOfLessons,exam) VALUES ('5385','Discipline МАТЙ-4','15','no');
INSERT INTO discipline (id,nameOfDiscipline,countOfLessons,exam) VALUES ('5386','Discipline МАТЙ-5','15','no');
INSERT INTO discipline (id,nameOfDiscipline,countOfLessons,exam) VALUES ('5387','Discipline МАТЙ-6','15','no');
INSERT INTO discipline (id,nameOfDiscipline,countOfLessons,exam) VALUES ('5388','Discipline МАТЙ-7','15','no');
INSERT INTO discipline (id,nameOfDiscipline,countOfLessons,exam) VALUES ('5389','Discipline МАТЙ-8','15','no');
INSERT INTO discipline (id,nameOfDiscipline,countOfLessons,exam) VALUES ('5390','Discipline МАТЙ-9','15','no');
INSERT INTO discipline (id,nameOfDiscipline,countOfLessons,exam) VALUES ('5391','Discipline МАТЙ-10','15','no');
INSERT INTO discipline (id,nameOfDiscipline,countOfLessons,exam) VALUES ('5392','Discipline МАТЙ-11','15','no');
INSERT INTO discipline (id,nameOfDiscipline,countOfLessons,exam) VALUES ('5393','Discipline МАТЙ-12','15','no');
INSERT INTO discipline (id,nameOfDiscipline,countOfLessons,exam) VALUES ('5394','Discipline МАТЙ-13','15','no');
INSERT INTO discipline (id,nameOfDiscipline,countOfLessons,exam) VALUES ('5395','Discipline МАТЙ-14','15','no');
INSERT INTO discipline (id,nameOfDiscipline,countOfLessons,exam) VALUES ('5396','Discipline МАТЙ-15','15','no');
INSERT INTO discipline (id,nameOfDiscipline,countOfLessons,exam) VALUES ('5397','Discipline МАТЙ-16','15','no');
INSERT INTO discipline (id,nameOfDiscipline,countOfLessons,exam) VALUES ('5398','Discipline МАТЙ-17','15','no');
INSERT INTO discipline (id,nameOfDiscipline,countOfLessons,exam) VALUES ('5399','Discipline МАТЙ-18','15','no');
INSERT INTO discipline (id,nameOfDiscipline,countOfLessons,exam) VALUES ('5400','Discipline МАТЙ-19','15','no');
INSERT INTO discipline (id,nameOfDiscipline,countOfLessons,exam) VALUES ('5401','Discipline МАТЙ-20','15','no');
INSERT INTO discipline (id,nameOfDiscipline,countOfLessons,exam) VALUES ('5402','Discipline МАТЙ-21','15','no');
INSERT INTO discipline (id,nameOfDiscipline,countOfLessons,exam) VALUES ('5403','Discipline МАТЙ-22','15','no');
INSERT INTO discipline (id,nameOfDiscipline,countOfLessons,exam) VALUES ('5404','Discipline МАТЙ-23','15','no');
INSERT INTO discipline (id,nameOfDiscipline,countOfLessons,exam) VALUES ('5405','Discipline МАТЙ-24','15','no');
INSERT INTO discipline (id,nameOfDiscipline,countOfLessons,exam) VALUES ('5406','Discipline МАТЙ-25','15','no');
INSERT INTO discipline (id,nameOfDiscipline,countOfLessons,exam) VALUES ('5407','Discipline МАТЙ-26','15','no');
INSERT INTO discipline (id,nameOfDiscipline,countOfLessons,exam) VALUES ('5408','Discipline МАТЙ-27','15','no');
INSERT INTO discipline (id,nameOfDiscipline,countOfLessons,exam) VALUES ('5409','Discipline МАТЙ-28','15','no');
INSERT INTO discipline (id,nameOfDiscipline,countOfLessons,exam) VALUES ('5410','Discipline МАТЙ-29','15','no');
INSERT INTO discipline (id,nameOfDiscipline,countOfLessons,exam) VALUES ('5411','Discipline МАТЙ-30','15','no');
INSERT INTO discipline (id,nameOfDiscipline,countOfLessons,exam) VALUES ('5412','Discipline МАТЙ-31','15','no');
INSERT INTO discipline (id,nameOfDiscipline,countOfLessons,exam) VALUES ('5413','Discipline МАТЙ-32','15','no');
INSERT INTO discipline (id,nameOfDiscipline,countOfLessons,exam) VALUES ('5414','Discipline МАТЙ-33','15','no');
INSERT INTO discipline (id,nameOfDiscipline,countOfLessons,exam) VALUES ('5415','Discipline МАТЙ-34','15','no');
INSERT INTO discipline (id,nameOfDiscipline,countOfLessons,exam) VALUES ('5416','Discipline МАТЙ-35','15','no');
INSERT INTO discipline (id,nameOfDiscipline,countOfLessons,exam) VALUES ('5417','Discipline МАТЙ-36','15','no');
INSERT INTO discipline (id,nameOfDiscipline,countOfLessons,exam) VALUES ('5418','Discipline МАТЙ-37','15','no');
INSERT INTO discipline (id,nameOfDiscipline,countOfLessons,exam) VALUES ('5419','Discipline МАТЙ-38','15','no');
INSERT INTO discipline (id,nameOfDiscipline,countOfLessons,exam) VALUES ('5420','Discipline МАТЙ-39','15','no');
INSERT INTO discipline (id,nameOfDiscipline,countOfLessons,exam) VALUES ('5421','Discipline МАТЙ-40','15','no');
INSERT INTO discipline (id,nameOfDiscipline,countOfLessons,exam) VALUES ('5422','Discipline МАТЙ-41','15','no');
INSERT INTO discipline (id,nameOfDiscipline,countOfLessons,exam) VALUES ('5423','Discipline МАТЙ-42','15','no');
INSERT INTO discipline (id,nameOfDiscipline,countOfLessons,exam) VALUES ('5424','Discipline МАТЙ-43','15','no');
INSERT INTO discipline (id,nameOfDiscipline,countOfLessons,exam) VALUES ('5425','Discipline МАТЙ-44','15','no');
INSERT INTO discipline (id,nameOfDiscipline,countOfLessons,exam) VALUES ('5426','Discipline МАТЙ-45','15','no');
INSERT INTO discipline (id,nameOfDiscipline,countOfLessons,exam) VALUES ('5427','Discipline МАТЙ-46','15','no');
INSERT INTO discipline (id,nameOfDiscipline,countOfLessons,exam) VALUES ('5428','Discipline МАТЙ-47','15','no');
INSERT INTO discipline (id,nameOfDiscipline,countOfLessons,exam) VALUES ('5429','Discipline МАТЙ-48','15','no');
INSERT INTO discipline (id,nameOfDiscipline,countOfLessons,exam) VALUES ('5430','Discipline МАТЙ-49','15','no');
INSERT INTO discipline (id,nameOfDiscipline,countOfLessons,exam) VALUES ('5431','Discipline МАТЙ-50','15','no');
INSERT INTO discipline (id,nameOfDiscipline,countOfLessons,exam) VALUES ('5432','Discipline МАТЙ-51','15','no');
INSERT INTO discipline (id,nameOfDiscipline,countOfLessons,exam) VALUES ('5433','Discipline МАТЙ-52','15','no');
INSERT INTO discipline (id,nameOfDiscipline,countOfLessons,exam) VALUES ('5434','Discipline МАТЙ-53','15','no');
INSERT INTO discipline (id,nameOfDiscipline,countOfLessons,exam) VALUES ('5435','Discipline МАТЙ-54','15','no');
INSERT INTO discipline (id,nameOfDiscipline,countOfLessons,exam) VALUES ('5436','Discipline МАТЙ-55','15','no');
INSERT INTO discipline (id,nameOfDiscipline,countOfLessons,exam) VALUES ('5437','Discipline МАТЙ-56','15','no');
INSERT INTO discipline (id,nameOfDiscipline,countOfLessons,exam) VALUES ('5438','Discipline МАТЙ-57','15','no');
INSERT INTO discipline (id,nameOfDiscipline,countOfLessons,exam) VALUES ('5439','Discipline МАТЙ-58','15','no');
INSERT INTO discipline (id,nameOfDiscipline,countOfLessons,exam) VALUES ('5440','Discipline МАТЙ-59','15','no');
INSERT INTO discipline (id,nameOfDiscipline,countOfLessons,exam) VALUES ('5441','Discipline МАТЙ-60','15','no');
INSERT INTO discipline (id,nameOfDiscipline,countOfLessons,exam) VALUES ('5442','Discipline МАТЙ-61','15','no');
INSERT INTO discipline (id,nameOfDiscipline,countOfLessons,exam) VALUES ('5443','Discipline МАТЙ-62','15','no');
INSERT INTO discipline (id,nameOfDiscipline,countOfLessons,exam) VALUES ('5444','Discipline МАТЙ-63','15','no');
INSERT INTO disciplineDepartmentDependency (ID,disciplineID,departmentID,courseNumber,semesterNumber) VALUES ('5381','5381','75','1','1');
INSERT INTO disciplineDepartmentDependency (ID,disciplineID,departmentID,courseNumber,semesterNumber) VALUES ('5382','5382','75','2','2');
INSERT INTO disciplineDepartmentDependency (ID,disciplineID,departmentID,courseNumber,semesterNumber) VALUES ('5383','5383','75','3','1');
INSERT INTO disciplineDepartmentDependency (ID,disciplineID,departmentID,courseNumber,semesterNumber) VALUES ('5384','5384','75','4','2');
INSERT INTO disciplineDepartmentDependency (ID,disciplineID,departmentID,courseNumber,semesterNumber) VALUES ('5385','5385','75','5','1');
INSERT INTO disciplineDepartmentDependency (ID,disciplineID,departmentID,courseNumber,semesterNumber) VALUES ('5386','5386','75','6','2');
INSERT INTO disciplineDepartmentDependency (ID,disciplineID,departmentID,courseNumber,semesterNumber) VALUES ('5387','5387','75','1','1');
INSERT INTO disciplineDepartmentDependency (ID,disciplineID,departmentID,courseNumber,semesterNumber) VALUES ('5388','5388','75','2','2');
INSERT INTO disciplineDepartmentDependency (ID,disciplineID,departmentID,courseNumber,semesterNumber) VALUES ('5389','5389','75','3','1');
INSERT INTO disciplineDepartmentDependency (ID,disciplineID,departmentID,courseNumber,semesterNumber) VALUES ('5390','5390','75','4','2');
INSERT INTO disciplineDepartmentDependency (ID,disciplineID,departmentID,courseNumber,semesterNumber) VALUES ('5391','5391','75','5','1');
INSERT INTO disciplineDepartmentDependency (ID,disciplineID,departmentID,courseNumber,semesterNumber) VALUES ('5392','5392','75','6','2');
INSERT INTO disciplineDepartmentDependency (ID,disciplineID,departmentID,courseNumber,semesterNumber) VALUES ('5393','5393','75','1','1');
INSERT INTO disciplineDepartmentDependency (ID,disciplineID,departmentID,courseNumber,semesterNumber) VALUES ('5394','5394','75','2','2');
INSERT INTO disciplineDepartmentDependency (ID,disciplineID,departmentID,courseNumber,semesterNumber) VALUES ('5395','5395','75','3','1');
INSERT INTO disciplineDepartmentDependency (ID,disciplineID,departmentID,courseNumber,semesterNumber) VALUES ('5396','5396','75','4','2');
INSERT INTO disciplineDepartmentDependency (ID,disciplineID,departmentID,courseNumber,semesterNumber) VALUES ('5397','5397','75','5','1');
INSERT INTO disciplineDepartmentDependency (ID,disciplineID,departmentID,courseNumber,semesterNumber) VALUES ('5398','5398','75','6','2');
INSERT INTO disciplineDepartmentDependency (ID,disciplineID,departmentID,courseNumber,semesterNumber) VALUES ('5399','5399','75','1','1');
INSERT INTO disciplineDepartmentDependency (ID,disciplineID,departmentID,courseNumber,semesterNumber) VALUES ('5400','5400','75','2','2');
INSERT INTO disciplineDepartmentDependency (ID,disciplineID,departmentID,courseNumber,semesterNumber) VALUES ('5401','5401','75','3','1');
INSERT INTO disciplineDepartmentDependency (ID,disciplineID,departmentID,courseNumber,semesterNumber) VALUES ('5402','5402','75','4','2');
INSERT INTO disciplineDepartmentDependency (ID,disciplineID,departmentID,courseNumber,semesterNumber) VALUES ('5403','5403','75','5','1');
INSERT INTO disciplineDepartmentDependency (ID,disciplineID,departmentID,courseNumber,semesterNumber) VALUES ('5404','5404','75','6','2');
INSERT INTO disciplineDepartmentDependency (ID,disciplineID,departmentID,courseNumber,semesterNumber) VALUES ('5405','5405','75','1','1');
INSERT INTO disciplineDepartmentDependency (ID,disciplineID,departmentID,courseNumber,semesterNumber) VALUES ('5406','5406','75','2','2');
INSERT INTO disciplineDepartmentDependency (ID,disciplineID,departmentID,courseNumber,semesterNumber) VALUES ('5407','5407','75','3','1');
INSERT INTO disciplineDepartmentDependency (ID,disciplineID,departmentID,courseNumber,semesterNumber) VALUES ('5408','5408','75','4','2');
INSERT INTO disciplineDepartmentDependency (ID,disciplineID,departmentID,courseNumber,semesterNumber) VALUES ('5409','5409','75','5','1');
INSERT INTO disciplineDepartmentDependency (ID,disciplineID,departmentID,courseNumber,semesterNumber) VALUES ('5410','5410','75','6','2');
INSERT INTO disciplineDepartmentDependency (ID,disciplineID,departmentID,courseNumber,semesterNumber) VALUES ('5411','5411','75','1','1');
INSERT INTO disciplineDepartmentDependency (ID,disciplineID,departmentID,courseNumber,semesterNumber) VALUES ('5412','5412','75','2','2');
INSERT INTO disciplineDepartmentDependency (ID,disciplineID,departmentID,courseNumber,semesterNumber) VALUES ('5413','5413','75','3','1');
INSERT INTO disciplineDepartmentDependency (ID,disciplineID,departmentID,courseNumber,semesterNumber) VALUES ('5414','5414','75','4','2');
INSERT INTO disciplineDepartmentDependency (ID,disciplineID,departmentID,courseNumber,semesterNumber) VALUES ('5415','5415','75','5','1');
INSERT INTO disciplineDepartmentDependency (ID,disciplineID,departmentID,courseNumber,semesterNumber) VALUES ('5416','5416','75','6','2');
INSERT INTO disciplineDepartmentDependency (ID,disciplineID,departmentID,courseNumber,semesterNumber) VALUES ('5417','5417','75','1','1');
INSERT INTO disciplineDepartmentDependency (ID,disciplineID,departmentID,courseNumber,semesterNumber) VALUES ('5418','5418','75','2','2');
INSERT INTO disciplineDepartmentDependency (ID,disciplineID,departmentID,courseNumber,semesterNumber) VALUES ('5419','5419','75','3','1');
INSERT INTO disciplineDepartmentDependency (ID,disciplineID,departmentID,courseNumber,semesterNumber) VALUES ('5420','5420','75','4','2');
INSERT INTO disciplineDepartmentDependency (ID,disciplineID,departmentID,courseNumber,semesterNumber) VALUES ('5421','5421','75','5','1');
INSERT INTO disciplineDepartmentDependency (ID,disciplineID,departmentID,courseNumber,semesterNumber) VALUES ('5422','5422','75','6','2');
INSERT INTO disciplineDepartmentDependency (ID,disciplineID,departmentID,courseNumber,semesterNumber) VALUES ('5423','5423','75','1','1');
INSERT INTO disciplineDepartmentDependency (ID,disciplineID,departmentID,courseNumber,semesterNumber) VALUES ('5424','5424','75','2','2');
INSERT INTO disciplineDepartmentDependency (ID,disciplineID,departmentID,courseNumber,semesterNumber) VALUES ('5425','5425','75','3','1');
INSERT INTO disciplineDepartmentDependency (ID,disciplineID,departmentID,courseNumber,semesterNumber) VALUES ('5426','5426','75','4','2');
INSERT INTO disciplineDepartmentDependency (ID,disciplineID,departmentID,courseNumber,semesterNumber) VALUES ('5427','5427','75','5','1');
INSERT INTO disciplineDepartmentDependency (ID,disciplineID,departmentID,courseNumber,semesterNumber) VALUES ('5428','5428','75','6','2');
INSERT INTO disciplineDepartmentDependency (ID,disciplineID,departmentID,courseNumber,semesterNumber) VALUES ('5429','5429','75','1','1');
INSERT INTO disciplineDepartmentDependency (ID,disciplineID,departmentID,courseNumber,semesterNumber) VALUES ('5430','5430','75','2','2');
INSERT INTO disciplineDepartmentDependency (ID,disciplineID,departmentID,courseNumber,semesterNumber) VALUES ('5431','5431','75','3','1');
INSERT INTO disciplineDepartmentDependency (ID,disciplineID,departmentID,courseNumber,semesterNumber) VALUES ('5432','5432','75','4','2');
INSERT INTO disciplineDepartmentDependency (ID,disciplineID,departmentID,courseNumber,semesterNumber) VALUES ('5433','5433','75','5','1');
INSERT INTO disciplineDepartmentDependency (ID,disciplineID,departmentID,courseNumber,semesterNumber) VALUES ('5434','5434','75','6','2');
INSERT INTO disciplineDepartmentDependency (ID,disciplineID,departmentID,courseNumber,semesterNumber) VALUES ('5435','5435','75','1','1');
INSERT INTO disciplineDepartmentDependency (ID,disciplineID,departmentID,courseNumber,semesterNumber) VALUES ('5436','5436','75','2','2');
INSERT INTO disciplineDepartmentDependency (ID,disciplineID,departmentID,courseNumber,semesterNumber) VALUES ('5437','5437','75','3','1');
INSERT INTO disciplineDepartmentDependency (ID,disciplineID,departmentID,courseNumber,semesterNumber) VALUES ('5438','5438','75','4','2');
INSERT INTO disciplineDepartmentDependency (ID,disciplineID,departmentID,courseNumber,semesterNumber) VALUES ('5439','5439','75','5','1');
INSERT INTO disciplineDepartmentDependency (ID,disciplineID,departmentID,courseNumber,semesterNumber) VALUES ('5440','5440','75','6','2');
INSERT INTO disciplineDepartmentDependency (ID,disciplineID,departmentID,courseNumber,semesterNumber) VALUES ('5441','5441','75','1','1');
INSERT INTO disciplineDepartmentDependency (ID,disciplineID,departmentID,courseNumber,semesterNumber) VALUES ('5442','5442','75','2','2');
INSERT INTO disciplineDepartmentDependency (ID,disciplineID,departmentID,courseNumber,semesterNumber) VALUES ('5443','5443','75','3','1');
INSERT INTO disciplineDepartmentDependency (ID,disciplineID,departmentID,courseNumber,semesterNumber) VALUES ('5444','5444','75','4','2');
INSERT INTO loginpass (ID,login,password,access_type) VALUES ('202','GORDXSLAVKXRXZENKO@live.fr','BMrPNhis','employee');
INSERT INTO employee (name,lastName,fathersName,personalID,sex,email,phoneNumber,dateOfBorn,address,passport,login,office,ID,departmentID) VALUES ('Гордислав','КИРИЧЕНКО','Ілліч','8750156407','m','GORDXSLAVKXRXZENKO@live.fr','0668540482','1981-02-23','63816 Луцьк Водоп’янова 38, 176','RQ752121 ГУМВС 27','GORDXSLAVKXRXZENKO@live.fr','HR','194','75');
INSERT INTO loginpass (ID,login,password,access_type) VALUES ('203','VITANANAUMENKO@live.co.uk','3Bzsm$Mx','employee');
INSERT INTO employee (name,lastName,fathersName,personalID,sex,email,phoneNumber,dateOfBorn,address,passport,login,office,ID,departmentID) VALUES ('Вітана','НАУМЕНКО','Савівна','7653836814','f','VITANANAUMENKO@live.co.uk','0508340357','1978-07-25','74666 Славута Грузевича 25, 282','NJ518833 ГУМВС 26','VITANANAUMENKO@live.co.uk','HR','195','75');
INSERT INTO loginpass (ID,login,password,access_type) VALUES ('204','VSEMXRAWINZENKO@t-online.de','2dxxxVjw','employee');
INSERT INTO employee (name,lastName,fathersName,personalID,sex,email,phoneNumber,dateOfBorn,address,passport,login,office,ID,departmentID) VALUES ('Всемира','ЗІНЧЕНКО','Кузьмівна','8817853024','f','VSEMXRAWINZENKO@t-online.de','0683050830','1970-07-02','54041 Обухів Івана Франка 15, 4','NC651358 ГУМВС 4','VSEMXRAWINZENKO@t-online.de','HR','196','75');
INSERT INTO gtgroup (id,fullGroupName,courseNumber,departmentID) VALUES ('882','МАТЙ-10','1','75');
INSERT INTO gtgroup (id,fullGroupName,courseNumber,departmentID) VALUES ('883','МАТЙ-11','1','75');
INSERT INTO gtgroup (id,fullGroupName,courseNumber,departmentID) VALUES ('884','МАТЙ-12','1','75');
INSERT INTO gtgroup (id,fullGroupName,courseNumber,departmentID) VALUES ('885','МАТЙ-20','2','75');
INSERT INTO gtgroup (id,fullGroupName,courseNumber,departmentID) VALUES ('886','МАТЙ-21','2','75');
INSERT INTO gtgroup (id,fullGroupName,courseNumber,departmentID) VALUES ('887','МАТЙ-22','2','75');
INSERT INTO gtgroup (id,fullGroupName,courseNumber,departmentID) VALUES ('888','МАТЙ-30','3','75');
INSERT INTO gtgroup (id,fullGroupName,courseNumber,departmentID) VALUES ('889','МАТЙ-31','3','75');
INSERT INTO gtgroup (id,fullGroupName,courseNumber,departmentID) VALUES ('890','МАТЙ-32','3','75');
INSERT INTO gtgroup (id,fullGroupName,courseNumber,departmentID) VALUES ('891','МАТЙ-40','4','75');
INSERT INTO gtgroup (id,fullGroupName,courseNumber,departmentID) VALUES ('892','МАТЙ-41','4','75');
INSERT INTO gtgroup (id,fullGroupName,courseNumber,departmentID) VALUES ('893','МАТЙ-42','4','75');
INSERT INTO gtgroup (id,fullGroupName,courseNumber,departmentID) VALUES ('894','МАТЙ-50','5','75');
INSERT INTO gtgroup (id,fullGroupName,courseNumber,departmentID) VALUES ('895','МАТЙ-51','5','75');
INSERT INTO gtgroup (id,fullGroupName,courseNumber,departmentID) VALUES ('896','МАТЙ-52','5','75');
INSERT INTO gtgroup (id,fullGroupName,courseNumber,departmentID) VALUES ('897','МАТЙ-60','6','75');
INSERT INTO gtgroup (id,fullGroupName,courseNumber,departmentID) VALUES ('898','МАТЙ-61','6','75');
INSERT INTO gtgroup (id,fullGroupName,courseNumber,departmentID) VALUES ('899','МАТЙ-62','6','75');
INSERT INTO dayRequirements (id,departmentID,countOfDaysInWeek,countOfLessonsInADay) VALUES ('75','76','6','5');
INSERT INTO discipline (id,nameOfDiscipline,countOfLessons,exam) VALUES ('5445','Discipline ДР-0','15','no');
INSERT INTO discipline (id,nameOfDiscipline,countOfLessons,exam) VALUES ('5446','Discipline ДР-1','15','no');
INSERT INTO discipline (id,nameOfDiscipline,countOfLessons,exam) VALUES ('5447','Discipline ДР-2','15','no');
INSERT INTO discipline (id,nameOfDiscipline,countOfLessons,exam) VALUES ('5448','Discipline ДР-3','15','no');
INSERT INTO discipline (id,nameOfDiscipline,countOfLessons,exam) VALUES ('5449','Discipline ДР-4','15','no');
INSERT INTO discipline (id,nameOfDiscipline,countOfLessons,exam) VALUES ('5450','Discipline ДР-5','15','no');
INSERT INTO discipline (id,nameOfDiscipline,countOfLessons,exam) VALUES ('5451','Discipline ДР-6','15','no');
INSERT INTO discipline (id,nameOfDiscipline,countOfLessons,exam) VALUES ('5452','Discipline ДР-7','15','no');
INSERT INTO discipline (id,nameOfDiscipline,countOfLessons,exam) VALUES ('5453','Discipline ДР-8','15','no');
INSERT INTO discipline (id,nameOfDiscipline,countOfLessons,exam) VALUES ('5454','Discipline ДР-9','15','no');
INSERT INTO discipline (id,nameOfDiscipline,countOfLessons,exam) VALUES ('5455','Discipline ДР-10','15','no');
INSERT INTO discipline (id,nameOfDiscipline,countOfLessons,exam) VALUES ('5456','Discipline ДР-11','15','no');
INSERT INTO discipline (id,nameOfDiscipline,countOfLessons,exam) VALUES ('5457','Discipline ДР-12','15','no');
INSERT INTO discipline (id,nameOfDiscipline,countOfLessons,exam) VALUES ('5458','Discipline ДР-13','15','no');
INSERT INTO discipline (id,nameOfDiscipline,countOfLessons,exam) VALUES ('5459','Discipline ДР-14','15','no');
INSERT INTO discipline (id,nameOfDiscipline,countOfLessons,exam) VALUES ('5460','Discipline ДР-15','15','no');
INSERT INTO discipline (id,nameOfDiscipline,countOfLessons,exam) VALUES ('5461','Discipline ДР-16','15','no');
INSERT INTO discipline (id,nameOfDiscipline,countOfLessons,exam) VALUES ('5462','Discipline ДР-17','15','no');
INSERT INTO discipline (id,nameOfDiscipline,countOfLessons,exam) VALUES ('5463','Discipline ДР-18','15','no');
INSERT INTO discipline (id,nameOfDiscipline,countOfLessons,exam) VALUES ('5464','Discipline ДР-19','15','no');
INSERT INTO discipline (id,nameOfDiscipline,countOfLessons,exam) VALUES ('5465','Discipline ДР-20','15','no');
INSERT INTO discipline (id,nameOfDiscipline,countOfLessons,exam) VALUES ('5466','Discipline ДР-21','15','no');
INSERT INTO discipline (id,nameOfDiscipline,countOfLessons,exam) VALUES ('5467','Discipline ДР-22','15','no');
INSERT INTO discipline (id,nameOfDiscipline,countOfLessons,exam) VALUES ('5468','Discipline ДР-23','15','no');
INSERT INTO discipline (id,nameOfDiscipline,countOfLessons,exam) VALUES ('5469','Discipline ДР-24','15','no');
INSERT INTO discipline (id,nameOfDiscipline,countOfLessons,exam) VALUES ('5470','Discipline ДР-25','15','no');
INSERT INTO discipline (id,nameOfDiscipline,countOfLessons,exam) VALUES ('5471','Discipline ДР-26','15','no');
INSERT INTO discipline (id,nameOfDiscipline,countOfLessons,exam) VALUES ('5472','Discipline ДР-27','15','no');
INSERT INTO discipline (id,nameOfDiscipline,countOfLessons,exam) VALUES ('5473','Discipline ДР-28','15','no');
INSERT INTO discipline (id,nameOfDiscipline,countOfLessons,exam) VALUES ('5474','Discipline ДР-29','15','no');
INSERT INTO discipline (id,nameOfDiscipline,countOfLessons,exam) VALUES ('5475','Discipline ДР-30','15','no');
INSERT INTO discipline (id,nameOfDiscipline,countOfLessons,exam) VALUES ('5476','Discipline ДР-31','15','no');
INSERT INTO discipline (id,nameOfDiscipline,countOfLessons,exam) VALUES ('5477','Discipline ДР-32','15','no');
INSERT INTO discipline (id,nameOfDiscipline,countOfLessons,exam) VALUES ('5478','Discipline ДР-33','15','no');
INSERT INTO discipline (id,nameOfDiscipline,countOfLessons,exam) VALUES ('5479','Discipline ДР-34','15','no');
INSERT INTO discipline (id,nameOfDiscipline,countOfLessons,exam) VALUES ('5480','Discipline ДР-35','15','no');
INSERT INTO discipline (id,nameOfDiscipline,countOfLessons,exam) VALUES ('5481','Discipline ДР-36','15','no');
INSERT INTO discipline (id,nameOfDiscipline,countOfLessons,exam) VALUES ('5482','Discipline ДР-37','15','no');
INSERT INTO discipline (id,nameOfDiscipline,countOfLessons,exam) VALUES ('5483','Discipline ДР-38','15','no');
INSERT INTO discipline (id,nameOfDiscipline,countOfLessons,exam) VALUES ('5484','Discipline ДР-39','15','no');
INSERT INTO discipline (id,nameOfDiscipline,countOfLessons,exam) VALUES ('5485','Discipline ДР-40','15','no');
INSERT INTO discipline (id,nameOfDiscipline,countOfLessons,exam) VALUES ('5486','Discipline ДР-41','15','no');
INSERT INTO discipline (id,nameOfDiscipline,countOfLessons,exam) VALUES ('5487','Discipline ДР-42','15','no');
INSERT INTO discipline (id,nameOfDiscipline,countOfLessons,exam) VALUES ('5488','Discipline ДР-43','15','no');
INSERT INTO discipline (id,nameOfDiscipline,countOfLessons,exam) VALUES ('5489','Discipline ДР-44','15','no');
INSERT INTO discipline (id,nameOfDiscipline,countOfLessons,exam) VALUES ('5490','Discipline ДР-45','15','no');
INSERT INTO discipline (id,nameOfDiscipline,countOfLessons,exam) VALUES ('5491','Discipline ДР-46','15','no');
INSERT INTO discipline (id,nameOfDiscipline,countOfLessons,exam) VALUES ('5492','Discipline ДР-47','15','no');
INSERT INTO discipline (id,nameOfDiscipline,countOfLessons,exam) VALUES ('5493','Discipline ДР-48','15','no');
INSERT INTO discipline (id,nameOfDiscipline,countOfLessons,exam) VALUES ('5494','Discipline ДР-49','15','no');
INSERT INTO discipline (id,nameOfDiscipline,countOfLessons,exam) VALUES ('5495','Discipline ДР-50','15','no');
INSERT INTO discipline (id,nameOfDiscipline,countOfLessons,exam) VALUES ('5496','Discipline ДР-51','15','no');
INSERT INTO discipline (id,nameOfDiscipline,countOfLessons,exam) VALUES ('5497','Discipline ДР-52','15','no');
INSERT INTO discipline (id,nameOfDiscipline,countOfLessons,exam) VALUES ('5498','Discipline ДР-53','15','no');
INSERT INTO discipline (id,nameOfDiscipline,countOfLessons,exam) VALUES ('5499','Discipline ДР-54','15','no');
INSERT INTO discipline (id,nameOfDiscipline,countOfLessons,exam) VALUES ('5500','Discipline ДР-55','15','no');
INSERT INTO discipline (id,nameOfDiscipline,countOfLessons,exam) VALUES ('5501','Discipline ДР-56','15','no');
INSERT INTO discipline (id,nameOfDiscipline,countOfLessons,exam) VALUES ('5502','Discipline ДР-57','15','no');
INSERT INTO discipline (id,nameOfDiscipline,countOfLessons,exam) VALUES ('5503','Discipline ДР-58','15','no');
INSERT INTO discipline (id,nameOfDiscipline,countOfLessons,exam) VALUES ('5504','Discipline ДР-59','15','no');
INSERT INTO discipline (id,nameOfDiscipline,countOfLessons,exam) VALUES ('5505','Discipline ДР-60','15','no');
INSERT INTO discipline (id,nameOfDiscipline,countOfLessons,exam) VALUES ('5506','Discipline ДР-61','15','no');
INSERT INTO discipline (id,nameOfDiscipline,countOfLessons,exam) VALUES ('5507','Discipline ДР-62','15','no');
INSERT INTO discipline (id,nameOfDiscipline,countOfLessons,exam) VALUES ('5508','Discipline ДР-63','15','no');
INSERT INTO discipline (id,nameOfDiscipline,countOfLessons,exam) VALUES ('5509','Discipline ДР-64','15','no');
INSERT INTO discipline (id,nameOfDiscipline,countOfLessons,exam) VALUES ('5510','Discipline ДР-65','15','no');
INSERT INTO discipline (id,nameOfDiscipline,countOfLessons,exam) VALUES ('5511','Discipline ДР-66','15','no');
INSERT INTO discipline (id,nameOfDiscipline,countOfLessons,exam) VALUES ('5512','Discipline ДР-67','15','no');
INSERT INTO discipline (id,nameOfDiscipline,countOfLessons,exam) VALUES ('5513','Discipline ДР-68','15','no');
INSERT INTO discipline (id,nameOfDiscipline,countOfLessons,exam) VALUES ('5514','Discipline ДР-69','15','no');
INSERT INTO discipline (id,nameOfDiscipline,countOfLessons,exam) VALUES ('5515','Discipline ДР-70','15','no');
INSERT INTO discipline (id,nameOfDiscipline,countOfLessons,exam) VALUES ('5516','Discipline ДР-71','15','no');
INSERT INTO discipline (id,nameOfDiscipline,countOfLessons,exam) VALUES ('5517','Discipline ДР-72','15','no');
INSERT INTO disciplineDepartmentDependency (ID,disciplineID,departmentID,courseNumber,semesterNumber) VALUES ('5445','5445','76','1','1');
INSERT INTO disciplineDepartmentDependency (ID,disciplineID,departmentID,courseNumber,semesterNumber) VALUES ('5446','5446','76','2','2');
INSERT INTO disciplineDepartmentDependency (ID,disciplineID,departmentID,courseNumber,semesterNumber) VALUES ('5447','5447','76','3','1');
INSERT INTO disciplineDepartmentDependency (ID,disciplineID,departmentID,courseNumber,semesterNumber) VALUES ('5448','5448','76','4','2');
INSERT INTO disciplineDepartmentDependency (ID,disciplineID,departmentID,courseNumber,semesterNumber) VALUES ('5449','5449','76','5','1');
INSERT INTO disciplineDepartmentDependency (ID,disciplineID,departmentID,courseNumber,semesterNumber) VALUES ('5450','5450','76','6','2');
INSERT INTO disciplineDepartmentDependency (ID,disciplineID,departmentID,courseNumber,semesterNumber) VALUES ('5451','5451','76','1','1');
INSERT INTO disciplineDepartmentDependency (ID,disciplineID,departmentID,courseNumber,semesterNumber) VALUES ('5452','5452','76','2','2');
INSERT INTO disciplineDepartmentDependency (ID,disciplineID,departmentID,courseNumber,semesterNumber) VALUES ('5453','5453','76','3','1');
INSERT INTO disciplineDepartmentDependency (ID,disciplineID,departmentID,courseNumber,semesterNumber) VALUES ('5454','5454','76','4','2');
INSERT INTO disciplineDepartmentDependency (ID,disciplineID,departmentID,courseNumber,semesterNumber) VALUES ('5455','5455','76','5','1');
INSERT INTO disciplineDepartmentDependency (ID,disciplineID,departmentID,courseNumber,semesterNumber) VALUES ('5456','5456','76','6','2');
INSERT INTO disciplineDepartmentDependency (ID,disciplineID,departmentID,courseNumber,semesterNumber) VALUES ('5457','5457','76','1','1');
INSERT INTO disciplineDepartmentDependency (ID,disciplineID,departmentID,courseNumber,semesterNumber) VALUES ('5458','5458','76','2','2');
INSERT INTO disciplineDepartmentDependency (ID,disciplineID,departmentID,courseNumber,semesterNumber) VALUES ('5459','5459','76','3','1');
INSERT INTO disciplineDepartmentDependency (ID,disciplineID,departmentID,courseNumber,semesterNumber) VALUES ('5460','5460','76','4','2');
INSERT INTO disciplineDepartmentDependency (ID,disciplineID,departmentID,courseNumber,semesterNumber) VALUES ('5461','5461','76','5','1');
INSERT INTO disciplineDepartmentDependency (ID,disciplineID,departmentID,courseNumber,semesterNumber) VALUES ('5462','5462','76','6','2');
INSERT INTO disciplineDepartmentDependency (ID,disciplineID,departmentID,courseNumber,semesterNumber) VALUES ('5463','5463','76','1','1');
INSERT INTO disciplineDepartmentDependency (ID,disciplineID,departmentID,courseNumber,semesterNumber) VALUES ('5464','5464','76','2','2');
INSERT INTO disciplineDepartmentDependency (ID,disciplineID,departmentID,courseNumber,semesterNumber) VALUES ('5465','5465','76','3','1');
INSERT INTO disciplineDepartmentDependency (ID,disciplineID,departmentID,courseNumber,semesterNumber) VALUES ('5466','5466','76','4','2');
INSERT INTO disciplineDepartmentDependency (ID,disciplineID,departmentID,courseNumber,semesterNumber) VALUES ('5467','5467','76','5','1');
INSERT INTO disciplineDepartmentDependency (ID,disciplineID,departmentID,courseNumber,semesterNumber) VALUES ('5468','5468','76','6','2');
INSERT INTO disciplineDepartmentDependency (ID,disciplineID,departmentID,courseNumber,semesterNumber) VALUES ('5469','5469','76','1','1');
INSERT INTO disciplineDepartmentDependency (ID,disciplineID,departmentID,courseNumber,semesterNumber) VALUES ('5470','5470','76','2','2');
INSERT INTO disciplineDepartmentDependency (ID,disciplineID,departmentID,courseNumber,semesterNumber) VALUES ('5471','5471','76','3','1');
INSERT INTO disciplineDepartmentDependency (ID,disciplineID,departmentID,courseNumber,semesterNumber) VALUES ('5472','5472','76','4','2');
INSERT INTO disciplineDepartmentDependency (ID,disciplineID,departmentID,courseNumber,semesterNumber) VALUES ('5473','5473','76','5','1');
INSERT INTO disciplineDepartmentDependency (ID,disciplineID,departmentID,courseNumber,semesterNumber) VALUES ('5474','5474','76','6','2');
INSERT INTO disciplineDepartmentDependency (ID,disciplineID,departmentID,courseNumber,semesterNumber) VALUES ('5475','5475','76','1','1');
INSERT INTO disciplineDepartmentDependency (ID,disciplineID,departmentID,courseNumber,semesterNumber) VALUES ('5476','5476','76','2','2');
INSERT INTO disciplineDepartmentDependency (ID,disciplineID,departmentID,courseNumber,semesterNumber) VALUES ('5477','5477','76','3','1');
INSERT INTO disciplineDepartmentDependency (ID,disciplineID,departmentID,courseNumber,semesterNumber) VALUES ('5478','5478','76','4','2');
INSERT INTO disciplineDepartmentDependency (ID,disciplineID,departmentID,courseNumber,semesterNumber) VALUES ('5479','5479','76','5','1');
INSERT INTO disciplineDepartmentDependency (ID,disciplineID,departmentID,courseNumber,semesterNumber) VALUES ('5480','5480','76','6','2');
INSERT INTO disciplineDepartmentDependency (ID,disciplineID,departmentID,courseNumber,semesterNumber) VALUES ('5481','5481','76','1','1');
INSERT INTO disciplineDepartmentDependency (ID,disciplineID,departmentID,courseNumber,semesterNumber) VALUES ('5482','5482','76','2','2');
INSERT INTO disciplineDepartmentDependency (ID,disciplineID,departmentID,courseNumber,semesterNumber) VALUES ('5483','5483','76','3','1');
INSERT INTO disciplineDepartmentDependency (ID,disciplineID,departmentID,courseNumber,semesterNumber) VALUES ('5484','5484','76','4','2');
INSERT INTO disciplineDepartmentDependency (ID,disciplineID,departmentID,courseNumber,semesterNumber) VALUES ('5485','5485','76','5','1');
INSERT INTO disciplineDepartmentDependency (ID,disciplineID,departmentID,courseNumber,semesterNumber) VALUES ('5486','5486','76','6','2');
INSERT INTO disciplineDepartmentDependency (ID,disciplineID,departmentID,courseNumber,semesterNumber) VALUES ('5487','5487','76','1','1');
INSERT INTO disciplineDepartmentDependency (ID,disciplineID,departmentID,courseNumber,semesterNumber) VALUES ('5488','5488','76','2','2');
INSERT INTO disciplineDepartmentDependency (ID,disciplineID,departmentID,courseNumber,semesterNumber) VALUES ('5489','5489','76','3','1');
INSERT INTO disciplineDepartmentDependency (ID,disciplineID,departmentID,courseNumber,semesterNumber) VALUES ('5490','5490','76','4','2');
INSERT INTO disciplineDepartmentDependency (ID,disciplineID,departmentID,courseNumber,semesterNumber) VALUES ('5491','5491','76','5','1');
INSERT INTO disciplineDepartmentDependency (ID,disciplineID,departmentID,courseNumber,semesterNumber) VALUES ('5492','5492','76','6','2');
INSERT INTO disciplineDepartmentDependency (ID,disciplineID,departmentID,courseNumber,semesterNumber) VALUES ('5493','5493','76','1','1');
INSERT INTO disciplineDepartmentDependency (ID,disciplineID,departmentID,courseNumber,semesterNumber) VALUES ('5494','5494','76','2','2');
INSERT INTO disciplineDepartmentDependency (ID,disciplineID,departmentID,courseNumber,semesterNumber) VALUES ('5495','5495','76','3','1');
INSERT INTO disciplineDepartmentDependency (ID,disciplineID,departmentID,courseNumber,semesterNumber) VALUES ('5496','5496','76','4','2');
INSERT INTO disciplineDepartmentDependency (ID,disciplineID,departmentID,courseNumber,semesterNumber) VALUES ('5497','5497','76','5','1');
INSERT INTO disciplineDepartmentDependency (ID,disciplineID,departmentID,courseNumber,semesterNumber) VALUES ('5498','5498','76','6','2');
INSERT INTO disciplineDepartmentDependency (ID,disciplineID,departmentID,courseNumber,semesterNumber) VALUES ('5499','5499','76','1','1');
INSERT INTO disciplineDepartmentDependency (ID,disciplineID,departmentID,courseNumber,semesterNumber) VALUES ('5500','5500','76','2','2');
INSERT INTO disciplineDepartmentDependency (ID,disciplineID,departmentID,courseNumber,semesterNumber) VALUES ('5501','5501','76','3','1');
INSERT INTO disciplineDepartmentDependency (ID,disciplineID,departmentID,courseNumber,semesterNumber) VALUES ('5502','5502','76','4','2');
INSERT INTO disciplineDepartmentDependency (ID,disciplineID,departmentID,courseNumber,semesterNumber) VALUES ('5503','5503','76','5','1');
INSERT INTO disciplineDepartmentDependency (ID,disciplineID,departmentID,courseNumber,semesterNumber) VALUES ('5504','5504','76','6','2');
INSERT INTO disciplineDepartmentDependency (ID,disciplineID,departmentID,courseNumber,semesterNumber) VALUES ('5505','5505','76','1','1');
INSERT INTO disciplineDepartmentDependency (ID,disciplineID,departmentID,courseNumber,semesterNumber) VALUES ('5506','5506','76','2','2');
INSERT INTO disciplineDepartmentDependency (ID,disciplineID,departmentID,courseNumber,semesterNumber) VALUES ('5507','5507','76','3','1');
INSERT INTO disciplineDepartmentDependency (ID,disciplineID,departmentID,courseNumber,semesterNumber) VALUES ('5508','5508','76','4','2');
INSERT INTO disciplineDepartmentDependency (ID,disciplineID,departmentID,courseNumber,semesterNumber) VALUES ('5509','5509','76','5','1');
INSERT INTO disciplineDepartmentDependency (ID,disciplineID,departmentID,courseNumber,semesterNumber) VALUES ('5510','5510','76','6','2');
INSERT INTO disciplineDepartmentDependency (ID,disciplineID,departmentID,courseNumber,semesterNumber) VALUES ('5511','5511','76','1','1');
INSERT INTO disciplineDepartmentDependency (ID,disciplineID,departmentID,courseNumber,semesterNumber) VALUES ('5512','5512','76','2','2');
INSERT INTO disciplineDepartmentDependency (ID,disciplineID,departmentID,courseNumber,semesterNumber) VALUES ('5513','5513','76','3','1');
INSERT INTO disciplineDepartmentDependency (ID,disciplineID,departmentID,courseNumber,semesterNumber) VALUES ('5514','5514','76','4','2');
INSERT INTO disciplineDepartmentDependency (ID,disciplineID,departmentID,courseNumber,semesterNumber) VALUES ('5515','5515','76','5','1');
INSERT INTO disciplineDepartmentDependency (ID,disciplineID,departmentID,courseNumber,semesterNumber) VALUES ('5516','5516','76','6','2');
INSERT INTO disciplineDepartmentDependency (ID,disciplineID,departmentID,courseNumber,semesterNumber) VALUES ('5517','5517','76','1','1');
INSERT INTO loginpass (ID,login,password,access_type) VALUES ('205','BOGUMXLAMAKARENKO@wanadoo.co.uk','oplmg5my','employee');
INSERT INTO employee (name,lastName,fathersName,personalID,sex,email,phoneNumber,dateOfBorn,address,passport,login,office,ID,departmentID) VALUES ('Богумила','МАКАРЕНКО','Іллівна','1010316853','f','BOGUMXLAMAKARENKO@wanadoo.co.uk','0501877321','1982-03-18','84511 Коростень Атамановського 10, 288','KU733675 ГУМВС 34','BOGUMXLAMAKARENKO@wanadoo.co.uk','HR','197','76');
INSERT INTO loginpass (ID,login,password,access_type) VALUES ('206','BILOMXRKOVALQZUK@talktalk.co.uk','vJQM!NvL','employee');
INSERT INTO employee (name,lastName,fathersName,personalID,sex,email,phoneNumber,dateOfBorn,address,passport,login,office,ID,departmentID) VALUES ('Біломир','КОВАЛЬЧУК','Ілліч','5870221076','m','BILOMXRKOVALQZUK@talktalk.co.uk','0665024253','1979-08-05','48650 Луцьк Автомобілістів 54, 258','NL676361 ГУМВС 25','BILOMXRKOVALQZUK@talktalk.co.uk','HR','198','76');
INSERT INTO loginpass (ID,login,password,access_type) VALUES ('207','DALEMXLBILOUS@t-online.de','dsEKFXHw','employee');
INSERT INTO employee (name,lastName,fathersName,personalID,sex,email,phoneNumber,dateOfBorn,address,passport,login,office,ID,departmentID) VALUES ('Далемил','БІЛОУС','Хомич','5842280223','m','DALEMXLBILOUS@t-online.de','0933852874','1959-08-05','05338 Ніжин Артема 10, 119','WU188218 ГУМВС 48','DALEMXLBILOUS@t-online.de','HR','199','76');
INSERT INTO gtgroup (id,fullGroupName,courseNumber,departmentID) VALUES ('900','ДР-10','1','76');
INSERT INTO gtgroup (id,fullGroupName,courseNumber,departmentID) VALUES ('901','ДР-11','1','76');
INSERT INTO gtgroup (id,fullGroupName,courseNumber,departmentID) VALUES ('902','ДР-20','2','76');
INSERT INTO gtgroup (id,fullGroupName,courseNumber,departmentID) VALUES ('903','ДР-21','2','76');
INSERT INTO gtgroup (id,fullGroupName,courseNumber,departmentID) VALUES ('904','ДР-30','3','76');
INSERT INTO gtgroup (id,fullGroupName,courseNumber,departmentID) VALUES ('905','ДР-31','3','76');
INSERT INTO gtgroup (id,fullGroupName,courseNumber,departmentID) VALUES ('906','ДР-40','4','76');
INSERT INTO gtgroup (id,fullGroupName,courseNumber,departmentID) VALUES ('907','ДР-41','4','76');
INSERT INTO gtgroup (id,fullGroupName,courseNumber,departmentID) VALUES ('908','ДР-50','5','76');
INSERT INTO gtgroup (id,fullGroupName,courseNumber,departmentID) VALUES ('909','ДР-51','5','76');
INSERT INTO gtgroup (id,fullGroupName,courseNumber,departmentID) VALUES ('910','ДР-60','6','76');
INSERT INTO gtgroup (id,fullGroupName,courseNumber,departmentID) VALUES ('911','ДР-61','6','76');
INSERT INTO dayRequirements (id,departmentID,countOfDaysInWeek,countOfLessonsInADay) VALUES ('76','77','6','5');
INSERT INTO discipline (id,nameOfDiscipline,countOfLessons,exam) VALUES ('5518','Discipline КМФ-0','15','no');
INSERT INTO discipline (id,nameOfDiscipline,countOfLessons,exam) VALUES ('5519','Discipline КМФ-1','15','no');
INSERT INTO discipline (id,nameOfDiscipline,countOfLessons,exam) VALUES ('5520','Discipline КМФ-2','15','no');
INSERT INTO discipline (id,nameOfDiscipline,countOfLessons,exam) VALUES ('5521','Discipline КМФ-3','15','no');
INSERT INTO discipline (id,nameOfDiscipline,countOfLessons,exam) VALUES ('5522','Discipline КМФ-4','15','no');
INSERT INTO discipline (id,nameOfDiscipline,countOfLessons,exam) VALUES ('5523','Discipline КМФ-5','15','no');
INSERT INTO discipline (id,nameOfDiscipline,countOfLessons,exam) VALUES ('5524','Discipline КМФ-6','15','no');
INSERT INTO discipline (id,nameOfDiscipline,countOfLessons,exam) VALUES ('5525','Discipline КМФ-7','15','no');
INSERT INTO discipline (id,nameOfDiscipline,countOfLessons,exam) VALUES ('5526','Discipline КМФ-8','15','no');
INSERT INTO discipline (id,nameOfDiscipline,countOfLessons,exam) VALUES ('5527','Discipline КМФ-9','15','no');
INSERT INTO discipline (id,nameOfDiscipline,countOfLessons,exam) VALUES ('5528','Discipline КМФ-10','15','no');
INSERT INTO discipline (id,nameOfDiscipline,countOfLessons,exam) VALUES ('5529','Discipline КМФ-11','15','no');
INSERT INTO discipline (id,nameOfDiscipline,countOfLessons,exam) VALUES ('5530','Discipline КМФ-12','15','no');
INSERT INTO discipline (id,nameOfDiscipline,countOfLessons,exam) VALUES ('5531','Discipline КМФ-13','15','no');
INSERT INTO discipline (id,nameOfDiscipline,countOfLessons,exam) VALUES ('5532','Discipline КМФ-14','15','no');
INSERT INTO discipline (id,nameOfDiscipline,countOfLessons,exam) VALUES ('5533','Discipline КМФ-15','15','no');
INSERT INTO discipline (id,nameOfDiscipline,countOfLessons,exam) VALUES ('5534','Discipline КМФ-16','15','no');
INSERT INTO discipline (id,nameOfDiscipline,countOfLessons,exam) VALUES ('5535','Discipline КМФ-17','15','no');
INSERT INTO discipline (id,nameOfDiscipline,countOfLessons,exam) VALUES ('5536','Discipline КМФ-18','15','no');
INSERT INTO discipline (id,nameOfDiscipline,countOfLessons,exam) VALUES ('5537','Discipline КМФ-19','15','no');
INSERT INTO discipline (id,nameOfDiscipline,countOfLessons,exam) VALUES ('5538','Discipline КМФ-20','15','no');
INSERT INTO discipline (id,nameOfDiscipline,countOfLessons,exam) VALUES ('5539','Discipline КМФ-21','15','no');
INSERT INTO discipline (id,nameOfDiscipline,countOfLessons,exam) VALUES ('5540','Discipline КМФ-22','15','no');
INSERT INTO discipline (id,nameOfDiscipline,countOfLessons,exam) VALUES ('5541','Discipline КМФ-23','15','no');
INSERT INTO discipline (id,nameOfDiscipline,countOfLessons,exam) VALUES ('5542','Discipline КМФ-24','15','no');
INSERT INTO discipline (id,nameOfDiscipline,countOfLessons,exam) VALUES ('5543','Discipline КМФ-25','15','no');
INSERT INTO discipline (id,nameOfDiscipline,countOfLessons,exam) VALUES ('5544','Discipline КМФ-26','15','no');
INSERT INTO discipline (id,nameOfDiscipline,countOfLessons,exam) VALUES ('5545','Discipline КМФ-27','15','no');
INSERT INTO discipline (id,nameOfDiscipline,countOfLessons,exam) VALUES ('5546','Discipline КМФ-28','15','no');
INSERT INTO discipline (id,nameOfDiscipline,countOfLessons,exam) VALUES ('5547','Discipline КМФ-29','15','no');
INSERT INTO discipline (id,nameOfDiscipline,countOfLessons,exam) VALUES ('5548','Discipline КМФ-30','15','no');
INSERT INTO discipline (id,nameOfDiscipline,countOfLessons,exam) VALUES ('5549','Discipline КМФ-31','15','no');
INSERT INTO discipline (id,nameOfDiscipline,countOfLessons,exam) VALUES ('5550','Discipline КМФ-32','15','no');
INSERT INTO discipline (id,nameOfDiscipline,countOfLessons,exam) VALUES ('5551','Discipline КМФ-33','15','no');
INSERT INTO discipline (id,nameOfDiscipline,countOfLessons,exam) VALUES ('5552','Discipline КМФ-34','15','no');
INSERT INTO discipline (id,nameOfDiscipline,countOfLessons,exam) VALUES ('5553','Discipline КМФ-35','15','no');
INSERT INTO discipline (id,nameOfDiscipline,countOfLessons,exam) VALUES ('5554','Discipline КМФ-36','15','no');
INSERT INTO discipline (id,nameOfDiscipline,countOfLessons,exam) VALUES ('5555','Discipline КМФ-37','15','no');
INSERT INTO discipline (id,nameOfDiscipline,countOfLessons,exam) VALUES ('5556','Discipline КМФ-38','15','no');
INSERT INTO discipline (id,nameOfDiscipline,countOfLessons,exam) VALUES ('5557','Discipline КМФ-39','15','no');
INSERT INTO discipline (id,nameOfDiscipline,countOfLessons,exam) VALUES ('5558','Discipline КМФ-40','15','no');
INSERT INTO discipline (id,nameOfDiscipline,countOfLessons,exam) VALUES ('5559','Discipline КМФ-41','15','no');
INSERT INTO discipline (id,nameOfDiscipline,countOfLessons,exam) VALUES ('5560','Discipline КМФ-42','15','no');
INSERT INTO discipline (id,nameOfDiscipline,countOfLessons,exam) VALUES ('5561','Discipline КМФ-43','15','no');
INSERT INTO discipline (id,nameOfDiscipline,countOfLessons,exam) VALUES ('5562','Discipline КМФ-44','15','no');
INSERT INTO discipline (id,nameOfDiscipline,countOfLessons,exam) VALUES ('5563','Discipline КМФ-45','15','no');
INSERT INTO discipline (id,nameOfDiscipline,countOfLessons,exam) VALUES ('5564','Discipline КМФ-46','15','no');
INSERT INTO discipline (id,nameOfDiscipline,countOfLessons,exam) VALUES ('5565','Discipline КМФ-47','15','no');
INSERT INTO discipline (id,nameOfDiscipline,countOfLessons,exam) VALUES ('5566','Discipline КМФ-48','15','no');
INSERT INTO discipline (id,nameOfDiscipline,countOfLessons,exam) VALUES ('5567','Discipline КМФ-49','15','no');
INSERT INTO discipline (id,nameOfDiscipline,countOfLessons,exam) VALUES ('5568','Discipline КМФ-50','15','no');
INSERT INTO discipline (id,nameOfDiscipline,countOfLessons,exam) VALUES ('5569','Discipline КМФ-51','15','no');
INSERT INTO discipline (id,nameOfDiscipline,countOfLessons,exam) VALUES ('5570','Discipline КМФ-52','15','no');
INSERT INTO discipline (id,nameOfDiscipline,countOfLessons,exam) VALUES ('5571','Discipline КМФ-53','15','no');
INSERT INTO discipline (id,nameOfDiscipline,countOfLessons,exam) VALUES ('5572','Discipline КМФ-54','15','no');
INSERT INTO discipline (id,nameOfDiscipline,countOfLessons,exam) VALUES ('5573','Discipline КМФ-55','15','no');
INSERT INTO discipline (id,nameOfDiscipline,countOfLessons,exam) VALUES ('5574','Discipline КМФ-56','15','no');
INSERT INTO discipline (id,nameOfDiscipline,countOfLessons,exam) VALUES ('5575','Discipline КМФ-57','15','no');
INSERT INTO discipline (id,nameOfDiscipline,countOfLessons,exam) VALUES ('5576','Discipline КМФ-58','15','no');
INSERT INTO discipline (id,nameOfDiscipline,countOfLessons,exam) VALUES ('5577','Discipline КМФ-59','15','no');
INSERT INTO discipline (id,nameOfDiscipline,countOfLessons,exam) VALUES ('5578','Discipline КМФ-60','15','no');
INSERT INTO discipline (id,nameOfDiscipline,countOfLessons,exam) VALUES ('5579','Discipline КМФ-61','15','no');
INSERT INTO discipline (id,nameOfDiscipline,countOfLessons,exam) VALUES ('5580','Discipline КМФ-62','15','no');
INSERT INTO discipline (id,nameOfDiscipline,countOfLessons,exam) VALUES ('5581','Discipline КМФ-63','15','no');
INSERT INTO discipline (id,nameOfDiscipline,countOfLessons,exam) VALUES ('5582','Discipline КМФ-64','15','no');
INSERT INTO discipline (id,nameOfDiscipline,countOfLessons,exam) VALUES ('5583','Discipline КМФ-65','15','no');
INSERT INTO discipline (id,nameOfDiscipline,countOfLessons,exam) VALUES ('5584','Discipline КМФ-66','15','no');
INSERT INTO discipline (id,nameOfDiscipline,countOfLessons,exam) VALUES ('5585','Discipline КМФ-67','15','no');
INSERT INTO discipline (id,nameOfDiscipline,countOfLessons,exam) VALUES ('5586','Discipline КМФ-68','15','no');
INSERT INTO discipline (id,nameOfDiscipline,countOfLessons,exam) VALUES ('5587','Discipline КМФ-69','15','no');
INSERT INTO discipline (id,nameOfDiscipline,countOfLessons,exam) VALUES ('5588','Discipline КМФ-70','15','no');
INSERT INTO discipline (id,nameOfDiscipline,countOfLessons,exam) VALUES ('5589','Discipline КМФ-71','15','no');
INSERT INTO discipline (id,nameOfDiscipline,countOfLessons,exam) VALUES ('5590','Discipline КМФ-72','15','no');
INSERT INTO discipline (id,nameOfDiscipline,countOfLessons,exam) VALUES ('5591','Discipline КМФ-73','15','no');
INSERT INTO discipline (id,nameOfDiscipline,countOfLessons,exam) VALUES ('5592','Discipline КМФ-74','15','no');
INSERT INTO discipline (id,nameOfDiscipline,countOfLessons,exam) VALUES ('5593','Discipline КМФ-75','15','no');
INSERT INTO discipline (id,nameOfDiscipline,countOfLessons,exam) VALUES ('5594','Discipline КМФ-76','15','no');
INSERT INTO discipline (id,nameOfDiscipline,countOfLessons,exam) VALUES ('5595','Discipline КМФ-77','15','no');
INSERT INTO discipline (id,nameOfDiscipline,countOfLessons,exam) VALUES ('5596','Discipline КМФ-78','15','no');
INSERT INTO discipline (id,nameOfDiscipline,countOfLessons,exam) VALUES ('5597','Discipline КМФ-79','15','no');
INSERT INTO discipline (id,nameOfDiscipline,countOfLessons,exam) VALUES ('5598','Discipline КМФ-80','15','no');
INSERT INTO discipline (id,nameOfDiscipline,countOfLessons,exam) VALUES ('5599','Discipline КМФ-81','15','no');
INSERT INTO discipline (id,nameOfDiscipline,countOfLessons,exam) VALUES ('5600','Discipline КМФ-82','15','no');
INSERT INTO discipline (id,nameOfDiscipline,countOfLessons,exam) VALUES ('5601','Discipline КМФ-83','15','no');
INSERT INTO discipline (id,nameOfDiscipline,countOfLessons,exam) VALUES ('5602','Discipline КМФ-84','15','no');
INSERT INTO discipline (id,nameOfDiscipline,countOfLessons,exam) VALUES ('5603','Discipline КМФ-85','15','no');
INSERT INTO discipline (id,nameOfDiscipline,countOfLessons,exam) VALUES ('5604','Discipline КМФ-86','15','no');
INSERT INTO discipline (id,nameOfDiscipline,countOfLessons,exam) VALUES ('5605','Discipline КМФ-87','15','no');
INSERT INTO disciplineDepartmentDependency (ID,disciplineID,departmentID,courseNumber,semesterNumber) VALUES ('5518','5518','77','1','1');
INSERT INTO disciplineDepartmentDependency (ID,disciplineID,departmentID,courseNumber,semesterNumber) VALUES ('5519','5519','77','2','2');
INSERT INTO disciplineDepartmentDependency (ID,disciplineID,departmentID,courseNumber,semesterNumber) VALUES ('5520','5520','77','3','1');
INSERT INTO disciplineDepartmentDependency (ID,disciplineID,departmentID,courseNumber,semesterNumber) VALUES ('5521','5521','77','4','2');
INSERT INTO disciplineDepartmentDependency (ID,disciplineID,departmentID,courseNumber,semesterNumber) VALUES ('5522','5522','77','5','1');
INSERT INTO disciplineDepartmentDependency (ID,disciplineID,departmentID,courseNumber,semesterNumber) VALUES ('5523','5523','77','6','2');
INSERT INTO disciplineDepartmentDependency (ID,disciplineID,departmentID,courseNumber,semesterNumber) VALUES ('5524','5524','77','1','1');
INSERT INTO disciplineDepartmentDependency (ID,disciplineID,departmentID,courseNumber,semesterNumber) VALUES ('5525','5525','77','2','2');
INSERT INTO disciplineDepartmentDependency (ID,disciplineID,departmentID,courseNumber,semesterNumber) VALUES ('5526','5526','77','3','1');
INSERT INTO disciplineDepartmentDependency (ID,disciplineID,departmentID,courseNumber,semesterNumber) VALUES ('5527','5527','77','4','2');
INSERT INTO disciplineDepartmentDependency (ID,disciplineID,departmentID,courseNumber,semesterNumber) VALUES ('5528','5528','77','5','1');
INSERT INTO disciplineDepartmentDependency (ID,disciplineID,departmentID,courseNumber,semesterNumber) VALUES ('5529','5529','77','6','2');
INSERT INTO disciplineDepartmentDependency (ID,disciplineID,departmentID,courseNumber,semesterNumber) VALUES ('5530','5530','77','1','1');
INSERT INTO disciplineDepartmentDependency (ID,disciplineID,departmentID,courseNumber,semesterNumber) VALUES ('5531','5531','77','2','2');
INSERT INTO disciplineDepartmentDependency (ID,disciplineID,departmentID,courseNumber,semesterNumber) VALUES ('5532','5532','77','3','1');
INSERT INTO disciplineDepartmentDependency (ID,disciplineID,departmentID,courseNumber,semesterNumber) VALUES ('5533','5533','77','4','2');
INSERT INTO disciplineDepartmentDependency (ID,disciplineID,departmentID,courseNumber,semesterNumber) VALUES ('5534','5534','77','5','1');
INSERT INTO disciplineDepartmentDependency (ID,disciplineID,departmentID,courseNumber,semesterNumber) VALUES ('5535','5535','77','6','2');
INSERT INTO disciplineDepartmentDependency (ID,disciplineID,departmentID,courseNumber,semesterNumber) VALUES ('5536','5536','77','1','1');
INSERT INTO disciplineDepartmentDependency (ID,disciplineID,departmentID,courseNumber,semesterNumber) VALUES ('5537','5537','77','2','2');
INSERT INTO disciplineDepartmentDependency (ID,disciplineID,departmentID,courseNumber,semesterNumber) VALUES ('5538','5538','77','3','1');
INSERT INTO disciplineDepartmentDependency (ID,disciplineID,departmentID,courseNumber,semesterNumber) VALUES ('5539','5539','77','4','2');
INSERT INTO disciplineDepartmentDependency (ID,disciplineID,departmentID,courseNumber,semesterNumber) VALUES ('5540','5540','77','5','1');
INSERT INTO disciplineDepartmentDependency (ID,disciplineID,departmentID,courseNumber,semesterNumber) VALUES ('5541','5541','77','6','2');
INSERT INTO disciplineDepartmentDependency (ID,disciplineID,departmentID,courseNumber,semesterNumber) VALUES ('5542','5542','77','1','1');
INSERT INTO disciplineDepartmentDependency (ID,disciplineID,departmentID,courseNumber,semesterNumber) VALUES ('5543','5543','77','2','2');
INSERT INTO disciplineDepartmentDependency (ID,disciplineID,departmentID,courseNumber,semesterNumber) VALUES ('5544','5544','77','3','1');
INSERT INTO disciplineDepartmentDependency (ID,disciplineID,departmentID,courseNumber,semesterNumber) VALUES ('5545','5545','77','4','2');
INSERT INTO disciplineDepartmentDependency (ID,disciplineID,departmentID,courseNumber,semesterNumber) VALUES ('5546','5546','77','5','1');
INSERT INTO disciplineDepartmentDependency (ID,disciplineID,departmentID,courseNumber,semesterNumber) VALUES ('5547','5547','77','6','2');
INSERT INTO disciplineDepartmentDependency (ID,disciplineID,departmentID,courseNumber,semesterNumber) VALUES ('5548','5548','77','1','1');
INSERT INTO disciplineDepartmentDependency (ID,disciplineID,departmentID,courseNumber,semesterNumber) VALUES ('5549','5549','77','2','2');
INSERT INTO disciplineDepartmentDependency (ID,disciplineID,departmentID,courseNumber,semesterNumber) VALUES ('5550','5550','77','3','1');
INSERT INTO disciplineDepartmentDependency (ID,disciplineID,departmentID,courseNumber,semesterNumber) VALUES ('5551','5551','77','4','2');
INSERT INTO disciplineDepartmentDependency (ID,disciplineID,departmentID,courseNumber,semesterNumber) VALUES ('5552','5552','77','5','1');
INSERT INTO disciplineDepartmentDependency (ID,disciplineID,departmentID,courseNumber,semesterNumber) VALUES ('5553','5553','77','6','2');
INSERT INTO disciplineDepartmentDependency (ID,disciplineID,departmentID,courseNumber,semesterNumber) VALUES ('5554','5554','77','1','1');
INSERT INTO disciplineDepartmentDependency (ID,disciplineID,departmentID,courseNumber,semesterNumber) VALUES ('5555','5555','77','2','2');
INSERT INTO disciplineDepartmentDependency (ID,disciplineID,departmentID,courseNumber,semesterNumber) VALUES ('5556','5556','77','3','1');
INSERT INTO disciplineDepartmentDependency (ID,disciplineID,departmentID,courseNumber,semesterNumber) VALUES ('5557','5557','77','4','2');
INSERT INTO disciplineDepartmentDependency (ID,disciplineID,departmentID,courseNumber,semesterNumber) VALUES ('5558','5558','77','5','1');
INSERT INTO disciplineDepartmentDependency (ID,disciplineID,departmentID,courseNumber,semesterNumber) VALUES ('5559','5559','77','6','2');
INSERT INTO disciplineDepartmentDependency (ID,disciplineID,departmentID,courseNumber,semesterNumber) VALUES ('5560','5560','77','1','1');
INSERT INTO disciplineDepartmentDependency (ID,disciplineID,departmentID,courseNumber,semesterNumber) VALUES ('5561','5561','77','2','2');
INSERT INTO disciplineDepartmentDependency (ID,disciplineID,departmentID,courseNumber,semesterNumber) VALUES ('5562','5562','77','3','1');
INSERT INTO disciplineDepartmentDependency (ID,disciplineID,departmentID,courseNumber,semesterNumber) VALUES ('5563','5563','77','4','2');
INSERT INTO disciplineDepartmentDependency (ID,disciplineID,departmentID,courseNumber,semesterNumber) VALUES ('5564','5564','77','5','1');
INSERT INTO disciplineDepartmentDependency (ID,disciplineID,departmentID,courseNumber,semesterNumber) VALUES ('5565','5565','77','6','2');
INSERT INTO disciplineDepartmentDependency (ID,disciplineID,departmentID,courseNumber,semesterNumber) VALUES ('5566','5566','77','1','1');
INSERT INTO disciplineDepartmentDependency (ID,disciplineID,departmentID,courseNumber,semesterNumber) VALUES ('5567','5567','77','2','2');
INSERT INTO disciplineDepartmentDependency (ID,disciplineID,departmentID,courseNumber,semesterNumber) VALUES ('5568','5568','77','3','1');
INSERT INTO disciplineDepartmentDependency (ID,disciplineID,departmentID,courseNumber,semesterNumber) VALUES ('5569','5569','77','4','2');
INSERT INTO disciplineDepartmentDependency (ID,disciplineID,departmentID,courseNumber,semesterNumber) VALUES ('5570','5570','77','5','1');
INSERT INTO disciplineDepartmentDependency (ID,disciplineID,departmentID,courseNumber,semesterNumber) VALUES ('5571','5571','77','6','2');
INSERT INTO disciplineDepartmentDependency (ID,disciplineID,departmentID,courseNumber,semesterNumber) VALUES ('5572','5572','77','1','1');
INSERT INTO disciplineDepartmentDependency (ID,disciplineID,departmentID,courseNumber,semesterNumber) VALUES ('5573','5573','77','2','2');
INSERT INTO disciplineDepartmentDependency (ID,disciplineID,departmentID,courseNumber,semesterNumber) VALUES ('5574','5574','77','3','1');
INSERT INTO disciplineDepartmentDependency (ID,disciplineID,departmentID,courseNumber,semesterNumber) VALUES ('5575','5575','77','4','2');
INSERT INTO disciplineDepartmentDependency (ID,disciplineID,departmentID,courseNumber,semesterNumber) VALUES ('5576','5576','77','5','1');
INSERT INTO disciplineDepartmentDependency (ID,disciplineID,departmentID,courseNumber,semesterNumber) VALUES ('5577','5577','77','6','2');
INSERT INTO disciplineDepartmentDependency (ID,disciplineID,departmentID,courseNumber,semesterNumber) VALUES ('5578','5578','77','1','1');
INSERT INTO disciplineDepartmentDependency (ID,disciplineID,departmentID,courseNumber,semesterNumber) VALUES ('5579','5579','77','2','2');
INSERT INTO disciplineDepartmentDependency (ID,disciplineID,departmentID,courseNumber,semesterNumber) VALUES ('5580','5580','77','3','1');
INSERT INTO disciplineDepartmentDependency (ID,disciplineID,departmentID,courseNumber,semesterNumber) VALUES ('5581','5581','77','4','2');
INSERT INTO disciplineDepartmentDependency (ID,disciplineID,departmentID,courseNumber,semesterNumber) VALUES ('5582','5582','77','5','1');
INSERT INTO disciplineDepartmentDependency (ID,disciplineID,departmentID,courseNumber,semesterNumber) VALUES ('5583','5583','77','6','2');
INSERT INTO disciplineDepartmentDependency (ID,disciplineID,departmentID,courseNumber,semesterNumber) VALUES ('5584','5584','77','1','1');
INSERT INTO disciplineDepartmentDependency (ID,disciplineID,departmentID,courseNumber,semesterNumber) VALUES ('5585','5585','77','2','2');
INSERT INTO disciplineDepartmentDependency (ID,disciplineID,departmentID,courseNumber,semesterNumber) VALUES ('5586','5586','77','3','1');
INSERT INTO disciplineDepartmentDependency (ID,disciplineID,departmentID,courseNumber,semesterNumber) VALUES ('5587','5587','77','4','2');
INSERT INTO disciplineDepartmentDependency (ID,disciplineID,departmentID,courseNumber,semesterNumber) VALUES ('5588','5588','77','5','1');
INSERT INTO disciplineDepartmentDependency (ID,disciplineID,departmentID,courseNumber,semesterNumber) VALUES ('5589','5589','77','6','2');
INSERT INTO disciplineDepartmentDependency (ID,disciplineID,departmentID,courseNumber,semesterNumber) VALUES ('5590','5590','77','1','1');
INSERT INTO disciplineDepartmentDependency (ID,disciplineID,departmentID,courseNumber,semesterNumber) VALUES ('5591','5591','77','2','2');
INSERT INTO disciplineDepartmentDependency (ID,disciplineID,departmentID,courseNumber,semesterNumber) VALUES ('5592','5592','77','3','1');
INSERT INTO disciplineDepartmentDependency (ID,disciplineID,departmentID,courseNumber,semesterNumber) VALUES ('5593','5593','77','4','2');
INSERT INTO disciplineDepartmentDependency (ID,disciplineID,departmentID,courseNumber,semesterNumber) VALUES ('5594','5594','77','5','1');
INSERT INTO disciplineDepartmentDependency (ID,disciplineID,departmentID,courseNumber,semesterNumber) VALUES ('5595','5595','77','6','2');
INSERT INTO disciplineDepartmentDependency (ID,disciplineID,departmentID,courseNumber,semesterNumber) VALUES ('5596','5596','77','1','1');
INSERT INTO disciplineDepartmentDependency (ID,disciplineID,departmentID,courseNumber,semesterNumber) VALUES ('5597','5597','77','2','2');
INSERT INTO disciplineDepartmentDependency (ID,disciplineID,departmentID,courseNumber,semesterNumber) VALUES ('5598','5598','77','3','1');
INSERT INTO disciplineDepartmentDependency (ID,disciplineID,departmentID,courseNumber,semesterNumber) VALUES ('5599','5599','77','4','2');
INSERT INTO disciplineDepartmentDependency (ID,disciplineID,departmentID,courseNumber,semesterNumber) VALUES ('5600','5600','77','5','1');
INSERT INTO disciplineDepartmentDependency (ID,disciplineID,departmentID,courseNumber,semesterNumber) VALUES ('5601','5601','77','6','2');
INSERT INTO disciplineDepartmentDependency (ID,disciplineID,departmentID,courseNumber,semesterNumber) VALUES ('5602','5602','77','1','1');
INSERT INTO disciplineDepartmentDependency (ID,disciplineID,departmentID,courseNumber,semesterNumber) VALUES ('5603','5603','77','2','2');
INSERT INTO disciplineDepartmentDependency (ID,disciplineID,departmentID,courseNumber,semesterNumber) VALUES ('5604','5604','77','3','1');
INSERT INTO disciplineDepartmentDependency (ID,disciplineID,departmentID,courseNumber,semesterNumber) VALUES ('5605','5605','77','4','2');
INSERT INTO loginpass (ID,login,password,access_type) VALUES ('208','VXQATAPALAMARZUK@online.de','XhgA9KvA','employee');
INSERT INTO employee (name,lastName,fathersName,personalID,sex,email,phoneNumber,dateOfBorn,address,passport,login,office,ID,departmentID) VALUES ('Вишата','ПАЛАМАРЧУК','Ілліч','3576833471','m','VXQATAPALAMARZUK@online.de','0674158738','1957-10-11','61735 Новоград-Волинський Заводський 25, 237','QK588711 ГУМВС 40','VXQATAPALAMARZUK@online.de','HR','200','77');
INSERT INTO loginpass (ID,login,password,access_type) VALUES ('209','BOJEDARAKORNIQNKO@virgin.net','8HcFBVP8','employee');
INSERT INTO employee (name,lastName,fathersName,personalID,sex,email,phoneNumber,dateOfBorn,address,passport,login,office,ID,departmentID) VALUES ('Божедара,','КОРНІЄНКО','Луківна','4826265416','f','BOJEDARAKORNIQNKO@virgin.net','0941828836','1956-08-08','62364 Ковель Благовісна 30, 20','GH514314 ГУМВС 46','BOJEDARAKORNIQNKO@virgin.net','HR','201','77');
INSERT INTO loginpass (ID,login,password,access_type) VALUES ('210','GORDXSLAVNAUMENKO@t-online.de','nVQ6hJya','employee');
INSERT INTO employee (name,lastName,fathersName,personalID,sex,email,phoneNumber,dateOfBorn,address,passport,login,office,ID,departmentID) VALUES ('Гордислав','НАУМЕНКО','Савич','6745064733','m','GORDXSLAVNAUMENKO@t-online.de','0934331134','1965-02-08','50537 Хмельницький Змагайлівський 43, 6','VL581351 ГУМВС 3','GORDXSLAVNAUMENKO@t-online.de','HR','202','77');
INSERT INTO gtgroup (id,fullGroupName,courseNumber,departmentID) VALUES ('912','КМФ-10','1','77');
INSERT INTO gtgroup (id,fullGroupName,courseNumber,departmentID) VALUES ('913','КМФ-11','1','77');
INSERT INTO gtgroup (id,fullGroupName,courseNumber,departmentID) VALUES ('914','КМФ-20','2','77');
INSERT INTO gtgroup (id,fullGroupName,courseNumber,departmentID) VALUES ('915','КМФ-21','2','77');
INSERT INTO gtgroup (id,fullGroupName,courseNumber,departmentID) VALUES ('916','КМФ-30','3','77');
INSERT INTO gtgroup (id,fullGroupName,courseNumber,departmentID) VALUES ('917','КМФ-31','3','77');
INSERT INTO gtgroup (id,fullGroupName,courseNumber,departmentID) VALUES ('918','КМФ-40','4','77');
INSERT INTO gtgroup (id,fullGroupName,courseNumber,departmentID) VALUES ('919','КМФ-41','4','77');
INSERT INTO gtgroup (id,fullGroupName,courseNumber,departmentID) VALUES ('920','КМФ-50','5','77');
INSERT INTO gtgroup (id,fullGroupName,courseNumber,departmentID) VALUES ('921','КМФ-51','5','77');
INSERT INTO gtgroup (id,fullGroupName,courseNumber,departmentID) VALUES ('922','КМФ-60','6','77');
INSERT INTO gtgroup (id,fullGroupName,courseNumber,departmentID) VALUES ('923','КМФ-61','6','77');
INSERT INTO dayRequirements (id,departmentID,countOfDaysInWeek,countOfLessonsInADay) VALUES ('77','78','6','5');
INSERT INTO discipline (id,nameOfDiscipline,countOfLessons,exam) VALUES ('5606','Discipline ЗФФТТ-0','15','no');
INSERT INTO discipline (id,nameOfDiscipline,countOfLessons,exam) VALUES ('5607','Discipline ЗФФТТ-1','15','no');
INSERT INTO discipline (id,nameOfDiscipline,countOfLessons,exam) VALUES ('5608','Discipline ЗФФТТ-2','15','no');
INSERT INTO discipline (id,nameOfDiscipline,countOfLessons,exam) VALUES ('5609','Discipline ЗФФТТ-3','15','no');
INSERT INTO discipline (id,nameOfDiscipline,countOfLessons,exam) VALUES ('5610','Discipline ЗФФТТ-4','15','no');
INSERT INTO discipline (id,nameOfDiscipline,countOfLessons,exam) VALUES ('5611','Discipline ЗФФТТ-5','15','no');
INSERT INTO discipline (id,nameOfDiscipline,countOfLessons,exam) VALUES ('5612','Discipline ЗФФТТ-6','15','no');
INSERT INTO discipline (id,nameOfDiscipline,countOfLessons,exam) VALUES ('5613','Discipline ЗФФТТ-7','15','no');
INSERT INTO discipline (id,nameOfDiscipline,countOfLessons,exam) VALUES ('5614','Discipline ЗФФТТ-8','15','no');
INSERT INTO discipline (id,nameOfDiscipline,countOfLessons,exam) VALUES ('5615','Discipline ЗФФТТ-9','15','no');
INSERT INTO discipline (id,nameOfDiscipline,countOfLessons,exam) VALUES ('5616','Discipline ЗФФТТ-10','15','no');
INSERT INTO discipline (id,nameOfDiscipline,countOfLessons,exam) VALUES ('5617','Discipline ЗФФТТ-11','15','no');
INSERT INTO discipline (id,nameOfDiscipline,countOfLessons,exam) VALUES ('5618','Discipline ЗФФТТ-12','15','no');
INSERT INTO discipline (id,nameOfDiscipline,countOfLessons,exam) VALUES ('5619','Discipline ЗФФТТ-13','15','no');
INSERT INTO discipline (id,nameOfDiscipline,countOfLessons,exam) VALUES ('5620','Discipline ЗФФТТ-14','15','no');
INSERT INTO discipline (id,nameOfDiscipline,countOfLessons,exam) VALUES ('5621','Discipline ЗФФТТ-15','15','no');
INSERT INTO discipline (id,nameOfDiscipline,countOfLessons,exam) VALUES ('5622','Discipline ЗФФТТ-16','15','no');
INSERT INTO discipline (id,nameOfDiscipline,countOfLessons,exam) VALUES ('5623','Discipline ЗФФТТ-17','15','no');
INSERT INTO discipline (id,nameOfDiscipline,countOfLessons,exam) VALUES ('5624','Discipline ЗФФТТ-18','15','no');
INSERT INTO discipline (id,nameOfDiscipline,countOfLessons,exam) VALUES ('5625','Discipline ЗФФТТ-19','15','no');
INSERT INTO discipline (id,nameOfDiscipline,countOfLessons,exam) VALUES ('5626','Discipline ЗФФТТ-20','15','no');
INSERT INTO discipline (id,nameOfDiscipline,countOfLessons,exam) VALUES ('5627','Discipline ЗФФТТ-21','15','no');
INSERT INTO discipline (id,nameOfDiscipline,countOfLessons,exam) VALUES ('5628','Discipline ЗФФТТ-22','15','no');
INSERT INTO discipline (id,nameOfDiscipline,countOfLessons,exam) VALUES ('5629','Discipline ЗФФТТ-23','15','no');
INSERT INTO discipline (id,nameOfDiscipline,countOfLessons,exam) VALUES ('5630','Discipline ЗФФТТ-24','15','no');
INSERT INTO discipline (id,nameOfDiscipline,countOfLessons,exam) VALUES ('5631','Discipline ЗФФТТ-25','15','no');
INSERT INTO discipline (id,nameOfDiscipline,countOfLessons,exam) VALUES ('5632','Discipline ЗФФТТ-26','15','no');
INSERT INTO discipline (id,nameOfDiscipline,countOfLessons,exam) VALUES ('5633','Discipline ЗФФТТ-27','15','no');
INSERT INTO discipline (id,nameOfDiscipline,countOfLessons,exam) VALUES ('5634','Discipline ЗФФТТ-28','15','no');
INSERT INTO discipline (id,nameOfDiscipline,countOfLessons,exam) VALUES ('5635','Discipline ЗФФТТ-29','15','no');
INSERT INTO discipline (id,nameOfDiscipline,countOfLessons,exam) VALUES ('5636','Discipline ЗФФТТ-30','15','no');
INSERT INTO discipline (id,nameOfDiscipline,countOfLessons,exam) VALUES ('5637','Discipline ЗФФТТ-31','15','no');
INSERT INTO discipline (id,nameOfDiscipline,countOfLessons,exam) VALUES ('5638','Discipline ЗФФТТ-32','15','no');
INSERT INTO discipline (id,nameOfDiscipline,countOfLessons,exam) VALUES ('5639','Discipline ЗФФТТ-33','15','no');
INSERT INTO discipline (id,nameOfDiscipline,countOfLessons,exam) VALUES ('5640','Discipline ЗФФТТ-34','15','no');
INSERT INTO discipline (id,nameOfDiscipline,countOfLessons,exam) VALUES ('5641','Discipline ЗФФТТ-35','15','no');
INSERT INTO discipline (id,nameOfDiscipline,countOfLessons,exam) VALUES ('5642','Discipline ЗФФТТ-36','15','no');
INSERT INTO discipline (id,nameOfDiscipline,countOfLessons,exam) VALUES ('5643','Discipline ЗФФТТ-37','15','no');
INSERT INTO discipline (id,nameOfDiscipline,countOfLessons,exam) VALUES ('5644','Discipline ЗФФТТ-38','15','no');
INSERT INTO discipline (id,nameOfDiscipline,countOfLessons,exam) VALUES ('5645','Discipline ЗФФТТ-39','15','no');
INSERT INTO discipline (id,nameOfDiscipline,countOfLessons,exam) VALUES ('5646','Discipline ЗФФТТ-40','15','no');
INSERT INTO discipline (id,nameOfDiscipline,countOfLessons,exam) VALUES ('5647','Discipline ЗФФТТ-41','15','no');
INSERT INTO discipline (id,nameOfDiscipline,countOfLessons,exam) VALUES ('5648','Discipline ЗФФТТ-42','15','no');
INSERT INTO discipline (id,nameOfDiscipline,countOfLessons,exam) VALUES ('5649','Discipline ЗФФТТ-43','15','no');
INSERT INTO discipline (id,nameOfDiscipline,countOfLessons,exam) VALUES ('5650','Discipline ЗФФТТ-44','15','no');
INSERT INTO discipline (id,nameOfDiscipline,countOfLessons,exam) VALUES ('5651','Discipline ЗФФТТ-45','15','no');
INSERT INTO discipline (id,nameOfDiscipline,countOfLessons,exam) VALUES ('5652','Discipline ЗФФТТ-46','15','no');
INSERT INTO discipline (id,nameOfDiscipline,countOfLessons,exam) VALUES ('5653','Discipline ЗФФТТ-47','15','no');
INSERT INTO discipline (id,nameOfDiscipline,countOfLessons,exam) VALUES ('5654','Discipline ЗФФТТ-48','15','no');
INSERT INTO discipline (id,nameOfDiscipline,countOfLessons,exam) VALUES ('5655','Discipline ЗФФТТ-49','15','no');
INSERT INTO discipline (id,nameOfDiscipline,countOfLessons,exam) VALUES ('5656','Discipline ЗФФТТ-50','15','no');
INSERT INTO discipline (id,nameOfDiscipline,countOfLessons,exam) VALUES ('5657','Discipline ЗФФТТ-51','15','no');
INSERT INTO discipline (id,nameOfDiscipline,countOfLessons,exam) VALUES ('5658','Discipline ЗФФТТ-52','15','no');
INSERT INTO discipline (id,nameOfDiscipline,countOfLessons,exam) VALUES ('5659','Discipline ЗФФТТ-53','15','no');
INSERT INTO discipline (id,nameOfDiscipline,countOfLessons,exam) VALUES ('5660','Discipline ЗФФТТ-54','15','no');
INSERT INTO discipline (id,nameOfDiscipline,countOfLessons,exam) VALUES ('5661','Discipline ЗФФТТ-55','15','no');
INSERT INTO discipline (id,nameOfDiscipline,countOfLessons,exam) VALUES ('5662','Discipline ЗФФТТ-56','15','no');
INSERT INTO discipline (id,nameOfDiscipline,countOfLessons,exam) VALUES ('5663','Discipline ЗФФТТ-57','15','no');
INSERT INTO discipline (id,nameOfDiscipline,countOfLessons,exam) VALUES ('5664','Discipline ЗФФТТ-58','15','no');
INSERT INTO discipline (id,nameOfDiscipline,countOfLessons,exam) VALUES ('5665','Discipline ЗФФТТ-59','15','no');
INSERT INTO discipline (id,nameOfDiscipline,countOfLessons,exam) VALUES ('5666','Discipline ЗФФТТ-60','15','no');
INSERT INTO discipline (id,nameOfDiscipline,countOfLessons,exam) VALUES ('5667','Discipline ЗФФТТ-61','15','no');
INSERT INTO discipline (id,nameOfDiscipline,countOfLessons,exam) VALUES ('5668','Discipline ЗФФТТ-62','15','no');
INSERT INTO discipline (id,nameOfDiscipline,countOfLessons,exam) VALUES ('5669','Discipline ЗФФТТ-63','15','no');
INSERT INTO discipline (id,nameOfDiscipline,countOfLessons,exam) VALUES ('5670','Discipline ЗФФТТ-64','15','no');
INSERT INTO discipline (id,nameOfDiscipline,countOfLessons,exam) VALUES ('5671','Discipline ЗФФТТ-65','15','no');
INSERT INTO discipline (id,nameOfDiscipline,countOfLessons,exam) VALUES ('5672','Discipline ЗФФТТ-66','15','no');
INSERT INTO discipline (id,nameOfDiscipline,countOfLessons,exam) VALUES ('5673','Discipline ЗФФТТ-67','15','no');
INSERT INTO discipline (id,nameOfDiscipline,countOfLessons,exam) VALUES ('5674','Discipline ЗФФТТ-68','15','no');
INSERT INTO discipline (id,nameOfDiscipline,countOfLessons,exam) VALUES ('5675','Discipline ЗФФТТ-69','15','no');
INSERT INTO discipline (id,nameOfDiscipline,countOfLessons,exam) VALUES ('5676','Discipline ЗФФТТ-70','15','no');
INSERT INTO discipline (id,nameOfDiscipline,countOfLessons,exam) VALUES ('5677','Discipline ЗФФТТ-71','15','no');
INSERT INTO discipline (id,nameOfDiscipline,countOfLessons,exam) VALUES ('5678','Discipline ЗФФТТ-72','15','no');
INSERT INTO disciplineDepartmentDependency (ID,disciplineID,departmentID,courseNumber,semesterNumber) VALUES ('5606','5606','78','1','1');
INSERT INTO disciplineDepartmentDependency (ID,disciplineID,departmentID,courseNumber,semesterNumber) VALUES ('5607','5607','78','2','2');
INSERT INTO disciplineDepartmentDependency (ID,disciplineID,departmentID,courseNumber,semesterNumber) VALUES ('5608','5608','78','3','1');
INSERT INTO disciplineDepartmentDependency (ID,disciplineID,departmentID,courseNumber,semesterNumber) VALUES ('5609','5609','78','4','2');
INSERT INTO disciplineDepartmentDependency (ID,disciplineID,departmentID,courseNumber,semesterNumber) VALUES ('5610','5610','78','5','1');
INSERT INTO disciplineDepartmentDependency (ID,disciplineID,departmentID,courseNumber,semesterNumber) VALUES ('5611','5611','78','6','2');
INSERT INTO disciplineDepartmentDependency (ID,disciplineID,departmentID,courseNumber,semesterNumber) VALUES ('5612','5612','78','1','1');
INSERT INTO disciplineDepartmentDependency (ID,disciplineID,departmentID,courseNumber,semesterNumber) VALUES ('5613','5613','78','2','2');
INSERT INTO disciplineDepartmentDependency (ID,disciplineID,departmentID,courseNumber,semesterNumber) VALUES ('5614','5614','78','3','1');
INSERT INTO disciplineDepartmentDependency (ID,disciplineID,departmentID,courseNumber,semesterNumber) VALUES ('5615','5615','78','4','2');
INSERT INTO disciplineDepartmentDependency (ID,disciplineID,departmentID,courseNumber,semesterNumber) VALUES ('5616','5616','78','5','1');
INSERT INTO disciplineDepartmentDependency (ID,disciplineID,departmentID,courseNumber,semesterNumber) VALUES ('5617','5617','78','6','2');
INSERT INTO disciplineDepartmentDependency (ID,disciplineID,departmentID,courseNumber,semesterNumber) VALUES ('5618','5618','78','1','1');
INSERT INTO disciplineDepartmentDependency (ID,disciplineID,departmentID,courseNumber,semesterNumber) VALUES ('5619','5619','78','2','2');
INSERT INTO disciplineDepartmentDependency (ID,disciplineID,departmentID,courseNumber,semesterNumber) VALUES ('5620','5620','78','3','1');
INSERT INTO disciplineDepartmentDependency (ID,disciplineID,departmentID,courseNumber,semesterNumber) VALUES ('5621','5621','78','4','2');
INSERT INTO disciplineDepartmentDependency (ID,disciplineID,departmentID,courseNumber,semesterNumber) VALUES ('5622','5622','78','5','1');
INSERT INTO disciplineDepartmentDependency (ID,disciplineID,departmentID,courseNumber,semesterNumber) VALUES ('5623','5623','78','6','2');
INSERT INTO disciplineDepartmentDependency (ID,disciplineID,departmentID,courseNumber,semesterNumber) VALUES ('5624','5624','78','1','1');
INSERT INTO disciplineDepartmentDependency (ID,disciplineID,departmentID,courseNumber,semesterNumber) VALUES ('5625','5625','78','2','2');
INSERT INTO disciplineDepartmentDependency (ID,disciplineID,departmentID,courseNumber,semesterNumber) VALUES ('5626','5626','78','3','1');
INSERT INTO disciplineDepartmentDependency (ID,disciplineID,departmentID,courseNumber,semesterNumber) VALUES ('5627','5627','78','4','2');
INSERT INTO disciplineDepartmentDependency (ID,disciplineID,departmentID,courseNumber,semesterNumber) VALUES ('5628','5628','78','5','1');
INSERT INTO disciplineDepartmentDependency (ID,disciplineID,departmentID,courseNumber,semesterNumber) VALUES ('5629','5629','78','6','2');
INSERT INTO disciplineDepartmentDependency (ID,disciplineID,departmentID,courseNumber,semesterNumber) VALUES ('5630','5630','78','1','1');
INSERT INTO disciplineDepartmentDependency (ID,disciplineID,departmentID,courseNumber,semesterNumber) VALUES ('5631','5631','78','2','2');
INSERT INTO disciplineDepartmentDependency (ID,disciplineID,departmentID,courseNumber,semesterNumber) VALUES ('5632','5632','78','3','1');
INSERT INTO disciplineDepartmentDependency (ID,disciplineID,departmentID,courseNumber,semesterNumber) VALUES ('5633','5633','78','4','2');
INSERT INTO disciplineDepartmentDependency (ID,disciplineID,departmentID,courseNumber,semesterNumber) VALUES ('5634','5634','78','5','1');
INSERT INTO disciplineDepartmentDependency (ID,disciplineID,departmentID,courseNumber,semesterNumber) VALUES ('5635','5635','78','6','2');
INSERT INTO disciplineDepartmentDependency (ID,disciplineID,departmentID,courseNumber,semesterNumber) VALUES ('5636','5636','78','1','1');
INSERT INTO disciplineDepartmentDependency (ID,disciplineID,departmentID,courseNumber,semesterNumber) VALUES ('5637','5637','78','2','2');
INSERT INTO disciplineDepartmentDependency (ID,disciplineID,departmentID,courseNumber,semesterNumber) VALUES ('5638','5638','78','3','1');
INSERT INTO disciplineDepartmentDependency (ID,disciplineID,departmentID,courseNumber,semesterNumber) VALUES ('5639','5639','78','4','2');
INSERT INTO disciplineDepartmentDependency (ID,disciplineID,departmentID,courseNumber,semesterNumber) VALUES ('5640','5640','78','5','1');
INSERT INTO disciplineDepartmentDependency (ID,disciplineID,departmentID,courseNumber,semesterNumber) VALUES ('5641','5641','78','6','2');
INSERT INTO disciplineDepartmentDependency (ID,disciplineID,departmentID,courseNumber,semesterNumber) VALUES ('5642','5642','78','1','1');
INSERT INTO disciplineDepartmentDependency (ID,disciplineID,departmentID,courseNumber,semesterNumber) VALUES ('5643','5643','78','2','2');
INSERT INTO disciplineDepartmentDependency (ID,disciplineID,departmentID,courseNumber,semesterNumber) VALUES ('5644','5644','78','3','1');
INSERT INTO disciplineDepartmentDependency (ID,disciplineID,departmentID,courseNumber,semesterNumber) VALUES ('5645','5645','78','4','2');
INSERT INTO disciplineDepartmentDependency (ID,disciplineID,departmentID,courseNumber,semesterNumber) VALUES ('5646','5646','78','5','1');
INSERT INTO disciplineDepartmentDependency (ID,disciplineID,departmentID,courseNumber,semesterNumber) VALUES ('5647','5647','78','6','2');
INSERT INTO disciplineDepartmentDependency (ID,disciplineID,departmentID,courseNumber,semesterNumber) VALUES ('5648','5648','78','1','1');
INSERT INTO disciplineDepartmentDependency (ID,disciplineID,departmentID,courseNumber,semesterNumber) VALUES ('5649','5649','78','2','2');
INSERT INTO disciplineDepartmentDependency (ID,disciplineID,departmentID,courseNumber,semesterNumber) VALUES ('5650','5650','78','3','1');
INSERT INTO disciplineDepartmentDependency (ID,disciplineID,departmentID,courseNumber,semesterNumber) VALUES ('5651','5651','78','4','2');
INSERT INTO disciplineDepartmentDependency (ID,disciplineID,departmentID,courseNumber,semesterNumber) VALUES ('5652','5652','78','5','1');
INSERT INTO disciplineDepartmentDependency (ID,disciplineID,departmentID,courseNumber,semesterNumber) VALUES ('5653','5653','78','6','2');
INSERT INTO disciplineDepartmentDependency (ID,disciplineID,departmentID,courseNumber,semesterNumber) VALUES ('5654','5654','78','1','1');
INSERT INTO disciplineDepartmentDependency (ID,disciplineID,departmentID,courseNumber,semesterNumber) VALUES ('5655','5655','78','2','2');
INSERT INTO disciplineDepartmentDependency (ID,disciplineID,departmentID,courseNumber,semesterNumber) VALUES ('5656','5656','78','3','1');
INSERT INTO disciplineDepartmentDependency (ID,disciplineID,departmentID,courseNumber,semesterNumber) VALUES ('5657','5657','78','4','2');
INSERT INTO disciplineDepartmentDependency (ID,disciplineID,departmentID,courseNumber,semesterNumber) VALUES ('5658','5658','78','5','1');
INSERT INTO disciplineDepartmentDependency (ID,disciplineID,departmentID,courseNumber,semesterNumber) VALUES ('5659','5659','78','6','2');
INSERT INTO disciplineDepartmentDependency (ID,disciplineID,departmentID,courseNumber,semesterNumber) VALUES ('5660','5660','78','1','1');
INSERT INTO disciplineDepartmentDependency (ID,disciplineID,departmentID,courseNumber,semesterNumber) VALUES ('5661','5661','78','2','2');
INSERT INTO disciplineDepartmentDependency (ID,disciplineID,departmentID,courseNumber,semesterNumber) VALUES ('5662','5662','78','3','1');
INSERT INTO disciplineDepartmentDependency (ID,disciplineID,departmentID,courseNumber,semesterNumber) VALUES ('5663','5663','78','4','2');
INSERT INTO disciplineDepartmentDependency (ID,disciplineID,departmentID,courseNumber,semesterNumber) VALUES ('5664','5664','78','5','1');
INSERT INTO disciplineDepartmentDependency (ID,disciplineID,departmentID,courseNumber,semesterNumber) VALUES ('5665','5665','78','6','2');
INSERT INTO disciplineDepartmentDependency (ID,disciplineID,departmentID,courseNumber,semesterNumber) VALUES ('5666','5666','78','1','1');
INSERT INTO disciplineDepartmentDependency (ID,disciplineID,departmentID,courseNumber,semesterNumber) VALUES ('5667','5667','78','2','2');
INSERT INTO disciplineDepartmentDependency (ID,disciplineID,departmentID,courseNumber,semesterNumber) VALUES ('5668','5668','78','3','1');
INSERT INTO disciplineDepartmentDependency (ID,disciplineID,departmentID,courseNumber,semesterNumber) VALUES ('5669','5669','78','4','2');
INSERT INTO disciplineDepartmentDependency (ID,disciplineID,departmentID,courseNumber,semesterNumber) VALUES ('5670','5670','78','5','1');
INSERT INTO disciplineDepartmentDependency (ID,disciplineID,departmentID,courseNumber,semesterNumber) VALUES ('5671','5671','78','6','2');
INSERT INTO disciplineDepartmentDependency (ID,disciplineID,departmentID,courseNumber,semesterNumber) VALUES ('5672','5672','78','1','1');
INSERT INTO disciplineDepartmentDependency (ID,disciplineID,departmentID,courseNumber,semesterNumber) VALUES ('5673','5673','78','2','2');
INSERT INTO disciplineDepartmentDependency (ID,disciplineID,departmentID,courseNumber,semesterNumber) VALUES ('5674','5674','78','3','1');
INSERT INTO disciplineDepartmentDependency (ID,disciplineID,departmentID,courseNumber,semesterNumber) VALUES ('5675','5675','78','4','2');
INSERT INTO disciplineDepartmentDependency (ID,disciplineID,departmentID,courseNumber,semesterNumber) VALUES ('5676','5676','78','5','1');
INSERT INTO disciplineDepartmentDependency (ID,disciplineID,departmentID,courseNumber,semesterNumber) VALUES ('5677','5677','78','6','2');
INSERT INTO disciplineDepartmentDependency (ID,disciplineID,departmentID,courseNumber,semesterNumber) VALUES ('5678','5678','78','1','1');
INSERT INTO loginpass (ID,login,password,access_type) VALUES ('211','BUREVIYTKAZ@gmx.de','ZbwXxDE!','employee');
INSERT INTO employee (name,lastName,fathersName,personalID,sex,email,phoneNumber,dateOfBorn,address,passport,login,office,ID,departmentID) VALUES ('Буревій','ТКАЧ','Ілліч','4202456463','m','BUREVIYTKAZ@gmx.de','0923763234','1991-03-08','11748 Хмельницький Байди Вишневецького 78, 176','VK222681 ГУМВС 46','BUREVIYTKAZ@gmx.de','HR','203','78');
INSERT INTO gtgroup (id,fullGroupName,courseNumber,departmentID) VALUES ('924','ЗФФТТ-10','1','78');
INSERT INTO gtgroup (id,fullGroupName,courseNumber,departmentID) VALUES ('925','ЗФФТТ-11','1','78');
INSERT INTO gtgroup (id,fullGroupName,courseNumber,departmentID) VALUES ('926','ЗФФТТ-20','2','78');
INSERT INTO gtgroup (id,fullGroupName,courseNumber,departmentID) VALUES ('927','ЗФФТТ-21','2','78');
INSERT INTO gtgroup (id,fullGroupName,courseNumber,departmentID) VALUES ('928','ЗФФТТ-30','3','78');
INSERT INTO gtgroup (id,fullGroupName,courseNumber,departmentID) VALUES ('929','ЗФФТТ-31','3','78');
INSERT INTO gtgroup (id,fullGroupName,courseNumber,departmentID) VALUES ('930','ЗФФТТ-40','4','78');
INSERT INTO gtgroup (id,fullGroupName,courseNumber,departmentID) VALUES ('931','ЗФФТТ-41','4','78');
INSERT INTO gtgroup (id,fullGroupName,courseNumber,departmentID) VALUES ('932','ЗФФТТ-50','5','78');
INSERT INTO gtgroup (id,fullGroupName,courseNumber,departmentID) VALUES ('933','ЗФФТТ-51','5','78');
INSERT INTO gtgroup (id,fullGroupName,courseNumber,departmentID) VALUES ('934','ЗФФТТ-60','6','78');
INSERT INTO gtgroup (id,fullGroupName,courseNumber,departmentID) VALUES ('935','ЗФФТТ-61','6','78');
INSERT INTO dayRequirements (id,departmentID,countOfDaysInWeek,countOfLessonsInADay) VALUES ('78','79','6','5');
INSERT INTO discipline (id,nameOfDiscipline,countOfLessons,exam) VALUES ('5679','Discipline ЗЕФ-0','15','no');
INSERT INTO discipline (id,nameOfDiscipline,countOfLessons,exam) VALUES ('5680','Discipline ЗЕФ-1','15','no');
INSERT INTO discipline (id,nameOfDiscipline,countOfLessons,exam) VALUES ('5681','Discipline ЗЕФ-2','15','no');
INSERT INTO discipline (id,nameOfDiscipline,countOfLessons,exam) VALUES ('5682','Discipline ЗЕФ-3','15','no');
INSERT INTO discipline (id,nameOfDiscipline,countOfLessons,exam) VALUES ('5683','Discipline ЗЕФ-4','15','no');
INSERT INTO discipline (id,nameOfDiscipline,countOfLessons,exam) VALUES ('5684','Discipline ЗЕФ-5','15','no');
INSERT INTO discipline (id,nameOfDiscipline,countOfLessons,exam) VALUES ('5685','Discipline ЗЕФ-6','15','no');
INSERT INTO discipline (id,nameOfDiscipline,countOfLessons,exam) VALUES ('5686','Discipline ЗЕФ-7','15','no');
INSERT INTO discipline (id,nameOfDiscipline,countOfLessons,exam) VALUES ('5687','Discipline ЗЕФ-8','15','no');
INSERT INTO discipline (id,nameOfDiscipline,countOfLessons,exam) VALUES ('5688','Discipline ЗЕФ-9','15','no');
INSERT INTO discipline (id,nameOfDiscipline,countOfLessons,exam) VALUES ('5689','Discipline ЗЕФ-10','15','no');
INSERT INTO discipline (id,nameOfDiscipline,countOfLessons,exam) VALUES ('5690','Discipline ЗЕФ-11','15','no');
INSERT INTO discipline (id,nameOfDiscipline,countOfLessons,exam) VALUES ('5691','Discipline ЗЕФ-12','15','no');
INSERT INTO discipline (id,nameOfDiscipline,countOfLessons,exam) VALUES ('5692','Discipline ЗЕФ-13','15','no');
INSERT INTO discipline (id,nameOfDiscipline,countOfLessons,exam) VALUES ('5693','Discipline ЗЕФ-14','15','no');
INSERT INTO discipline (id,nameOfDiscipline,countOfLessons,exam) VALUES ('5694','Discipline ЗЕФ-15','15','no');
INSERT INTO discipline (id,nameOfDiscipline,countOfLessons,exam) VALUES ('5695','Discipline ЗЕФ-16','15','no');
INSERT INTO discipline (id,nameOfDiscipline,countOfLessons,exam) VALUES ('5696','Discipline ЗЕФ-17','15','no');
INSERT INTO discipline (id,nameOfDiscipline,countOfLessons,exam) VALUES ('5697','Discipline ЗЕФ-18','15','no');
INSERT INTO discipline (id,nameOfDiscipline,countOfLessons,exam) VALUES ('5698','Discipline ЗЕФ-19','15','no');
INSERT INTO discipline (id,nameOfDiscipline,countOfLessons,exam) VALUES ('5699','Discipline ЗЕФ-20','15','no');
INSERT INTO discipline (id,nameOfDiscipline,countOfLessons,exam) VALUES ('5700','Discipline ЗЕФ-21','15','no');
INSERT INTO discipline (id,nameOfDiscipline,countOfLessons,exam) VALUES ('5701','Discipline ЗЕФ-22','15','no');
INSERT INTO discipline (id,nameOfDiscipline,countOfLessons,exam) VALUES ('5702','Discipline ЗЕФ-23','15','no');
INSERT INTO discipline (id,nameOfDiscipline,countOfLessons,exam) VALUES ('5703','Discipline ЗЕФ-24','15','no');
INSERT INTO discipline (id,nameOfDiscipline,countOfLessons,exam) VALUES ('5704','Discipline ЗЕФ-25','15','no');
INSERT INTO discipline (id,nameOfDiscipline,countOfLessons,exam) VALUES ('5705','Discipline ЗЕФ-26','15','no');
INSERT INTO discipline (id,nameOfDiscipline,countOfLessons,exam) VALUES ('5706','Discipline ЗЕФ-27','15','no');
INSERT INTO discipline (id,nameOfDiscipline,countOfLessons,exam) VALUES ('5707','Discipline ЗЕФ-28','15','no');
INSERT INTO discipline (id,nameOfDiscipline,countOfLessons,exam) VALUES ('5708','Discipline ЗЕФ-29','15','no');
INSERT INTO discipline (id,nameOfDiscipline,countOfLessons,exam) VALUES ('5709','Discipline ЗЕФ-30','15','no');
INSERT INTO discipline (id,nameOfDiscipline,countOfLessons,exam) VALUES ('5710','Discipline ЗЕФ-31','15','no');
INSERT INTO discipline (id,nameOfDiscipline,countOfLessons,exam) VALUES ('5711','Discipline ЗЕФ-32','15','no');
INSERT INTO discipline (id,nameOfDiscipline,countOfLessons,exam) VALUES ('5712','Discipline ЗЕФ-33','15','no');
INSERT INTO discipline (id,nameOfDiscipline,countOfLessons,exam) VALUES ('5713','Discipline ЗЕФ-34','15','no');
INSERT INTO discipline (id,nameOfDiscipline,countOfLessons,exam) VALUES ('5714','Discipline ЗЕФ-35','15','no');
INSERT INTO discipline (id,nameOfDiscipline,countOfLessons,exam) VALUES ('5715','Discipline ЗЕФ-36','15','no');
INSERT INTO discipline (id,nameOfDiscipline,countOfLessons,exam) VALUES ('5716','Discipline ЗЕФ-37','15','no');
INSERT INTO discipline (id,nameOfDiscipline,countOfLessons,exam) VALUES ('5717','Discipline ЗЕФ-38','15','no');
INSERT INTO discipline (id,nameOfDiscipline,countOfLessons,exam) VALUES ('5718','Discipline ЗЕФ-39','15','no');
INSERT INTO discipline (id,nameOfDiscipline,countOfLessons,exam) VALUES ('5719','Discipline ЗЕФ-40','15','no');
INSERT INTO discipline (id,nameOfDiscipline,countOfLessons,exam) VALUES ('5720','Discipline ЗЕФ-41','15','no');
INSERT INTO discipline (id,nameOfDiscipline,countOfLessons,exam) VALUES ('5721','Discipline ЗЕФ-42','15','no');
INSERT INTO discipline (id,nameOfDiscipline,countOfLessons,exam) VALUES ('5722','Discipline ЗЕФ-43','15','no');
INSERT INTO discipline (id,nameOfDiscipline,countOfLessons,exam) VALUES ('5723','Discipline ЗЕФ-44','15','no');
INSERT INTO discipline (id,nameOfDiscipline,countOfLessons,exam) VALUES ('5724','Discipline ЗЕФ-45','15','no');
INSERT INTO discipline (id,nameOfDiscipline,countOfLessons,exam) VALUES ('5725','Discipline ЗЕФ-46','15','no');
INSERT INTO discipline (id,nameOfDiscipline,countOfLessons,exam) VALUES ('5726','Discipline ЗЕФ-47','15','no');
INSERT INTO discipline (id,nameOfDiscipline,countOfLessons,exam) VALUES ('5727','Discipline ЗЕФ-48','15','no');
INSERT INTO discipline (id,nameOfDiscipline,countOfLessons,exam) VALUES ('5728','Discipline ЗЕФ-49','15','no');
INSERT INTO discipline (id,nameOfDiscipline,countOfLessons,exam) VALUES ('5729','Discipline ЗЕФ-50','15','no');
INSERT INTO discipline (id,nameOfDiscipline,countOfLessons,exam) VALUES ('5730','Discipline ЗЕФ-51','15','no');
INSERT INTO discipline (id,nameOfDiscipline,countOfLessons,exam) VALUES ('5731','Discipline ЗЕФ-52','15','no');
INSERT INTO discipline (id,nameOfDiscipline,countOfLessons,exam) VALUES ('5732','Discipline ЗЕФ-53','15','no');
INSERT INTO discipline (id,nameOfDiscipline,countOfLessons,exam) VALUES ('5733','Discipline ЗЕФ-54','15','no');
INSERT INTO discipline (id,nameOfDiscipline,countOfLessons,exam) VALUES ('5734','Discipline ЗЕФ-55','15','no');
INSERT INTO discipline (id,nameOfDiscipline,countOfLessons,exam) VALUES ('5735','Discipline ЗЕФ-56','15','no');
INSERT INTO discipline (id,nameOfDiscipline,countOfLessons,exam) VALUES ('5736','Discipline ЗЕФ-57','15','no');
INSERT INTO discipline (id,nameOfDiscipline,countOfLessons,exam) VALUES ('5737','Discipline ЗЕФ-58','15','no');
INSERT INTO discipline (id,nameOfDiscipline,countOfLessons,exam) VALUES ('5738','Discipline ЗЕФ-59','15','no');
INSERT INTO discipline (id,nameOfDiscipline,countOfLessons,exam) VALUES ('5739','Discipline ЗЕФ-60','15','no');
INSERT INTO discipline (id,nameOfDiscipline,countOfLessons,exam) VALUES ('5740','Discipline ЗЕФ-61','15','no');
INSERT INTO discipline (id,nameOfDiscipline,countOfLessons,exam) VALUES ('5741','Discipline ЗЕФ-62','15','no');
INSERT INTO discipline (id,nameOfDiscipline,countOfLessons,exam) VALUES ('5742','Discipline ЗЕФ-63','15','no');
INSERT INTO discipline (id,nameOfDiscipline,countOfLessons,exam) VALUES ('5743','Discipline ЗЕФ-64','15','no');
INSERT INTO discipline (id,nameOfDiscipline,countOfLessons,exam) VALUES ('5744','Discipline ЗЕФ-65','15','no');
INSERT INTO discipline (id,nameOfDiscipline,countOfLessons,exam) VALUES ('5745','Discipline ЗЕФ-66','15','no');
INSERT INTO discipline (id,nameOfDiscipline,countOfLessons,exam) VALUES ('5746','Discipline ЗЕФ-67','15','no');
INSERT INTO discipline (id,nameOfDiscipline,countOfLessons,exam) VALUES ('5747','Discipline ЗЕФ-68','15','no');
INSERT INTO discipline (id,nameOfDiscipline,countOfLessons,exam) VALUES ('5748','Discipline ЗЕФ-69','15','no');
INSERT INTO discipline (id,nameOfDiscipline,countOfLessons,exam) VALUES ('5749','Discipline ЗЕФ-70','15','no');
INSERT INTO discipline (id,nameOfDiscipline,countOfLessons,exam) VALUES ('5750','Discipline ЗЕФ-71','15','no');
INSERT INTO discipline (id,nameOfDiscipline,countOfLessons,exam) VALUES ('5751','Discipline ЗЕФ-72','15','no');
INSERT INTO discipline (id,nameOfDiscipline,countOfLessons,exam) VALUES ('5752','Discipline ЗЕФ-73','15','no');
INSERT INTO discipline (id,nameOfDiscipline,countOfLessons,exam) VALUES ('5753','Discipline ЗЕФ-74','15','no');
INSERT INTO discipline (id,nameOfDiscipline,countOfLessons,exam) VALUES ('5754','Discipline ЗЕФ-75','15','no');
INSERT INTO discipline (id,nameOfDiscipline,countOfLessons,exam) VALUES ('5755','Discipline ЗЕФ-76','15','no');
INSERT INTO discipline (id,nameOfDiscipline,countOfLessons,exam) VALUES ('5756','Discipline ЗЕФ-77','15','no');
INSERT INTO discipline (id,nameOfDiscipline,countOfLessons,exam) VALUES ('5757','Discipline ЗЕФ-78','15','no');
INSERT INTO discipline (id,nameOfDiscipline,countOfLessons,exam) VALUES ('5758','Discipline ЗЕФ-79','15','no');
INSERT INTO discipline (id,nameOfDiscipline,countOfLessons,exam) VALUES ('5759','Discipline ЗЕФ-80','15','no');
INSERT INTO discipline (id,nameOfDiscipline,countOfLessons,exam) VALUES ('5760','Discipline ЗЕФ-81','15','no');
INSERT INTO discipline (id,nameOfDiscipline,countOfLessons,exam) VALUES ('5761','Discipline ЗЕФ-82','15','no');
INSERT INTO discipline (id,nameOfDiscipline,countOfLessons,exam) VALUES ('5762','Discipline ЗЕФ-83','15','no');
INSERT INTO disciplineDepartmentDependency (ID,disciplineID,departmentID,courseNumber,semesterNumber) VALUES ('5679','5679','79','1','1');
INSERT INTO disciplineDepartmentDependency (ID,disciplineID,departmentID,courseNumber,semesterNumber) VALUES ('5680','5680','79','2','2');
INSERT INTO disciplineDepartmentDependency (ID,disciplineID,departmentID,courseNumber,semesterNumber) VALUES ('5681','5681','79','3','1');
INSERT INTO disciplineDepartmentDependency (ID,disciplineID,departmentID,courseNumber,semesterNumber) VALUES ('5682','5682','79','4','2');
INSERT INTO disciplineDepartmentDependency (ID,disciplineID,departmentID,courseNumber,semesterNumber) VALUES ('5683','5683','79','5','1');
INSERT INTO disciplineDepartmentDependency (ID,disciplineID,departmentID,courseNumber,semesterNumber) VALUES ('5684','5684','79','6','2');
INSERT INTO disciplineDepartmentDependency (ID,disciplineID,departmentID,courseNumber,semesterNumber) VALUES ('5685','5685','79','1','1');
INSERT INTO disciplineDepartmentDependency (ID,disciplineID,departmentID,courseNumber,semesterNumber) VALUES ('5686','5686','79','2','2');
INSERT INTO disciplineDepartmentDependency (ID,disciplineID,departmentID,courseNumber,semesterNumber) VALUES ('5687','5687','79','3','1');
INSERT INTO disciplineDepartmentDependency (ID,disciplineID,departmentID,courseNumber,semesterNumber) VALUES ('5688','5688','79','4','2');
INSERT INTO disciplineDepartmentDependency (ID,disciplineID,departmentID,courseNumber,semesterNumber) VALUES ('5689','5689','79','5','1');
INSERT INTO disciplineDepartmentDependency (ID,disciplineID,departmentID,courseNumber,semesterNumber) VALUES ('5690','5690','79','6','2');
INSERT INTO disciplineDepartmentDependency (ID,disciplineID,departmentID,courseNumber,semesterNumber) VALUES ('5691','5691','79','1','1');
INSERT INTO disciplineDepartmentDependency (ID,disciplineID,departmentID,courseNumber,semesterNumber) VALUES ('5692','5692','79','2','2');
INSERT INTO disciplineDepartmentDependency (ID,disciplineID,departmentID,courseNumber,semesterNumber) VALUES ('5693','5693','79','3','1');
INSERT INTO disciplineDepartmentDependency (ID,disciplineID,departmentID,courseNumber,semesterNumber) VALUES ('5694','5694','79','4','2');
INSERT INTO disciplineDepartmentDependency (ID,disciplineID,departmentID,courseNumber,semesterNumber) VALUES ('5695','5695','79','5','1');
INSERT INTO disciplineDepartmentDependency (ID,disciplineID,departmentID,courseNumber,semesterNumber) VALUES ('5696','5696','79','6','2');
INSERT INTO disciplineDepartmentDependency (ID,disciplineID,departmentID,courseNumber,semesterNumber) VALUES ('5697','5697','79','1','1');
INSERT INTO disciplineDepartmentDependency (ID,disciplineID,departmentID,courseNumber,semesterNumber) VALUES ('5698','5698','79','2','2');
INSERT INTO disciplineDepartmentDependency (ID,disciplineID,departmentID,courseNumber,semesterNumber) VALUES ('5699','5699','79','3','1');
INSERT INTO disciplineDepartmentDependency (ID,disciplineID,departmentID,courseNumber,semesterNumber) VALUES ('5700','5700','79','4','2');
INSERT INTO disciplineDepartmentDependency (ID,disciplineID,departmentID,courseNumber,semesterNumber) VALUES ('5701','5701','79','5','1');
INSERT INTO disciplineDepartmentDependency (ID,disciplineID,departmentID,courseNumber,semesterNumber) VALUES ('5702','5702','79','6','2');
INSERT INTO disciplineDepartmentDependency (ID,disciplineID,departmentID,courseNumber,semesterNumber) VALUES ('5703','5703','79','1','1');
INSERT INTO disciplineDepartmentDependency (ID,disciplineID,departmentID,courseNumber,semesterNumber) VALUES ('5704','5704','79','2','2');
INSERT INTO disciplineDepartmentDependency (ID,disciplineID,departmentID,courseNumber,semesterNumber) VALUES ('5705','5705','79','3','1');
INSERT INTO disciplineDepartmentDependency (ID,disciplineID,departmentID,courseNumber,semesterNumber) VALUES ('5706','5706','79','4','2');
INSERT INTO disciplineDepartmentDependency (ID,disciplineID,departmentID,courseNumber,semesterNumber) VALUES ('5707','5707','79','5','1');
INSERT INTO disciplineDepartmentDependency (ID,disciplineID,departmentID,courseNumber,semesterNumber) VALUES ('5708','5708','79','6','2');
INSERT INTO disciplineDepartmentDependency (ID,disciplineID,departmentID,courseNumber,semesterNumber) VALUES ('5709','5709','79','1','1');
INSERT INTO disciplineDepartmentDependency (ID,disciplineID,departmentID,courseNumber,semesterNumber) VALUES ('5710','5710','79','2','2');
INSERT INTO disciplineDepartmentDependency (ID,disciplineID,departmentID,courseNumber,semesterNumber) VALUES ('5711','5711','79','3','1');
INSERT INTO disciplineDepartmentDependency (ID,disciplineID,departmentID,courseNumber,semesterNumber) VALUES ('5712','5712','79','4','2');
INSERT INTO disciplineDepartmentDependency (ID,disciplineID,departmentID,courseNumber,semesterNumber) VALUES ('5713','5713','79','5','1');
INSERT INTO disciplineDepartmentDependency (ID,disciplineID,departmentID,courseNumber,semesterNumber) VALUES ('5714','5714','79','6','2');
INSERT INTO disciplineDepartmentDependency (ID,disciplineID,departmentID,courseNumber,semesterNumber) VALUES ('5715','5715','79','1','1');
INSERT INTO disciplineDepartmentDependency (ID,disciplineID,departmentID,courseNumber,semesterNumber) VALUES ('5716','5716','79','2','2');
INSERT INTO disciplineDepartmentDependency (ID,disciplineID,departmentID,courseNumber,semesterNumber) VALUES ('5717','5717','79','3','1');
INSERT INTO disciplineDepartmentDependency (ID,disciplineID,departmentID,courseNumber,semesterNumber) VALUES ('5718','5718','79','4','2');
INSERT INTO disciplineDepartmentDependency (ID,disciplineID,departmentID,courseNumber,semesterNumber) VALUES ('5719','5719','79','5','1');
INSERT INTO disciplineDepartmentDependency (ID,disciplineID,departmentID,courseNumber,semesterNumber) VALUES ('5720','5720','79','6','2');
INSERT INTO disciplineDepartmentDependency (ID,disciplineID,departmentID,courseNumber,semesterNumber) VALUES ('5721','5721','79','1','1');
INSERT INTO disciplineDepartmentDependency (ID,disciplineID,departmentID,courseNumber,semesterNumber) VALUES ('5722','5722','79','2','2');
INSERT INTO disciplineDepartmentDependency (ID,disciplineID,departmentID,courseNumber,semesterNumber) VALUES ('5723','5723','79','3','1');
INSERT INTO disciplineDepartmentDependency (ID,disciplineID,departmentID,courseNumber,semesterNumber) VALUES ('5724','5724','79','4','2');
INSERT INTO disciplineDepartmentDependency (ID,disciplineID,departmentID,courseNumber,semesterNumber) VALUES ('5725','5725','79','5','1');
INSERT INTO disciplineDepartmentDependency (ID,disciplineID,departmentID,courseNumber,semesterNumber) VALUES ('5726','5726','79','6','2');
INSERT INTO disciplineDepartmentDependency (ID,disciplineID,departmentID,courseNumber,semesterNumber) VALUES ('5727','5727','79','1','1');
INSERT INTO disciplineDepartmentDependency (ID,disciplineID,departmentID,courseNumber,semesterNumber) VALUES ('5728','5728','79','2','2');
INSERT INTO disciplineDepartmentDependency (ID,disciplineID,departmentID,courseNumber,semesterNumber) VALUES ('5729','5729','79','3','1');
INSERT INTO disciplineDepartmentDependency (ID,disciplineID,departmentID,courseNumber,semesterNumber) VALUES ('5730','5730','79','4','2');
INSERT INTO disciplineDepartmentDependency (ID,disciplineID,departmentID,courseNumber,semesterNumber) VALUES ('5731','5731','79','5','1');
INSERT INTO disciplineDepartmentDependency (ID,disciplineID,departmentID,courseNumber,semesterNumber) VALUES ('5732','5732','79','6','2');
INSERT INTO disciplineDepartmentDependency (ID,disciplineID,departmentID,courseNumber,semesterNumber) VALUES ('5733','5733','79','1','1');
INSERT INTO disciplineDepartmentDependency (ID,disciplineID,departmentID,courseNumber,semesterNumber) VALUES ('5734','5734','79','2','2');
INSERT INTO disciplineDepartmentDependency (ID,disciplineID,departmentID,courseNumber,semesterNumber) VALUES ('5735','5735','79','3','1');
INSERT INTO disciplineDepartmentDependency (ID,disciplineID,departmentID,courseNumber,semesterNumber) VALUES ('5736','5736','79','4','2');
INSERT INTO disciplineDepartmentDependency (ID,disciplineID,departmentID,courseNumber,semesterNumber) VALUES ('5737','5737','79','5','1');
INSERT INTO disciplineDepartmentDependency (ID,disciplineID,departmentID,courseNumber,semesterNumber) VALUES ('5738','5738','79','6','2');
INSERT INTO disciplineDepartmentDependency (ID,disciplineID,departmentID,courseNumber,semesterNumber) VALUES ('5739','5739','79','1','1');
INSERT INTO disciplineDepartmentDependency (ID,disciplineID,departmentID,courseNumber,semesterNumber) VALUES ('5740','5740','79','2','2');
INSERT INTO disciplineDepartmentDependency (ID,disciplineID,departmentID,courseNumber,semesterNumber) VALUES ('5741','5741','79','3','1');
INSERT INTO disciplineDepartmentDependency (ID,disciplineID,departmentID,courseNumber,semesterNumber) VALUES ('5742','5742','79','4','2');
INSERT INTO disciplineDepartmentDependency (ID,disciplineID,departmentID,courseNumber,semesterNumber) VALUES ('5743','5743','79','5','1');
INSERT INTO disciplineDepartmentDependency (ID,disciplineID,departmentID,courseNumber,semesterNumber) VALUES ('5744','5744','79','6','2');
INSERT INTO disciplineDepartmentDependency (ID,disciplineID,departmentID,courseNumber,semesterNumber) VALUES ('5745','5745','79','1','1');
INSERT INTO disciplineDepartmentDependency (ID,disciplineID,departmentID,courseNumber,semesterNumber) VALUES ('5746','5746','79','2','2');
INSERT INTO disciplineDepartmentDependency (ID,disciplineID,departmentID,courseNumber,semesterNumber) VALUES ('5747','5747','79','3','1');
INSERT INTO disciplineDepartmentDependency (ID,disciplineID,departmentID,courseNumber,semesterNumber) VALUES ('5748','5748','79','4','2');
INSERT INTO disciplineDepartmentDependency (ID,disciplineID,departmentID,courseNumber,semesterNumber) VALUES ('5749','5749','79','5','1');
INSERT INTO disciplineDepartmentDependency (ID,disciplineID,departmentID,courseNumber,semesterNumber) VALUES ('5750','5750','79','6','2');
INSERT INTO disciplineDepartmentDependency (ID,disciplineID,departmentID,courseNumber,semesterNumber) VALUES ('5751','5751','79','1','1');
INSERT INTO disciplineDepartmentDependency (ID,disciplineID,departmentID,courseNumber,semesterNumber) VALUES ('5752','5752','79','2','2');
INSERT INTO disciplineDepartmentDependency (ID,disciplineID,departmentID,courseNumber,semesterNumber) VALUES ('5753','5753','79','3','1');
INSERT INTO disciplineDepartmentDependency (ID,disciplineID,departmentID,courseNumber,semesterNumber) VALUES ('5754','5754','79','4','2');
INSERT INTO disciplineDepartmentDependency (ID,disciplineID,departmentID,courseNumber,semesterNumber) VALUES ('5755','5755','79','5','1');
INSERT INTO disciplineDepartmentDependency (ID,disciplineID,departmentID,courseNumber,semesterNumber) VALUES ('5756','5756','79','6','2');
INSERT INTO disciplineDepartmentDependency (ID,disciplineID,departmentID,courseNumber,semesterNumber) VALUES ('5757','5757','79','1','1');
INSERT INTO disciplineDepartmentDependency (ID,disciplineID,departmentID,courseNumber,semesterNumber) VALUES ('5758','5758','79','2','2');
INSERT INTO disciplineDepartmentDependency (ID,disciplineID,departmentID,courseNumber,semesterNumber) VALUES ('5759','5759','79','3','1');
INSERT INTO disciplineDepartmentDependency (ID,disciplineID,departmentID,courseNumber,semesterNumber) VALUES ('5760','5760','79','4','2');
INSERT INTO disciplineDepartmentDependency (ID,disciplineID,departmentID,courseNumber,semesterNumber) VALUES ('5761','5761','79','5','1');
INSERT INTO disciplineDepartmentDependency (ID,disciplineID,departmentID,courseNumber,semesterNumber) VALUES ('5762','5762','79','6','2');
INSERT INTO loginpass (ID,login,password,access_type) VALUES ('212','BEREGXNQBILXK@gmx.de','AsRo#GCM','employee');
INSERT INTO employee (name,lastName,fathersName,personalID,sex,email,phoneNumber,dateOfBorn,address,passport,login,office,ID,departmentID) VALUES ('Берегиня','БІЛИК','Миколаївна','4473511505','f','BEREGXNQBILXK@gmx.de','0947047136','1976-04-05','34017 Маріуполь Бородіна 88, 179','UD548576 ГУМВС 43','BEREGXNQBILXK@gmx.de','HR','204','79');
INSERT INTO loginpass (ID,login,password,access_type) VALUES ('213','VSEVOLODAVELXZKO@laposte.net','Wk7qmhro','employee');
INSERT INTO employee (name,lastName,fathersName,personalID,sex,email,phoneNumber,dateOfBorn,address,passport,login,office,ID,departmentID) VALUES ('Всеволода','ВЕЛИЧКО','Кузьмівна','1086230580','f','VSEVOLODAVELXZKO@laposte.net','0937831733','1957-08-22','82158 Ізмаїл Кармелюка 79, 30','XR646158 ГУМВС 33','VSEVOLODAVELXZKO@laposte.net','HR','205','79');
INSERT INTO gtgroup (id,fullGroupName,courseNumber,departmentID) VALUES ('936','ЗЕФ-10','1','79');
INSERT INTO gtgroup (id,fullGroupName,courseNumber,departmentID) VALUES ('937','ЗЕФ-11','1','79');
INSERT INTO gtgroup (id,fullGroupName,courseNumber,departmentID) VALUES ('938','ЗЕФ-20','2','79');
INSERT INTO gtgroup (id,fullGroupName,courseNumber,departmentID) VALUES ('939','ЗЕФ-21','2','79');
INSERT INTO gtgroup (id,fullGroupName,courseNumber,departmentID) VALUES ('940','ЗЕФ-30','3','79');
INSERT INTO gtgroup (id,fullGroupName,courseNumber,departmentID) VALUES ('941','ЗЕФ-31','3','79');
INSERT INTO gtgroup (id,fullGroupName,courseNumber,departmentID) VALUES ('942','ЗЕФ-40','4','79');
INSERT INTO gtgroup (id,fullGroupName,courseNumber,departmentID) VALUES ('943','ЗЕФ-41','4','79');
INSERT INTO gtgroup (id,fullGroupName,courseNumber,departmentID) VALUES ('944','ЗЕФ-50','5','79');
INSERT INTO gtgroup (id,fullGroupName,courseNumber,departmentID) VALUES ('945','ЗЕФ-51','5','79');
INSERT INTO gtgroup (id,fullGroupName,courseNumber,departmentID) VALUES ('946','ЗЕФ-60','6','79');
INSERT INTO gtgroup (id,fullGroupName,courseNumber,departmentID) VALUES ('947','ЗЕФ-61','6','79');
INSERT INTO dayRequirements (id,departmentID,countOfDaysInWeek,countOfLessonsInADay) VALUES ('79','80','6','5');
INSERT INTO discipline (id,nameOfDiscipline,countOfLessons,exam) VALUES ('5763','Discipline ЗТФ-0','15','no');
INSERT INTO discipline (id,nameOfDiscipline,countOfLessons,exam) VALUES ('5764','Discipline ЗТФ-1','15','no');
INSERT INTO discipline (id,nameOfDiscipline,countOfLessons,exam) VALUES ('5765','Discipline ЗТФ-2','15','no');
INSERT INTO discipline (id,nameOfDiscipline,countOfLessons,exam) VALUES ('5766','Discipline ЗТФ-3','15','no');
INSERT INTO discipline (id,nameOfDiscipline,countOfLessons,exam) VALUES ('5767','Discipline ЗТФ-4','15','no');
INSERT INTO discipline (id,nameOfDiscipline,countOfLessons,exam) VALUES ('5768','Discipline ЗТФ-5','15','no');
INSERT INTO discipline (id,nameOfDiscipline,countOfLessons,exam) VALUES ('5769','Discipline ЗТФ-6','15','no');
INSERT INTO discipline (id,nameOfDiscipline,countOfLessons,exam) VALUES ('5770','Discipline ЗТФ-7','15','no');
INSERT INTO discipline (id,nameOfDiscipline,countOfLessons,exam) VALUES ('5771','Discipline ЗТФ-8','15','no');
INSERT INTO discipline (id,nameOfDiscipline,countOfLessons,exam) VALUES ('5772','Discipline ЗТФ-9','15','no');
INSERT INTO discipline (id,nameOfDiscipline,countOfLessons,exam) VALUES ('5773','Discipline ЗТФ-10','15','no');
INSERT INTO discipline (id,nameOfDiscipline,countOfLessons,exam) VALUES ('5774','Discipline ЗТФ-11','15','no');
INSERT INTO discipline (id,nameOfDiscipline,countOfLessons,exam) VALUES ('5775','Discipline ЗТФ-12','15','no');
INSERT INTO discipline (id,nameOfDiscipline,countOfLessons,exam) VALUES ('5776','Discipline ЗТФ-13','15','no');
INSERT INTO discipline (id,nameOfDiscipline,countOfLessons,exam) VALUES ('5777','Discipline ЗТФ-14','15','no');
INSERT INTO discipline (id,nameOfDiscipline,countOfLessons,exam) VALUES ('5778','Discipline ЗТФ-15','15','no');
INSERT INTO discipline (id,nameOfDiscipline,countOfLessons,exam) VALUES ('5779','Discipline ЗТФ-16','15','no');
INSERT INTO discipline (id,nameOfDiscipline,countOfLessons,exam) VALUES ('5780','Discipline ЗТФ-17','15','no');
INSERT INTO discipline (id,nameOfDiscipline,countOfLessons,exam) VALUES ('5781','Discipline ЗТФ-18','15','no');
INSERT INTO discipline (id,nameOfDiscipline,countOfLessons,exam) VALUES ('5782','Discipline ЗТФ-19','15','no');
INSERT INTO discipline (id,nameOfDiscipline,countOfLessons,exam) VALUES ('5783','Discipline ЗТФ-20','15','no');
INSERT INTO discipline (id,nameOfDiscipline,countOfLessons,exam) VALUES ('5784','Discipline ЗТФ-21','15','no');
INSERT INTO discipline (id,nameOfDiscipline,countOfLessons,exam) VALUES ('5785','Discipline ЗТФ-22','15','no');
INSERT INTO discipline (id,nameOfDiscipline,countOfLessons,exam) VALUES ('5786','Discipline ЗТФ-23','15','no');
INSERT INTO discipline (id,nameOfDiscipline,countOfLessons,exam) VALUES ('5787','Discipline ЗТФ-24','15','no');
INSERT INTO discipline (id,nameOfDiscipline,countOfLessons,exam) VALUES ('5788','Discipline ЗТФ-25','15','no');
INSERT INTO discipline (id,nameOfDiscipline,countOfLessons,exam) VALUES ('5789','Discipline ЗТФ-26','15','no');
INSERT INTO discipline (id,nameOfDiscipline,countOfLessons,exam) VALUES ('5790','Discipline ЗТФ-27','15','no');
INSERT INTO discipline (id,nameOfDiscipline,countOfLessons,exam) VALUES ('5791','Discipline ЗТФ-28','15','no');
INSERT INTO discipline (id,nameOfDiscipline,countOfLessons,exam) VALUES ('5792','Discipline ЗТФ-29','15','no');
INSERT INTO discipline (id,nameOfDiscipline,countOfLessons,exam) VALUES ('5793','Discipline ЗТФ-30','15','no');
INSERT INTO discipline (id,nameOfDiscipline,countOfLessons,exam) VALUES ('5794','Discipline ЗТФ-31','15','no');
INSERT INTO discipline (id,nameOfDiscipline,countOfLessons,exam) VALUES ('5795','Discipline ЗТФ-32','15','no');
INSERT INTO discipline (id,nameOfDiscipline,countOfLessons,exam) VALUES ('5796','Discipline ЗТФ-33','15','no');
INSERT INTO discipline (id,nameOfDiscipline,countOfLessons,exam) VALUES ('5797','Discipline ЗТФ-34','15','no');
INSERT INTO discipline (id,nameOfDiscipline,countOfLessons,exam) VALUES ('5798','Discipline ЗТФ-35','15','no');
INSERT INTO discipline (id,nameOfDiscipline,countOfLessons,exam) VALUES ('5799','Discipline ЗТФ-36','15','no');
INSERT INTO discipline (id,nameOfDiscipline,countOfLessons,exam) VALUES ('5800','Discipline ЗТФ-37','15','no');
INSERT INTO discipline (id,nameOfDiscipline,countOfLessons,exam) VALUES ('5801','Discipline ЗТФ-38','15','no');
INSERT INTO discipline (id,nameOfDiscipline,countOfLessons,exam) VALUES ('5802','Discipline ЗТФ-39','15','no');
INSERT INTO discipline (id,nameOfDiscipline,countOfLessons,exam) VALUES ('5803','Discipline ЗТФ-40','15','no');
INSERT INTO discipline (id,nameOfDiscipline,countOfLessons,exam) VALUES ('5804','Discipline ЗТФ-41','15','no');
INSERT INTO discipline (id,nameOfDiscipline,countOfLessons,exam) VALUES ('5805','Discipline ЗТФ-42','15','no');
INSERT INTO discipline (id,nameOfDiscipline,countOfLessons,exam) VALUES ('5806','Discipline ЗТФ-43','15','no');
INSERT INTO discipline (id,nameOfDiscipline,countOfLessons,exam) VALUES ('5807','Discipline ЗТФ-44','15','no');
INSERT INTO discipline (id,nameOfDiscipline,countOfLessons,exam) VALUES ('5808','Discipline ЗТФ-45','15','no');
INSERT INTO discipline (id,nameOfDiscipline,countOfLessons,exam) VALUES ('5809','Discipline ЗТФ-46','15','no');
INSERT INTO discipline (id,nameOfDiscipline,countOfLessons,exam) VALUES ('5810','Discipline ЗТФ-47','15','no');
INSERT INTO discipline (id,nameOfDiscipline,countOfLessons,exam) VALUES ('5811','Discipline ЗТФ-48','15','no');
INSERT INTO discipline (id,nameOfDiscipline,countOfLessons,exam) VALUES ('5812','Discipline ЗТФ-49','15','no');
INSERT INTO discipline (id,nameOfDiscipline,countOfLessons,exam) VALUES ('5813','Discipline ЗТФ-50','15','no');
INSERT INTO discipline (id,nameOfDiscipline,countOfLessons,exam) VALUES ('5814','Discipline ЗТФ-51','15','no');
INSERT INTO discipline (id,nameOfDiscipline,countOfLessons,exam) VALUES ('5815','Discipline ЗТФ-52','15','no');
INSERT INTO discipline (id,nameOfDiscipline,countOfLessons,exam) VALUES ('5816','Discipline ЗТФ-53','15','no');
INSERT INTO discipline (id,nameOfDiscipline,countOfLessons,exam) VALUES ('5817','Discipline ЗТФ-54','15','no');
INSERT INTO discipline (id,nameOfDiscipline,countOfLessons,exam) VALUES ('5818','Discipline ЗТФ-55','15','no');
INSERT INTO discipline (id,nameOfDiscipline,countOfLessons,exam) VALUES ('5819','Discipline ЗТФ-56','15','no');
INSERT INTO discipline (id,nameOfDiscipline,countOfLessons,exam) VALUES ('5820','Discipline ЗТФ-57','15','no');
INSERT INTO discipline (id,nameOfDiscipline,countOfLessons,exam) VALUES ('5821','Discipline ЗТФ-58','15','no');
INSERT INTO discipline (id,nameOfDiscipline,countOfLessons,exam) VALUES ('5822','Discipline ЗТФ-59','15','no');
INSERT INTO discipline (id,nameOfDiscipline,countOfLessons,exam) VALUES ('5823','Discipline ЗТФ-60','15','no');
INSERT INTO discipline (id,nameOfDiscipline,countOfLessons,exam) VALUES ('5824','Discipline ЗТФ-61','15','no');
INSERT INTO discipline (id,nameOfDiscipline,countOfLessons,exam) VALUES ('5825','Discipline ЗТФ-62','15','no');
INSERT INTO discipline (id,nameOfDiscipline,countOfLessons,exam) VALUES ('5826','Discipline ЗТФ-63','15','no');
INSERT INTO disciplineDepartmentDependency (ID,disciplineID,departmentID,courseNumber,semesterNumber) VALUES ('5763','5763','80','1','1');
INSERT INTO disciplineDepartmentDependency (ID,disciplineID,departmentID,courseNumber,semesterNumber) VALUES ('5764','5764','80','2','2');
INSERT INTO disciplineDepartmentDependency (ID,disciplineID,departmentID,courseNumber,semesterNumber) VALUES ('5765','5765','80','3','1');
INSERT INTO disciplineDepartmentDependency (ID,disciplineID,departmentID,courseNumber,semesterNumber) VALUES ('5766','5766','80','4','2');
INSERT INTO disciplineDepartmentDependency (ID,disciplineID,departmentID,courseNumber,semesterNumber) VALUES ('5767','5767','80','5','1');
INSERT INTO disciplineDepartmentDependency (ID,disciplineID,departmentID,courseNumber,semesterNumber) VALUES ('5768','5768','80','6','2');
INSERT INTO disciplineDepartmentDependency (ID,disciplineID,departmentID,courseNumber,semesterNumber) VALUES ('5769','5769','80','1','1');
INSERT INTO disciplineDepartmentDependency (ID,disciplineID,departmentID,courseNumber,semesterNumber) VALUES ('5770','5770','80','2','2');
INSERT INTO disciplineDepartmentDependency (ID,disciplineID,departmentID,courseNumber,semesterNumber) VALUES ('5771','5771','80','3','1');
INSERT INTO disciplineDepartmentDependency (ID,disciplineID,departmentID,courseNumber,semesterNumber) VALUES ('5772','5772','80','4','2');
INSERT INTO disciplineDepartmentDependency (ID,disciplineID,departmentID,courseNumber,semesterNumber) VALUES ('5773','5773','80','5','1');
INSERT INTO disciplineDepartmentDependency (ID,disciplineID,departmentID,courseNumber,semesterNumber) VALUES ('5774','5774','80','6','2');
INSERT INTO disciplineDepartmentDependency (ID,disciplineID,departmentID,courseNumber,semesterNumber) VALUES ('5775','5775','80','1','1');
INSERT INTO disciplineDepartmentDependency (ID,disciplineID,departmentID,courseNumber,semesterNumber) VALUES ('5776','5776','80','2','2');
INSERT INTO disciplineDepartmentDependency (ID,disciplineID,departmentID,courseNumber,semesterNumber) VALUES ('5777','5777','80','3','1');
INSERT INTO disciplineDepartmentDependency (ID,disciplineID,departmentID,courseNumber,semesterNumber) VALUES ('5778','5778','80','4','2');
INSERT INTO disciplineDepartmentDependency (ID,disciplineID,departmentID,courseNumber,semesterNumber) VALUES ('5779','5779','80','5','1');
INSERT INTO disciplineDepartmentDependency (ID,disciplineID,departmentID,courseNumber,semesterNumber) VALUES ('5780','5780','80','6','2');
INSERT INTO disciplineDepartmentDependency (ID,disciplineID,departmentID,courseNumber,semesterNumber) VALUES ('5781','5781','80','1','1');
INSERT INTO disciplineDepartmentDependency (ID,disciplineID,departmentID,courseNumber,semesterNumber) VALUES ('5782','5782','80','2','2');
INSERT INTO disciplineDepartmentDependency (ID,disciplineID,departmentID,courseNumber,semesterNumber) VALUES ('5783','5783','80','3','1');
INSERT INTO disciplineDepartmentDependency (ID,disciplineID,departmentID,courseNumber,semesterNumber) VALUES ('5784','5784','80','4','2');
INSERT INTO disciplineDepartmentDependency (ID,disciplineID,departmentID,courseNumber,semesterNumber) VALUES ('5785','5785','80','5','1');
INSERT INTO disciplineDepartmentDependency (ID,disciplineID,departmentID,courseNumber,semesterNumber) VALUES ('5786','5786','80','6','2');
INSERT INTO disciplineDepartmentDependency (ID,disciplineID,departmentID,courseNumber,semesterNumber) VALUES ('5787','5787','80','1','1');
INSERT INTO disciplineDepartmentDependency (ID,disciplineID,departmentID,courseNumber,semesterNumber) VALUES ('5788','5788','80','2','2');
INSERT INTO disciplineDepartmentDependency (ID,disciplineID,departmentID,courseNumber,semesterNumber) VALUES ('5789','5789','80','3','1');
INSERT INTO disciplineDepartmentDependency (ID,disciplineID,departmentID,courseNumber,semesterNumber) VALUES ('5790','5790','80','4','2');
INSERT INTO disciplineDepartmentDependency (ID,disciplineID,departmentID,courseNumber,semesterNumber) VALUES ('5791','5791','80','5','1');
INSERT INTO disciplineDepartmentDependency (ID,disciplineID,departmentID,courseNumber,semesterNumber) VALUES ('5792','5792','80','6','2');
INSERT INTO disciplineDepartmentDependency (ID,disciplineID,departmentID,courseNumber,semesterNumber) VALUES ('5793','5793','80','1','1');
INSERT INTO disciplineDepartmentDependency (ID,disciplineID,departmentID,courseNumber,semesterNumber) VALUES ('5794','5794','80','2','2');
INSERT INTO disciplineDepartmentDependency (ID,disciplineID,departmentID,courseNumber,semesterNumber) VALUES ('5795','5795','80','3','1');
INSERT INTO disciplineDepartmentDependency (ID,disciplineID,departmentID,courseNumber,semesterNumber) VALUES ('5796','5796','80','4','2');
INSERT INTO disciplineDepartmentDependency (ID,disciplineID,departmentID,courseNumber,semesterNumber) VALUES ('5797','5797','80','5','1');
INSERT INTO disciplineDepartmentDependency (ID,disciplineID,departmentID,courseNumber,semesterNumber) VALUES ('5798','5798','80','6','2');
INSERT INTO disciplineDepartmentDependency (ID,disciplineID,departmentID,courseNumber,semesterNumber) VALUES ('5799','5799','80','1','1');
INSERT INTO disciplineDepartmentDependency (ID,disciplineID,departmentID,courseNumber,semesterNumber) VALUES ('5800','5800','80','2','2');
INSERT INTO disciplineDepartmentDependency (ID,disciplineID,departmentID,courseNumber,semesterNumber) VALUES ('5801','5801','80','3','1');
INSERT INTO disciplineDepartmentDependency (ID,disciplineID,departmentID,courseNumber,semesterNumber) VALUES ('5802','5802','80','4','2');
INSERT INTO disciplineDepartmentDependency (ID,disciplineID,departmentID,courseNumber,semesterNumber) VALUES ('5803','5803','80','5','1');
INSERT INTO disciplineDepartmentDependency (ID,disciplineID,departmentID,courseNumber,semesterNumber) VALUES ('5804','5804','80','6','2');
INSERT INTO disciplineDepartmentDependency (ID,disciplineID,departmentID,courseNumber,semesterNumber) VALUES ('5805','5805','80','1','1');
INSERT INTO disciplineDepartmentDependency (ID,disciplineID,departmentID,courseNumber,semesterNumber) VALUES ('5806','5806','80','2','2');
INSERT INTO disciplineDepartmentDependency (ID,disciplineID,departmentID,courseNumber,semesterNumber) VALUES ('5807','5807','80','3','1');
INSERT INTO disciplineDepartmentDependency (ID,disciplineID,departmentID,courseNumber,semesterNumber) VALUES ('5808','5808','80','4','2');
INSERT INTO disciplineDepartmentDependency (ID,disciplineID,departmentID,courseNumber,semesterNumber) VALUES ('5809','5809','80','5','1');
INSERT INTO disciplineDepartmentDependency (ID,disciplineID,departmentID,courseNumber,semesterNumber) VALUES ('5810','5810','80','6','2');
INSERT INTO disciplineDepartmentDependency (ID,disciplineID,departmentID,courseNumber,semesterNumber) VALUES ('5811','5811','80','1','1');
INSERT INTO disciplineDepartmentDependency (ID,disciplineID,departmentID,courseNumber,semesterNumber) VALUES ('5812','5812','80','2','2');
INSERT INTO disciplineDepartmentDependency (ID,disciplineID,departmentID,courseNumber,semesterNumber) VALUES ('5813','5813','80','3','1');
INSERT INTO disciplineDepartmentDependency (ID,disciplineID,departmentID,courseNumber,semesterNumber) VALUES ('5814','5814','80','4','2');
INSERT INTO disciplineDepartmentDependency (ID,disciplineID,departmentID,courseNumber,semesterNumber) VALUES ('5815','5815','80','5','1');
INSERT INTO disciplineDepartmentDependency (ID,disciplineID,departmentID,courseNumber,semesterNumber) VALUES ('5816','5816','80','6','2');
INSERT INTO disciplineDepartmentDependency (ID,disciplineID,departmentID,courseNumber,semesterNumber) VALUES ('5817','5817','80','1','1');
INSERT INTO disciplineDepartmentDependency (ID,disciplineID,departmentID,courseNumber,semesterNumber) VALUES ('5818','5818','80','2','2');
INSERT INTO disciplineDepartmentDependency (ID,disciplineID,departmentID,courseNumber,semesterNumber) VALUES ('5819','5819','80','3','1');
INSERT INTO disciplineDepartmentDependency (ID,disciplineID,departmentID,courseNumber,semesterNumber) VALUES ('5820','5820','80','4','2');
INSERT INTO disciplineDepartmentDependency (ID,disciplineID,departmentID,courseNumber,semesterNumber) VALUES ('5821','5821','80','5','1');
INSERT INTO disciplineDepartmentDependency (ID,disciplineID,departmentID,courseNumber,semesterNumber) VALUES ('5822','5822','80','6','2');
INSERT INTO disciplineDepartmentDependency (ID,disciplineID,departmentID,courseNumber,semesterNumber) VALUES ('5823','5823','80','1','1');
INSERT INTO disciplineDepartmentDependency (ID,disciplineID,departmentID,courseNumber,semesterNumber) VALUES ('5824','5824','80','2','2');
INSERT INTO disciplineDepartmentDependency (ID,disciplineID,departmentID,courseNumber,semesterNumber) VALUES ('5825','5825','80','3','1');
INSERT INTO disciplineDepartmentDependency (ID,disciplineID,departmentID,courseNumber,semesterNumber) VALUES ('5826','5826','80','4','2');
INSERT INTO loginpass (ID,login,password,access_type) VALUES ('214','DARXNAJUK@web.de','kOJe1erg','employee');
INSERT INTO employee (name,lastName,fathersName,personalID,sex,email,phoneNumber,dateOfBorn,address,passport,login,office,ID,departmentID) VALUES ('Дарина','ЖУК','Луківна','4186311002','f','DARXNAJUK@web.de','0932825760','1972-05-02','12616 Комсомольськ Богдана Хмельницького 41, 169','UO611143 ГУМВС 41','DARXNAJUK@web.de','HR','206','80');
INSERT INTO loginpass (ID,login,password,access_type) VALUES ('215','GRADXSLAVNAUMENKO@blueyonder.co.uk','655ZtVYh','employee');
INSERT INTO employee (name,lastName,fathersName,personalID,sex,email,phoneNumber,dateOfBorn,address,passport,login,office,ID,departmentID) VALUES ('Градислав','НАУМЕНКО','Миколайович','3511252801','m','GRADXSLAVNAUMENKO@blueyonder.co.uk','0503255375','1965-01-09','36104 Дніпропетровськ Кібенка 5, 269','YE137246 ГУМВС 31','GRADXSLAVNAUMENKO@blueyonder.co.uk','HR','207','80');
INSERT INTO loginpass (ID,login,password,access_type) VALUES ('216','DOMORADASTEPANENKO@btinternet.com','Klin8UwO','employee');
INSERT INTO employee (name,lastName,fathersName,personalID,sex,email,phoneNumber,dateOfBorn,address,passport,login,office,ID,departmentID) VALUES ('Доморада','СТЕПАНЕНКО','Кузьмівна','7650238621','f','DOMORADASTEPANENKO@btinternet.com','0958105333','1957-01-04','27344 Бердичів Кірова 7, 157','NB181714 ГУМВС 46','DOMORADASTEPANENKO@btinternet.com','HR','208','80');
INSERT INTO loginpass (ID,login,password,access_type) VALUES ('217','DOBROLQBAKOLESNXK@btinternet.com','CFHl8T!a','employee');
INSERT INTO employee (name,lastName,fathersName,personalID,sex,email,phoneNumber,dateOfBorn,address,passport,login,office,ID,departmentID) VALUES ('Добролюба','КОЛЕСНИК','Миколаївна','2205008030','f','DOBROLQBAKOLESNXK@btinternet.com','0932842120','1984-09-21','17058 Краматорськ Армії 38-ї 38, 84','EJ125765 ГУМВС 33','DOBROLQBAKOLESNXK@btinternet.com','HR','209','80');
INSERT INTO gtgroup (id,fullGroupName,courseNumber,departmentID) VALUES ('948','ЗТФ-10','1','80');
INSERT INTO gtgroup (id,fullGroupName,courseNumber,departmentID) VALUES ('949','ЗТФ-11','1','80');
INSERT INTO gtgroup (id,fullGroupName,courseNumber,departmentID) VALUES ('950','ЗТФ-12','1','80');
INSERT INTO gtgroup (id,fullGroupName,courseNumber,departmentID) VALUES ('951','ЗТФ-20','2','80');
INSERT INTO gtgroup (id,fullGroupName,courseNumber,departmentID) VALUES ('952','ЗТФ-21','2','80');
INSERT INTO gtgroup (id,fullGroupName,courseNumber,departmentID) VALUES ('953','ЗТФ-22','2','80');
INSERT INTO gtgroup (id,fullGroupName,courseNumber,departmentID) VALUES ('954','ЗТФ-30','3','80');
INSERT INTO gtgroup (id,fullGroupName,courseNumber,departmentID) VALUES ('955','ЗТФ-31','3','80');
INSERT INTO gtgroup (id,fullGroupName,courseNumber,departmentID) VALUES ('956','ЗТФ-32','3','80');
INSERT INTO gtgroup (id,fullGroupName,courseNumber,departmentID) VALUES ('957','ЗТФ-40','4','80');
INSERT INTO gtgroup (id,fullGroupName,courseNumber,departmentID) VALUES ('958','ЗТФ-41','4','80');
INSERT INTO gtgroup (id,fullGroupName,courseNumber,departmentID) VALUES ('959','ЗТФ-42','4','80');
INSERT INTO gtgroup (id,fullGroupName,courseNumber,departmentID) VALUES ('960','ЗТФ-50','5','80');
INSERT INTO gtgroup (id,fullGroupName,courseNumber,departmentID) VALUES ('961','ЗТФ-51','5','80');
INSERT INTO gtgroup (id,fullGroupName,courseNumber,departmentID) VALUES ('962','ЗТФ-52','5','80');
INSERT INTO gtgroup (id,fullGroupName,courseNumber,departmentID) VALUES ('963','ЗТФ-60','6','80');
INSERT INTO gtgroup (id,fullGroupName,courseNumber,departmentID) VALUES ('964','ЗТФ-61','6','80');
INSERT INTO gtgroup (id,fullGroupName,courseNumber,departmentID) VALUES ('965','ЗТФ-62','6','80');
INSERT INTO dayRequirements (id,departmentID,countOfDaysInWeek,countOfLessonsInADay) VALUES ('80','81','6','5');
INSERT INTO discipline (id,nameOfDiscipline,countOfLessons,exam) VALUES ('5827','Discipline НГІКГ-0','15','no');
INSERT INTO discipline (id,nameOfDiscipline,countOfLessons,exam) VALUES ('5828','Discipline НГІКГ-1','15','no');
INSERT INTO discipline (id,nameOfDiscipline,countOfLessons,exam) VALUES ('5829','Discipline НГІКГ-2','15','no');
INSERT INTO discipline (id,nameOfDiscipline,countOfLessons,exam) VALUES ('5830','Discipline НГІКГ-3','15','no');
INSERT INTO discipline (id,nameOfDiscipline,countOfLessons,exam) VALUES ('5831','Discipline НГІКГ-4','15','no');
INSERT INTO discipline (id,nameOfDiscipline,countOfLessons,exam) VALUES ('5832','Discipline НГІКГ-5','15','no');
INSERT INTO discipline (id,nameOfDiscipline,countOfLessons,exam) VALUES ('5833','Discipline НГІКГ-6','15','no');
INSERT INTO discipline (id,nameOfDiscipline,countOfLessons,exam) VALUES ('5834','Discipline НГІКГ-7','15','no');
INSERT INTO discipline (id,nameOfDiscipline,countOfLessons,exam) VALUES ('5835','Discipline НГІКГ-8','15','no');
INSERT INTO discipline (id,nameOfDiscipline,countOfLessons,exam) VALUES ('5836','Discipline НГІКГ-9','15','no');
INSERT INTO discipline (id,nameOfDiscipline,countOfLessons,exam) VALUES ('5837','Discipline НГІКГ-10','15','no');
INSERT INTO discipline (id,nameOfDiscipline,countOfLessons,exam) VALUES ('5838','Discipline НГІКГ-11','15','no');
INSERT INTO discipline (id,nameOfDiscipline,countOfLessons,exam) VALUES ('5839','Discipline НГІКГ-12','15','no');
INSERT INTO discipline (id,nameOfDiscipline,countOfLessons,exam) VALUES ('5840','Discipline НГІКГ-13','15','no');
INSERT INTO discipline (id,nameOfDiscipline,countOfLessons,exam) VALUES ('5841','Discipline НГІКГ-14','15','no');
INSERT INTO discipline (id,nameOfDiscipline,countOfLessons,exam) VALUES ('5842','Discipline НГІКГ-15','15','no');
INSERT INTO discipline (id,nameOfDiscipline,countOfLessons,exam) VALUES ('5843','Discipline НГІКГ-16','15','no');
INSERT INTO discipline (id,nameOfDiscipline,countOfLessons,exam) VALUES ('5844','Discipline НГІКГ-17','15','no');
INSERT INTO discipline (id,nameOfDiscipline,countOfLessons,exam) VALUES ('5845','Discipline НГІКГ-18','15','no');
INSERT INTO discipline (id,nameOfDiscipline,countOfLessons,exam) VALUES ('5846','Discipline НГІКГ-19','15','no');
INSERT INTO discipline (id,nameOfDiscipline,countOfLessons,exam) VALUES ('5847','Discipline НГІКГ-20','15','no');
INSERT INTO discipline (id,nameOfDiscipline,countOfLessons,exam) VALUES ('5848','Discipline НГІКГ-21','15','no');
INSERT INTO discipline (id,nameOfDiscipline,countOfLessons,exam) VALUES ('5849','Discipline НГІКГ-22','15','no');
INSERT INTO discipline (id,nameOfDiscipline,countOfLessons,exam) VALUES ('5850','Discipline НГІКГ-23','15','no');
INSERT INTO discipline (id,nameOfDiscipline,countOfLessons,exam) VALUES ('5851','Discipline НГІКГ-24','15','no');
INSERT INTO discipline (id,nameOfDiscipline,countOfLessons,exam) VALUES ('5852','Discipline НГІКГ-25','15','no');
INSERT INTO discipline (id,nameOfDiscipline,countOfLessons,exam) VALUES ('5853','Discipline НГІКГ-26','15','no');
INSERT INTO discipline (id,nameOfDiscipline,countOfLessons,exam) VALUES ('5854','Discipline НГІКГ-27','15','no');
INSERT INTO discipline (id,nameOfDiscipline,countOfLessons,exam) VALUES ('5855','Discipline НГІКГ-28','15','no');
INSERT INTO discipline (id,nameOfDiscipline,countOfLessons,exam) VALUES ('5856','Discipline НГІКГ-29','15','no');
INSERT INTO discipline (id,nameOfDiscipline,countOfLessons,exam) VALUES ('5857','Discipline НГІКГ-30','15','no');
INSERT INTO discipline (id,nameOfDiscipline,countOfLessons,exam) VALUES ('5858','Discipline НГІКГ-31','15','no');
INSERT INTO discipline (id,nameOfDiscipline,countOfLessons,exam) VALUES ('5859','Discipline НГІКГ-32','15','no');
INSERT INTO discipline (id,nameOfDiscipline,countOfLessons,exam) VALUES ('5860','Discipline НГІКГ-33','15','no');
INSERT INTO discipline (id,nameOfDiscipline,countOfLessons,exam) VALUES ('5861','Discipline НГІКГ-34','15','no');
INSERT INTO discipline (id,nameOfDiscipline,countOfLessons,exam) VALUES ('5862','Discipline НГІКГ-35','15','no');
INSERT INTO discipline (id,nameOfDiscipline,countOfLessons,exam) VALUES ('5863','Discipline НГІКГ-36','15','no');
INSERT INTO discipline (id,nameOfDiscipline,countOfLessons,exam) VALUES ('5864','Discipline НГІКГ-37','15','no');
INSERT INTO discipline (id,nameOfDiscipline,countOfLessons,exam) VALUES ('5865','Discipline НГІКГ-38','15','no');
INSERT INTO discipline (id,nameOfDiscipline,countOfLessons,exam) VALUES ('5866','Discipline НГІКГ-39','15','no');
INSERT INTO discipline (id,nameOfDiscipline,countOfLessons,exam) VALUES ('5867','Discipline НГІКГ-40','15','no');
INSERT INTO discipline (id,nameOfDiscipline,countOfLessons,exam) VALUES ('5868','Discipline НГІКГ-41','15','no');
INSERT INTO discipline (id,nameOfDiscipline,countOfLessons,exam) VALUES ('5869','Discipline НГІКГ-42','15','no');
INSERT INTO discipline (id,nameOfDiscipline,countOfLessons,exam) VALUES ('5870','Discipline НГІКГ-43','15','no');
INSERT INTO discipline (id,nameOfDiscipline,countOfLessons,exam) VALUES ('5871','Discipline НГІКГ-44','15','no');
INSERT INTO discipline (id,nameOfDiscipline,countOfLessons,exam) VALUES ('5872','Discipline НГІКГ-45','15','no');
INSERT INTO discipline (id,nameOfDiscipline,countOfLessons,exam) VALUES ('5873','Discipline НГІКГ-46','15','no');
INSERT INTO discipline (id,nameOfDiscipline,countOfLessons,exam) VALUES ('5874','Discipline НГІКГ-47','15','no');
INSERT INTO discipline (id,nameOfDiscipline,countOfLessons,exam) VALUES ('5875','Discipline НГІКГ-48','15','no');
INSERT INTO discipline (id,nameOfDiscipline,countOfLessons,exam) VALUES ('5876','Discipline НГІКГ-49','15','no');
INSERT INTO discipline (id,nameOfDiscipline,countOfLessons,exam) VALUES ('5877','Discipline НГІКГ-50','15','no');
INSERT INTO discipline (id,nameOfDiscipline,countOfLessons,exam) VALUES ('5878','Discipline НГІКГ-51','15','no');
INSERT INTO discipline (id,nameOfDiscipline,countOfLessons,exam) VALUES ('5879','Discipline НГІКГ-52','15','no');
INSERT INTO discipline (id,nameOfDiscipline,countOfLessons,exam) VALUES ('5880','Discipline НГІКГ-53','15','no');
INSERT INTO discipline (id,nameOfDiscipline,countOfLessons,exam) VALUES ('5881','Discipline НГІКГ-54','15','no');
INSERT INTO discipline (id,nameOfDiscipline,countOfLessons,exam) VALUES ('5882','Discipline НГІКГ-55','15','no');
INSERT INTO discipline (id,nameOfDiscipline,countOfLessons,exam) VALUES ('5883','Discipline НГІКГ-56','15','no');
INSERT INTO discipline (id,nameOfDiscipline,countOfLessons,exam) VALUES ('5884','Discipline НГІКГ-57','15','no');
INSERT INTO discipline (id,nameOfDiscipline,countOfLessons,exam) VALUES ('5885','Discipline НГІКГ-58','15','no');
INSERT INTO discipline (id,nameOfDiscipline,countOfLessons,exam) VALUES ('5886','Discipline НГІКГ-59','15','no');
INSERT INTO discipline (id,nameOfDiscipline,countOfLessons,exam) VALUES ('5887','Discipline НГІКГ-60','15','no');
INSERT INTO discipline (id,nameOfDiscipline,countOfLessons,exam) VALUES ('5888','Discipline НГІКГ-61','15','no');
INSERT INTO discipline (id,nameOfDiscipline,countOfLessons,exam) VALUES ('5889','Discipline НГІКГ-62','15','no');
INSERT INTO discipline (id,nameOfDiscipline,countOfLessons,exam) VALUES ('5890','Discipline НГІКГ-63','15','no');
INSERT INTO disciplineDepartmentDependency (ID,disciplineID,departmentID,courseNumber,semesterNumber) VALUES ('5827','5827','81','1','1');
INSERT INTO disciplineDepartmentDependency (ID,disciplineID,departmentID,courseNumber,semesterNumber) VALUES ('5828','5828','81','2','2');
INSERT INTO disciplineDepartmentDependency (ID,disciplineID,departmentID,courseNumber,semesterNumber) VALUES ('5829','5829','81','3','1');
INSERT INTO disciplineDepartmentDependency (ID,disciplineID,departmentID,courseNumber,semesterNumber) VALUES ('5830','5830','81','4','2');
INSERT INTO disciplineDepartmentDependency (ID,disciplineID,departmentID,courseNumber,semesterNumber) VALUES ('5831','5831','81','5','1');
INSERT INTO disciplineDepartmentDependency (ID,disciplineID,departmentID,courseNumber,semesterNumber) VALUES ('5832','5832','81','6','2');
INSERT INTO disciplineDepartmentDependency (ID,disciplineID,departmentID,courseNumber,semesterNumber) VALUES ('5833','5833','81','1','1');
INSERT INTO disciplineDepartmentDependency (ID,disciplineID,departmentID,courseNumber,semesterNumber) VALUES ('5834','5834','81','2','2');
INSERT INTO disciplineDepartmentDependency (ID,disciplineID,departmentID,courseNumber,semesterNumber) VALUES ('5835','5835','81','3','1');
INSERT INTO disciplineDepartmentDependency (ID,disciplineID,departmentID,courseNumber,semesterNumber) VALUES ('5836','5836','81','4','2');
INSERT INTO disciplineDepartmentDependency (ID,disciplineID,departmentID,courseNumber,semesterNumber) VALUES ('5837','5837','81','5','1');
INSERT INTO disciplineDepartmentDependency (ID,disciplineID,departmentID,courseNumber,semesterNumber) VALUES ('5838','5838','81','6','2');
INSERT INTO disciplineDepartmentDependency (ID,disciplineID,departmentID,courseNumber,semesterNumber) VALUES ('5839','5839','81','1','1');
INSERT INTO disciplineDepartmentDependency (ID,disciplineID,departmentID,courseNumber,semesterNumber) VALUES ('5840','5840','81','2','2');
INSERT INTO disciplineDepartmentDependency (ID,disciplineID,departmentID,courseNumber,semesterNumber) VALUES ('5841','5841','81','3','1');
INSERT INTO disciplineDepartmentDependency (ID,disciplineID,departmentID,courseNumber,semesterNumber) VALUES ('5842','5842','81','4','2');
INSERT INTO disciplineDepartmentDependency (ID,disciplineID,departmentID,courseNumber,semesterNumber) VALUES ('5843','5843','81','5','1');
INSERT INTO disciplineDepartmentDependency (ID,disciplineID,departmentID,courseNumber,semesterNumber) VALUES ('5844','5844','81','6','2');
INSERT INTO disciplineDepartmentDependency (ID,disciplineID,departmentID,courseNumber,semesterNumber) VALUES ('5845','5845','81','1','1');
INSERT INTO disciplineDepartmentDependency (ID,disciplineID,departmentID,courseNumber,semesterNumber) VALUES ('5846','5846','81','2','2');
INSERT INTO disciplineDepartmentDependency (ID,disciplineID,departmentID,courseNumber,semesterNumber) VALUES ('5847','5847','81','3','1');
INSERT INTO disciplineDepartmentDependency (ID,disciplineID,departmentID,courseNumber,semesterNumber) VALUES ('5848','5848','81','4','2');
INSERT INTO disciplineDepartmentDependency (ID,disciplineID,departmentID,courseNumber,semesterNumber) VALUES ('5849','5849','81','5','1');
INSERT INTO disciplineDepartmentDependency (ID,disciplineID,departmentID,courseNumber,semesterNumber) VALUES ('5850','5850','81','6','2');
INSERT INTO disciplineDepartmentDependency (ID,disciplineID,departmentID,courseNumber,semesterNumber) VALUES ('5851','5851','81','1','1');
INSERT INTO disciplineDepartmentDependency (ID,disciplineID,departmentID,courseNumber,semesterNumber) VALUES ('5852','5852','81','2','2');
INSERT INTO disciplineDepartmentDependency (ID,disciplineID,departmentID,courseNumber,semesterNumber) VALUES ('5853','5853','81','3','1');
INSERT INTO disciplineDepartmentDependency (ID,disciplineID,departmentID,courseNumber,semesterNumber) VALUES ('5854','5854','81','4','2');
INSERT INTO disciplineDepartmentDependency (ID,disciplineID,departmentID,courseNumber,semesterNumber) VALUES ('5855','5855','81','5','1');
INSERT INTO disciplineDepartmentDependency (ID,disciplineID,departmentID,courseNumber,semesterNumber) VALUES ('5856','5856','81','6','2');
INSERT INTO disciplineDepartmentDependency (ID,disciplineID,departmentID,courseNumber,semesterNumber) VALUES ('5857','5857','81','1','1');
INSERT INTO disciplineDepartmentDependency (ID,disciplineID,departmentID,courseNumber,semesterNumber) VALUES ('5858','5858','81','2','2');
INSERT INTO disciplineDepartmentDependency (ID,disciplineID,departmentID,courseNumber,semesterNumber) VALUES ('5859','5859','81','3','1');
INSERT INTO disciplineDepartmentDependency (ID,disciplineID,departmentID,courseNumber,semesterNumber) VALUES ('5860','5860','81','4','2');
INSERT INTO disciplineDepartmentDependency (ID,disciplineID,departmentID,courseNumber,semesterNumber) VALUES ('5861','5861','81','5','1');
INSERT INTO disciplineDepartmentDependency (ID,disciplineID,departmentID,courseNumber,semesterNumber) VALUES ('5862','5862','81','6','2');
INSERT INTO disciplineDepartmentDependency (ID,disciplineID,departmentID,courseNumber,semesterNumber) VALUES ('5863','5863','81','1','1');
INSERT INTO disciplineDepartmentDependency (ID,disciplineID,departmentID,courseNumber,semesterNumber) VALUES ('5864','5864','81','2','2');
INSERT INTO disciplineDepartmentDependency (ID,disciplineID,departmentID,courseNumber,semesterNumber) VALUES ('5865','5865','81','3','1');
INSERT INTO disciplineDepartmentDependency (ID,disciplineID,departmentID,courseNumber,semesterNumber) VALUES ('5866','5866','81','4','2');
INSERT INTO disciplineDepartmentDependency (ID,disciplineID,departmentID,courseNumber,semesterNumber) VALUES ('5867','5867','81','5','1');
INSERT INTO disciplineDepartmentDependency (ID,disciplineID,departmentID,courseNumber,semesterNumber) VALUES ('5868','5868','81','6','2');
INSERT INTO disciplineDepartmentDependency (ID,disciplineID,departmentID,courseNumber,semesterNumber) VALUES ('5869','5869','81','1','1');
INSERT INTO disciplineDepartmentDependency (ID,disciplineID,departmentID,courseNumber,semesterNumber) VALUES ('5870','5870','81','2','2');
INSERT INTO disciplineDepartmentDependency (ID,disciplineID,departmentID,courseNumber,semesterNumber) VALUES ('5871','5871','81','3','1');
INSERT INTO disciplineDepartmentDependency (ID,disciplineID,departmentID,courseNumber,semesterNumber) VALUES ('5872','5872','81','4','2');
INSERT INTO disciplineDepartmentDependency (ID,disciplineID,departmentID,courseNumber,semesterNumber) VALUES ('5873','5873','81','5','1');
INSERT INTO disciplineDepartmentDependency (ID,disciplineID,departmentID,courseNumber,semesterNumber) VALUES ('5874','5874','81','6','2');
INSERT INTO disciplineDepartmentDependency (ID,disciplineID,departmentID,courseNumber,semesterNumber) VALUES ('5875','5875','81','1','1');
INSERT INTO disciplineDepartmentDependency (ID,disciplineID,departmentID,courseNumber,semesterNumber) VALUES ('5876','5876','81','2','2');
INSERT INTO disciplineDepartmentDependency (ID,disciplineID,departmentID,courseNumber,semesterNumber) VALUES ('5877','5877','81','3','1');
INSERT INTO disciplineDepartmentDependency (ID,disciplineID,departmentID,courseNumber,semesterNumber) VALUES ('5878','5878','81','4','2');
INSERT INTO disciplineDepartmentDependency (ID,disciplineID,departmentID,courseNumber,semesterNumber) VALUES ('5879','5879','81','5','1');
INSERT INTO disciplineDepartmentDependency (ID,disciplineID,departmentID,courseNumber,semesterNumber) VALUES ('5880','5880','81','6','2');
INSERT INTO disciplineDepartmentDependency (ID,disciplineID,departmentID,courseNumber,semesterNumber) VALUES ('5881','5881','81','1','1');
INSERT INTO disciplineDepartmentDependency (ID,disciplineID,departmentID,courseNumber,semesterNumber) VALUES ('5882','5882','81','2','2');
INSERT INTO disciplineDepartmentDependency (ID,disciplineID,departmentID,courseNumber,semesterNumber) VALUES ('5883','5883','81','3','1');
INSERT INTO disciplineDepartmentDependency (ID,disciplineID,departmentID,courseNumber,semesterNumber) VALUES ('5884','5884','81','4','2');
INSERT INTO disciplineDepartmentDependency (ID,disciplineID,departmentID,courseNumber,semesterNumber) VALUES ('5885','5885','81','5','1');
INSERT INTO disciplineDepartmentDependency (ID,disciplineID,departmentID,courseNumber,semesterNumber) VALUES ('5886','5886','81','6','2');
INSERT INTO disciplineDepartmentDependency (ID,disciplineID,departmentID,courseNumber,semesterNumber) VALUES ('5887','5887','81','1','1');
INSERT INTO disciplineDepartmentDependency (ID,disciplineID,departmentID,courseNumber,semesterNumber) VALUES ('5888','5888','81','2','2');
INSERT INTO disciplineDepartmentDependency (ID,disciplineID,departmentID,courseNumber,semesterNumber) VALUES ('5889','5889','81','3','1');
INSERT INTO disciplineDepartmentDependency (ID,disciplineID,departmentID,courseNumber,semesterNumber) VALUES ('5890','5890','81','4','2');
INSERT INTO loginpass (ID,login,password,access_type) VALUES ('218','DOBROMXSLSAVZENKO@yahoo.fr','vNCZFYF5','employee');
INSERT INTO employee (name,lastName,fathersName,personalID,sex,email,phoneNumber,dateOfBorn,address,passport,login,office,ID,departmentID) VALUES ('Добромисл','САВЧЕНКО','Лукич','3308855756','m','DOBROMXSLSAVZENKO@yahoo.fr','0938523158','1967-05-27','37847 Полтава Балакірева 20, 193','CG832116 ГУМВС 6','DOBROMXSLSAVZENKO@yahoo.fr','HR','210','81');
INSERT INTO loginpass (ID,login,password,access_type) VALUES ('219','DXBAZVLASENKO@blueyonder.co.uk','t7nFTp4z','employee');
INSERT INTO employee (name,lastName,fathersName,personalID,sex,email,phoneNumber,dateOfBorn,address,passport,login,office,ID,departmentID) VALUES ('Дибач','ВЛАСЕНКО','Кузьмич','7653856176','m','DXBAZVLASENKO@blueyonder.co.uk','0961638647','1989-01-08','61870 Мелітополь ІІІ-й Комсомольський 62, 180','QX818414 ГУМВС 22','DXBAZVLASENKO@blueyonder.co.uk','HR','211','81');
INSERT INTO loginpass (ID,login,password,access_type) VALUES ('220','DANQEVZENKO@laposte.net','i7ch1EeF','employee');
INSERT INTO employee (name,lastName,fathersName,personalID,sex,email,phoneNumber,dateOfBorn,address,passport,login,office,ID,departmentID) VALUES ('Дан','ШЕВЧЕНКО','Савич','8420604371','m','DANQEVZENKO@laposte.net','0931770427','1960-04-26','65367 Черкаси Ватутіна 27, 247','RP574658 ГУМВС 40','DANQEVZENKO@laposte.net','HR','212','81');
INSERT INTO loginpass (ID,login,password,access_type) VALUES ('221','VIRODANALXSENKO@virgin.net','PWXmGtiK','employee');
INSERT INTO employee (name,lastName,fathersName,personalID,sex,email,phoneNumber,dateOfBorn,address,passport,login,office,ID,departmentID) VALUES ('Віродана','ЛИСЕНКО','Кузьмівна','8508358528','f','VIRODANALXSENKO@virgin.net','0958455467','1971-10-25','62475 Рівне Генерала Коротєєва 33, 143','YL764475 ГУМВС 38','VIRODANALXSENKO@virgin.net','HR','213','81');
INSERT INTO gtgroup (id,fullGroupName,courseNumber,departmentID) VALUES ('966','НГІКГ-10','1','81');
INSERT INTO gtgroup (id,fullGroupName,courseNumber,departmentID) VALUES ('967','НГІКГ-11','1','81');
INSERT INTO gtgroup (id,fullGroupName,courseNumber,departmentID) VALUES ('968','НГІКГ-20','2','81');
INSERT INTO gtgroup (id,fullGroupName,courseNumber,departmentID) VALUES ('969','НГІКГ-21','2','81');
INSERT INTO gtgroup (id,fullGroupName,courseNumber,departmentID) VALUES ('970','НГІКГ-30','3','81');
INSERT INTO gtgroup (id,fullGroupName,courseNumber,departmentID) VALUES ('971','НГІКГ-31','3','81');
INSERT INTO gtgroup (id,fullGroupName,courseNumber,departmentID) VALUES ('972','НГІКГ-40','4','81');
INSERT INTO gtgroup (id,fullGroupName,courseNumber,departmentID) VALUES ('973','НГІКГ-41','4','81');
INSERT INTO gtgroup (id,fullGroupName,courseNumber,departmentID) VALUES ('974','НГІКГ-50','5','81');
INSERT INTO gtgroup (id,fullGroupName,courseNumber,departmentID) VALUES ('975','НГІКГ-51','5','81');
INSERT INTO gtgroup (id,fullGroupName,courseNumber,departmentID) VALUES ('976','НГІКГ-60','6','81');
INSERT INTO gtgroup (id,fullGroupName,courseNumber,departmentID) VALUES ('977','НГІКГ-61','6','81');
INSERT INTO dayRequirements (id,departmentID,countOfDaysInWeek,countOfLessonsInADay) VALUES ('81','82','6','5');
INSERT INTO discipline (id,nameOfDiscipline,countOfLessons,exam) VALUES ('5891','Discipline ОХТОP-0','15','no');
INSERT INTO discipline (id,nameOfDiscipline,countOfLessons,exam) VALUES ('5892','Discipline ОХТОP-1','15','no');
INSERT INTO discipline (id,nameOfDiscipline,countOfLessons,exam) VALUES ('5893','Discipline ОХТОP-2','15','no');
INSERT INTO discipline (id,nameOfDiscipline,countOfLessons,exam) VALUES ('5894','Discipline ОХТОP-3','15','no');
INSERT INTO discipline (id,nameOfDiscipline,countOfLessons,exam) VALUES ('5895','Discipline ОХТОP-4','15','no');
INSERT INTO discipline (id,nameOfDiscipline,countOfLessons,exam) VALUES ('5896','Discipline ОХТОP-5','15','no');
INSERT INTO discipline (id,nameOfDiscipline,countOfLessons,exam) VALUES ('5897','Discipline ОХТОP-6','15','no');
INSERT INTO discipline (id,nameOfDiscipline,countOfLessons,exam) VALUES ('5898','Discipline ОХТОP-7','15','no');
INSERT INTO discipline (id,nameOfDiscipline,countOfLessons,exam) VALUES ('5899','Discipline ОХТОP-8','15','no');
INSERT INTO discipline (id,nameOfDiscipline,countOfLessons,exam) VALUES ('5900','Discipline ОХТОP-9','15','no');
INSERT INTO discipline (id,nameOfDiscipline,countOfLessons,exam) VALUES ('5901','Discipline ОХТОP-10','15','no');
INSERT INTO discipline (id,nameOfDiscipline,countOfLessons,exam) VALUES ('5902','Discipline ОХТОP-11','15','no');
INSERT INTO discipline (id,nameOfDiscipline,countOfLessons,exam) VALUES ('5903','Discipline ОХТОP-12','15','no');
INSERT INTO discipline (id,nameOfDiscipline,countOfLessons,exam) VALUES ('5904','Discipline ОХТОP-13','15','no');
INSERT INTO discipline (id,nameOfDiscipline,countOfLessons,exam) VALUES ('5905','Discipline ОХТОP-14','15','no');
INSERT INTO discipline (id,nameOfDiscipline,countOfLessons,exam) VALUES ('5906','Discipline ОХТОP-15','15','no');
INSERT INTO discipline (id,nameOfDiscipline,countOfLessons,exam) VALUES ('5907','Discipline ОХТОP-16','15','no');
INSERT INTO discipline (id,nameOfDiscipline,countOfLessons,exam) VALUES ('5908','Discipline ОХТОP-17','15','no');
INSERT INTO discipline (id,nameOfDiscipline,countOfLessons,exam) VALUES ('5909','Discipline ОХТОP-18','15','no');
INSERT INTO discipline (id,nameOfDiscipline,countOfLessons,exam) VALUES ('5910','Discipline ОХТОP-19','15','no');
INSERT INTO discipline (id,nameOfDiscipline,countOfLessons,exam) VALUES ('5911','Discipline ОХТОP-20','15','no');
INSERT INTO discipline (id,nameOfDiscipline,countOfLessons,exam) VALUES ('5912','Discipline ОХТОP-21','15','no');
INSERT INTO discipline (id,nameOfDiscipline,countOfLessons,exam) VALUES ('5913','Discipline ОХТОP-22','15','no');
INSERT INTO discipline (id,nameOfDiscipline,countOfLessons,exam) VALUES ('5914','Discipline ОХТОP-23','15','no');
INSERT INTO discipline (id,nameOfDiscipline,countOfLessons,exam) VALUES ('5915','Discipline ОХТОP-24','15','no');
INSERT INTO discipline (id,nameOfDiscipline,countOfLessons,exam) VALUES ('5916','Discipline ОХТОP-25','15','no');
INSERT INTO discipline (id,nameOfDiscipline,countOfLessons,exam) VALUES ('5917','Discipline ОХТОP-26','15','no');
INSERT INTO discipline (id,nameOfDiscipline,countOfLessons,exam) VALUES ('5918','Discipline ОХТОP-27','15','no');
INSERT INTO discipline (id,nameOfDiscipline,countOfLessons,exam) VALUES ('5919','Discipline ОХТОP-28','15','no');
INSERT INTO discipline (id,nameOfDiscipline,countOfLessons,exam) VALUES ('5920','Discipline ОХТОP-29','15','no');
INSERT INTO discipline (id,nameOfDiscipline,countOfLessons,exam) VALUES ('5921','Discipline ОХТОP-30','15','no');
INSERT INTO discipline (id,nameOfDiscipline,countOfLessons,exam) VALUES ('5922','Discipline ОХТОP-31','15','no');
INSERT INTO discipline (id,nameOfDiscipline,countOfLessons,exam) VALUES ('5923','Discipline ОХТОP-32','15','no');
INSERT INTO discipline (id,nameOfDiscipline,countOfLessons,exam) VALUES ('5924','Discipline ОХТОP-33','15','no');
INSERT INTO discipline (id,nameOfDiscipline,countOfLessons,exam) VALUES ('5925','Discipline ОХТОP-34','15','no');
INSERT INTO discipline (id,nameOfDiscipline,countOfLessons,exam) VALUES ('5926','Discipline ОХТОP-35','15','no');
INSERT INTO discipline (id,nameOfDiscipline,countOfLessons,exam) VALUES ('5927','Discipline ОХТОP-36','15','no');
INSERT INTO discipline (id,nameOfDiscipline,countOfLessons,exam) VALUES ('5928','Discipline ОХТОP-37','15','no');
INSERT INTO discipline (id,nameOfDiscipline,countOfLessons,exam) VALUES ('5929','Discipline ОХТОP-38','15','no');
INSERT INTO discipline (id,nameOfDiscipline,countOfLessons,exam) VALUES ('5930','Discipline ОХТОP-39','15','no');
INSERT INTO discipline (id,nameOfDiscipline,countOfLessons,exam) VALUES ('5931','Discipline ОХТОP-40','15','no');
INSERT INTO discipline (id,nameOfDiscipline,countOfLessons,exam) VALUES ('5932','Discipline ОХТОP-41','15','no');
INSERT INTO discipline (id,nameOfDiscipline,countOfLessons,exam) VALUES ('5933','Discipline ОХТОP-42','15','no');
INSERT INTO discipline (id,nameOfDiscipline,countOfLessons,exam) VALUES ('5934','Discipline ОХТОP-43','15','no');
INSERT INTO discipline (id,nameOfDiscipline,countOfLessons,exam) VALUES ('5935','Discipline ОХТОP-44','15','no');
INSERT INTO discipline (id,nameOfDiscipline,countOfLessons,exam) VALUES ('5936','Discipline ОХТОP-45','15','no');
INSERT INTO discipline (id,nameOfDiscipline,countOfLessons,exam) VALUES ('5937','Discipline ОХТОP-46','15','no');
INSERT INTO discipline (id,nameOfDiscipline,countOfLessons,exam) VALUES ('5938','Discipline ОХТОP-47','15','no');
INSERT INTO discipline (id,nameOfDiscipline,countOfLessons,exam) VALUES ('5939','Discipline ОХТОP-48','15','no');
INSERT INTO discipline (id,nameOfDiscipline,countOfLessons,exam) VALUES ('5940','Discipline ОХТОP-49','15','no');
INSERT INTO discipline (id,nameOfDiscipline,countOfLessons,exam) VALUES ('5941','Discipline ОХТОP-50','15','no');
INSERT INTO discipline (id,nameOfDiscipline,countOfLessons,exam) VALUES ('5942','Discipline ОХТОP-51','15','no');
INSERT INTO discipline (id,nameOfDiscipline,countOfLessons,exam) VALUES ('5943','Discipline ОХТОP-52','15','no');
INSERT INTO discipline (id,nameOfDiscipline,countOfLessons,exam) VALUES ('5944','Discipline ОХТОP-53','15','no');
INSERT INTO discipline (id,nameOfDiscipline,countOfLessons,exam) VALUES ('5945','Discipline ОХТОP-54','15','no');
INSERT INTO discipline (id,nameOfDiscipline,countOfLessons,exam) VALUES ('5946','Discipline ОХТОP-55','15','no');
INSERT INTO discipline (id,nameOfDiscipline,countOfLessons,exam) VALUES ('5947','Discipline ОХТОP-56','15','no');
INSERT INTO discipline (id,nameOfDiscipline,countOfLessons,exam) VALUES ('5948','Discipline ОХТОP-57','15','no');
INSERT INTO discipline (id,nameOfDiscipline,countOfLessons,exam) VALUES ('5949','Discipline ОХТОP-58','15','no');
INSERT INTO discipline (id,nameOfDiscipline,countOfLessons,exam) VALUES ('5950','Discipline ОХТОP-59','15','no');
INSERT INTO discipline (id,nameOfDiscipline,countOfLessons,exam) VALUES ('5951','Discipline ОХТОP-60','15','no');
INSERT INTO discipline (id,nameOfDiscipline,countOfLessons,exam) VALUES ('5952','Discipline ОХТОP-61','15','no');
INSERT INTO discipline (id,nameOfDiscipline,countOfLessons,exam) VALUES ('5953','Discipline ОХТОP-62','15','no');
INSERT INTO discipline (id,nameOfDiscipline,countOfLessons,exam) VALUES ('5954','Discipline ОХТОP-63','15','no');
INSERT INTO discipline (id,nameOfDiscipline,countOfLessons,exam) VALUES ('5955','Discipline ОХТОP-64','15','no');
INSERT INTO discipline (id,nameOfDiscipline,countOfLessons,exam) VALUES ('5956','Discipline ОХТОP-65','15','no');
INSERT INTO discipline (id,nameOfDiscipline,countOfLessons,exam) VALUES ('5957','Discipline ОХТОP-66','15','no');
INSERT INTO discipline (id,nameOfDiscipline,countOfLessons,exam) VALUES ('5958','Discipline ОХТОP-67','15','no');
INSERT INTO discipline (id,nameOfDiscipline,countOfLessons,exam) VALUES ('5959','Discipline ОХТОP-68','15','no');
INSERT INTO discipline (id,nameOfDiscipline,countOfLessons,exam) VALUES ('5960','Discipline ОХТОP-69','15','no');
INSERT INTO disciplineDepartmentDependency (ID,disciplineID,departmentID,courseNumber,semesterNumber) VALUES ('5891','5891','82','1','1');
INSERT INTO disciplineDepartmentDependency (ID,disciplineID,departmentID,courseNumber,semesterNumber) VALUES ('5892','5892','82','2','2');
INSERT INTO disciplineDepartmentDependency (ID,disciplineID,departmentID,courseNumber,semesterNumber) VALUES ('5893','5893','82','3','1');
INSERT INTO disciplineDepartmentDependency (ID,disciplineID,departmentID,courseNumber,semesterNumber) VALUES ('5894','5894','82','4','2');
INSERT INTO disciplineDepartmentDependency (ID,disciplineID,departmentID,courseNumber,semesterNumber) VALUES ('5895','5895','82','5','1');
INSERT INTO disciplineDepartmentDependency (ID,disciplineID,departmentID,courseNumber,semesterNumber) VALUES ('5896','5896','82','6','2');
INSERT INTO disciplineDepartmentDependency (ID,disciplineID,departmentID,courseNumber,semesterNumber) VALUES ('5897','5897','82','1','1');
INSERT INTO disciplineDepartmentDependency (ID,disciplineID,departmentID,courseNumber,semesterNumber) VALUES ('5898','5898','82','2','2');
INSERT INTO disciplineDepartmentDependency (ID,disciplineID,departmentID,courseNumber,semesterNumber) VALUES ('5899','5899','82','3','1');
INSERT INTO disciplineDepartmentDependency (ID,disciplineID,departmentID,courseNumber,semesterNumber) VALUES ('5900','5900','82','4','2');
INSERT INTO disciplineDepartmentDependency (ID,disciplineID,departmentID,courseNumber,semesterNumber) VALUES ('5901','5901','82','5','1');
INSERT INTO disciplineDepartmentDependency (ID,disciplineID,departmentID,courseNumber,semesterNumber) VALUES ('5902','5902','82','6','2');
INSERT INTO disciplineDepartmentDependency (ID,disciplineID,departmentID,courseNumber,semesterNumber) VALUES ('5903','5903','82','1','1');
INSERT INTO disciplineDepartmentDependency (ID,disciplineID,departmentID,courseNumber,semesterNumber) VALUES ('5904','5904','82','2','2');
INSERT INTO disciplineDepartmentDependency (ID,disciplineID,departmentID,courseNumber,semesterNumber) VALUES ('5905','5905','82','3','1');
INSERT INTO disciplineDepartmentDependency (ID,disciplineID,departmentID,courseNumber,semesterNumber) VALUES ('5906','5906','82','4','2');
INSERT INTO disciplineDepartmentDependency (ID,disciplineID,departmentID,courseNumber,semesterNumber) VALUES ('5907','5907','82','5','1');
INSERT INTO disciplineDepartmentDependency (ID,disciplineID,departmentID,courseNumber,semesterNumber) VALUES ('5908','5908','82','6','2');
INSERT INTO disciplineDepartmentDependency (ID,disciplineID,departmentID,courseNumber,semesterNumber) VALUES ('5909','5909','82','1','1');
INSERT INTO disciplineDepartmentDependency (ID,disciplineID,departmentID,courseNumber,semesterNumber) VALUES ('5910','5910','82','2','2');
INSERT INTO disciplineDepartmentDependency (ID,disciplineID,departmentID,courseNumber,semesterNumber) VALUES ('5911','5911','82','3','1');
INSERT INTO disciplineDepartmentDependency (ID,disciplineID,departmentID,courseNumber,semesterNumber) VALUES ('5912','5912','82','4','2');
INSERT INTO disciplineDepartmentDependency (ID,disciplineID,departmentID,courseNumber,semesterNumber) VALUES ('5913','5913','82','5','1');
INSERT INTO disciplineDepartmentDependency (ID,disciplineID,departmentID,courseNumber,semesterNumber) VALUES ('5914','5914','82','6','2');
INSERT INTO disciplineDepartmentDependency (ID,disciplineID,departmentID,courseNumber,semesterNumber) VALUES ('5915','5915','82','1','1');
INSERT INTO disciplineDepartmentDependency (ID,disciplineID,departmentID,courseNumber,semesterNumber) VALUES ('5916','5916','82','2','2');
INSERT INTO disciplineDepartmentDependency (ID,disciplineID,departmentID,courseNumber,semesterNumber) VALUES ('5917','5917','82','3','1');
INSERT INTO disciplineDepartmentDependency (ID,disciplineID,departmentID,courseNumber,semesterNumber) VALUES ('5918','5918','82','4','2');
INSERT INTO disciplineDepartmentDependency (ID,disciplineID,departmentID,courseNumber,semesterNumber) VALUES ('5919','5919','82','5','1');
INSERT INTO disciplineDepartmentDependency (ID,disciplineID,departmentID,courseNumber,semesterNumber) VALUES ('5920','5920','82','6','2');
INSERT INTO disciplineDepartmentDependency (ID,disciplineID,departmentID,courseNumber,semesterNumber) VALUES ('5921','5921','82','1','1');
INSERT INTO disciplineDepartmentDependency (ID,disciplineID,departmentID,courseNumber,semesterNumber) VALUES ('5922','5922','82','2','2');
INSERT INTO disciplineDepartmentDependency (ID,disciplineID,departmentID,courseNumber,semesterNumber) VALUES ('5923','5923','82','3','1');
INSERT INTO disciplineDepartmentDependency (ID,disciplineID,departmentID,courseNumber,semesterNumber) VALUES ('5924','5924','82','4','2');
INSERT INTO disciplineDepartmentDependency (ID,disciplineID,departmentID,courseNumber,semesterNumber) VALUES ('5925','5925','82','5','1');
INSERT INTO disciplineDepartmentDependency (ID,disciplineID,departmentID,courseNumber,semesterNumber) VALUES ('5926','5926','82','6','2');
INSERT INTO disciplineDepartmentDependency (ID,disciplineID,departmentID,courseNumber,semesterNumber) VALUES ('5927','5927','82','1','1');
INSERT INTO disciplineDepartmentDependency (ID,disciplineID,departmentID,courseNumber,semesterNumber) VALUES ('5928','5928','82','2','2');
INSERT INTO disciplineDepartmentDependency (ID,disciplineID,departmentID,courseNumber,semesterNumber) VALUES ('5929','5929','82','3','1');
INSERT INTO disciplineDepartmentDependency (ID,disciplineID,departmentID,courseNumber,semesterNumber) VALUES ('5930','5930','82','4','2');
INSERT INTO disciplineDepartmentDependency (ID,disciplineID,departmentID,courseNumber,semesterNumber) VALUES ('5931','5931','82','5','1');
INSERT INTO disciplineDepartmentDependency (ID,disciplineID,departmentID,courseNumber,semesterNumber) VALUES ('5932','5932','82','6','2');
INSERT INTO disciplineDepartmentDependency (ID,disciplineID,departmentID,courseNumber,semesterNumber) VALUES ('5933','5933','82','1','1');
INSERT INTO disciplineDepartmentDependency (ID,disciplineID,departmentID,courseNumber,semesterNumber) VALUES ('5934','5934','82','2','2');
INSERT INTO disciplineDepartmentDependency (ID,disciplineID,departmentID,courseNumber,semesterNumber) VALUES ('5935','5935','82','3','1');
INSERT INTO disciplineDepartmentDependency (ID,disciplineID,departmentID,courseNumber,semesterNumber) VALUES ('5936','5936','82','4','2');
INSERT INTO disciplineDepartmentDependency (ID,disciplineID,departmentID,courseNumber,semesterNumber) VALUES ('5937','5937','82','5','1');
INSERT INTO disciplineDepartmentDependency (ID,disciplineID,departmentID,courseNumber,semesterNumber) VALUES ('5938','5938','82','6','2');
INSERT INTO disciplineDepartmentDependency (ID,disciplineID,departmentID,courseNumber,semesterNumber) VALUES ('5939','5939','82','1','1');
INSERT INTO disciplineDepartmentDependency (ID,disciplineID,departmentID,courseNumber,semesterNumber) VALUES ('5940','5940','82','2','2');
INSERT INTO disciplineDepartmentDependency (ID,disciplineID,departmentID,courseNumber,semesterNumber) VALUES ('5941','5941','82','3','1');
INSERT INTO disciplineDepartmentDependency (ID,disciplineID,departmentID,courseNumber,semesterNumber) VALUES ('5942','5942','82','4','2');
INSERT INTO disciplineDepartmentDependency (ID,disciplineID,departmentID,courseNumber,semesterNumber) VALUES ('5943','5943','82','5','1');
INSERT INTO disciplineDepartmentDependency (ID,disciplineID,departmentID,courseNumber,semesterNumber) VALUES ('5944','5944','82','6','2');
INSERT INTO disciplineDepartmentDependency (ID,disciplineID,departmentID,courseNumber,semesterNumber) VALUES ('5945','5945','82','1','1');
INSERT INTO disciplineDepartmentDependency (ID,disciplineID,departmentID,courseNumber,semesterNumber) VALUES ('5946','5946','82','2','2');
INSERT INTO disciplineDepartmentDependency (ID,disciplineID,departmentID,courseNumber,semesterNumber) VALUES ('5947','5947','82','3','1');
INSERT INTO disciplineDepartmentDependency (ID,disciplineID,departmentID,courseNumber,semesterNumber) VALUES ('5948','5948','82','4','2');
INSERT INTO disciplineDepartmentDependency (ID,disciplineID,departmentID,courseNumber,semesterNumber) VALUES ('5949','5949','82','5','1');
INSERT INTO disciplineDepartmentDependency (ID,disciplineID,departmentID,courseNumber,semesterNumber) VALUES ('5950','5950','82','6','2');
INSERT INTO disciplineDepartmentDependency (ID,disciplineID,departmentID,courseNumber,semesterNumber) VALUES ('5951','5951','82','1','1');
INSERT INTO disciplineDepartmentDependency (ID,disciplineID,departmentID,courseNumber,semesterNumber) VALUES ('5952','5952','82','2','2');
INSERT INTO disciplineDepartmentDependency (ID,disciplineID,departmentID,courseNumber,semesterNumber) VALUES ('5953','5953','82','3','1');
INSERT INTO disciplineDepartmentDependency (ID,disciplineID,departmentID,courseNumber,semesterNumber) VALUES ('5954','5954','82','4','2');
INSERT INTO disciplineDepartmentDependency (ID,disciplineID,departmentID,courseNumber,semesterNumber) VALUES ('5955','5955','82','5','1');
INSERT INTO disciplineDepartmentDependency (ID,disciplineID,departmentID,courseNumber,semesterNumber) VALUES ('5956','5956','82','6','2');
INSERT INTO disciplineDepartmentDependency (ID,disciplineID,departmentID,courseNumber,semesterNumber) VALUES ('5957','5957','82','1','1');
INSERT INTO disciplineDepartmentDependency (ID,disciplineID,departmentID,courseNumber,semesterNumber) VALUES ('5958','5958','82','2','2');
INSERT INTO disciplineDepartmentDependency (ID,disciplineID,departmentID,courseNumber,semesterNumber) VALUES ('5959','5959','82','3','1');
INSERT INTO disciplineDepartmentDependency (ID,disciplineID,departmentID,courseNumber,semesterNumber) VALUES ('5960','5960','82','4','2');
INSERT INTO loginpass (ID,login,password,access_type) VALUES ('222','BOJEDARAKRAVZUK@hotmail.fr','V6qQVoJ4','employee');
INSERT INTO employee (name,lastName,fathersName,personalID,sex,email,phoneNumber,dateOfBorn,address,passport,login,office,ID,departmentID) VALUES ('Божедара,','КРАВЧУК','Хомівна','1032805207','f','BOJEDARAKRAVZUK@hotmail.fr','0966345815','1987-11-08','52778 Харків Героїв Дніпра 88, 279','EC472545 ГУМВС 26','BOJEDARAKRAVZUK@hotmail.fr','HR','214','82');
INSERT INTO loginpass (ID,login,password,access_type) VALUES ('223','BOGOVISTBILOUS@virgin.net','$xxIet#w','employee');
INSERT INTO employee (name,lastName,fathersName,personalID,sex,email,phoneNumber,dateOfBorn,address,passport,login,office,ID,departmentID) VALUES ('Боговіст','БІЛОУС','Хомич','6663543721','m','BOGOVISTBILOUS@virgin.net','0966107705','1994-04-03','22154 Дунаївці Зої Космодем’янської 21, 0','DI815134 ГУМВС 22','BOGOVISTBILOUS@virgin.net','HR','215','82');
INSERT INTO loginpass (ID,login,password,access_type) VALUES ('224','VIROSLAVKOVALQZUK@talktalk.co.uk','F6z2Q8Y$','employee');
INSERT INTO employee (name,lastName,fathersName,personalID,sex,email,phoneNumber,dateOfBorn,address,passport,login,office,ID,departmentID) VALUES ('Вірослав','КОВАЛЬЧУК','Ілліч','2757725200','m','VIROSLAVKOVALQZUK@talktalk.co.uk','0941310627','1967-02-04','81255 Мукачеве Калініна 23, 19','TX613716 ГУМВС 4','VIROSLAVKOVALQZUK@talktalk.co.uk','HR','216','82');
INSERT INTO loginpass (ID,login,password,access_type) VALUES ('225','BOJEDANAKRAVECQ@blueyonder.co.uk','sZUBMK13','employee');
INSERT INTO employee (name,lastName,fathersName,personalID,sex,email,phoneNumber,dateOfBorn,address,passport,login,office,ID,departmentID) VALUES ('Божедана','КРАВЕЦЬ','Кузьмівна','8412360552','f','BOJEDANAKRAVECQ@blueyonder.co.uk','0920505358','1965-10-26','80416 Сміла Грибна 98, 198','RU718214 ГУМВС 2','BOJEDANAKRAVECQ@blueyonder.co.uk','HR','217','82');
INSERT INTO gtgroup (id,fullGroupName,courseNumber,departmentID) VALUES ('978','ОХТОP-10','1','82');
INSERT INTO gtgroup (id,fullGroupName,courseNumber,departmentID) VALUES ('979','ОХТОP-11','1','82');
INSERT INTO gtgroup (id,fullGroupName,courseNumber,departmentID) VALUES ('980','ОХТОP-12','1','82');
INSERT INTO gtgroup (id,fullGroupName,courseNumber,departmentID) VALUES ('981','ОХТОP-20','2','82');
INSERT INTO gtgroup (id,fullGroupName,courseNumber,departmentID) VALUES ('982','ОХТОP-21','2','82');
INSERT INTO gtgroup (id,fullGroupName,courseNumber,departmentID) VALUES ('983','ОХТОP-22','2','82');
INSERT INTO gtgroup (id,fullGroupName,courseNumber,departmentID) VALUES ('984','ОХТОP-30','3','82');
INSERT INTO gtgroup (id,fullGroupName,courseNumber,departmentID) VALUES ('985','ОХТОP-31','3','82');
INSERT INTO gtgroup (id,fullGroupName,courseNumber,departmentID) VALUES ('986','ОХТОP-32','3','82');
INSERT INTO gtgroup (id,fullGroupName,courseNumber,departmentID) VALUES ('987','ОХТОP-40','4','82');
INSERT INTO gtgroup (id,fullGroupName,courseNumber,departmentID) VALUES ('988','ОХТОP-41','4','82');
INSERT INTO gtgroup (id,fullGroupName,courseNumber,departmentID) VALUES ('989','ОХТОP-42','4','82');
INSERT INTO gtgroup (id,fullGroupName,courseNumber,departmentID) VALUES ('990','ОХТОP-50','5','82');
INSERT INTO gtgroup (id,fullGroupName,courseNumber,departmentID) VALUES ('991','ОХТОP-51','5','82');
INSERT INTO gtgroup (id,fullGroupName,courseNumber,departmentID) VALUES ('992','ОХТОP-52','5','82');
INSERT INTO gtgroup (id,fullGroupName,courseNumber,departmentID) VALUES ('993','ОХТОP-60','6','82');
INSERT INTO gtgroup (id,fullGroupName,courseNumber,departmentID) VALUES ('994','ОХТОP-61','6','82');
INSERT INTO gtgroup (id,fullGroupName,courseNumber,departmentID) VALUES ('995','ОХТОP-62','6','82');
INSERT INTO dayRequirements (id,departmentID,countOfDaysInWeek,countOfLessonsInADay) VALUES ('82','83','6','5');
INSERT INTO discipline (id,nameOfDiscipline,countOfLessons,exam) VALUES ('5961','Discipline КТЕВ-0','15','no');
INSERT INTO discipline (id,nameOfDiscipline,countOfLessons,exam) VALUES ('5962','Discipline КТЕВ-1','15','no');
INSERT INTO discipline (id,nameOfDiscipline,countOfLessons,exam) VALUES ('5963','Discipline КТЕВ-2','15','no');
INSERT INTO discipline (id,nameOfDiscipline,countOfLessons,exam) VALUES ('5964','Discipline КТЕВ-3','15','no');
INSERT INTO discipline (id,nameOfDiscipline,countOfLessons,exam) VALUES ('5965','Discipline КТЕВ-4','15','no');
INSERT INTO discipline (id,nameOfDiscipline,countOfLessons,exam) VALUES ('5966','Discipline КТЕВ-5','15','no');
INSERT INTO discipline (id,nameOfDiscipline,countOfLessons,exam) VALUES ('5967','Discipline КТЕВ-6','15','no');
INSERT INTO discipline (id,nameOfDiscipline,countOfLessons,exam) VALUES ('5968','Discipline КТЕВ-7','15','no');
INSERT INTO discipline (id,nameOfDiscipline,countOfLessons,exam) VALUES ('5969','Discipline КТЕВ-8','15','no');
INSERT INTO discipline (id,nameOfDiscipline,countOfLessons,exam) VALUES ('5970','Discipline КТЕВ-9','15','no');
INSERT INTO discipline (id,nameOfDiscipline,countOfLessons,exam) VALUES ('5971','Discipline КТЕВ-10','15','no');
INSERT INTO discipline (id,nameOfDiscipline,countOfLessons,exam) VALUES ('5972','Discipline КТЕВ-11','15','no');
INSERT INTO discipline (id,nameOfDiscipline,countOfLessons,exam) VALUES ('5973','Discipline КТЕВ-12','15','no');
INSERT INTO discipline (id,nameOfDiscipline,countOfLessons,exam) VALUES ('5974','Discipline КТЕВ-13','15','no');
INSERT INTO discipline (id,nameOfDiscipline,countOfLessons,exam) VALUES ('5975','Discipline КТЕВ-14','15','no');
INSERT INTO discipline (id,nameOfDiscipline,countOfLessons,exam) VALUES ('5976','Discipline КТЕВ-15','15','no');
INSERT INTO discipline (id,nameOfDiscipline,countOfLessons,exam) VALUES ('5977','Discipline КТЕВ-16','15','no');
INSERT INTO discipline (id,nameOfDiscipline,countOfLessons,exam) VALUES ('5978','Discipline КТЕВ-17','15','no');
INSERT INTO discipline (id,nameOfDiscipline,countOfLessons,exam) VALUES ('5979','Discipline КТЕВ-18','15','no');
INSERT INTO discipline (id,nameOfDiscipline,countOfLessons,exam) VALUES ('5980','Discipline КТЕВ-19','15','no');
INSERT INTO discipline (id,nameOfDiscipline,countOfLessons,exam) VALUES ('5981','Discipline КТЕВ-20','15','no');
INSERT INTO discipline (id,nameOfDiscipline,countOfLessons,exam) VALUES ('5982','Discipline КТЕВ-21','15','no');
INSERT INTO discipline (id,nameOfDiscipline,countOfLessons,exam) VALUES ('5983','Discipline КТЕВ-22','15','no');
INSERT INTO discipline (id,nameOfDiscipline,countOfLessons,exam) VALUES ('5984','Discipline КТЕВ-23','15','no');
INSERT INTO discipline (id,nameOfDiscipline,countOfLessons,exam) VALUES ('5985','Discipline КТЕВ-24','15','no');
INSERT INTO discipline (id,nameOfDiscipline,countOfLessons,exam) VALUES ('5986','Discipline КТЕВ-25','15','no');
INSERT INTO discipline (id,nameOfDiscipline,countOfLessons,exam) VALUES ('5987','Discipline КТЕВ-26','15','no');
INSERT INTO discipline (id,nameOfDiscipline,countOfLessons,exam) VALUES ('5988','Discipline КТЕВ-27','15','no');
INSERT INTO discipline (id,nameOfDiscipline,countOfLessons,exam) VALUES ('5989','Discipline КТЕВ-28','15','no');
INSERT INTO discipline (id,nameOfDiscipline,countOfLessons,exam) VALUES ('5990','Discipline КТЕВ-29','15','no');
INSERT INTO discipline (id,nameOfDiscipline,countOfLessons,exam) VALUES ('5991','Discipline КТЕВ-30','15','no');
INSERT INTO discipline (id,nameOfDiscipline,countOfLessons,exam) VALUES ('5992','Discipline КТЕВ-31','15','no');
INSERT INTO discipline (id,nameOfDiscipline,countOfLessons,exam) VALUES ('5993','Discipline КТЕВ-32','15','no');
INSERT INTO discipline (id,nameOfDiscipline,countOfLessons,exam) VALUES ('5994','Discipline КТЕВ-33','15','no');
INSERT INTO discipline (id,nameOfDiscipline,countOfLessons,exam) VALUES ('5995','Discipline КТЕВ-34','15','no');
INSERT INTO discipline (id,nameOfDiscipline,countOfLessons,exam) VALUES ('5996','Discipline КТЕВ-35','15','no');
INSERT INTO discipline (id,nameOfDiscipline,countOfLessons,exam) VALUES ('5997','Discipline КТЕВ-36','15','no');
INSERT INTO discipline (id,nameOfDiscipline,countOfLessons,exam) VALUES ('5998','Discipline КТЕВ-37','15','no');
INSERT INTO discipline (id,nameOfDiscipline,countOfLessons,exam) VALUES ('5999','Discipline КТЕВ-38','15','no');
INSERT INTO discipline (id,nameOfDiscipline,countOfLessons,exam) VALUES ('6000','Discipline КТЕВ-39','15','no');
INSERT INTO discipline (id,nameOfDiscipline,countOfLessons,exam) VALUES ('6001','Discipline КТЕВ-40','15','no');
INSERT INTO discipline (id,nameOfDiscipline,countOfLessons,exam) VALUES ('6002','Discipline КТЕВ-41','15','no');
INSERT INTO discipline (id,nameOfDiscipline,countOfLessons,exam) VALUES ('6003','Discipline КТЕВ-42','15','no');
INSERT INTO discipline (id,nameOfDiscipline,countOfLessons,exam) VALUES ('6004','Discipline КТЕВ-43','15','no');
INSERT INTO discipline (id,nameOfDiscipline,countOfLessons,exam) VALUES ('6005','Discipline КТЕВ-44','15','no');
INSERT INTO discipline (id,nameOfDiscipline,countOfLessons,exam) VALUES ('6006','Discipline КТЕВ-45','15','no');
INSERT INTO discipline (id,nameOfDiscipline,countOfLessons,exam) VALUES ('6007','Discipline КТЕВ-46','15','no');
INSERT INTO discipline (id,nameOfDiscipline,countOfLessons,exam) VALUES ('6008','Discipline КТЕВ-47','15','no');
INSERT INTO discipline (id,nameOfDiscipline,countOfLessons,exam) VALUES ('6009','Discipline КТЕВ-48','15','no');
INSERT INTO discipline (id,nameOfDiscipline,countOfLessons,exam) VALUES ('6010','Discipline КТЕВ-49','15','no');
INSERT INTO discipline (id,nameOfDiscipline,countOfLessons,exam) VALUES ('6011','Discipline КТЕВ-50','15','no');
INSERT INTO discipline (id,nameOfDiscipline,countOfLessons,exam) VALUES ('6012','Discipline КТЕВ-51','15','no');
INSERT INTO discipline (id,nameOfDiscipline,countOfLessons,exam) VALUES ('6013','Discipline КТЕВ-52','15','no');
INSERT INTO discipline (id,nameOfDiscipline,countOfLessons,exam) VALUES ('6014','Discipline КТЕВ-53','15','no');
INSERT INTO discipline (id,nameOfDiscipline,countOfLessons,exam) VALUES ('6015','Discipline КТЕВ-54','15','no');
INSERT INTO discipline (id,nameOfDiscipline,countOfLessons,exam) VALUES ('6016','Discipline КТЕВ-55','15','no');
INSERT INTO discipline (id,nameOfDiscipline,countOfLessons,exam) VALUES ('6017','Discipline КТЕВ-56','15','no');
INSERT INTO discipline (id,nameOfDiscipline,countOfLessons,exam) VALUES ('6018','Discipline КТЕВ-57','15','no');
INSERT INTO discipline (id,nameOfDiscipline,countOfLessons,exam) VALUES ('6019','Discipline КТЕВ-58','15','no');
INSERT INTO discipline (id,nameOfDiscipline,countOfLessons,exam) VALUES ('6020','Discipline КТЕВ-59','15','no');
INSERT INTO discipline (id,nameOfDiscipline,countOfLessons,exam) VALUES ('6021','Discipline КТЕВ-60','15','no');
INSERT INTO discipline (id,nameOfDiscipline,countOfLessons,exam) VALUES ('6022','Discipline КТЕВ-61','15','no');
INSERT INTO discipline (id,nameOfDiscipline,countOfLessons,exam) VALUES ('6023','Discipline КТЕВ-62','15','no');
INSERT INTO discipline (id,nameOfDiscipline,countOfLessons,exam) VALUES ('6024','Discipline КТЕВ-63','15','no');
INSERT INTO discipline (id,nameOfDiscipline,countOfLessons,exam) VALUES ('6025','Discipline КТЕВ-64','15','no');
INSERT INTO discipline (id,nameOfDiscipline,countOfLessons,exam) VALUES ('6026','Discipline КТЕВ-65','15','no');
INSERT INTO discipline (id,nameOfDiscipline,countOfLessons,exam) VALUES ('6027','Discipline КТЕВ-66','15','no');
INSERT INTO discipline (id,nameOfDiscipline,countOfLessons,exam) VALUES ('6028','Discipline КТЕВ-67','15','no');
INSERT INTO discipline (id,nameOfDiscipline,countOfLessons,exam) VALUES ('6029','Discipline КТЕВ-68','15','no');
INSERT INTO discipline (id,nameOfDiscipline,countOfLessons,exam) VALUES ('6030','Discipline КТЕВ-69','15','no');
INSERT INTO discipline (id,nameOfDiscipline,countOfLessons,exam) VALUES ('6031','Discipline КТЕВ-70','15','no');
INSERT INTO discipline (id,nameOfDiscipline,countOfLessons,exam) VALUES ('6032','Discipline КТЕВ-71','15','no');
INSERT INTO discipline (id,nameOfDiscipline,countOfLessons,exam) VALUES ('6033','Discipline КТЕВ-72','15','no');
INSERT INTO discipline (id,nameOfDiscipline,countOfLessons,exam) VALUES ('6034','Discipline КТЕВ-73','15','no');
INSERT INTO discipline (id,nameOfDiscipline,countOfLessons,exam) VALUES ('6035','Discipline КТЕВ-74','15','no');
INSERT INTO discipline (id,nameOfDiscipline,countOfLessons,exam) VALUES ('6036','Discipline КТЕВ-75','15','no');
INSERT INTO discipline (id,nameOfDiscipline,countOfLessons,exam) VALUES ('6037','Discipline КТЕВ-76','15','no');
INSERT INTO discipline (id,nameOfDiscipline,countOfLessons,exam) VALUES ('6038','Discipline КТЕВ-77','15','no');
INSERT INTO discipline (id,nameOfDiscipline,countOfLessons,exam) VALUES ('6039','Discipline КТЕВ-78','15','no');
INSERT INTO disciplineDepartmentDependency (ID,disciplineID,departmentID,courseNumber,semesterNumber) VALUES ('5961','5961','83','1','1');
INSERT INTO disciplineDepartmentDependency (ID,disciplineID,departmentID,courseNumber,semesterNumber) VALUES ('5962','5962','83','2','2');
INSERT INTO disciplineDepartmentDependency (ID,disciplineID,departmentID,courseNumber,semesterNumber) VALUES ('5963','5963','83','3','1');
INSERT INTO disciplineDepartmentDependency (ID,disciplineID,departmentID,courseNumber,semesterNumber) VALUES ('5964','5964','83','4','2');
INSERT INTO disciplineDepartmentDependency (ID,disciplineID,departmentID,courseNumber,semesterNumber) VALUES ('5965','5965','83','5','1');
INSERT INTO disciplineDepartmentDependency (ID,disciplineID,departmentID,courseNumber,semesterNumber) VALUES ('5966','5966','83','6','2');
INSERT INTO disciplineDepartmentDependency (ID,disciplineID,departmentID,courseNumber,semesterNumber) VALUES ('5967','5967','83','1','1');
INSERT INTO disciplineDepartmentDependency (ID,disciplineID,departmentID,courseNumber,semesterNumber) VALUES ('5968','5968','83','2','2');
INSERT INTO disciplineDepartmentDependency (ID,disciplineID,departmentID,courseNumber,semesterNumber) VALUES ('5969','5969','83','3','1');
INSERT INTO disciplineDepartmentDependency (ID,disciplineID,departmentID,courseNumber,semesterNumber) VALUES ('5970','5970','83','4','2');
INSERT INTO disciplineDepartmentDependency (ID,disciplineID,departmentID,courseNumber,semesterNumber) VALUES ('5971','5971','83','5','1');
INSERT INTO disciplineDepartmentDependency (ID,disciplineID,departmentID,courseNumber,semesterNumber) VALUES ('5972','5972','83','6','2');
INSERT INTO disciplineDepartmentDependency (ID,disciplineID,departmentID,courseNumber,semesterNumber) VALUES ('5973','5973','83','1','1');
INSERT INTO disciplineDepartmentDependency (ID,disciplineID,departmentID,courseNumber,semesterNumber) VALUES ('5974','5974','83','2','2');
INSERT INTO disciplineDepartmentDependency (ID,disciplineID,departmentID,courseNumber,semesterNumber) VALUES ('5975','5975','83','3','1');
INSERT INTO disciplineDepartmentDependency (ID,disciplineID,departmentID,courseNumber,semesterNumber) VALUES ('5976','5976','83','4','2');
INSERT INTO disciplineDepartmentDependency (ID,disciplineID,departmentID,courseNumber,semesterNumber) VALUES ('5977','5977','83','5','1');
INSERT INTO disciplineDepartmentDependency (ID,disciplineID,departmentID,courseNumber,semesterNumber) VALUES ('5978','5978','83','6','2');
INSERT INTO disciplineDepartmentDependency (ID,disciplineID,departmentID,courseNumber,semesterNumber) VALUES ('5979','5979','83','1','1');
INSERT INTO disciplineDepartmentDependency (ID,disciplineID,departmentID,courseNumber,semesterNumber) VALUES ('5980','5980','83','2','2');
INSERT INTO disciplineDepartmentDependency (ID,disciplineID,departmentID,courseNumber,semesterNumber) VALUES ('5981','5981','83','3','1');
INSERT INTO disciplineDepartmentDependency (ID,disciplineID,departmentID,courseNumber,semesterNumber) VALUES ('5982','5982','83','4','2');
INSERT INTO disciplineDepartmentDependency (ID,disciplineID,departmentID,courseNumber,semesterNumber) VALUES ('5983','5983','83','5','1');
INSERT INTO disciplineDepartmentDependency (ID,disciplineID,departmentID,courseNumber,semesterNumber) VALUES ('5984','5984','83','6','2');
INSERT INTO disciplineDepartmentDependency (ID,disciplineID,departmentID,courseNumber,semesterNumber) VALUES ('5985','5985','83','1','1');
INSERT INTO disciplineDepartmentDependency (ID,disciplineID,departmentID,courseNumber,semesterNumber) VALUES ('5986','5986','83','2','2');
INSERT INTO disciplineDepartmentDependency (ID,disciplineID,departmentID,courseNumber,semesterNumber) VALUES ('5987','5987','83','3','1');
INSERT INTO disciplineDepartmentDependency (ID,disciplineID,departmentID,courseNumber,semesterNumber) VALUES ('5988','5988','83','4','2');
INSERT INTO disciplineDepartmentDependency (ID,disciplineID,departmentID,courseNumber,semesterNumber) VALUES ('5989','5989','83','5','1');
INSERT INTO disciplineDepartmentDependency (ID,disciplineID,departmentID,courseNumber,semesterNumber) VALUES ('5990','5990','83','6','2');
INSERT INTO disciplineDepartmentDependency (ID,disciplineID,departmentID,courseNumber,semesterNumber) VALUES ('5991','5991','83','1','1');
INSERT INTO disciplineDepartmentDependency (ID,disciplineID,departmentID,courseNumber,semesterNumber) VALUES ('5992','5992','83','2','2');
INSERT INTO disciplineDepartmentDependency (ID,disciplineID,departmentID,courseNumber,semesterNumber) VALUES ('5993','5993','83','3','1');
INSERT INTO disciplineDepartmentDependency (ID,disciplineID,departmentID,courseNumber,semesterNumber) VALUES ('5994','5994','83','4','2');
INSERT INTO disciplineDepartmentDependency (ID,disciplineID,departmentID,courseNumber,semesterNumber) VALUES ('5995','5995','83','5','1');
INSERT INTO disciplineDepartmentDependency (ID,disciplineID,departmentID,courseNumber,semesterNumber) VALUES ('5996','5996','83','6','2');
INSERT INTO disciplineDepartmentDependency (ID,disciplineID,departmentID,courseNumber,semesterNumber) VALUES ('5997','5997','83','1','1');
INSERT INTO disciplineDepartmentDependency (ID,disciplineID,departmentID,courseNumber,semesterNumber) VALUES ('5998','5998','83','2','2');
INSERT INTO disciplineDepartmentDependency (ID,disciplineID,departmentID,courseNumber,semesterNumber) VALUES ('5999','5999','83','3','1');
INSERT INTO disciplineDepartmentDependency (ID,disciplineID,departmentID,courseNumber,semesterNumber) VALUES ('6000','6000','83','4','2');
INSERT INTO disciplineDepartmentDependency (ID,disciplineID,departmentID,courseNumber,semesterNumber) VALUES ('6001','6001','83','5','1');
INSERT INTO disciplineDepartmentDependency (ID,disciplineID,departmentID,courseNumber,semesterNumber) VALUES ('6002','6002','83','6','2');
INSERT INTO disciplineDepartmentDependency (ID,disciplineID,departmentID,courseNumber,semesterNumber) VALUES ('6003','6003','83','1','1');
INSERT INTO disciplineDepartmentDependency (ID,disciplineID,departmentID,courseNumber,semesterNumber) VALUES ('6004','6004','83','2','2');
INSERT INTO disciplineDepartmentDependency (ID,disciplineID,departmentID,courseNumber,semesterNumber) VALUES ('6005','6005','83','3','1');
INSERT INTO disciplineDepartmentDependency (ID,disciplineID,departmentID,courseNumber,semesterNumber) VALUES ('6006','6006','83','4','2');
INSERT INTO disciplineDepartmentDependency (ID,disciplineID,departmentID,courseNumber,semesterNumber) VALUES ('6007','6007','83','5','1');
INSERT INTO disciplineDepartmentDependency (ID,disciplineID,departmentID,courseNumber,semesterNumber) VALUES ('6008','6008','83','6','2');
INSERT INTO disciplineDepartmentDependency (ID,disciplineID,departmentID,courseNumber,semesterNumber) VALUES ('6009','6009','83','1','1');
INSERT INTO disciplineDepartmentDependency (ID,disciplineID,departmentID,courseNumber,semesterNumber) VALUES ('6010','6010','83','2','2');
INSERT INTO disciplineDepartmentDependency (ID,disciplineID,departmentID,courseNumber,semesterNumber) VALUES ('6011','6011','83','3','1');
INSERT INTO disciplineDepartmentDependency (ID,disciplineID,departmentID,courseNumber,semesterNumber) VALUES ('6012','6012','83','4','2');
INSERT INTO disciplineDepartmentDependency (ID,disciplineID,departmentID,courseNumber,semesterNumber) VALUES ('6013','6013','83','5','1');
INSERT INTO disciplineDepartmentDependency (ID,disciplineID,departmentID,courseNumber,semesterNumber) VALUES ('6014','6014','83','6','2');
INSERT INTO disciplineDepartmentDependency (ID,disciplineID,departmentID,courseNumber,semesterNumber) VALUES ('6015','6015','83','1','1');
INSERT INTO disciplineDepartmentDependency (ID,disciplineID,departmentID,courseNumber,semesterNumber) VALUES ('6016','6016','83','2','2');
INSERT INTO disciplineDepartmentDependency (ID,disciplineID,departmentID,courseNumber,semesterNumber) VALUES ('6017','6017','83','3','1');
INSERT INTO disciplineDepartmentDependency (ID,disciplineID,departmentID,courseNumber,semesterNumber) VALUES ('6018','6018','83','4','2');
INSERT INTO disciplineDepartmentDependency (ID,disciplineID,departmentID,courseNumber,semesterNumber) VALUES ('6019','6019','83','5','1');
INSERT INTO disciplineDepartmentDependency (ID,disciplineID,departmentID,courseNumber,semesterNumber) VALUES ('6020','6020','83','6','2');
INSERT INTO disciplineDepartmentDependency (ID,disciplineID,departmentID,courseNumber,semesterNumber) VALUES ('6021','6021','83','1','1');
INSERT INTO disciplineDepartmentDependency (ID,disciplineID,departmentID,courseNumber,semesterNumber) VALUES ('6022','6022','83','2','2');
INSERT INTO disciplineDepartmentDependency (ID,disciplineID,departmentID,courseNumber,semesterNumber) VALUES ('6023','6023','83','3','1');
INSERT INTO disciplineDepartmentDependency (ID,disciplineID,departmentID,courseNumber,semesterNumber) VALUES ('6024','6024','83','4','2');
INSERT INTO disciplineDepartmentDependency (ID,disciplineID,departmentID,courseNumber,semesterNumber) VALUES ('6025','6025','83','5','1');
INSERT INTO disciplineDepartmentDependency (ID,disciplineID,departmentID,courseNumber,semesterNumber) VALUES ('6026','6026','83','6','2');
INSERT INTO disciplineDepartmentDependency (ID,disciplineID,departmentID,courseNumber,semesterNumber) VALUES ('6027','6027','83','1','1');
INSERT INTO disciplineDepartmentDependency (ID,disciplineID,departmentID,courseNumber,semesterNumber) VALUES ('6028','6028','83','2','2');
INSERT INTO disciplineDepartmentDependency (ID,disciplineID,departmentID,courseNumber,semesterNumber) VALUES ('6029','6029','83','3','1');
INSERT INTO disciplineDepartmentDependency (ID,disciplineID,departmentID,courseNumber,semesterNumber) VALUES ('6030','6030','83','4','2');
INSERT INTO disciplineDepartmentDependency (ID,disciplineID,departmentID,courseNumber,semesterNumber) VALUES ('6031','6031','83','5','1');
INSERT INTO disciplineDepartmentDependency (ID,disciplineID,departmentID,courseNumber,semesterNumber) VALUES ('6032','6032','83','6','2');
INSERT INTO disciplineDepartmentDependency (ID,disciplineID,departmentID,courseNumber,semesterNumber) VALUES ('6033','6033','83','1','1');
INSERT INTO disciplineDepartmentDependency (ID,disciplineID,departmentID,courseNumber,semesterNumber) VALUES ('6034','6034','83','2','2');
INSERT INTO disciplineDepartmentDependency (ID,disciplineID,departmentID,courseNumber,semesterNumber) VALUES ('6035','6035','83','3','1');
INSERT INTO disciplineDepartmentDependency (ID,disciplineID,departmentID,courseNumber,semesterNumber) VALUES ('6036','6036','83','4','2');
INSERT INTO disciplineDepartmentDependency (ID,disciplineID,departmentID,courseNumber,semesterNumber) VALUES ('6037','6037','83','5','1');
INSERT INTO disciplineDepartmentDependency (ID,disciplineID,departmentID,courseNumber,semesterNumber) VALUES ('6038','6038','83','6','2');
INSERT INTO disciplineDepartmentDependency (ID,disciplineID,departmentID,courseNumber,semesterNumber) VALUES ('6039','6039','83','1','1');
INSERT INTO loginpass (ID,login,password,access_type) VALUES ('226','BILOSLAVSOROKA@hotmail.fr','9iDixBlW','employee');
INSERT INTO employee (name,lastName,fathersName,personalID,sex,email,phoneNumber,dateOfBorn,address,passport,login,office,ID,departmentID) VALUES ('Білослав','СОРОКА','Лукич','6212040751','m','BILOSLAVSOROKA@hotmail.fr','0395343830','1958-04-26','60525 Ковель Конєва 41, 247','WR144136 ГУМВС 28','BILOSLAVSOROKA@hotmail.fr','HR','218','83');
INSERT INTO loginpass (ID,login,password,access_type) VALUES ('227','BLAGODARPRXHODQKO@ntlworld.com','1cN6fu&R','employee');
INSERT INTO employee (name,lastName,fathersName,personalID,sex,email,phoneNumber,dateOfBorn,address,passport,login,office,ID,departmentID) VALUES ('Благодар','ПРИХОДЬКО','Хомич','2662855304','m','BLAGODARPRXHODQKO@ntlworld.com','0921337605','1976-02-06','62036 Алчевськ Комсомольський І-й 3, 137','SU672573 ГУМВС 45','BLAGODARPRXHODQKO@ntlworld.com','HR','219','83');
INSERT INTO loginpass (ID,login,password,access_type) VALUES ('228','DXVOWIRKRAVZUK@t-online.de','nc0sjccu','employee');
INSERT INTO employee (name,lastName,fathersName,personalID,sex,email,phoneNumber,dateOfBorn,address,passport,login,office,ID,departmentID) VALUES ('Дивозір','КРАВЧУК','Лукич','3444637368','m','DXVOWIRKRAVZUK@t-online.de','0957607812','1986-09-04','85368 Мелітополь Будіндустрії 54, 282','CJ116321 ГУМВС 1','DXVOWIRKRAVZUK@t-online.de','HR','220','83');
INSERT INTO loginpass (ID,login,password,access_type) VALUES ('229','BRATOLQBAVASXLENKO@hotmail.fr','EkpXM4JT','employee');
INSERT INTO employee (name,lastName,fathersName,personalID,sex,email,phoneNumber,dateOfBorn,address,passport,login,office,ID,departmentID) VALUES ('Братолюба','ВАСИЛЕНКО','Савівна','7242511712','f','BRATOLQBAVASXLENKO@hotmail.fr','0638042157','1980-01-09','81174 Кривий Ріг Академіка Корольова 92, 285','EQ423188 ГУМВС 29','BRATOLQBAVASXLENKO@hotmail.fr','HR','221','83');
INSERT INTO gtgroup (id,fullGroupName,courseNumber,departmentID) VALUES ('996','КТЕВ-10','1','83');
INSERT INTO gtgroup (id,fullGroupName,courseNumber,departmentID) VALUES ('997','КТЕВ-11','1','83');
INSERT INTO gtgroup (id,fullGroupName,courseNumber,departmentID) VALUES ('998','КТЕВ-20','2','83');
INSERT INTO gtgroup (id,fullGroupName,courseNumber,departmentID) VALUES ('999','КТЕВ-21','2','83');
INSERT INTO gtgroup (id,fullGroupName,courseNumber,departmentID) VALUES ('1000','КТЕВ-30','3','83');
INSERT INTO gtgroup (id,fullGroupName,courseNumber,departmentID) VALUES ('1001','КТЕВ-31','3','83');
INSERT INTO gtgroup (id,fullGroupName,courseNumber,departmentID) VALUES ('1002','КТЕВ-40','4','83');
INSERT INTO gtgroup (id,fullGroupName,courseNumber,departmentID) VALUES ('1003','КТЕВ-41','4','83');
INSERT INTO gtgroup (id,fullGroupName,courseNumber,departmentID) VALUES ('1004','КТЕВ-50','5','83');
INSERT INTO gtgroup (id,fullGroupName,courseNumber,departmentID) VALUES ('1005','КТЕВ-51','5','83');
INSERT INTO gtgroup (id,fullGroupName,courseNumber,departmentID) VALUES ('1006','КТЕВ-60','6','83');
INSERT INTO gtgroup (id,fullGroupName,courseNumber,departmentID) VALUES ('1007','КТЕВ-61','6','83');
INSERT INTO dayRequirements (id,departmentID,countOfDaysInWeek,countOfLessonsInADay) VALUES ('83','84','6','5');
INSERT INTO discipline (id,nameOfDiscipline,countOfLessons,exam) VALUES ('6040','Discipline ХТКМ-0','15','no');
INSERT INTO discipline (id,nameOfDiscipline,countOfLessons,exam) VALUES ('6041','Discipline ХТКМ-1','15','no');
INSERT INTO discipline (id,nameOfDiscipline,countOfLessons,exam) VALUES ('6042','Discipline ХТКМ-2','15','no');
INSERT INTO discipline (id,nameOfDiscipline,countOfLessons,exam) VALUES ('6043','Discipline ХТКМ-3','15','no');
INSERT INTO discipline (id,nameOfDiscipline,countOfLessons,exam) VALUES ('6044','Discipline ХТКМ-4','15','no');
INSERT INTO discipline (id,nameOfDiscipline,countOfLessons,exam) VALUES ('6045','Discipline ХТКМ-5','15','no');
INSERT INTO discipline (id,nameOfDiscipline,countOfLessons,exam) VALUES ('6046','Discipline ХТКМ-6','15','no');
INSERT INTO discipline (id,nameOfDiscipline,countOfLessons,exam) VALUES ('6047','Discipline ХТКМ-7','15','no');
INSERT INTO discipline (id,nameOfDiscipline,countOfLessons,exam) VALUES ('6048','Discipline ХТКМ-8','15','no');
INSERT INTO discipline (id,nameOfDiscipline,countOfLessons,exam) VALUES ('6049','Discipline ХТКМ-9','15','no');
INSERT INTO discipline (id,nameOfDiscipline,countOfLessons,exam) VALUES ('6050','Discipline ХТКМ-10','15','no');
INSERT INTO discipline (id,nameOfDiscipline,countOfLessons,exam) VALUES ('6051','Discipline ХТКМ-11','15','no');
INSERT INTO discipline (id,nameOfDiscipline,countOfLessons,exam) VALUES ('6052','Discipline ХТКМ-12','15','no');
INSERT INTO discipline (id,nameOfDiscipline,countOfLessons,exam) VALUES ('6053','Discipline ХТКМ-13','15','no');
INSERT INTO discipline (id,nameOfDiscipline,countOfLessons,exam) VALUES ('6054','Discipline ХТКМ-14','15','no');
INSERT INTO discipline (id,nameOfDiscipline,countOfLessons,exam) VALUES ('6055','Discipline ХТКМ-15','15','no');
INSERT INTO discipline (id,nameOfDiscipline,countOfLessons,exam) VALUES ('6056','Discipline ХТКМ-16','15','no');
INSERT INTO discipline (id,nameOfDiscipline,countOfLessons,exam) VALUES ('6057','Discipline ХТКМ-17','15','no');
INSERT INTO discipline (id,nameOfDiscipline,countOfLessons,exam) VALUES ('6058','Discipline ХТКМ-18','15','no');
INSERT INTO discipline (id,nameOfDiscipline,countOfLessons,exam) VALUES ('6059','Discipline ХТКМ-19','15','no');
INSERT INTO discipline (id,nameOfDiscipline,countOfLessons,exam) VALUES ('6060','Discipline ХТКМ-20','15','no');
INSERT INTO discipline (id,nameOfDiscipline,countOfLessons,exam) VALUES ('6061','Discipline ХТКМ-21','15','no');
INSERT INTO discipline (id,nameOfDiscipline,countOfLessons,exam) VALUES ('6062','Discipline ХТКМ-22','15','no');
INSERT INTO discipline (id,nameOfDiscipline,countOfLessons,exam) VALUES ('6063','Discipline ХТКМ-23','15','no');
INSERT INTO discipline (id,nameOfDiscipline,countOfLessons,exam) VALUES ('6064','Discipline ХТКМ-24','15','no');
INSERT INTO discipline (id,nameOfDiscipline,countOfLessons,exam) VALUES ('6065','Discipline ХТКМ-25','15','no');
INSERT INTO discipline (id,nameOfDiscipline,countOfLessons,exam) VALUES ('6066','Discipline ХТКМ-26','15','no');
INSERT INTO discipline (id,nameOfDiscipline,countOfLessons,exam) VALUES ('6067','Discipline ХТКМ-27','15','no');
INSERT INTO discipline (id,nameOfDiscipline,countOfLessons,exam) VALUES ('6068','Discipline ХТКМ-28','15','no');
INSERT INTO discipline (id,nameOfDiscipline,countOfLessons,exam) VALUES ('6069','Discipline ХТКМ-29','15','no');
INSERT INTO discipline (id,nameOfDiscipline,countOfLessons,exam) VALUES ('6070','Discipline ХТКМ-30','15','no');
INSERT INTO discipline (id,nameOfDiscipline,countOfLessons,exam) VALUES ('6071','Discipline ХТКМ-31','15','no');
INSERT INTO discipline (id,nameOfDiscipline,countOfLessons,exam) VALUES ('6072','Discipline ХТКМ-32','15','no');
INSERT INTO discipline (id,nameOfDiscipline,countOfLessons,exam) VALUES ('6073','Discipline ХТКМ-33','15','no');
INSERT INTO discipline (id,nameOfDiscipline,countOfLessons,exam) VALUES ('6074','Discipline ХТКМ-34','15','no');
INSERT INTO discipline (id,nameOfDiscipline,countOfLessons,exam) VALUES ('6075','Discipline ХТКМ-35','15','no');
INSERT INTO discipline (id,nameOfDiscipline,countOfLessons,exam) VALUES ('6076','Discipline ХТКМ-36','15','no');
INSERT INTO discipline (id,nameOfDiscipline,countOfLessons,exam) VALUES ('6077','Discipline ХТКМ-37','15','no');
INSERT INTO discipline (id,nameOfDiscipline,countOfLessons,exam) VALUES ('6078','Discipline ХТКМ-38','15','no');
INSERT INTO discipline (id,nameOfDiscipline,countOfLessons,exam) VALUES ('6079','Discipline ХТКМ-39','15','no');
INSERT INTO discipline (id,nameOfDiscipline,countOfLessons,exam) VALUES ('6080','Discipline ХТКМ-40','15','no');
INSERT INTO discipline (id,nameOfDiscipline,countOfLessons,exam) VALUES ('6081','Discipline ХТКМ-41','15','no');
INSERT INTO discipline (id,nameOfDiscipline,countOfLessons,exam) VALUES ('6082','Discipline ХТКМ-42','15','no');
INSERT INTO discipline (id,nameOfDiscipline,countOfLessons,exam) VALUES ('6083','Discipline ХТКМ-43','15','no');
INSERT INTO discipline (id,nameOfDiscipline,countOfLessons,exam) VALUES ('6084','Discipline ХТКМ-44','15','no');
INSERT INTO discipline (id,nameOfDiscipline,countOfLessons,exam) VALUES ('6085','Discipline ХТКМ-45','15','no');
INSERT INTO discipline (id,nameOfDiscipline,countOfLessons,exam) VALUES ('6086','Discipline ХТКМ-46','15','no');
INSERT INTO discipline (id,nameOfDiscipline,countOfLessons,exam) VALUES ('6087','Discipline ХТКМ-47','15','no');
INSERT INTO discipline (id,nameOfDiscipline,countOfLessons,exam) VALUES ('6088','Discipline ХТКМ-48','15','no');
INSERT INTO discipline (id,nameOfDiscipline,countOfLessons,exam) VALUES ('6089','Discipline ХТКМ-49','15','no');
INSERT INTO discipline (id,nameOfDiscipline,countOfLessons,exam) VALUES ('6090','Discipline ХТКМ-50','15','no');
INSERT INTO discipline (id,nameOfDiscipline,countOfLessons,exam) VALUES ('6091','Discipline ХТКМ-51','15','no');
INSERT INTO discipline (id,nameOfDiscipline,countOfLessons,exam) VALUES ('6092','Discipline ХТКМ-52','15','no');
INSERT INTO discipline (id,nameOfDiscipline,countOfLessons,exam) VALUES ('6093','Discipline ХТКМ-53','15','no');
INSERT INTO discipline (id,nameOfDiscipline,countOfLessons,exam) VALUES ('6094','Discipline ХТКМ-54','15','no');
INSERT INTO discipline (id,nameOfDiscipline,countOfLessons,exam) VALUES ('6095','Discipline ХТКМ-55','15','no');
INSERT INTO discipline (id,nameOfDiscipline,countOfLessons,exam) VALUES ('6096','Discipline ХТКМ-56','15','no');
INSERT INTO discipline (id,nameOfDiscipline,countOfLessons,exam) VALUES ('6097','Discipline ХТКМ-57','15','no');
INSERT INTO discipline (id,nameOfDiscipline,countOfLessons,exam) VALUES ('6098','Discipline ХТКМ-58','15','no');
INSERT INTO discipline (id,nameOfDiscipline,countOfLessons,exam) VALUES ('6099','Discipline ХТКМ-59','15','no');
INSERT INTO discipline (id,nameOfDiscipline,countOfLessons,exam) VALUES ('6100','Discipline ХТКМ-60','15','no');
INSERT INTO discipline (id,nameOfDiscipline,countOfLessons,exam) VALUES ('6101','Discipline ХТКМ-61','15','no');
INSERT INTO discipline (id,nameOfDiscipline,countOfLessons,exam) VALUES ('6102','Discipline ХТКМ-62','15','no');
INSERT INTO disciplineDepartmentDependency (ID,disciplineID,departmentID,courseNumber,semesterNumber) VALUES ('6040','6040','84','1','1');
INSERT INTO disciplineDepartmentDependency (ID,disciplineID,departmentID,courseNumber,semesterNumber) VALUES ('6041','6041','84','2','2');
INSERT INTO disciplineDepartmentDependency (ID,disciplineID,departmentID,courseNumber,semesterNumber) VALUES ('6042','6042','84','3','1');
INSERT INTO disciplineDepartmentDependency (ID,disciplineID,departmentID,courseNumber,semesterNumber) VALUES ('6043','6043','84','4','2');
INSERT INTO disciplineDepartmentDependency (ID,disciplineID,departmentID,courseNumber,semesterNumber) VALUES ('6044','6044','84','5','1');
INSERT INTO disciplineDepartmentDependency (ID,disciplineID,departmentID,courseNumber,semesterNumber) VALUES ('6045','6045','84','6','2');
INSERT INTO disciplineDepartmentDependency (ID,disciplineID,departmentID,courseNumber,semesterNumber) VALUES ('6046','6046','84','1','1');
INSERT INTO disciplineDepartmentDependency (ID,disciplineID,departmentID,courseNumber,semesterNumber) VALUES ('6047','6047','84','2','2');
INSERT INTO disciplineDepartmentDependency (ID,disciplineID,departmentID,courseNumber,semesterNumber) VALUES ('6048','6048','84','3','1');
INSERT INTO disciplineDepartmentDependency (ID,disciplineID,departmentID,courseNumber,semesterNumber) VALUES ('6049','6049','84','4','2');
INSERT INTO disciplineDepartmentDependency (ID,disciplineID,departmentID,courseNumber,semesterNumber) VALUES ('6050','6050','84','5','1');
INSERT INTO disciplineDepartmentDependency (ID,disciplineID,departmentID,courseNumber,semesterNumber) VALUES ('6051','6051','84','6','2');
INSERT INTO disciplineDepartmentDependency (ID,disciplineID,departmentID,courseNumber,semesterNumber) VALUES ('6052','6052','84','1','1');
INSERT INTO disciplineDepartmentDependency (ID,disciplineID,departmentID,courseNumber,semesterNumber) VALUES ('6053','6053','84','2','2');
INSERT INTO disciplineDepartmentDependency (ID,disciplineID,departmentID,courseNumber,semesterNumber) VALUES ('6054','6054','84','3','1');
INSERT INTO disciplineDepartmentDependency (ID,disciplineID,departmentID,courseNumber,semesterNumber) VALUES ('6055','6055','84','4','2');
INSERT INTO disciplineDepartmentDependency (ID,disciplineID,departmentID,courseNumber,semesterNumber) VALUES ('6056','6056','84','5','1');
INSERT INTO disciplineDepartmentDependency (ID,disciplineID,departmentID,courseNumber,semesterNumber) VALUES ('6057','6057','84','6','2');
INSERT INTO disciplineDepartmentDependency (ID,disciplineID,departmentID,courseNumber,semesterNumber) VALUES ('6058','6058','84','1','1');
INSERT INTO disciplineDepartmentDependency (ID,disciplineID,departmentID,courseNumber,semesterNumber) VALUES ('6059','6059','84','2','2');
INSERT INTO disciplineDepartmentDependency (ID,disciplineID,departmentID,courseNumber,semesterNumber) VALUES ('6060','6060','84','3','1');
INSERT INTO disciplineDepartmentDependency (ID,disciplineID,departmentID,courseNumber,semesterNumber) VALUES ('6061','6061','84','4','2');
INSERT INTO disciplineDepartmentDependency (ID,disciplineID,departmentID,courseNumber,semesterNumber) VALUES ('6062','6062','84','5','1');
INSERT INTO disciplineDepartmentDependency (ID,disciplineID,departmentID,courseNumber,semesterNumber) VALUES ('6063','6063','84','6','2');
INSERT INTO disciplineDepartmentDependency (ID,disciplineID,departmentID,courseNumber,semesterNumber) VALUES ('6064','6064','84','1','1');
INSERT INTO disciplineDepartmentDependency (ID,disciplineID,departmentID,courseNumber,semesterNumber) VALUES ('6065','6065','84','2','2');
INSERT INTO disciplineDepartmentDependency (ID,disciplineID,departmentID,courseNumber,semesterNumber) VALUES ('6066','6066','84','3','1');
INSERT INTO disciplineDepartmentDependency (ID,disciplineID,departmentID,courseNumber,semesterNumber) VALUES ('6067','6067','84','4','2');
INSERT INTO disciplineDepartmentDependency (ID,disciplineID,departmentID,courseNumber,semesterNumber) VALUES ('6068','6068','84','5','1');
INSERT INTO disciplineDepartmentDependency (ID,disciplineID,departmentID,courseNumber,semesterNumber) VALUES ('6069','6069','84','6','2');
INSERT INTO disciplineDepartmentDependency (ID,disciplineID,departmentID,courseNumber,semesterNumber) VALUES ('6070','6070','84','1','1');
INSERT INTO disciplineDepartmentDependency (ID,disciplineID,departmentID,courseNumber,semesterNumber) VALUES ('6071','6071','84','2','2');
INSERT INTO disciplineDepartmentDependency (ID,disciplineID,departmentID,courseNumber,semesterNumber) VALUES ('6072','6072','84','3','1');
INSERT INTO disciplineDepartmentDependency (ID,disciplineID,departmentID,courseNumber,semesterNumber) VALUES ('6073','6073','84','4','2');
INSERT INTO disciplineDepartmentDependency (ID,disciplineID,departmentID,courseNumber,semesterNumber) VALUES ('6074','6074','84','5','1');
INSERT INTO disciplineDepartmentDependency (ID,disciplineID,departmentID,courseNumber,semesterNumber) VALUES ('6075','6075','84','6','2');
INSERT INTO disciplineDepartmentDependency (ID,disciplineID,departmentID,courseNumber,semesterNumber) VALUES ('6076','6076','84','1','1');
INSERT INTO disciplineDepartmentDependency (ID,disciplineID,departmentID,courseNumber,semesterNumber) VALUES ('6077','6077','84','2','2');
INSERT INTO disciplineDepartmentDependency (ID,disciplineID,departmentID,courseNumber,semesterNumber) VALUES ('6078','6078','84','3','1');
INSERT INTO disciplineDepartmentDependency (ID,disciplineID,departmentID,courseNumber,semesterNumber) VALUES ('6079','6079','84','4','2');
INSERT INTO disciplineDepartmentDependency (ID,disciplineID,departmentID,courseNumber,semesterNumber) VALUES ('6080','6080','84','5','1');
INSERT INTO disciplineDepartmentDependency (ID,disciplineID,departmentID,courseNumber,semesterNumber) VALUES ('6081','6081','84','6','2');
INSERT INTO disciplineDepartmentDependency (ID,disciplineID,departmentID,courseNumber,semesterNumber) VALUES ('6082','6082','84','1','1');
INSERT INTO disciplineDepartmentDependency (ID,disciplineID,departmentID,courseNumber,semesterNumber) VALUES ('6083','6083','84','2','2');
INSERT INTO disciplineDepartmentDependency (ID,disciplineID,departmentID,courseNumber,semesterNumber) VALUES ('6084','6084','84','3','1');
INSERT INTO disciplineDepartmentDependency (ID,disciplineID,departmentID,courseNumber,semesterNumber) VALUES ('6085','6085','84','4','2');
INSERT INTO disciplineDepartmentDependency (ID,disciplineID,departmentID,courseNumber,semesterNumber) VALUES ('6086','6086','84','5','1');
INSERT INTO disciplineDepartmentDependency (ID,disciplineID,departmentID,courseNumber,semesterNumber) VALUES ('6087','6087','84','6','2');
INSERT INTO disciplineDepartmentDependency (ID,disciplineID,departmentID,courseNumber,semesterNumber) VALUES ('6088','6088','84','1','1');
INSERT INTO disciplineDepartmentDependency (ID,disciplineID,departmentID,courseNumber,semesterNumber) VALUES ('6089','6089','84','2','2');
INSERT INTO disciplineDepartmentDependency (ID,disciplineID,departmentID,courseNumber,semesterNumber) VALUES ('6090','6090','84','3','1');
INSERT INTO disciplineDepartmentDependency (ID,disciplineID,departmentID,courseNumber,semesterNumber) VALUES ('6091','6091','84','4','2');
INSERT INTO disciplineDepartmentDependency (ID,disciplineID,departmentID,courseNumber,semesterNumber) VALUES ('6092','6092','84','5','1');
INSERT INTO disciplineDepartmentDependency (ID,disciplineID,departmentID,courseNumber,semesterNumber) VALUES ('6093','6093','84','6','2');
INSERT INTO disciplineDepartmentDependency (ID,disciplineID,departmentID,courseNumber,semesterNumber) VALUES ('6094','6094','84','1','1');
INSERT INTO disciplineDepartmentDependency (ID,disciplineID,departmentID,courseNumber,semesterNumber) VALUES ('6095','6095','84','2','2');
INSERT INTO disciplineDepartmentDependency (ID,disciplineID,departmentID,courseNumber,semesterNumber) VALUES ('6096','6096','84','3','1');
INSERT INTO disciplineDepartmentDependency (ID,disciplineID,departmentID,courseNumber,semesterNumber) VALUES ('6097','6097','84','4','2');
INSERT INTO disciplineDepartmentDependency (ID,disciplineID,departmentID,courseNumber,semesterNumber) VALUES ('6098','6098','84','5','1');
INSERT INTO disciplineDepartmentDependency (ID,disciplineID,departmentID,courseNumber,semesterNumber) VALUES ('6099','6099','84','6','2');
INSERT INTO disciplineDepartmentDependency (ID,disciplineID,departmentID,courseNumber,semesterNumber) VALUES ('6100','6100','84','1','1');
INSERT INTO disciplineDepartmentDependency (ID,disciplineID,departmentID,courseNumber,semesterNumber) VALUES ('6101','6101','84','2','2');
INSERT INTO disciplineDepartmentDependency (ID,disciplineID,departmentID,courseNumber,semesterNumber) VALUES ('6102','6102','84','3','1');
INSERT INTO loginpass (ID,login,password,access_type) VALUES ('230','GORXSLAVAVASXLENKO@freeserve.co.uk','YVR8LAwy','employee');
INSERT INTO employee (name,lastName,fathersName,personalID,sex,email,phoneNumber,dateOfBorn,address,passport,login,office,ID,departmentID) VALUES ('Горислава','ВАСИЛЕНКО','Савівна','4727146388','f','GORXSLAVAVASXLENKO@freeserve.co.uk','0673682627','1984-10-23','77327 Черкаси Вишневецького Байди 72, 294','EA181312 ГУМВС 32','GORXSLAVAVASXLENKO@freeserve.co.uk','HR','222','84');
INSERT INTO loginpass (ID,login,password,access_type) VALUES ('231','BOGDANAMELQNXK@orange.net','S0haaSed','employee');
INSERT INTO employee (name,lastName,fathersName,personalID,sex,email,phoneNumber,dateOfBorn,address,passport,login,office,ID,departmentID) VALUES ('Богдана','МЕЛЬНИК','Луківна','7585338816','f','BOGDANAMELQNXK@orange.net','0680348713','1960-10-19','43738 Сміла Бориса Захарченка 57, 260','VH187524 ГУМВС 47','BOGDANAMELQNXK@orange.net','HR','223','84');
INSERT INTO loginpass (ID,login,password,access_type) VALUES ('232','DIYQEVZENKO@virginmedia.com','4GuM0Bk5','employee');
INSERT INTO employee (name,lastName,fathersName,personalID,sex,email,phoneNumber,dateOfBorn,address,passport,login,office,ID,departmentID) VALUES ('Дій','ШЕВЧЕНКО','Миколайович','4154046448','m','DIYQEVZENKO@virginmedia.com','0666401736','1958-10-11','40430 Запоріжжя Зої Космодем’янської 43, 96','EE261681 ГУМВС 38','DIYQEVZENKO@virginmedia.com','HR','224','84');
INSERT INTO gtgroup (id,fullGroupName,courseNumber,departmentID) VALUES ('1008','ХТКМ-10','1','84');
INSERT INTO gtgroup (id,fullGroupName,courseNumber,departmentID) VALUES ('1009','ХТКМ-11','1','84');
INSERT INTO gtgroup (id,fullGroupName,courseNumber,departmentID) VALUES ('1010','ХТКМ-20','2','84');
INSERT INTO gtgroup (id,fullGroupName,courseNumber,departmentID) VALUES ('1011','ХТКМ-21','2','84');
INSERT INTO gtgroup (id,fullGroupName,courseNumber,departmentID) VALUES ('1012','ХТКМ-30','3','84');
INSERT INTO gtgroup (id,fullGroupName,courseNumber,departmentID) VALUES ('1013','ХТКМ-31','3','84');
INSERT INTO gtgroup (id,fullGroupName,courseNumber,departmentID) VALUES ('1014','ХТКМ-40','4','84');
INSERT INTO gtgroup (id,fullGroupName,courseNumber,departmentID) VALUES ('1015','ХТКМ-41','4','84');
INSERT INTO gtgroup (id,fullGroupName,courseNumber,departmentID) VALUES ('1016','ХТКМ-50','5','84');
INSERT INTO gtgroup (id,fullGroupName,courseNumber,departmentID) VALUES ('1017','ХТКМ-51','5','84');
INSERT INTO gtgroup (id,fullGroupName,courseNumber,departmentID) VALUES ('1018','ХТКМ-60','6','84');
INSERT INTO gtgroup (id,fullGroupName,courseNumber,departmentID) VALUES ('1019','ХТКМ-61','6','84');
INSERT INTO dayRequirements (id,departmentID,countOfDaysInWeek,countOfLessonsInADay) VALUES ('84','85','6','5');
INSERT INTO discipline (id,nameOfDiscipline,countOfLessons,exam) VALUES ('6103','Discipline ХТКС-0','15','no');
INSERT INTO discipline (id,nameOfDiscipline,countOfLessons,exam) VALUES ('6104','Discipline ХТКС-1','15','no');
INSERT INTO discipline (id,nameOfDiscipline,countOfLessons,exam) VALUES ('6105','Discipline ХТКС-2','15','no');
INSERT INTO discipline (id,nameOfDiscipline,countOfLessons,exam) VALUES ('6106','Discipline ХТКС-3','15','no');
INSERT INTO discipline (id,nameOfDiscipline,countOfLessons,exam) VALUES ('6107','Discipline ХТКС-4','15','no');
INSERT INTO discipline (id,nameOfDiscipline,countOfLessons,exam) VALUES ('6108','Discipline ХТКС-5','15','no');
INSERT INTO discipline (id,nameOfDiscipline,countOfLessons,exam) VALUES ('6109','Discipline ХТКС-6','15','no');
INSERT INTO discipline (id,nameOfDiscipline,countOfLessons,exam) VALUES ('6110','Discipline ХТКС-7','15','no');
INSERT INTO discipline (id,nameOfDiscipline,countOfLessons,exam) VALUES ('6111','Discipline ХТКС-8','15','no');
INSERT INTO discipline (id,nameOfDiscipline,countOfLessons,exam) VALUES ('6112','Discipline ХТКС-9','15','no');
INSERT INTO discipline (id,nameOfDiscipline,countOfLessons,exam) VALUES ('6113','Discipline ХТКС-10','15','no');
INSERT INTO discipline (id,nameOfDiscipline,countOfLessons,exam) VALUES ('6114','Discipline ХТКС-11','15','no');
INSERT INTO discipline (id,nameOfDiscipline,countOfLessons,exam) VALUES ('6115','Discipline ХТКС-12','15','no');
INSERT INTO discipline (id,nameOfDiscipline,countOfLessons,exam) VALUES ('6116','Discipline ХТКС-13','15','no');
INSERT INTO discipline (id,nameOfDiscipline,countOfLessons,exam) VALUES ('6117','Discipline ХТКС-14','15','no');
INSERT INTO discipline (id,nameOfDiscipline,countOfLessons,exam) VALUES ('6118','Discipline ХТКС-15','15','no');
INSERT INTO discipline (id,nameOfDiscipline,countOfLessons,exam) VALUES ('6119','Discipline ХТКС-16','15','no');
INSERT INTO discipline (id,nameOfDiscipline,countOfLessons,exam) VALUES ('6120','Discipline ХТКС-17','15','no');
INSERT INTO discipline (id,nameOfDiscipline,countOfLessons,exam) VALUES ('6121','Discipline ХТКС-18','15','no');
INSERT INTO discipline (id,nameOfDiscipline,countOfLessons,exam) VALUES ('6122','Discipline ХТКС-19','15','no');
INSERT INTO discipline (id,nameOfDiscipline,countOfLessons,exam) VALUES ('6123','Discipline ХТКС-20','15','no');
INSERT INTO discipline (id,nameOfDiscipline,countOfLessons,exam) VALUES ('6124','Discipline ХТКС-21','15','no');
INSERT INTO discipline (id,nameOfDiscipline,countOfLessons,exam) VALUES ('6125','Discipline ХТКС-22','15','no');
INSERT INTO discipline (id,nameOfDiscipline,countOfLessons,exam) VALUES ('6126','Discipline ХТКС-23','15','no');
INSERT INTO discipline (id,nameOfDiscipline,countOfLessons,exam) VALUES ('6127','Discipline ХТКС-24','15','no');
INSERT INTO discipline (id,nameOfDiscipline,countOfLessons,exam) VALUES ('6128','Discipline ХТКС-25','15','no');
INSERT INTO discipline (id,nameOfDiscipline,countOfLessons,exam) VALUES ('6129','Discipline ХТКС-26','15','no');
INSERT INTO discipline (id,nameOfDiscipline,countOfLessons,exam) VALUES ('6130','Discipline ХТКС-27','15','no');
INSERT INTO discipline (id,nameOfDiscipline,countOfLessons,exam) VALUES ('6131','Discipline ХТКС-28','15','no');
INSERT INTO discipline (id,nameOfDiscipline,countOfLessons,exam) VALUES ('6132','Discipline ХТКС-29','15','no');
INSERT INTO discipline (id,nameOfDiscipline,countOfLessons,exam) VALUES ('6133','Discipline ХТКС-30','15','no');
INSERT INTO discipline (id,nameOfDiscipline,countOfLessons,exam) VALUES ('6134','Discipline ХТКС-31','15','no');
INSERT INTO discipline (id,nameOfDiscipline,countOfLessons,exam) VALUES ('6135','Discipline ХТКС-32','15','no');
INSERT INTO discipline (id,nameOfDiscipline,countOfLessons,exam) VALUES ('6136','Discipline ХТКС-33','15','no');
INSERT INTO discipline (id,nameOfDiscipline,countOfLessons,exam) VALUES ('6137','Discipline ХТКС-34','15','no');
INSERT INTO discipline (id,nameOfDiscipline,countOfLessons,exam) VALUES ('6138','Discipline ХТКС-35','15','no');
INSERT INTO discipline (id,nameOfDiscipline,countOfLessons,exam) VALUES ('6139','Discipline ХТКС-36','15','no');
INSERT INTO discipline (id,nameOfDiscipline,countOfLessons,exam) VALUES ('6140','Discipline ХТКС-37','15','no');
INSERT INTO discipline (id,nameOfDiscipline,countOfLessons,exam) VALUES ('6141','Discipline ХТКС-38','15','no');
INSERT INTO discipline (id,nameOfDiscipline,countOfLessons,exam) VALUES ('6142','Discipline ХТКС-39','15','no');
INSERT INTO discipline (id,nameOfDiscipline,countOfLessons,exam) VALUES ('6143','Discipline ХТКС-40','15','no');
INSERT INTO discipline (id,nameOfDiscipline,countOfLessons,exam) VALUES ('6144','Discipline ХТКС-41','15','no');
INSERT INTO discipline (id,nameOfDiscipline,countOfLessons,exam) VALUES ('6145','Discipline ХТКС-42','15','no');
INSERT INTO discipline (id,nameOfDiscipline,countOfLessons,exam) VALUES ('6146','Discipline ХТКС-43','15','no');
INSERT INTO discipline (id,nameOfDiscipline,countOfLessons,exam) VALUES ('6147','Discipline ХТКС-44','15','no');
INSERT INTO discipline (id,nameOfDiscipline,countOfLessons,exam) VALUES ('6148','Discipline ХТКС-45','15','no');
INSERT INTO discipline (id,nameOfDiscipline,countOfLessons,exam) VALUES ('6149','Discipline ХТКС-46','15','no');
INSERT INTO discipline (id,nameOfDiscipline,countOfLessons,exam) VALUES ('6150','Discipline ХТКС-47','15','no');
INSERT INTO discipline (id,nameOfDiscipline,countOfLessons,exam) VALUES ('6151','Discipline ХТКС-48','15','no');
INSERT INTO discipline (id,nameOfDiscipline,countOfLessons,exam) VALUES ('6152','Discipline ХТКС-49','15','no');
INSERT INTO discipline (id,nameOfDiscipline,countOfLessons,exam) VALUES ('6153','Discipline ХТКС-50','15','no');
INSERT INTO discipline (id,nameOfDiscipline,countOfLessons,exam) VALUES ('6154','Discipline ХТКС-51','15','no');
INSERT INTO discipline (id,nameOfDiscipline,countOfLessons,exam) VALUES ('6155','Discipline ХТКС-52','15','no');
INSERT INTO discipline (id,nameOfDiscipline,countOfLessons,exam) VALUES ('6156','Discipline ХТКС-53','15','no');
INSERT INTO discipline (id,nameOfDiscipline,countOfLessons,exam) VALUES ('6157','Discipline ХТКС-54','15','no');
INSERT INTO discipline (id,nameOfDiscipline,countOfLessons,exam) VALUES ('6158','Discipline ХТКС-55','15','no');
INSERT INTO discipline (id,nameOfDiscipline,countOfLessons,exam) VALUES ('6159','Discipline ХТКС-56','15','no');
INSERT INTO discipline (id,nameOfDiscipline,countOfLessons,exam) VALUES ('6160','Discipline ХТКС-57','15','no');
INSERT INTO discipline (id,nameOfDiscipline,countOfLessons,exam) VALUES ('6161','Discipline ХТКС-58','15','no');
INSERT INTO discipline (id,nameOfDiscipline,countOfLessons,exam) VALUES ('6162','Discipline ХТКС-59','15','no');
INSERT INTO discipline (id,nameOfDiscipline,countOfLessons,exam) VALUES ('6163','Discipline ХТКС-60','15','no');
INSERT INTO discipline (id,nameOfDiscipline,countOfLessons,exam) VALUES ('6164','Discipline ХТКС-61','15','no');
INSERT INTO discipline (id,nameOfDiscipline,countOfLessons,exam) VALUES ('6165','Discipline ХТКС-62','15','no');
INSERT INTO discipline (id,nameOfDiscipline,countOfLessons,exam) VALUES ('6166','Discipline ХТКС-63','15','no');
INSERT INTO discipline (id,nameOfDiscipline,countOfLessons,exam) VALUES ('6167','Discipline ХТКС-64','15','no');
INSERT INTO discipline (id,nameOfDiscipline,countOfLessons,exam) VALUES ('6168','Discipline ХТКС-65','15','no');
INSERT INTO discipline (id,nameOfDiscipline,countOfLessons,exam) VALUES ('6169','Discipline ХТКС-66','15','no');
INSERT INTO discipline (id,nameOfDiscipline,countOfLessons,exam) VALUES ('6170','Discipline ХТКС-67','15','no');
INSERT INTO discipline (id,nameOfDiscipline,countOfLessons,exam) VALUES ('6171','Discipline ХТКС-68','15','no');
INSERT INTO discipline (id,nameOfDiscipline,countOfLessons,exam) VALUES ('6172','Discipline ХТКС-69','15','no');
INSERT INTO discipline (id,nameOfDiscipline,countOfLessons,exam) VALUES ('6173','Discipline ХТКС-70','15','no');
INSERT INTO disciplineDepartmentDependency (ID,disciplineID,departmentID,courseNumber,semesterNumber) VALUES ('6103','6103','85','1','1');
INSERT INTO disciplineDepartmentDependency (ID,disciplineID,departmentID,courseNumber,semesterNumber) VALUES ('6104','6104','85','2','2');
INSERT INTO disciplineDepartmentDependency (ID,disciplineID,departmentID,courseNumber,semesterNumber) VALUES ('6105','6105','85','3','1');
INSERT INTO disciplineDepartmentDependency (ID,disciplineID,departmentID,courseNumber,semesterNumber) VALUES ('6106','6106','85','4','2');
INSERT INTO disciplineDepartmentDependency (ID,disciplineID,departmentID,courseNumber,semesterNumber) VALUES ('6107','6107','85','5','1');
INSERT INTO disciplineDepartmentDependency (ID,disciplineID,departmentID,courseNumber,semesterNumber) VALUES ('6108','6108','85','6','2');
INSERT INTO disciplineDepartmentDependency (ID,disciplineID,departmentID,courseNumber,semesterNumber) VALUES ('6109','6109','85','1','1');
INSERT INTO disciplineDepartmentDependency (ID,disciplineID,departmentID,courseNumber,semesterNumber) VALUES ('6110','6110','85','2','2');
INSERT INTO disciplineDepartmentDependency (ID,disciplineID,departmentID,courseNumber,semesterNumber) VALUES ('6111','6111','85','3','1');
INSERT INTO disciplineDepartmentDependency (ID,disciplineID,departmentID,courseNumber,semesterNumber) VALUES ('6112','6112','85','4','2');
INSERT INTO disciplineDepartmentDependency (ID,disciplineID,departmentID,courseNumber,semesterNumber) VALUES ('6113','6113','85','5','1');
INSERT INTO disciplineDepartmentDependency (ID,disciplineID,departmentID,courseNumber,semesterNumber) VALUES ('6114','6114','85','6','2');
INSERT INTO disciplineDepartmentDependency (ID,disciplineID,departmentID,courseNumber,semesterNumber) VALUES ('6115','6115','85','1','1');
INSERT INTO disciplineDepartmentDependency (ID,disciplineID,departmentID,courseNumber,semesterNumber) VALUES ('6116','6116','85','2','2');
INSERT INTO disciplineDepartmentDependency (ID,disciplineID,departmentID,courseNumber,semesterNumber) VALUES ('6117','6117','85','3','1');
INSERT INTO disciplineDepartmentDependency (ID,disciplineID,departmentID,courseNumber,semesterNumber) VALUES ('6118','6118','85','4','2');
INSERT INTO disciplineDepartmentDependency (ID,disciplineID,departmentID,courseNumber,semesterNumber) VALUES ('6119','6119','85','5','1');
INSERT INTO disciplineDepartmentDependency (ID,disciplineID,departmentID,courseNumber,semesterNumber) VALUES ('6120','6120','85','6','2');
INSERT INTO disciplineDepartmentDependency (ID,disciplineID,departmentID,courseNumber,semesterNumber) VALUES ('6121','6121','85','1','1');
INSERT INTO disciplineDepartmentDependency (ID,disciplineID,departmentID,courseNumber,semesterNumber) VALUES ('6122','6122','85','2','2');
INSERT INTO disciplineDepartmentDependency (ID,disciplineID,departmentID,courseNumber,semesterNumber) VALUES ('6123','6123','85','3','1');
INSERT INTO disciplineDepartmentDependency (ID,disciplineID,departmentID,courseNumber,semesterNumber) VALUES ('6124','6124','85','4','2');
INSERT INTO disciplineDepartmentDependency (ID,disciplineID,departmentID,courseNumber,semesterNumber) VALUES ('6125','6125','85','5','1');
INSERT INTO disciplineDepartmentDependency (ID,disciplineID,departmentID,courseNumber,semesterNumber) VALUES ('6126','6126','85','6','2');
INSERT INTO disciplineDepartmentDependency (ID,disciplineID,departmentID,courseNumber,semesterNumber) VALUES ('6127','6127','85','1','1');
INSERT INTO disciplineDepartmentDependency (ID,disciplineID,departmentID,courseNumber,semesterNumber) VALUES ('6128','6128','85','2','2');
INSERT INTO disciplineDepartmentDependency (ID,disciplineID,departmentID,courseNumber,semesterNumber) VALUES ('6129','6129','85','3','1');
INSERT INTO disciplineDepartmentDependency (ID,disciplineID,departmentID,courseNumber,semesterNumber) VALUES ('6130','6130','85','4','2');
INSERT INTO disciplineDepartmentDependency (ID,disciplineID,departmentID,courseNumber,semesterNumber) VALUES ('6131','6131','85','5','1');
INSERT INTO disciplineDepartmentDependency (ID,disciplineID,departmentID,courseNumber,semesterNumber) VALUES ('6132','6132','85','6','2');
INSERT INTO disciplineDepartmentDependency (ID,disciplineID,departmentID,courseNumber,semesterNumber) VALUES ('6133','6133','85','1','1');
INSERT INTO disciplineDepartmentDependency (ID,disciplineID,departmentID,courseNumber,semesterNumber) VALUES ('6134','6134','85','2','2');
INSERT INTO disciplineDepartmentDependency (ID,disciplineID,departmentID,courseNumber,semesterNumber) VALUES ('6135','6135','85','3','1');
INSERT INTO disciplineDepartmentDependency (ID,disciplineID,departmentID,courseNumber,semesterNumber) VALUES ('6136','6136','85','4','2');
INSERT INTO disciplineDepartmentDependency (ID,disciplineID,departmentID,courseNumber,semesterNumber) VALUES ('6137','6137','85','5','1');
INSERT INTO disciplineDepartmentDependency (ID,disciplineID,departmentID,courseNumber,semesterNumber) VALUES ('6138','6138','85','6','2');
INSERT INTO disciplineDepartmentDependency (ID,disciplineID,departmentID,courseNumber,semesterNumber) VALUES ('6139','6139','85','1','1');
INSERT INTO disciplineDepartmentDependency (ID,disciplineID,departmentID,courseNumber,semesterNumber) VALUES ('6140','6140','85','2','2');
INSERT INTO disciplineDepartmentDependency (ID,disciplineID,departmentID,courseNumber,semesterNumber) VALUES ('6141','6141','85','3','1');
INSERT INTO disciplineDepartmentDependency (ID,disciplineID,departmentID,courseNumber,semesterNumber) VALUES ('6142','6142','85','4','2');
INSERT INTO disciplineDepartmentDependency (ID,disciplineID,departmentID,courseNumber,semesterNumber) VALUES ('6143','6143','85','5','1');
INSERT INTO disciplineDepartmentDependency (ID,disciplineID,departmentID,courseNumber,semesterNumber) VALUES ('6144','6144','85','6','2');
INSERT INTO disciplineDepartmentDependency (ID,disciplineID,departmentID,courseNumber,semesterNumber) VALUES ('6145','6145','85','1','1');
INSERT INTO disciplineDepartmentDependency (ID,disciplineID,departmentID,courseNumber,semesterNumber) VALUES ('6146','6146','85','2','2');
INSERT INTO disciplineDepartmentDependency (ID,disciplineID,departmentID,courseNumber,semesterNumber) VALUES ('6147','6147','85','3','1');
INSERT INTO disciplineDepartmentDependency (ID,disciplineID,departmentID,courseNumber,semesterNumber) VALUES ('6148','6148','85','4','2');
INSERT INTO disciplineDepartmentDependency (ID,disciplineID,departmentID,courseNumber,semesterNumber) VALUES ('6149','6149','85','5','1');
INSERT INTO disciplineDepartmentDependency (ID,disciplineID,departmentID,courseNumber,semesterNumber) VALUES ('6150','6150','85','6','2');
INSERT INTO disciplineDepartmentDependency (ID,disciplineID,departmentID,courseNumber,semesterNumber) VALUES ('6151','6151','85','1','1');
INSERT INTO disciplineDepartmentDependency (ID,disciplineID,departmentID,courseNumber,semesterNumber) VALUES ('6152','6152','85','2','2');
INSERT INTO disciplineDepartmentDependency (ID,disciplineID,departmentID,courseNumber,semesterNumber) VALUES ('6153','6153','85','3','1');
INSERT INTO disciplineDepartmentDependency (ID,disciplineID,departmentID,courseNumber,semesterNumber) VALUES ('6154','6154','85','4','2');
INSERT INTO disciplineDepartmentDependency (ID,disciplineID,departmentID,courseNumber,semesterNumber) VALUES ('6155','6155','85','5','1');
INSERT INTO disciplineDepartmentDependency (ID,disciplineID,departmentID,courseNumber,semesterNumber) VALUES ('6156','6156','85','6','2');
INSERT INTO disciplineDepartmentDependency (ID,disciplineID,departmentID,courseNumber,semesterNumber) VALUES ('6157','6157','85','1','1');
INSERT INTO disciplineDepartmentDependency (ID,disciplineID,departmentID,courseNumber,semesterNumber) VALUES ('6158','6158','85','2','2');
INSERT INTO disciplineDepartmentDependency (ID,disciplineID,departmentID,courseNumber,semesterNumber) VALUES ('6159','6159','85','3','1');
INSERT INTO disciplineDepartmentDependency (ID,disciplineID,departmentID,courseNumber,semesterNumber) VALUES ('6160','6160','85','4','2');
INSERT INTO disciplineDepartmentDependency (ID,disciplineID,departmentID,courseNumber,semesterNumber) VALUES ('6161','6161','85','5','1');
INSERT INTO disciplineDepartmentDependency (ID,disciplineID,departmentID,courseNumber,semesterNumber) VALUES ('6162','6162','85','6','2');
INSERT INTO disciplineDepartmentDependency (ID,disciplineID,departmentID,courseNumber,semesterNumber) VALUES ('6163','6163','85','1','1');
INSERT INTO disciplineDepartmentDependency (ID,disciplineID,departmentID,courseNumber,semesterNumber) VALUES ('6164','6164','85','2','2');
INSERT INTO disciplineDepartmentDependency (ID,disciplineID,departmentID,courseNumber,semesterNumber) VALUES ('6165','6165','85','3','1');
INSERT INTO disciplineDepartmentDependency (ID,disciplineID,departmentID,courseNumber,semesterNumber) VALUES ('6166','6166','85','4','2');
INSERT INTO disciplineDepartmentDependency (ID,disciplineID,departmentID,courseNumber,semesterNumber) VALUES ('6167','6167','85','5','1');
INSERT INTO disciplineDepartmentDependency (ID,disciplineID,departmentID,courseNumber,semesterNumber) VALUES ('6168','6168','85','6','2');
INSERT INTO disciplineDepartmentDependency (ID,disciplineID,departmentID,courseNumber,semesterNumber) VALUES ('6169','6169','85','1','1');
INSERT INTO disciplineDepartmentDependency (ID,disciplineID,departmentID,courseNumber,semesterNumber) VALUES ('6170','6170','85','2','2');
INSERT INTO disciplineDepartmentDependency (ID,disciplineID,departmentID,courseNumber,semesterNumber) VALUES ('6171','6171','85','3','1');
INSERT INTO disciplineDepartmentDependency (ID,disciplineID,departmentID,courseNumber,semesterNumber) VALUES ('6172','6172','85','4','2');
INSERT INTO disciplineDepartmentDependency (ID,disciplineID,departmentID,courseNumber,semesterNumber) VALUES ('6173','6173','85','5','1');
INSERT INTO loginpass (ID,login,password,access_type) VALUES ('233','BORXSVLASENKO@sky.com','WIN5qaQ&','employee');
INSERT INTO employee (name,lastName,fathersName,personalID,sex,email,phoneNumber,dateOfBorn,address,passport,login,office,ID,departmentID) VALUES ('Борис','ВЛАСЕНКО','Кузьмич','2852437155','m','BORXSVLASENKO@sky.com','0926876647','1983-11-16','07408 Рівне Змагайлівський 73, 258','KW715781 ГУМВС 47','BORXSVLASENKO@sky.com','HR','225','85');
INSERT INTO loginpass (ID,login,password,access_type) VALUES ('234','GRADXSLAVAKOVALENKO@web.de','g1AQs0og','employee');
INSERT INTO employee (name,lastName,fathersName,personalID,sex,email,phoneNumber,dateOfBorn,address,passport,login,office,ID,departmentID) VALUES ('Градислава','КОВАЛЕНКО','Савівна','1716715163','f','GRADXSLAVAKOVALENKO@web.de','0634030878','1977-02-13','38573 Котовськ Івана Котляревського 17, 148','GL813631 ГУМВС 21','GRADXSLAVAKOVALENKO@web.de','HR','226','85');
INSERT INTO gtgroup (id,fullGroupName,courseNumber,departmentID) VALUES ('1020','ХТКС-10','1','85');
INSERT INTO gtgroup (id,fullGroupName,courseNumber,departmentID) VALUES ('1021','ХТКС-11','1','85');
INSERT INTO gtgroup (id,fullGroupName,courseNumber,departmentID) VALUES ('1022','ХТКС-20','2','85');
INSERT INTO gtgroup (id,fullGroupName,courseNumber,departmentID) VALUES ('1023','ХТКС-21','2','85');
INSERT INTO gtgroup (id,fullGroupName,courseNumber,departmentID) VALUES ('1024','ХТКС-30','3','85');
INSERT INTO gtgroup (id,fullGroupName,courseNumber,departmentID) VALUES ('1025','ХТКС-31','3','85');
INSERT INTO gtgroup (id,fullGroupName,courseNumber,departmentID) VALUES ('1026','ХТКС-40','4','85');
INSERT INTO gtgroup (id,fullGroupName,courseNumber,departmentID) VALUES ('1027','ХТКС-41','4','85');
INSERT INTO gtgroup (id,fullGroupName,courseNumber,departmentID) VALUES ('1028','ХТКС-50','5','85');
INSERT INTO gtgroup (id,fullGroupName,courseNumber,departmentID) VALUES ('1029','ХТКС-51','5','85');
INSERT INTO gtgroup (id,fullGroupName,courseNumber,departmentID) VALUES ('1030','ХТКС-60','6','85');
INSERT INTO gtgroup (id,fullGroupName,courseNumber,departmentID) VALUES ('1031','ХТКС-61','6','85');
INSERT INTO dayRequirements (id,departmentID,countOfDaysInWeek,countOfLessonsInADay) VALUES ('85','86','6','5');
INSERT INTO discipline (id,nameOfDiscipline,countOfLessons,exam) VALUES ('6174','Discipline КХТП-0','15','no');
INSERT INTO discipline (id,nameOfDiscipline,countOfLessons,exam) VALUES ('6175','Discipline КХТП-1','15','no');
INSERT INTO discipline (id,nameOfDiscipline,countOfLessons,exam) VALUES ('6176','Discipline КХТП-2','15','no');
INSERT INTO discipline (id,nameOfDiscipline,countOfLessons,exam) VALUES ('6177','Discipline КХТП-3','15','no');
INSERT INTO discipline (id,nameOfDiscipline,countOfLessons,exam) VALUES ('6178','Discipline КХТП-4','15','no');
INSERT INTO discipline (id,nameOfDiscipline,countOfLessons,exam) VALUES ('6179','Discipline КХТП-5','15','no');
INSERT INTO discipline (id,nameOfDiscipline,countOfLessons,exam) VALUES ('6180','Discipline КХТП-6','15','no');
INSERT INTO discipline (id,nameOfDiscipline,countOfLessons,exam) VALUES ('6181','Discipline КХТП-7','15','no');
INSERT INTO discipline (id,nameOfDiscipline,countOfLessons,exam) VALUES ('6182','Discipline КХТП-8','15','no');
INSERT INTO discipline (id,nameOfDiscipline,countOfLessons,exam) VALUES ('6183','Discipline КХТП-9','15','no');
INSERT INTO discipline (id,nameOfDiscipline,countOfLessons,exam) VALUES ('6184','Discipline КХТП-10','15','no');
INSERT INTO discipline (id,nameOfDiscipline,countOfLessons,exam) VALUES ('6185','Discipline КХТП-11','15','no');
INSERT INTO discipline (id,nameOfDiscipline,countOfLessons,exam) VALUES ('6186','Discipline КХТП-12','15','no');
INSERT INTO discipline (id,nameOfDiscipline,countOfLessons,exam) VALUES ('6187','Discipline КХТП-13','15','no');
INSERT INTO discipline (id,nameOfDiscipline,countOfLessons,exam) VALUES ('6188','Discipline КХТП-14','15','no');
INSERT INTO discipline (id,nameOfDiscipline,countOfLessons,exam) VALUES ('6189','Discipline КХТП-15','15','no');
INSERT INTO discipline (id,nameOfDiscipline,countOfLessons,exam) VALUES ('6190','Discipline КХТП-16','15','no');
INSERT INTO discipline (id,nameOfDiscipline,countOfLessons,exam) VALUES ('6191','Discipline КХТП-17','15','no');
INSERT INTO discipline (id,nameOfDiscipline,countOfLessons,exam) VALUES ('6192','Discipline КХТП-18','15','no');
INSERT INTO discipline (id,nameOfDiscipline,countOfLessons,exam) VALUES ('6193','Discipline КХТП-19','15','no');
INSERT INTO discipline (id,nameOfDiscipline,countOfLessons,exam) VALUES ('6194','Discipline КХТП-20','15','no');
INSERT INTO discipline (id,nameOfDiscipline,countOfLessons,exam) VALUES ('6195','Discipline КХТП-21','15','no');
INSERT INTO discipline (id,nameOfDiscipline,countOfLessons,exam) VALUES ('6196','Discipline КХТП-22','15','no');
INSERT INTO discipline (id,nameOfDiscipline,countOfLessons,exam) VALUES ('6197','Discipline КХТП-23','15','no');
INSERT INTO discipline (id,nameOfDiscipline,countOfLessons,exam) VALUES ('6198','Discipline КХТП-24','15','no');
INSERT INTO discipline (id,nameOfDiscipline,countOfLessons,exam) VALUES ('6199','Discipline КХТП-25','15','no');
INSERT INTO discipline (id,nameOfDiscipline,countOfLessons,exam) VALUES ('6200','Discipline КХТП-26','15','no');
INSERT INTO discipline (id,nameOfDiscipline,countOfLessons,exam) VALUES ('6201','Discipline КХТП-27','15','no');
INSERT INTO discipline (id,nameOfDiscipline,countOfLessons,exam) VALUES ('6202','Discipline КХТП-28','15','no');
INSERT INTO discipline (id,nameOfDiscipline,countOfLessons,exam) VALUES ('6203','Discipline КХТП-29','15','no');
INSERT INTO discipline (id,nameOfDiscipline,countOfLessons,exam) VALUES ('6204','Discipline КХТП-30','15','no');
INSERT INTO discipline (id,nameOfDiscipline,countOfLessons,exam) VALUES ('6205','Discipline КХТП-31','15','no');
INSERT INTO discipline (id,nameOfDiscipline,countOfLessons,exam) VALUES ('6206','Discipline КХТП-32','15','no');
INSERT INTO discipline (id,nameOfDiscipline,countOfLessons,exam) VALUES ('6207','Discipline КХТП-33','15','no');
INSERT INTO discipline (id,nameOfDiscipline,countOfLessons,exam) VALUES ('6208','Discipline КХТП-34','15','no');
INSERT INTO discipline (id,nameOfDiscipline,countOfLessons,exam) VALUES ('6209','Discipline КХТП-35','15','no');
INSERT INTO discipline (id,nameOfDiscipline,countOfLessons,exam) VALUES ('6210','Discipline КХТП-36','15','no');
INSERT INTO discipline (id,nameOfDiscipline,countOfLessons,exam) VALUES ('6211','Discipline КХТП-37','15','no');
INSERT INTO discipline (id,nameOfDiscipline,countOfLessons,exam) VALUES ('6212','Discipline КХТП-38','15','no');
INSERT INTO discipline (id,nameOfDiscipline,countOfLessons,exam) VALUES ('6213','Discipline КХТП-39','15','no');
INSERT INTO discipline (id,nameOfDiscipline,countOfLessons,exam) VALUES ('6214','Discipline КХТП-40','15','no');
INSERT INTO discipline (id,nameOfDiscipline,countOfLessons,exam) VALUES ('6215','Discipline КХТП-41','15','no');
INSERT INTO discipline (id,nameOfDiscipline,countOfLessons,exam) VALUES ('6216','Discipline КХТП-42','15','no');
INSERT INTO discipline (id,nameOfDiscipline,countOfLessons,exam) VALUES ('6217','Discipline КХТП-43','15','no');
INSERT INTO discipline (id,nameOfDiscipline,countOfLessons,exam) VALUES ('6218','Discipline КХТП-44','15','no');
INSERT INTO discipline (id,nameOfDiscipline,countOfLessons,exam) VALUES ('6219','Discipline КХТП-45','15','no');
INSERT INTO discipline (id,nameOfDiscipline,countOfLessons,exam) VALUES ('6220','Discipline КХТП-46','15','no');
INSERT INTO discipline (id,nameOfDiscipline,countOfLessons,exam) VALUES ('6221','Discipline КХТП-47','15','no');
INSERT INTO discipline (id,nameOfDiscipline,countOfLessons,exam) VALUES ('6222','Discipline КХТП-48','15','no');
INSERT INTO discipline (id,nameOfDiscipline,countOfLessons,exam) VALUES ('6223','Discipline КХТП-49','15','no');
INSERT INTO discipline (id,nameOfDiscipline,countOfLessons,exam) VALUES ('6224','Discipline КХТП-50','15','no');
INSERT INTO discipline (id,nameOfDiscipline,countOfLessons,exam) VALUES ('6225','Discipline КХТП-51','15','no');
INSERT INTO discipline (id,nameOfDiscipline,countOfLessons,exam) VALUES ('6226','Discipline КХТП-52','15','no');
INSERT INTO discipline (id,nameOfDiscipline,countOfLessons,exam) VALUES ('6227','Discipline КХТП-53','15','no');
INSERT INTO discipline (id,nameOfDiscipline,countOfLessons,exam) VALUES ('6228','Discipline КХТП-54','15','no');
INSERT INTO discipline (id,nameOfDiscipline,countOfLessons,exam) VALUES ('6229','Discipline КХТП-55','15','no');
INSERT INTO discipline (id,nameOfDiscipline,countOfLessons,exam) VALUES ('6230','Discipline КХТП-56','15','no');
INSERT INTO discipline (id,nameOfDiscipline,countOfLessons,exam) VALUES ('6231','Discipline КХТП-57','15','no');
INSERT INTO discipline (id,nameOfDiscipline,countOfLessons,exam) VALUES ('6232','Discipline КХТП-58','15','no');
INSERT INTO discipline (id,nameOfDiscipline,countOfLessons,exam) VALUES ('6233','Discipline КХТП-59','15','no');
INSERT INTO discipline (id,nameOfDiscipline,countOfLessons,exam) VALUES ('6234','Discipline КХТП-60','15','no');
INSERT INTO discipline (id,nameOfDiscipline,countOfLessons,exam) VALUES ('6235','Discipline КХТП-61','15','no');
INSERT INTO disciplineDepartmentDependency (ID,disciplineID,departmentID,courseNumber,semesterNumber) VALUES ('6174','6174','86','1','1');
INSERT INTO disciplineDepartmentDependency (ID,disciplineID,departmentID,courseNumber,semesterNumber) VALUES ('6175','6175','86','2','2');
INSERT INTO disciplineDepartmentDependency (ID,disciplineID,departmentID,courseNumber,semesterNumber) VALUES ('6176','6176','86','3','1');
INSERT INTO disciplineDepartmentDependency (ID,disciplineID,departmentID,courseNumber,semesterNumber) VALUES ('6177','6177','86','4','2');
INSERT INTO disciplineDepartmentDependency (ID,disciplineID,departmentID,courseNumber,semesterNumber) VALUES ('6178','6178','86','5','1');
INSERT INTO disciplineDepartmentDependency (ID,disciplineID,departmentID,courseNumber,semesterNumber) VALUES ('6179','6179','86','6','2');
INSERT INTO disciplineDepartmentDependency (ID,disciplineID,departmentID,courseNumber,semesterNumber) VALUES ('6180','6180','86','1','1');
INSERT INTO disciplineDepartmentDependency (ID,disciplineID,departmentID,courseNumber,semesterNumber) VALUES ('6181','6181','86','2','2');
INSERT INTO disciplineDepartmentDependency (ID,disciplineID,departmentID,courseNumber,semesterNumber) VALUES ('6182','6182','86','3','1');
INSERT INTO disciplineDepartmentDependency (ID,disciplineID,departmentID,courseNumber,semesterNumber) VALUES ('6183','6183','86','4','2');
INSERT INTO disciplineDepartmentDependency (ID,disciplineID,departmentID,courseNumber,semesterNumber) VALUES ('6184','6184','86','5','1');
INSERT INTO disciplineDepartmentDependency (ID,disciplineID,departmentID,courseNumber,semesterNumber) VALUES ('6185','6185','86','6','2');
INSERT INTO disciplineDepartmentDependency (ID,disciplineID,departmentID,courseNumber,semesterNumber) VALUES ('6186','6186','86','1','1');
INSERT INTO disciplineDepartmentDependency (ID,disciplineID,departmentID,courseNumber,semesterNumber) VALUES ('6187','6187','86','2','2');
INSERT INTO disciplineDepartmentDependency (ID,disciplineID,departmentID,courseNumber,semesterNumber) VALUES ('6188','6188','86','3','1');
INSERT INTO disciplineDepartmentDependency (ID,disciplineID,departmentID,courseNumber,semesterNumber) VALUES ('6189','6189','86','4','2');
INSERT INTO disciplineDepartmentDependency (ID,disciplineID,departmentID,courseNumber,semesterNumber) VALUES ('6190','6190','86','5','1');
INSERT INTO disciplineDepartmentDependency (ID,disciplineID,departmentID,courseNumber,semesterNumber) VALUES ('6191','6191','86','6','2');
INSERT INTO disciplineDepartmentDependency (ID,disciplineID,departmentID,courseNumber,semesterNumber) VALUES ('6192','6192','86','1','1');
INSERT INTO disciplineDepartmentDependency (ID,disciplineID,departmentID,courseNumber,semesterNumber) VALUES ('6193','6193','86','2','2');
INSERT INTO disciplineDepartmentDependency (ID,disciplineID,departmentID,courseNumber,semesterNumber) VALUES ('6194','6194','86','3','1');
INSERT INTO disciplineDepartmentDependency (ID,disciplineID,departmentID,courseNumber,semesterNumber) VALUES ('6195','6195','86','4','2');
INSERT INTO disciplineDepartmentDependency (ID,disciplineID,departmentID,courseNumber,semesterNumber) VALUES ('6196','6196','86','5','1');
INSERT INTO disciplineDepartmentDependency (ID,disciplineID,departmentID,courseNumber,semesterNumber) VALUES ('6197','6197','86','6','2');
INSERT INTO disciplineDepartmentDependency (ID,disciplineID,departmentID,courseNumber,semesterNumber) VALUES ('6198','6198','86','1','1');
INSERT INTO disciplineDepartmentDependency (ID,disciplineID,departmentID,courseNumber,semesterNumber) VALUES ('6199','6199','86','2','2');
INSERT INTO disciplineDepartmentDependency (ID,disciplineID,departmentID,courseNumber,semesterNumber) VALUES ('6200','6200','86','3','1');
INSERT INTO disciplineDepartmentDependency (ID,disciplineID,departmentID,courseNumber,semesterNumber) VALUES ('6201','6201','86','4','2');
INSERT INTO disciplineDepartmentDependency (ID,disciplineID,departmentID,courseNumber,semesterNumber) VALUES ('6202','6202','86','5','1');
INSERT INTO disciplineDepartmentDependency (ID,disciplineID,departmentID,courseNumber,semesterNumber) VALUES ('6203','6203','86','6','2');
INSERT INTO disciplineDepartmentDependency (ID,disciplineID,departmentID,courseNumber,semesterNumber) VALUES ('6204','6204','86','1','1');
INSERT INTO disciplineDepartmentDependency (ID,disciplineID,departmentID,courseNumber,semesterNumber) VALUES ('6205','6205','86','2','2');
INSERT INTO disciplineDepartmentDependency (ID,disciplineID,departmentID,courseNumber,semesterNumber) VALUES ('6206','6206','86','3','1');
INSERT INTO disciplineDepartmentDependency (ID,disciplineID,departmentID,courseNumber,semesterNumber) VALUES ('6207','6207','86','4','2');
INSERT INTO disciplineDepartmentDependency (ID,disciplineID,departmentID,courseNumber,semesterNumber) VALUES ('6208','6208','86','5','1');
INSERT INTO disciplineDepartmentDependency (ID,disciplineID,departmentID,courseNumber,semesterNumber) VALUES ('6209','6209','86','6','2');
INSERT INTO disciplineDepartmentDependency (ID,disciplineID,departmentID,courseNumber,semesterNumber) VALUES ('6210','6210','86','1','1');
INSERT INTO disciplineDepartmentDependency (ID,disciplineID,departmentID,courseNumber,semesterNumber) VALUES ('6211','6211','86','2','2');
INSERT INTO disciplineDepartmentDependency (ID,disciplineID,departmentID,courseNumber,semesterNumber) VALUES ('6212','6212','86','3','1');
INSERT INTO disciplineDepartmentDependency (ID,disciplineID,departmentID,courseNumber,semesterNumber) VALUES ('6213','6213','86','4','2');
INSERT INTO disciplineDepartmentDependency (ID,disciplineID,departmentID,courseNumber,semesterNumber) VALUES ('6214','6214','86','5','1');
INSERT INTO disciplineDepartmentDependency (ID,disciplineID,departmentID,courseNumber,semesterNumber) VALUES ('6215','6215','86','6','2');
INSERT INTO disciplineDepartmentDependency (ID,disciplineID,departmentID,courseNumber,semesterNumber) VALUES ('6216','6216','86','1','1');
INSERT INTO disciplineDepartmentDependency (ID,disciplineID,departmentID,courseNumber,semesterNumber) VALUES ('6217','6217','86','2','2');
INSERT INTO disciplineDepartmentDependency (ID,disciplineID,departmentID,courseNumber,semesterNumber) VALUES ('6218','6218','86','3','1');
INSERT INTO disciplineDepartmentDependency (ID,disciplineID,departmentID,courseNumber,semesterNumber) VALUES ('6219','6219','86','4','2');
INSERT INTO disciplineDepartmentDependency (ID,disciplineID,departmentID,courseNumber,semesterNumber) VALUES ('6220','6220','86','5','1');
INSERT INTO disciplineDepartmentDependency (ID,disciplineID,departmentID,courseNumber,semesterNumber) VALUES ('6221','6221','86','6','2');
INSERT INTO disciplineDepartmentDependency (ID,disciplineID,departmentID,courseNumber,semesterNumber) VALUES ('6222','6222','86','1','1');
INSERT INTO disciplineDepartmentDependency (ID,disciplineID,departmentID,courseNumber,semesterNumber) VALUES ('6223','6223','86','2','2');
INSERT INTO disciplineDepartmentDependency (ID,disciplineID,departmentID,courseNumber,semesterNumber) VALUES ('6224','6224','86','3','1');
INSERT INTO disciplineDepartmentDependency (ID,disciplineID,departmentID,courseNumber,semesterNumber) VALUES ('6225','6225','86','4','2');
INSERT INTO disciplineDepartmentDependency (ID,disciplineID,departmentID,courseNumber,semesterNumber) VALUES ('6226','6226','86','5','1');
INSERT INTO disciplineDepartmentDependency (ID,disciplineID,departmentID,courseNumber,semesterNumber) VALUES ('6227','6227','86','6','2');
INSERT INTO disciplineDepartmentDependency (ID,disciplineID,departmentID,courseNumber,semesterNumber) VALUES ('6228','6228','86','1','1');
INSERT INTO disciplineDepartmentDependency (ID,disciplineID,departmentID,courseNumber,semesterNumber) VALUES ('6229','6229','86','2','2');
INSERT INTO disciplineDepartmentDependency (ID,disciplineID,departmentID,courseNumber,semesterNumber) VALUES ('6230','6230','86','3','1');
INSERT INTO disciplineDepartmentDependency (ID,disciplineID,departmentID,courseNumber,semesterNumber) VALUES ('6231','6231','86','4','2');
INSERT INTO disciplineDepartmentDependency (ID,disciplineID,departmentID,courseNumber,semesterNumber) VALUES ('6232','6232','86','5','1');
INSERT INTO disciplineDepartmentDependency (ID,disciplineID,departmentID,courseNumber,semesterNumber) VALUES ('6233','6233','86','6','2');
INSERT INTO disciplineDepartmentDependency (ID,disciplineID,departmentID,courseNumber,semesterNumber) VALUES ('6234','6234','86','1','1');
INSERT INTO disciplineDepartmentDependency (ID,disciplineID,departmentID,courseNumber,semesterNumber) VALUES ('6235','6235','86','2','2');
INSERT INTO loginpass (ID,login,password,access_type) VALUES ('235','GREMXSLAVADALIBORASAVZUK@online.de','rT3KIV#K','employee');
INSERT INTO employee (name,lastName,fathersName,personalID,sex,email,phoneNumber,dateOfBorn,address,passport,login,office,ID,departmentID) VALUES ('ГремиславаДалібора','САВЧУК','Іллівна','5716020645','f','GREMXSLAVADALIBORASAVZUK@online.de','0957251850','1982-02-22','57111 Володимир-Волинський Жовтневий 83, 157','VJ367688 ГУМВС 40','GREMXSLAVADALIBORASAVZUK@online.de','HR','227','86');
INSERT INTO gtgroup (id,fullGroupName,courseNumber,departmentID) VALUES ('1032','КХТП-10','1','86');
INSERT INTO gtgroup (id,fullGroupName,courseNumber,departmentID) VALUES ('1033','КХТП-20','2','86');
INSERT INTO gtgroup (id,fullGroupName,courseNumber,departmentID) VALUES ('1034','КХТП-30','3','86');
INSERT INTO gtgroup (id,fullGroupName,courseNumber,departmentID) VALUES ('1035','КХТП-40','4','86');
INSERT INTO gtgroup (id,fullGroupName,courseNumber,departmentID) VALUES ('1036','КХТП-50','5','86');
INSERT INTO gtgroup (id,fullGroupName,courseNumber,departmentID) VALUES ('1037','КХТП-60','6','86');
INSERT INTO dayRequirements (id,departmentID,countOfDaysInWeek,countOfLessonsInADay) VALUES ('86','87','6','5');
INSERT INTO discipline (id,nameOfDiscipline,countOfLessons,exam) VALUES ('6236','Discipline ЗНХ-0','15','no');
INSERT INTO discipline (id,nameOfDiscipline,countOfLessons,exam) VALUES ('6237','Discipline ЗНХ-1','15','no');
INSERT INTO discipline (id,nameOfDiscipline,countOfLessons,exam) VALUES ('6238','Discipline ЗНХ-2','15','no');
INSERT INTO discipline (id,nameOfDiscipline,countOfLessons,exam) VALUES ('6239','Discipline ЗНХ-3','15','no');
INSERT INTO discipline (id,nameOfDiscipline,countOfLessons,exam) VALUES ('6240','Discipline ЗНХ-4','15','no');
INSERT INTO discipline (id,nameOfDiscipline,countOfLessons,exam) VALUES ('6241','Discipline ЗНХ-5','15','no');
INSERT INTO discipline (id,nameOfDiscipline,countOfLessons,exam) VALUES ('6242','Discipline ЗНХ-6','15','no');
INSERT INTO discipline (id,nameOfDiscipline,countOfLessons,exam) VALUES ('6243','Discipline ЗНХ-7','15','no');
INSERT INTO discipline (id,nameOfDiscipline,countOfLessons,exam) VALUES ('6244','Discipline ЗНХ-8','15','no');
INSERT INTO discipline (id,nameOfDiscipline,countOfLessons,exam) VALUES ('6245','Discipline ЗНХ-9','15','no');
INSERT INTO discipline (id,nameOfDiscipline,countOfLessons,exam) VALUES ('6246','Discipline ЗНХ-10','15','no');
INSERT INTO discipline (id,nameOfDiscipline,countOfLessons,exam) VALUES ('6247','Discipline ЗНХ-11','15','no');
INSERT INTO discipline (id,nameOfDiscipline,countOfLessons,exam) VALUES ('6248','Discipline ЗНХ-12','15','no');
INSERT INTO discipline (id,nameOfDiscipline,countOfLessons,exam) VALUES ('6249','Discipline ЗНХ-13','15','no');
INSERT INTO discipline (id,nameOfDiscipline,countOfLessons,exam) VALUES ('6250','Discipline ЗНХ-14','15','no');
INSERT INTO discipline (id,nameOfDiscipline,countOfLessons,exam) VALUES ('6251','Discipline ЗНХ-15','15','no');
INSERT INTO discipline (id,nameOfDiscipline,countOfLessons,exam) VALUES ('6252','Discipline ЗНХ-16','15','no');
INSERT INTO discipline (id,nameOfDiscipline,countOfLessons,exam) VALUES ('6253','Discipline ЗНХ-17','15','no');
INSERT INTO discipline (id,nameOfDiscipline,countOfLessons,exam) VALUES ('6254','Discipline ЗНХ-18','15','no');
INSERT INTO discipline (id,nameOfDiscipline,countOfLessons,exam) VALUES ('6255','Discipline ЗНХ-19','15','no');
INSERT INTO discipline (id,nameOfDiscipline,countOfLessons,exam) VALUES ('6256','Discipline ЗНХ-20','15','no');
INSERT INTO discipline (id,nameOfDiscipline,countOfLessons,exam) VALUES ('6257','Discipline ЗНХ-21','15','no');
INSERT INTO discipline (id,nameOfDiscipline,countOfLessons,exam) VALUES ('6258','Discipline ЗНХ-22','15','no');
INSERT INTO discipline (id,nameOfDiscipline,countOfLessons,exam) VALUES ('6259','Discipline ЗНХ-23','15','no');
INSERT INTO discipline (id,nameOfDiscipline,countOfLessons,exam) VALUES ('6260','Discipline ЗНХ-24','15','no');
INSERT INTO discipline (id,nameOfDiscipline,countOfLessons,exam) VALUES ('6261','Discipline ЗНХ-25','15','no');
INSERT INTO discipline (id,nameOfDiscipline,countOfLessons,exam) VALUES ('6262','Discipline ЗНХ-26','15','no');
INSERT INTO discipline (id,nameOfDiscipline,countOfLessons,exam) VALUES ('6263','Discipline ЗНХ-27','15','no');
INSERT INTO discipline (id,nameOfDiscipline,countOfLessons,exam) VALUES ('6264','Discipline ЗНХ-28','15','no');
INSERT INTO discipline (id,nameOfDiscipline,countOfLessons,exam) VALUES ('6265','Discipline ЗНХ-29','15','no');
INSERT INTO discipline (id,nameOfDiscipline,countOfLessons,exam) VALUES ('6266','Discipline ЗНХ-30','15','no');
INSERT INTO discipline (id,nameOfDiscipline,countOfLessons,exam) VALUES ('6267','Discipline ЗНХ-31','15','no');
INSERT INTO discipline (id,nameOfDiscipline,countOfLessons,exam) VALUES ('6268','Discipline ЗНХ-32','15','no');
INSERT INTO discipline (id,nameOfDiscipline,countOfLessons,exam) VALUES ('6269','Discipline ЗНХ-33','15','no');
INSERT INTO discipline (id,nameOfDiscipline,countOfLessons,exam) VALUES ('6270','Discipline ЗНХ-34','15','no');
INSERT INTO discipline (id,nameOfDiscipline,countOfLessons,exam) VALUES ('6271','Discipline ЗНХ-35','15','no');
INSERT INTO discipline (id,nameOfDiscipline,countOfLessons,exam) VALUES ('6272','Discipline ЗНХ-36','15','no');
INSERT INTO discipline (id,nameOfDiscipline,countOfLessons,exam) VALUES ('6273','Discipline ЗНХ-37','15','no');
INSERT INTO discipline (id,nameOfDiscipline,countOfLessons,exam) VALUES ('6274','Discipline ЗНХ-38','15','no');
INSERT INTO discipline (id,nameOfDiscipline,countOfLessons,exam) VALUES ('6275','Discipline ЗНХ-39','15','no');
INSERT INTO discipline (id,nameOfDiscipline,countOfLessons,exam) VALUES ('6276','Discipline ЗНХ-40','15','no');
INSERT INTO discipline (id,nameOfDiscipline,countOfLessons,exam) VALUES ('6277','Discipline ЗНХ-41','15','no');
INSERT INTO discipline (id,nameOfDiscipline,countOfLessons,exam) VALUES ('6278','Discipline ЗНХ-42','15','no');
INSERT INTO discipline (id,nameOfDiscipline,countOfLessons,exam) VALUES ('6279','Discipline ЗНХ-43','15','no');
INSERT INTO discipline (id,nameOfDiscipline,countOfLessons,exam) VALUES ('6280','Discipline ЗНХ-44','15','no');
INSERT INTO discipline (id,nameOfDiscipline,countOfLessons,exam) VALUES ('6281','Discipline ЗНХ-45','15','no');
INSERT INTO discipline (id,nameOfDiscipline,countOfLessons,exam) VALUES ('6282','Discipline ЗНХ-46','15','no');
INSERT INTO discipline (id,nameOfDiscipline,countOfLessons,exam) VALUES ('6283','Discipline ЗНХ-47','15','no');
INSERT INTO discipline (id,nameOfDiscipline,countOfLessons,exam) VALUES ('6284','Discipline ЗНХ-48','15','no');
INSERT INTO discipline (id,nameOfDiscipline,countOfLessons,exam) VALUES ('6285','Discipline ЗНХ-49','15','no');
INSERT INTO discipline (id,nameOfDiscipline,countOfLessons,exam) VALUES ('6286','Discipline ЗНХ-50','15','no');
INSERT INTO discipline (id,nameOfDiscipline,countOfLessons,exam) VALUES ('6287','Discipline ЗНХ-51','15','no');
INSERT INTO discipline (id,nameOfDiscipline,countOfLessons,exam) VALUES ('6288','Discipline ЗНХ-52','15','no');
INSERT INTO discipline (id,nameOfDiscipline,countOfLessons,exam) VALUES ('6289','Discipline ЗНХ-53','15','no');
INSERT INTO discipline (id,nameOfDiscipline,countOfLessons,exam) VALUES ('6290','Discipline ЗНХ-54','15','no');
INSERT INTO discipline (id,nameOfDiscipline,countOfLessons,exam) VALUES ('6291','Discipline ЗНХ-55','15','no');
INSERT INTO discipline (id,nameOfDiscipline,countOfLessons,exam) VALUES ('6292','Discipline ЗНХ-56','15','no');
INSERT INTO discipline (id,nameOfDiscipline,countOfLessons,exam) VALUES ('6293','Discipline ЗНХ-57','15','no');
INSERT INTO discipline (id,nameOfDiscipline,countOfLessons,exam) VALUES ('6294','Discipline ЗНХ-58','15','no');
INSERT INTO discipline (id,nameOfDiscipline,countOfLessons,exam) VALUES ('6295','Discipline ЗНХ-59','15','no');
INSERT INTO discipline (id,nameOfDiscipline,countOfLessons,exam) VALUES ('6296','Discipline ЗНХ-60','15','no');
INSERT INTO discipline (id,nameOfDiscipline,countOfLessons,exam) VALUES ('6297','Discipline ЗНХ-61','15','no');
INSERT INTO discipline (id,nameOfDiscipline,countOfLessons,exam) VALUES ('6298','Discipline ЗНХ-62','15','no');
INSERT INTO discipline (id,nameOfDiscipline,countOfLessons,exam) VALUES ('6299','Discipline ЗНХ-63','15','no');
INSERT INTO discipline (id,nameOfDiscipline,countOfLessons,exam) VALUES ('6300','Discipline ЗНХ-64','15','no');
INSERT INTO discipline (id,nameOfDiscipline,countOfLessons,exam) VALUES ('6301','Discipline ЗНХ-65','15','no');
INSERT INTO discipline (id,nameOfDiscipline,countOfLessons,exam) VALUES ('6302','Discipline ЗНХ-66','15','no');
INSERT INTO discipline (id,nameOfDiscipline,countOfLessons,exam) VALUES ('6303','Discipline ЗНХ-67','15','no');
INSERT INTO discipline (id,nameOfDiscipline,countOfLessons,exam) VALUES ('6304','Discipline ЗНХ-68','15','no');
INSERT INTO discipline (id,nameOfDiscipline,countOfLessons,exam) VALUES ('6305','Discipline ЗНХ-69','15','no');
INSERT INTO discipline (id,nameOfDiscipline,countOfLessons,exam) VALUES ('6306','Discipline ЗНХ-70','15','no');
INSERT INTO discipline (id,nameOfDiscipline,countOfLessons,exam) VALUES ('6307','Discipline ЗНХ-71','15','no');
INSERT INTO discipline (id,nameOfDiscipline,countOfLessons,exam) VALUES ('6308','Discipline ЗНХ-72','15','no');
INSERT INTO discipline (id,nameOfDiscipline,countOfLessons,exam) VALUES ('6309','Discipline ЗНХ-73','15','no');
INSERT INTO disciplineDepartmentDependency (ID,disciplineID,departmentID,courseNumber,semesterNumber) VALUES ('6236','6236','87','1','1');
INSERT INTO disciplineDepartmentDependency (ID,disciplineID,departmentID,courseNumber,semesterNumber) VALUES ('6237','6237','87','2','2');
INSERT INTO disciplineDepartmentDependency (ID,disciplineID,departmentID,courseNumber,semesterNumber) VALUES ('6238','6238','87','3','1');
INSERT INTO disciplineDepartmentDependency (ID,disciplineID,departmentID,courseNumber,semesterNumber) VALUES ('6239','6239','87','4','2');
INSERT INTO disciplineDepartmentDependency (ID,disciplineID,departmentID,courseNumber,semesterNumber) VALUES ('6240','6240','87','5','1');
INSERT INTO disciplineDepartmentDependency (ID,disciplineID,departmentID,courseNumber,semesterNumber) VALUES ('6241','6241','87','6','2');
INSERT INTO disciplineDepartmentDependency (ID,disciplineID,departmentID,courseNumber,semesterNumber) VALUES ('6242','6242','87','1','1');
INSERT INTO disciplineDepartmentDependency (ID,disciplineID,departmentID,courseNumber,semesterNumber) VALUES ('6243','6243','87','2','2');
INSERT INTO disciplineDepartmentDependency (ID,disciplineID,departmentID,courseNumber,semesterNumber) VALUES ('6244','6244','87','3','1');
INSERT INTO disciplineDepartmentDependency (ID,disciplineID,departmentID,courseNumber,semesterNumber) VALUES ('6245','6245','87','4','2');
INSERT INTO disciplineDepartmentDependency (ID,disciplineID,departmentID,courseNumber,semesterNumber) VALUES ('6246','6246','87','5','1');
INSERT INTO disciplineDepartmentDependency (ID,disciplineID,departmentID,courseNumber,semesterNumber) VALUES ('6247','6247','87','6','2');
INSERT INTO disciplineDepartmentDependency (ID,disciplineID,departmentID,courseNumber,semesterNumber) VALUES ('6248','6248','87','1','1');
INSERT INTO disciplineDepartmentDependency (ID,disciplineID,departmentID,courseNumber,semesterNumber) VALUES ('6249','6249','87','2','2');
INSERT INTO disciplineDepartmentDependency (ID,disciplineID,departmentID,courseNumber,semesterNumber) VALUES ('6250','6250','87','3','1');
INSERT INTO disciplineDepartmentDependency (ID,disciplineID,departmentID,courseNumber,semesterNumber) VALUES ('6251','6251','87','4','2');
INSERT INTO disciplineDepartmentDependency (ID,disciplineID,departmentID,courseNumber,semesterNumber) VALUES ('6252','6252','87','5','1');
INSERT INTO disciplineDepartmentDependency (ID,disciplineID,departmentID,courseNumber,semesterNumber) VALUES ('6253','6253','87','6','2');
INSERT INTO disciplineDepartmentDependency (ID,disciplineID,departmentID,courseNumber,semesterNumber) VALUES ('6254','6254','87','1','1');
INSERT INTO disciplineDepartmentDependency (ID,disciplineID,departmentID,courseNumber,semesterNumber) VALUES ('6255','6255','87','2','2');
INSERT INTO disciplineDepartmentDependency (ID,disciplineID,departmentID,courseNumber,semesterNumber) VALUES ('6256','6256','87','3','1');
INSERT INTO disciplineDepartmentDependency (ID,disciplineID,departmentID,courseNumber,semesterNumber) VALUES ('6257','6257','87','4','2');
INSERT INTO disciplineDepartmentDependency (ID,disciplineID,departmentID,courseNumber,semesterNumber) VALUES ('6258','6258','87','5','1');
INSERT INTO disciplineDepartmentDependency (ID,disciplineID,departmentID,courseNumber,semesterNumber) VALUES ('6259','6259','87','6','2');
INSERT INTO disciplineDepartmentDependency (ID,disciplineID,departmentID,courseNumber,semesterNumber) VALUES ('6260','6260','87','1','1');
INSERT INTO disciplineDepartmentDependency (ID,disciplineID,departmentID,courseNumber,semesterNumber) VALUES ('6261','6261','87','2','2');
INSERT INTO disciplineDepartmentDependency (ID,disciplineID,departmentID,courseNumber,semesterNumber) VALUES ('6262','6262','87','3','1');
INSERT INTO disciplineDepartmentDependency (ID,disciplineID,departmentID,courseNumber,semesterNumber) VALUES ('6263','6263','87','4','2');
INSERT INTO disciplineDepartmentDependency (ID,disciplineID,departmentID,courseNumber,semesterNumber) VALUES ('6264','6264','87','5','1');
INSERT INTO disciplineDepartmentDependency (ID,disciplineID,departmentID,courseNumber,semesterNumber) VALUES ('6265','6265','87','6','2');
INSERT INTO disciplineDepartmentDependency (ID,disciplineID,departmentID,courseNumber,semesterNumber) VALUES ('6266','6266','87','1','1');
INSERT INTO disciplineDepartmentDependency (ID,disciplineID,departmentID,courseNumber,semesterNumber) VALUES ('6267','6267','87','2','2');
INSERT INTO disciplineDepartmentDependency (ID,disciplineID,departmentID,courseNumber,semesterNumber) VALUES ('6268','6268','87','3','1');
INSERT INTO disciplineDepartmentDependency (ID,disciplineID,departmentID,courseNumber,semesterNumber) VALUES ('6269','6269','87','4','2');
INSERT INTO disciplineDepartmentDependency (ID,disciplineID,departmentID,courseNumber,semesterNumber) VALUES ('6270','6270','87','5','1');
INSERT INTO disciplineDepartmentDependency (ID,disciplineID,departmentID,courseNumber,semesterNumber) VALUES ('6271','6271','87','6','2');
INSERT INTO disciplineDepartmentDependency (ID,disciplineID,departmentID,courseNumber,semesterNumber) VALUES ('6272','6272','87','1','1');
INSERT INTO disciplineDepartmentDependency (ID,disciplineID,departmentID,courseNumber,semesterNumber) VALUES ('6273','6273','87','2','2');
INSERT INTO disciplineDepartmentDependency (ID,disciplineID,departmentID,courseNumber,semesterNumber) VALUES ('6274','6274','87','3','1');
INSERT INTO disciplineDepartmentDependency (ID,disciplineID,departmentID,courseNumber,semesterNumber) VALUES ('6275','6275','87','4','2');
INSERT INTO disciplineDepartmentDependency (ID,disciplineID,departmentID,courseNumber,semesterNumber) VALUES ('6276','6276','87','5','1');
INSERT INTO disciplineDepartmentDependency (ID,disciplineID,departmentID,courseNumber,semesterNumber) VALUES ('6277','6277','87','6','2');
INSERT INTO disciplineDepartmentDependency (ID,disciplineID,departmentID,courseNumber,semesterNumber) VALUES ('6278','6278','87','1','1');
INSERT INTO disciplineDepartmentDependency (ID,disciplineID,departmentID,courseNumber,semesterNumber) VALUES ('6279','6279','87','2','2');
INSERT INTO disciplineDepartmentDependency (ID,disciplineID,departmentID,courseNumber,semesterNumber) VALUES ('6280','6280','87','3','1');
INSERT INTO disciplineDepartmentDependency (ID,disciplineID,departmentID,courseNumber,semesterNumber) VALUES ('6281','6281','87','4','2');
INSERT INTO disciplineDepartmentDependency (ID,disciplineID,departmentID,courseNumber,semesterNumber) VALUES ('6282','6282','87','5','1');
INSERT INTO disciplineDepartmentDependency (ID,disciplineID,departmentID,courseNumber,semesterNumber) VALUES ('6283','6283','87','6','2');
INSERT INTO disciplineDepartmentDependency (ID,disciplineID,departmentID,courseNumber,semesterNumber) VALUES ('6284','6284','87','1','1');
INSERT INTO disciplineDepartmentDependency (ID,disciplineID,departmentID,courseNumber,semesterNumber) VALUES ('6285','6285','87','2','2');
INSERT INTO disciplineDepartmentDependency (ID,disciplineID,departmentID,courseNumber,semesterNumber) VALUES ('6286','6286','87','3','1');
INSERT INTO disciplineDepartmentDependency (ID,disciplineID,departmentID,courseNumber,semesterNumber) VALUES ('6287','6287','87','4','2');
INSERT INTO disciplineDepartmentDependency (ID,disciplineID,departmentID,courseNumber,semesterNumber) VALUES ('6288','6288','87','5','1');
INSERT INTO disciplineDepartmentDependency (ID,disciplineID,departmentID,courseNumber,semesterNumber) VALUES ('6289','6289','87','6','2');
INSERT INTO disciplineDepartmentDependency (ID,disciplineID,departmentID,courseNumber,semesterNumber) VALUES ('6290','6290','87','1','1');
INSERT INTO disciplineDepartmentDependency (ID,disciplineID,departmentID,courseNumber,semesterNumber) VALUES ('6291','6291','87','2','2');
INSERT INTO disciplineDepartmentDependency (ID,disciplineID,departmentID,courseNumber,semesterNumber) VALUES ('6292','6292','87','3','1');
INSERT INTO disciplineDepartmentDependency (ID,disciplineID,departmentID,courseNumber,semesterNumber) VALUES ('6293','6293','87','4','2');
INSERT INTO disciplineDepartmentDependency (ID,disciplineID,departmentID,courseNumber,semesterNumber) VALUES ('6294','6294','87','5','1');
INSERT INTO disciplineDepartmentDependency (ID,disciplineID,departmentID,courseNumber,semesterNumber) VALUES ('6295','6295','87','6','2');
INSERT INTO disciplineDepartmentDependency (ID,disciplineID,departmentID,courseNumber,semesterNumber) VALUES ('6296','6296','87','1','1');
INSERT INTO disciplineDepartmentDependency (ID,disciplineID,departmentID,courseNumber,semesterNumber) VALUES ('6297','6297','87','2','2');
INSERT INTO disciplineDepartmentDependency (ID,disciplineID,departmentID,courseNumber,semesterNumber) VALUES ('6298','6298','87','3','1');
INSERT INTO disciplineDepartmentDependency (ID,disciplineID,departmentID,courseNumber,semesterNumber) VALUES ('6299','6299','87','4','2');
INSERT INTO disciplineDepartmentDependency (ID,disciplineID,departmentID,courseNumber,semesterNumber) VALUES ('6300','6300','87','5','1');
INSERT INTO disciplineDepartmentDependency (ID,disciplineID,departmentID,courseNumber,semesterNumber) VALUES ('6301','6301','87','6','2');
INSERT INTO disciplineDepartmentDependency (ID,disciplineID,departmentID,courseNumber,semesterNumber) VALUES ('6302','6302','87','1','1');
INSERT INTO disciplineDepartmentDependency (ID,disciplineID,departmentID,courseNumber,semesterNumber) VALUES ('6303','6303','87','2','2');
INSERT INTO disciplineDepartmentDependency (ID,disciplineID,departmentID,courseNumber,semesterNumber) VALUES ('6304','6304','87','3','1');
INSERT INTO disciplineDepartmentDependency (ID,disciplineID,departmentID,courseNumber,semesterNumber) VALUES ('6305','6305','87','4','2');
INSERT INTO disciplineDepartmentDependency (ID,disciplineID,departmentID,courseNumber,semesterNumber) VALUES ('6306','6306','87','5','1');
INSERT INTO disciplineDepartmentDependency (ID,disciplineID,departmentID,courseNumber,semesterNumber) VALUES ('6307','6307','87','6','2');
INSERT INTO disciplineDepartmentDependency (ID,disciplineID,departmentID,courseNumber,semesterNumber) VALUES ('6308','6308','87','1','1');
INSERT INTO disciplineDepartmentDependency (ID,disciplineID,departmentID,courseNumber,semesterNumber) VALUES ('6309','6309','87','2','2');
INSERT INTO loginpass (ID,login,password,access_type) VALUES ('236','BOGOVIRKOLISNXK@ntlworld.com','pTRxgPPz','employee');
INSERT INTO employee (name,lastName,fathersName,personalID,sex,email,phoneNumber,dateOfBorn,address,passport,login,office,ID,departmentID) VALUES ('Боговір','КОЛІСНИК','Савич','7254742638','m','BOGOVIRKOLISNXK@ntlworld.com','0685712285','1979-04-18','46271 Дніпродзержинськ Герцена 87, 267','BQ761182 ГУМВС 40','BOGOVIRKOLISNXK@ntlworld.com','HR','228','87');
INSERT INTO loginpass (ID,login,password,access_type) VALUES ('237','GATUSLAVBONDAR@laposte.net','wBGo52fW','employee');
INSERT INTO employee (name,lastName,fathersName,personalID,sex,email,phoneNumber,dateOfBorn,address,passport,login,office,ID,departmentID) VALUES ('Гатуслав','БОНДАР','Григорович','5323718033','m','GATUSLAVBONDAR@laposte.net','0638214857','1984-01-30','18354 Ужгород Комсомольський ІV-й 89, 63','UX651555 ГУМВС 40','GATUSLAVBONDAR@laposte.net','HR','229','87');
INSERT INTO gtgroup (id,fullGroupName,courseNumber,departmentID) VALUES ('1038','ЗНХ-10','1','87');
INSERT INTO gtgroup (id,fullGroupName,courseNumber,departmentID) VALUES ('1039','ЗНХ-11','1','87');
INSERT INTO gtgroup (id,fullGroupName,courseNumber,departmentID) VALUES ('1040','ЗНХ-20','2','87');
INSERT INTO gtgroup (id,fullGroupName,courseNumber,departmentID) VALUES ('1041','ЗНХ-21','2','87');
INSERT INTO gtgroup (id,fullGroupName,courseNumber,departmentID) VALUES ('1042','ЗНХ-30','3','87');
INSERT INTO gtgroup (id,fullGroupName,courseNumber,departmentID) VALUES ('1043','ЗНХ-31','3','87');
INSERT INTO gtgroup (id,fullGroupName,courseNumber,departmentID) VALUES ('1044','ЗНХ-40','4','87');
INSERT INTO gtgroup (id,fullGroupName,courseNumber,departmentID) VALUES ('1045','ЗНХ-41','4','87');
INSERT INTO gtgroup (id,fullGroupName,courseNumber,departmentID) VALUES ('1046','ЗНХ-50','5','87');
INSERT INTO gtgroup (id,fullGroupName,courseNumber,departmentID) VALUES ('1047','ЗНХ-51','5','87');
INSERT INTO gtgroup (id,fullGroupName,courseNumber,departmentID) VALUES ('1048','ЗНХ-60','6','87');
INSERT INTO gtgroup (id,fullGroupName,courseNumber,departmentID) VALUES ('1049','ЗНХ-61','6','87');
INSERT INTO dayRequirements (id,departmentID,countOfDaysInWeek,countOfLessonsInADay) VALUES ('87','88','6','5');
INSERT INTO discipline (id,nameOfDiscipline,countOfLessons,exam) VALUES ('6310','Discipline ФХ-0','15','no');
INSERT INTO discipline (id,nameOfDiscipline,countOfLessons,exam) VALUES ('6311','Discipline ФХ-1','15','no');
INSERT INTO discipline (id,nameOfDiscipline,countOfLessons,exam) VALUES ('6312','Discipline ФХ-2','15','no');
INSERT INTO discipline (id,nameOfDiscipline,countOfLessons,exam) VALUES ('6313','Discipline ФХ-3','15','no');
INSERT INTO discipline (id,nameOfDiscipline,countOfLessons,exam) VALUES ('6314','Discipline ФХ-4','15','no');
INSERT INTO discipline (id,nameOfDiscipline,countOfLessons,exam) VALUES ('6315','Discipline ФХ-5','15','no');
INSERT INTO discipline (id,nameOfDiscipline,countOfLessons,exam) VALUES ('6316','Discipline ФХ-6','15','no');
INSERT INTO discipline (id,nameOfDiscipline,countOfLessons,exam) VALUES ('6317','Discipline ФХ-7','15','no');
INSERT INTO discipline (id,nameOfDiscipline,countOfLessons,exam) VALUES ('6318','Discipline ФХ-8','15','no');
INSERT INTO discipline (id,nameOfDiscipline,countOfLessons,exam) VALUES ('6319','Discipline ФХ-9','15','no');
INSERT INTO discipline (id,nameOfDiscipline,countOfLessons,exam) VALUES ('6320','Discipline ФХ-10','15','no');
INSERT INTO discipline (id,nameOfDiscipline,countOfLessons,exam) VALUES ('6321','Discipline ФХ-11','15','no');
INSERT INTO discipline (id,nameOfDiscipline,countOfLessons,exam) VALUES ('6322','Discipline ФХ-12','15','no');
INSERT INTO discipline (id,nameOfDiscipline,countOfLessons,exam) VALUES ('6323','Discipline ФХ-13','15','no');
INSERT INTO discipline (id,nameOfDiscipline,countOfLessons,exam) VALUES ('6324','Discipline ФХ-14','15','no');
INSERT INTO discipline (id,nameOfDiscipline,countOfLessons,exam) VALUES ('6325','Discipline ФХ-15','15','no');
INSERT INTO discipline (id,nameOfDiscipline,countOfLessons,exam) VALUES ('6326','Discipline ФХ-16','15','no');
INSERT INTO discipline (id,nameOfDiscipline,countOfLessons,exam) VALUES ('6327','Discipline ФХ-17','15','no');
INSERT INTO discipline (id,nameOfDiscipline,countOfLessons,exam) VALUES ('6328','Discipline ФХ-18','15','no');
INSERT INTO discipline (id,nameOfDiscipline,countOfLessons,exam) VALUES ('6329','Discipline ФХ-19','15','no');
INSERT INTO discipline (id,nameOfDiscipline,countOfLessons,exam) VALUES ('6330','Discipline ФХ-20','15','no');
INSERT INTO discipline (id,nameOfDiscipline,countOfLessons,exam) VALUES ('6331','Discipline ФХ-21','15','no');
INSERT INTO discipline (id,nameOfDiscipline,countOfLessons,exam) VALUES ('6332','Discipline ФХ-22','15','no');
INSERT INTO discipline (id,nameOfDiscipline,countOfLessons,exam) VALUES ('6333','Discipline ФХ-23','15','no');
INSERT INTO discipline (id,nameOfDiscipline,countOfLessons,exam) VALUES ('6334','Discipline ФХ-24','15','no');
INSERT INTO discipline (id,nameOfDiscipline,countOfLessons,exam) VALUES ('6335','Discipline ФХ-25','15','no');
INSERT INTO discipline (id,nameOfDiscipline,countOfLessons,exam) VALUES ('6336','Discipline ФХ-26','15','no');
INSERT INTO discipline (id,nameOfDiscipline,countOfLessons,exam) VALUES ('6337','Discipline ФХ-27','15','no');
INSERT INTO discipline (id,nameOfDiscipline,countOfLessons,exam) VALUES ('6338','Discipline ФХ-28','15','no');
INSERT INTO discipline (id,nameOfDiscipline,countOfLessons,exam) VALUES ('6339','Discipline ФХ-29','15','no');
INSERT INTO discipline (id,nameOfDiscipline,countOfLessons,exam) VALUES ('6340','Discipline ФХ-30','15','no');
INSERT INTO discipline (id,nameOfDiscipline,countOfLessons,exam) VALUES ('6341','Discipline ФХ-31','15','no');
INSERT INTO discipline (id,nameOfDiscipline,countOfLessons,exam) VALUES ('6342','Discipline ФХ-32','15','no');
INSERT INTO discipline (id,nameOfDiscipline,countOfLessons,exam) VALUES ('6343','Discipline ФХ-33','15','no');
INSERT INTO discipline (id,nameOfDiscipline,countOfLessons,exam) VALUES ('6344','Discipline ФХ-34','15','no');
INSERT INTO discipline (id,nameOfDiscipline,countOfLessons,exam) VALUES ('6345','Discipline ФХ-35','15','no');
INSERT INTO discipline (id,nameOfDiscipline,countOfLessons,exam) VALUES ('6346','Discipline ФХ-36','15','no');
INSERT INTO discipline (id,nameOfDiscipline,countOfLessons,exam) VALUES ('6347','Discipline ФХ-37','15','no');
INSERT INTO discipline (id,nameOfDiscipline,countOfLessons,exam) VALUES ('6348','Discipline ФХ-38','15','no');
INSERT INTO discipline (id,nameOfDiscipline,countOfLessons,exam) VALUES ('6349','Discipline ФХ-39','15','no');
INSERT INTO discipline (id,nameOfDiscipline,countOfLessons,exam) VALUES ('6350','Discipline ФХ-40','15','no');
INSERT INTO discipline (id,nameOfDiscipline,countOfLessons,exam) VALUES ('6351','Discipline ФХ-41','15','no');
INSERT INTO discipline (id,nameOfDiscipline,countOfLessons,exam) VALUES ('6352','Discipline ФХ-42','15','no');
INSERT INTO discipline (id,nameOfDiscipline,countOfLessons,exam) VALUES ('6353','Discipline ФХ-43','15','no');
INSERT INTO discipline (id,nameOfDiscipline,countOfLessons,exam) VALUES ('6354','Discipline ФХ-44','15','no');
INSERT INTO discipline (id,nameOfDiscipline,countOfLessons,exam) VALUES ('6355','Discipline ФХ-45','15','no');
INSERT INTO discipline (id,nameOfDiscipline,countOfLessons,exam) VALUES ('6356','Discipline ФХ-46','15','no');
INSERT INTO discipline (id,nameOfDiscipline,countOfLessons,exam) VALUES ('6357','Discipline ФХ-47','15','no');
INSERT INTO discipline (id,nameOfDiscipline,countOfLessons,exam) VALUES ('6358','Discipline ФХ-48','15','no');
INSERT INTO discipline (id,nameOfDiscipline,countOfLessons,exam) VALUES ('6359','Discipline ФХ-49','15','no');
INSERT INTO discipline (id,nameOfDiscipline,countOfLessons,exam) VALUES ('6360','Discipline ФХ-50','15','no');
INSERT INTO discipline (id,nameOfDiscipline,countOfLessons,exam) VALUES ('6361','Discipline ФХ-51','15','no');
INSERT INTO discipline (id,nameOfDiscipline,countOfLessons,exam) VALUES ('6362','Discipline ФХ-52','15','no');
INSERT INTO discipline (id,nameOfDiscipline,countOfLessons,exam) VALUES ('6363','Discipline ФХ-53','15','no');
INSERT INTO discipline (id,nameOfDiscipline,countOfLessons,exam) VALUES ('6364','Discipline ФХ-54','15','no');
INSERT INTO discipline (id,nameOfDiscipline,countOfLessons,exam) VALUES ('6365','Discipline ФХ-55','15','no');
INSERT INTO discipline (id,nameOfDiscipline,countOfLessons,exam) VALUES ('6366','Discipline ФХ-56','15','no');
INSERT INTO discipline (id,nameOfDiscipline,countOfLessons,exam) VALUES ('6367','Discipline ФХ-57','15','no');
INSERT INTO discipline (id,nameOfDiscipline,countOfLessons,exam) VALUES ('6368','Discipline ФХ-58','15','no');
INSERT INTO discipline (id,nameOfDiscipline,countOfLessons,exam) VALUES ('6369','Discipline ФХ-59','15','no');
INSERT INTO disciplineDepartmentDependency (ID,disciplineID,departmentID,courseNumber,semesterNumber) VALUES ('6310','6310','88','1','1');
INSERT INTO disciplineDepartmentDependency (ID,disciplineID,departmentID,courseNumber,semesterNumber) VALUES ('6311','6311','88','2','2');
INSERT INTO disciplineDepartmentDependency (ID,disciplineID,departmentID,courseNumber,semesterNumber) VALUES ('6312','6312','88','3','1');
INSERT INTO disciplineDepartmentDependency (ID,disciplineID,departmentID,courseNumber,semesterNumber) VALUES ('6313','6313','88','4','2');
INSERT INTO disciplineDepartmentDependency (ID,disciplineID,departmentID,courseNumber,semesterNumber) VALUES ('6314','6314','88','5','1');
INSERT INTO disciplineDepartmentDependency (ID,disciplineID,departmentID,courseNumber,semesterNumber) VALUES ('6315','6315','88','6','2');
INSERT INTO disciplineDepartmentDependency (ID,disciplineID,departmentID,courseNumber,semesterNumber) VALUES ('6316','6316','88','1','1');
INSERT INTO disciplineDepartmentDependency (ID,disciplineID,departmentID,courseNumber,semesterNumber) VALUES ('6317','6317','88','2','2');
INSERT INTO disciplineDepartmentDependency (ID,disciplineID,departmentID,courseNumber,semesterNumber) VALUES ('6318','6318','88','3','1');
INSERT INTO disciplineDepartmentDependency (ID,disciplineID,departmentID,courseNumber,semesterNumber) VALUES ('6319','6319','88','4','2');
INSERT INTO disciplineDepartmentDependency (ID,disciplineID,departmentID,courseNumber,semesterNumber) VALUES ('6320','6320','88','5','1');
INSERT INTO disciplineDepartmentDependency (ID,disciplineID,departmentID,courseNumber,semesterNumber) VALUES ('6321','6321','88','6','2');
INSERT INTO disciplineDepartmentDependency (ID,disciplineID,departmentID,courseNumber,semesterNumber) VALUES ('6322','6322','88','1','1');
INSERT INTO disciplineDepartmentDependency (ID,disciplineID,departmentID,courseNumber,semesterNumber) VALUES ('6323','6323','88','2','2');
INSERT INTO disciplineDepartmentDependency (ID,disciplineID,departmentID,courseNumber,semesterNumber) VALUES ('6324','6324','88','3','1');
INSERT INTO disciplineDepartmentDependency (ID,disciplineID,departmentID,courseNumber,semesterNumber) VALUES ('6325','6325','88','4','2');
INSERT INTO disciplineDepartmentDependency (ID,disciplineID,departmentID,courseNumber,semesterNumber) VALUES ('6326','6326','88','5','1');
INSERT INTO disciplineDepartmentDependency (ID,disciplineID,departmentID,courseNumber,semesterNumber) VALUES ('6327','6327','88','6','2');
INSERT INTO disciplineDepartmentDependency (ID,disciplineID,departmentID,courseNumber,semesterNumber) VALUES ('6328','6328','88','1','1');
INSERT INTO disciplineDepartmentDependency (ID,disciplineID,departmentID,courseNumber,semesterNumber) VALUES ('6329','6329','88','2','2');
INSERT INTO disciplineDepartmentDependency (ID,disciplineID,departmentID,courseNumber,semesterNumber) VALUES ('6330','6330','88','3','1');
INSERT INTO disciplineDepartmentDependency (ID,disciplineID,departmentID,courseNumber,semesterNumber) VALUES ('6331','6331','88','4','2');
INSERT INTO disciplineDepartmentDependency (ID,disciplineID,departmentID,courseNumber,semesterNumber) VALUES ('6332','6332','88','5','1');
INSERT INTO disciplineDepartmentDependency (ID,disciplineID,departmentID,courseNumber,semesterNumber) VALUES ('6333','6333','88','6','2');
INSERT INTO disciplineDepartmentDependency (ID,disciplineID,departmentID,courseNumber,semesterNumber) VALUES ('6334','6334','88','1','1');
INSERT INTO disciplineDepartmentDependency (ID,disciplineID,departmentID,courseNumber,semesterNumber) VALUES ('6335','6335','88','2','2');
INSERT INTO disciplineDepartmentDependency (ID,disciplineID,departmentID,courseNumber,semesterNumber) VALUES ('6336','6336','88','3','1');
INSERT INTO disciplineDepartmentDependency (ID,disciplineID,departmentID,courseNumber,semesterNumber) VALUES ('6337','6337','88','4','2');
INSERT INTO disciplineDepartmentDependency (ID,disciplineID,departmentID,courseNumber,semesterNumber) VALUES ('6338','6338','88','5','1');
INSERT INTO disciplineDepartmentDependency (ID,disciplineID,departmentID,courseNumber,semesterNumber) VALUES ('6339','6339','88','6','2');
INSERT INTO disciplineDepartmentDependency (ID,disciplineID,departmentID,courseNumber,semesterNumber) VALUES ('6340','6340','88','1','1');
INSERT INTO disciplineDepartmentDependency (ID,disciplineID,departmentID,courseNumber,semesterNumber) VALUES ('6341','6341','88','2','2');
INSERT INTO disciplineDepartmentDependency (ID,disciplineID,departmentID,courseNumber,semesterNumber) VALUES ('6342','6342','88','3','1');
INSERT INTO disciplineDepartmentDependency (ID,disciplineID,departmentID,courseNumber,semesterNumber) VALUES ('6343','6343','88','4','2');
INSERT INTO disciplineDepartmentDependency (ID,disciplineID,departmentID,courseNumber,semesterNumber) VALUES ('6344','6344','88','5','1');
INSERT INTO disciplineDepartmentDependency (ID,disciplineID,departmentID,courseNumber,semesterNumber) VALUES ('6345','6345','88','6','2');
INSERT INTO disciplineDepartmentDependency (ID,disciplineID,departmentID,courseNumber,semesterNumber) VALUES ('6346','6346','88','1','1');
INSERT INTO disciplineDepartmentDependency (ID,disciplineID,departmentID,courseNumber,semesterNumber) VALUES ('6347','6347','88','2','2');
INSERT INTO disciplineDepartmentDependency (ID,disciplineID,departmentID,courseNumber,semesterNumber) VALUES ('6348','6348','88','3','1');
INSERT INTO disciplineDepartmentDependency (ID,disciplineID,departmentID,courseNumber,semesterNumber) VALUES ('6349','6349','88','4','2');
INSERT INTO disciplineDepartmentDependency (ID,disciplineID,departmentID,courseNumber,semesterNumber) VALUES ('6350','6350','88','5','1');
INSERT INTO disciplineDepartmentDependency (ID,disciplineID,departmentID,courseNumber,semesterNumber) VALUES ('6351','6351','88','6','2');
INSERT INTO disciplineDepartmentDependency (ID,disciplineID,departmentID,courseNumber,semesterNumber) VALUES ('6352','6352','88','1','1');
INSERT INTO disciplineDepartmentDependency (ID,disciplineID,departmentID,courseNumber,semesterNumber) VALUES ('6353','6353','88','2','2');
INSERT INTO disciplineDepartmentDependency (ID,disciplineID,departmentID,courseNumber,semesterNumber) VALUES ('6354','6354','88','3','1');
INSERT INTO disciplineDepartmentDependency (ID,disciplineID,departmentID,courseNumber,semesterNumber) VALUES ('6355','6355','88','4','2');
INSERT INTO disciplineDepartmentDependency (ID,disciplineID,departmentID,courseNumber,semesterNumber) VALUES ('6356','6356','88','5','1');
INSERT INTO disciplineDepartmentDependency (ID,disciplineID,departmentID,courseNumber,semesterNumber) VALUES ('6357','6357','88','6','2');
INSERT INTO disciplineDepartmentDependency (ID,disciplineID,departmentID,courseNumber,semesterNumber) VALUES ('6358','6358','88','1','1');
INSERT INTO disciplineDepartmentDependency (ID,disciplineID,departmentID,courseNumber,semesterNumber) VALUES ('6359','6359','88','2','2');
INSERT INTO disciplineDepartmentDependency (ID,disciplineID,departmentID,courseNumber,semesterNumber) VALUES ('6360','6360','88','3','1');
INSERT INTO disciplineDepartmentDependency (ID,disciplineID,departmentID,courseNumber,semesterNumber) VALUES ('6361','6361','88','4','2');
INSERT INTO disciplineDepartmentDependency (ID,disciplineID,departmentID,courseNumber,semesterNumber) VALUES ('6362','6362','88','5','1');
INSERT INTO disciplineDepartmentDependency (ID,disciplineID,departmentID,courseNumber,semesterNumber) VALUES ('6363','6363','88','6','2');
INSERT INTO disciplineDepartmentDependency (ID,disciplineID,departmentID,courseNumber,semesterNumber) VALUES ('6364','6364','88','1','1');
INSERT INTO disciplineDepartmentDependency (ID,disciplineID,departmentID,courseNumber,semesterNumber) VALUES ('6365','6365','88','2','2');
INSERT INTO disciplineDepartmentDependency (ID,disciplineID,departmentID,courseNumber,semesterNumber) VALUES ('6366','6366','88','3','1');
INSERT INTO disciplineDepartmentDependency (ID,disciplineID,departmentID,courseNumber,semesterNumber) VALUES ('6367','6367','88','4','2');
INSERT INTO disciplineDepartmentDependency (ID,disciplineID,departmentID,courseNumber,semesterNumber) VALUES ('6368','6368','88','5','1');
INSERT INTO disciplineDepartmentDependency (ID,disciplineID,departmentID,courseNumber,semesterNumber) VALUES ('6369','6369','88','6','2');
INSERT INTO loginpass (ID,login,password,access_type) VALUES ('238','BORXSLAVAQKOVENKO@sky.com','&FU4JFCZ','employee');
INSERT INTO employee (name,lastName,fathersName,personalID,sex,email,phoneNumber,dateOfBorn,address,passport,login,office,ID,departmentID) VALUES ('Борислава','ЯКОВЕНКО','Хомівна','1577601215','f','BORXSLAVAQKOVENKO@sky.com','0688408832','1968-10-29','83776 Шостка Бабанського Віктора 32, 61','ED861453 ГУМВС 25','BORXSLAVAQKOVENKO@sky.com','HR','230','88');
INSERT INTO loginpass (ID,login,password,access_type) VALUES ('239','VLADSAVZUK@online.de','4XrT4m$3','employee');
INSERT INTO employee (name,lastName,fathersName,personalID,sex,email,phoneNumber,dateOfBorn,address,passport,login,office,ID,departmentID) VALUES ('Влад','САВЧУК','Савич','4341662242','m','VLADSAVZUK@online.de','0632618276','1983-09-07','83174 Кривий Ріг Григорія Сковороди 56, 117','RU843348 ГУМВС 39','VLADSAVZUK@online.de','HR','231','88');
INSERT INTO loginpass (ID,login,password,access_type) VALUES ('240','VLADAMAWUR@wanadoo.fr','yBMgLJ&4','employee');
INSERT INTO employee (name,lastName,fathersName,personalID,sex,email,phoneNumber,dateOfBorn,address,passport,login,office,ID,departmentID) VALUES ('Влада','МАЗУР','Кузьмівна','8334723331','f','VLADAMAWUR@wanadoo.fr','0393750236','1977-02-17','53432 Обухів Івана Котляревського 81, 33','TW228862 ГУМВС 29','VLADAMAWUR@wanadoo.fr','HR','232','88');
INSERT INTO gtgroup (id,fullGroupName,courseNumber,departmentID) VALUES ('1050','ФХ-10','1','88');
INSERT INTO gtgroup (id,fullGroupName,courseNumber,departmentID) VALUES ('1051','ФХ-11','1','88');
INSERT INTO gtgroup (id,fullGroupName,courseNumber,departmentID) VALUES ('1052','ФХ-12','1','88');
INSERT INTO gtgroup (id,fullGroupName,courseNumber,departmentID) VALUES ('1053','ФХ-20','2','88');
INSERT INTO gtgroup (id,fullGroupName,courseNumber,departmentID) VALUES ('1054','ФХ-21','2','88');
INSERT INTO gtgroup (id,fullGroupName,courseNumber,departmentID) VALUES ('1055','ФХ-22','2','88');
INSERT INTO gtgroup (id,fullGroupName,courseNumber,departmentID) VALUES ('1056','ФХ-30','3','88');
INSERT INTO gtgroup (id,fullGroupName,courseNumber,departmentID) VALUES ('1057','ФХ-31','3','88');
INSERT INTO gtgroup (id,fullGroupName,courseNumber,departmentID) VALUES ('1058','ФХ-32','3','88');
INSERT INTO gtgroup (id,fullGroupName,courseNumber,departmentID) VALUES ('1059','ФХ-40','4','88');
INSERT INTO gtgroup (id,fullGroupName,courseNumber,departmentID) VALUES ('1060','ФХ-41','4','88');
INSERT INTO gtgroup (id,fullGroupName,courseNumber,departmentID) VALUES ('1061','ФХ-42','4','88');
INSERT INTO gtgroup (id,fullGroupName,courseNumber,departmentID) VALUES ('1062','ФХ-50','5','88');
INSERT INTO gtgroup (id,fullGroupName,courseNumber,departmentID) VALUES ('1063','ФХ-51','5','88');
INSERT INTO gtgroup (id,fullGroupName,courseNumber,departmentID) VALUES ('1064','ФХ-52','5','88');
INSERT INTO gtgroup (id,fullGroupName,courseNumber,departmentID) VALUES ('1065','ФХ-60','6','88');
INSERT INTO gtgroup (id,fullGroupName,courseNumber,departmentID) VALUES ('1066','ФХ-61','6','88');
INSERT INTO gtgroup (id,fullGroupName,courseNumber,departmentID) VALUES ('1067','ФХ-62','6','88');
